time (s),A left,A right,B left,B right,w,B crossed (mol),exposure integral,gate proxy,imbalance,P A (m/s),P B (m/s),J A (mol/m²/s),J B (mol/m²/s),error (V)
0.0,909.6767352479388,1090.3232647520613,1000.0,100.0,0.0,0.0,0.0,0.0,-180.64652950412244,1e-07,8e-09,-1.8064652950412243e-05,7.2000000000000005e-06,-0.0046539590236803555
14.4,909.7514662736414,1090.2485337263593,999.970203231808,100.02979676819204,0.018393008947213022,2.979676819202669e-06,0.7337677451445699,2.3533830485773128e-05,-180.49706745271783,4.660208780495392e-07,3.7281670243963134e-08,-8.411540185968247e-05,3.355128147299468e-05,-0.004650087398374632
28.8,909.9146209079553,1090.0853790920455,999.9050712285573,100.09492877144275,0.03431929007616472,9.49287714427234e-06,1.4655860337489603,4.1178591531232327e-05,-180.17075818409023,7.82953872515678e-07,6.263630980125425e-08,-0.00014106539283431922,5.636078684525454e-05,-0.004641634952592332
43.2,910.153890513031,1089.84610948697,999.8093572652559,100.19064273474403,0.04810966159882915,1.906427347440111e-05,2.194126698281563,5.440794899772552e-05,-179.6922189739389,1.0573822658167e-06,8.4590581265336e-08,-0.00019000336564829414,7.609926997931037e-05,-0.004629239721051029
57.6,910.4584589910168,1089.5415410089838,999.6871822816951,100.31281771830496,0.06005057590091905,3.1281771830494056e-05,2.918256971386244,6.43268336330989e-05,-179.08308201796706,1.295006460428289e-06,1.0360051683426313e-07,-0.00023191374816667652,9.31756489962542e-05,-0.0046134624939756135
72.0,910.8188541903896,1089.1811458096108,999.542118054317,100.45788194568296,0.07039006701482758,4.578819456829384e-05,3.6370174308413272,7.176362503183428e-05,-178.3622916192212,1.5007623335950692e-06,1.2006098668760553e-07,-0.0002676794089958267,0.0001079449405024747,-0.004594794456745032
86.4,911.2268051895547,1088.7731948104458,999.3772597234164,100.62274027658358,0.07934290567526552,6.227402765835768e-05,4.34960141452259,7.73394449777777e-05,-177.5463896208911,1.678923822937784e-06,1.3431390583502273e-07,-0.00029808686321110777,0.000120715229893783,-0.004573664545623444
100.8,911.6751082034086,1088.3248917965916,999.1952888686961,100.80471113130389,0.08709505917946743,8.047111313038845e-05,5.055336123761404,8.151998926375447e-05,-176.64978359318297,1.8331916776714022e-06,1.466553342137122e-07,-0.00032383291314547723,0.00013175377043252723,-0.004550446371767383
115.2,912.1575026520729,1087.8424973479275,998.9985283751619,101.0014716248382,0.09380755385903605,0.00010014716248381842,5.753665490629407,8.465440090907217e-05,-175.68499469585458,1.9667703217948178e-06,1.5734162574358542e-07,-0.00034553203355248676,0.00014129231682205067,-0.004525464629412671
129.6,912.6685581040176,1087.331441895983,998.7889901321167,101.21100986788328,0.09961982077272223,0.00012110098678832702,6.444134804755829,8.7004463891149e-05,-174.66288379196544,2.0824344333771724e-06,1.665947546701738e-07,-0.00036372400344134443,0.00014953178341947006,-0.0044990009480200795
144.0,913.2035721616955,1086.7964278383054,998.5684164470941,101.43158355290595,0.10465259147621256,0.00014315835529059146,7.1263770318474275,8.876645136762898e-05,-173.59285567660982,2.18258657037663e-06,1.746069256301304e-07,-0.0003788814355130971,0.00015664630426120624,-0.00447129918237278
158.4,913.7584789835737,1086.241521016427,998.3383160049526,101.66168399504768,0.10901040592482295,0.00016616839950476283,7.800100721222803,9.008752136591914e-05,-172.4830420328533,2.2693070779039766e-06,1.8154456623231812e-07,-0.00039141698810356306,0.00016278677020889414,-0.004442570154677993
172.8,914.3297678732982,1085.670232126702,998.0999950713825,101.9000049286177,0.11278378403979512,0.0001900004928617644,8.465079377680997,9.107800876990306e-05,-171.34046425340387,2.344397302391923e-06,1.8755178419135384e-07,-0.00040169012218625977,0.00016808390714354927,-0.004412995876878537
187.20000000000002,914.914411222397,1085.0855887776036,997.8545845601914,102.14541543980889,0.11605110609836311,0.0002145415439808857,9.121142165002077,9.182064252017849e-05,-170.17117755520655,2.409417011357426e-06,1.927533609085941e-07,-0.0004100133300442397,0.00017265095274459803,-0.0043827332892512885
201.6,915.5098010478038,1084.4901989521966,997.6030634850546,102.3969365149456,0.11888023955006172,0.00023969365149455565,9.768165812013674,9.237742708574038e-05,-168.98039790439282,2.4657167670462284e-06,1.972573413636983e-07,-0.00041665780041500475,0.00017658598057861702,-0.00435191755400136
216.0,916.1136932106734,1083.886306789327,997.3462793453491,102.65372065465118,0.12132995169578878,0.00026537206546511477,10.406067572344515,9.279488169837508e-05,-167.77261357865348,2.5144660387461967e-06,2.0115728309969575e-07,-0.0004218585390752132,0.0001799739243157359,-0.004320664950787961
230.4,916.7241587142728,1083.2758412857272,997.0849657211435,102.91503427885671,0.12345112764155995,0.0002915034278856671,11.034799146597996,9.310787612511613e-05,-166.55168257145442,2.5566774400670434e-06,2.0453419520536347e-07,-0.0004258189294356449,0.00018288832730438314,-0.004289075405155434
244.8,917.3395411380274,1082.6604588619725,996.8197575606224,103.18024243937779,0.12528782788748188,0.00031802424393777366,11.654341425805926,9.334254839710674e-05,-165.32091772394517,2.5932277749608896e-06,2.0745822199687118e-07,-0.0004287147956237586,0.00018539286491319948,-0.004257234698582893
259.2,917.9584195775113,1082.0415804224886,996.5512044254189,103.44879557458144,0.12687820417991322,0.00034487955745813795,12.26469996160752,9.351849667521343e-05,-164.08316084497721,2.624876263180273e-06,2.0999010105442185e-07,-0.0004306979940895715,0.00018754266508653493,-0.0042252163927485225
273.6,918.5795764705744,1081.420423529426,996.2797819489067,103.72021805109348,0.128255291486778,0.00037202180510934366,12.8659010751761,9.365041592563975e-05,-162.84084705885164,2.6522803005868826e-06,2.121824240469506e-07,-0.0004318995707850736,0.0001893854518741271,-0.004193083500112867
288.0,919.2019696569841,1080.7980303430159,996.0059017709701,103.9940982290303,0.12944769452255128,0.0003994098229030237,13.457988514096655,9.374932391190813e-05,-161.5960606860317,2.6760091209987708e-06,2.1408072967990167e-07,-0.0004324325323132917,0.00019096253778534355,-0.004160889934648432
302.40000000000003,919.8247081953797,1080.1752918046209,995.7299201322653,104.27007986773485,0.13048018156988106,0.0004270079867734804,14.04102058952633,9.38234791564522e-05,-160.3505836092412,2.696555613240633e-06,2.1572444905925066e-07,-0.0004323942663179108,0.00019230968289951343,-0.004128681767428813
316.8,920.4470314116994,1079.552968588301,995.4521453283033,104.54785467169695,0.13137419953775648,0.000454785467169689,14.615067722189961,9.387907845945456e-05,-159.10593717660151,2.714346570801354e-06,2.171477256641083e-07,-0.000431868654969444,0.00019345784050047777,-0.00409649831436234
331.2,921.0682908225455,1078.9317091774546,995.1728441466377,104.82715585336253,0.13214831876170977,0.00048271558533624534,15.180210349845627,9.39207644235043e-05,-157.8634183549092,2.7297515433580245e-06,2.1838012346864197e-07,-0.00043092790989408684,0.00019443380133925842,-0.004064373074597894
345.6,921.6879344975546,1078.3120655024454,994.8922474531208,105.10775254687955,0.13281861909322062,0.0005107752546879481,15.736537136720337,9.395201861278529e-05,-156.62413100489084,2.7430905199550907e-06,2.1944724159640725e-07,-0.00042963416895572026,0.00019526075302242713,-0.004032334542231236
360.0,922.305493571332,1077.694506428668,994.6105550241421,105.38944497585818,0.13339902394271147,0.0005389444975858118,16.284143447735822,9.397545197686535e-05,-155.38901285733607,2.7546405764599585e-06,2.2037124611679669e-07,-0.0004280408799528761,0.00019595876409470153,-0.004000406906357786
374.40000000000003,922.9205706144479,1077.0794293855522,994.3279397284275,105.67206027157269,0.13390158944005984,0.0005672060271572617,16.823130049295102,9.399302157191031e-05,-154.1588587711043,2.764641629857191e-06,2.2117133038857527e-07,-0.0004261939985698703,0.00019654520311710195,-0.003968610654565011
388.8,923.5328296136856,1076.467170386315,994.0445511457299,105.95544885427026,0.1343367547416939,0.0005955448854270176,17.353602004160635,9.400619449464921e-05,-152.9343407726294,2.773301419359709e-06,2.2186411354877673e-07,-0.0004241330243335746,0.0001970351014322236,-0.003936963092845439
403.2,924.1419873307104,1075.85801266929,993.7605187026755,106.23948129732474,0.13471355902218365,0.000623948129732464,17.87566773121619,9.401607097563974e-05,-151.71602533857958,2.780799824541455e-06,2.224639859633164e-07,-0.0004218918966416491,0.00019744146760749198,-0.003905478793921772
417.6,924.7478058651903,1075.2521941348098,993.4759543852307,106.52404561476956,0.13503982924561153,0.0006524045614769481,18.389438208032292,9.402347599920654e-05,-150.50438826961943,2.7872926019876698e-06,2.2298340815901358e-07,-0.00041949976799059006,0.00019777555949077993,-0.0038741699830285386
432.0,925.3500862566676,1074.6499137433327,993.1909550849361,106.80904491506394,0.1353223426556927,0.0006809044915063865,18.895026295318882,9.40290280640255e-05,-149.2998274866651,2.792914618848285e-06,2.2343316950786281e-07,-0.00041698167077903396,0.00019804711958368827,-0.0038430468697601447
446.40000000000003,925.9486629766842,1074.0513370233161,992.9056046305586,107.09439536944161,0.13556696754735306,0.0007094395369441539,19.392546164984207,9.403319074863118e-05,-148.10267404663193,2.797782654192326e-06,2.2382261233538608e-07,-0.00041435909248716685,0.00019826457889279055,-0.0038121179336997354
460.8,926.5433991879494,1073.456600812051,992.619975547208,107.38002445279209,0.13577878521465087,0.0007380024452792009,19.882112816498235,9.403631165937114e-05,-146.9132016241016,2.8019978257715526e-06,2.241598260617242e-07,-0.0004116504715278704,0.00019843523346021352,-0.003781390170230513
475.2,927.1341826655793,1072.865817334421,992.3341305791679,107.66586942083214,0.13596219557248823,0.0007665869420832071,20.363841668821077,9.403865166492199e-05,-145.73163466884182,2.8056476918925163e-06,2.244518153514013e-07,-0.00040887162444435944,0.00019856539720075606,-0.0037508693019830913
489.6,927.7209222999167,1072.2790777000835,992.0481240041728,107.95187599582727,0.13612100836297364,0.0007951875995827191,20.837848218240676,9.404040612155467e-05,-144.5581554001668,2.8088080664231755e-06,2.2470464531385404e-07,-0.00040603611295524344,0.00019866053383202443,-0.003720559960103639
504.0,928.3035450795087,1071.6964549204918,991.7620027746917,108.23799722530832,0.13625852240042038,0.0008237997225308242,21.304247749799735,9.404172151985935e-05,-143.39290984098307,2.811544595768366e-06,2.2492356766146926e-07,-0.00040315556073491644,0.00019872537144271908,-0.0036904658406046753
518.4,928.8819935001414,1071.1180064998587,991.4758075045835,108.52419249541664,0.13637759411764516,0.0008524192495416559,21.763155096002286,9.404270775197884e-05,-142.23601299971722,2.8139141229411388e-06,2.2511312983529112e-07,-0.0004002399257707437,0.00019876400154783855,-0.003660589838611911
532.8000000000001,929.4562233398723,1070.543776660128,991.1895733223195,108.8104266776807,0.13648069687691108,0.0008810426677680616,22.214684435730707,9.404344720647554e-05,-141.08755332025578,2.815965867850531e-06,2.2527726942804247e-07,-0.00039729773452838214,0.0001987799647563505,-0.0036309341636259445
547.2,930.0262017484101,1069.97379825159,990.9033306088314,109.09666939116859,0.13656997229077736,0.0009096669391168515,22.658949127278706,9.404400161872943e-05,-139.94759650317997,2.8177424485864695e-06,2.2541939588691755e-07,-0.00039433628324466157,0.00019877632486074533,-0.0036015004384800106
561.6,930.591905601354,1069.4080943986462,990.617105637592,109.38289436240834,0.13664727476920707,0.0009382894362408237,23.096061569839126,9.404441728937441e-05,-138.81618879729217,2.819280767907221e-06,2.255424614325777e-07,-0.00039136181135038364,0.0001987557331096011,-0.003572289784561772
576.0,931.1533200880227,1068.8466799119778,990.3309211278371,109.6690788721631,0.13671421004503512,0.000966907887216302,23.526133089828765,9.404472894443924e-05,-137.69335982395512,2.820612779896199e-06,2.2564902239169592e-07,-0.00038837965042629367,0.00019872048376266276,-0.0035433028949235527
590.4,931.71043750001,1068.28956249999,990.0447967226328,109.95520327736743,0.1367721684854562,0.000995520327736737,23.94927384830266,9.404496261572129e-05,-136.57912499998008,2.8217661528605786e-06,2.257412922288463e-07,-0.00038539435211225787,0.00019867256210149417,-0.0035145400969867117
604.8000000000001,932.2632561892926,1067.7367438107076,989.7587494032153,110.24125059678482,0.13682235398195852,0.0010241250596784753,24.365592765994492,9.40451378081368e-05,-135.47348762141496,2.8227648442409748e-06,2.25821187539278e-07,-0.00038240979818444503,0.00019861368604204364,-0.003486001406457142
619.2,932.8117796738638,1067.1882203261364,989.4727938472888,110.5272061527114,0.1368658089474889,0.0010527206152711318,24.775197463462657,9.404526912801832e-05,-134.37644065227255,2.823629598055029e-06,2.2589036784440233e-07,-0.0003794292951070418,0.00019854534211954247,-0.003457686573594832
633.6,933.3560158630046,1066.6439841369956,989.1869427414192,110.813057258581,0.1369034361229269,0.0010813057258580918,25.17819421323691,9.404536760337668e-05,-133.28796827399105,2.8243783788462458e-06,2.2595027030769966e-07,-0.0003764556557534047,0.00019846881685607173,-0.0034295951232827804
648.0,933.8959764088933,1066.1040235911066,988.9012070453938,111.09879295460661,0.136936017046626,0.0011098792954606523,25.574687904883586,9.404544143315689e-05,-132.20804718221336,2.8250267392278575e-06,2.2600213913822862e-07,-0.00037349126843085094,0.00019838522332521905,-0.0034017263885535794
662.4,934.4316761304317,1065.5683238695685,988.6155962279325,111.38440377206777,0.13696422852744344,0.001138440377206771,25.964782016776038,9.404549680651833e-05,-131.13664773913683,2.8255881476961247e-06,2.2604705181569e-07,-0.00037053815758030683,0.00019829552481541037,-0.003374079540371201
676.8000000000001,934.9631325369628,1065.0368674630374,988.3301184641011,111.66988153589908,0.13698865645528635,0.001166988153589899,26.3485785978788,9.404553832279424e-05,-130.07373492607462,2.8260742634601988e-06,2.260859410768159e-07,-0.0003675980346267235,0.00019820055467053695,-0.003346653612242479
691.2,935.4903653982354,1064.5096346017651,988.044780813959,111.9552191860413,0.13700980830139023,0.0011955219186041237,26.726178253590305,9.404556945427833e-05,-129.0192692035297,2.826495185197666e-06,2.2611961481581326e-07,-0.00036467234320149817,0.00019810103421945947,-0.0033194475224298504
705.6,936.0133963949977,1063.986603605003,987.7595893697357,112.24041063026448,0.1370281234274226,0.0012240410630264423,27.097680139417637,9.404559279577213e-05,-127.97320721000528,2.82685965620571e-06,2.2614877249645683e-07,-0.00036176229653721764,0.00019799758756903742,-0.0032924600919928882
720.0,936.5322488098853,1063.4677511901155,987.4745493865908,112.52545061340948,0.13704398224736564,0.0012525450613409404,27.463181958148354,9.404561029428978e-05,-126.9355023802301,2.8271752467225763e-06,2.261740197378061e-07,-0.0003588689102596812,0.00019789075473550116,-0.003265690060742332
734.4,937.0469472605389,1062.953052739462,987.189665396572,112.81033460342826,0.13705771421818647,0.0012810334603428192,27.8227799608061,9.404562341559939e-05,-125.90610547892311,2.827448512941911e-06,2.2619588103535287e-07,-0.0003559930307066885,0.0001977810030878574,-0.0032391361010080948
748.8000000000001,937.5575174781668,1062.4424825218337,986.9049413043128,113.09505869568731,0.1370696045558377,0.0013095058695687242,28.176568951695224,9.404563325313539e-05,-124.88496504366685,2.8276851306611703e-06,2.2621481045289363e-07,-0.0003531353586971168,0.00019766873696617547,-0.0032127968290567373
763.2,938.0639861100933,1061.9360138899071,986.6203804727667,113.37961952723386,0.13707990025405992,0.0013379619527233788,28.52464229531525,9.40456406291381e-05,-123.87202777981383,2.8278900150557927e-06,2.2623120120446343e-07,-0.0003502964705032493,0.0001975543062894076,-0.0031866708152668813
777.6,938.5663805529713,1061.4336194470295,986.3359857963366,113.6640142036636,0.13708881522188118,0.0013664014203663543,28.867091925848825,9.404564616328729e-05,-122.86723889405823,2.828067422915436e-06,2.2624539383323485e-07,-0.00034747683565985446,0.00019743801390020984,-0.003160756592718654
792.0,939.0647288178777,1060.9352711821227,986.0517597611398,113.94824023886042,0.13709653452256168,0.0013948240238860342,29.20400835936203,9.404565030966874e-05,-121.87054236424501,2.8282210369989775e-06,2.262576829599182e-07,-0.00034467683170503284,0.0001973201216283007,-0.003135052664135399
806.4,939.5590593950401,1060.4409406049601,985.7677045048117,114.23229549518861,0.13710321857731073,0.0014232295495188521,29.53548070543689,9.404565341937973e-05,-120.88188120992004,2.8283540496884836e-06,2.2626832397507868e-07,-0.00034189675825403953,0.00019720085628154211,-0.003109557508841965
820.8000000000001,940.0494011595179,1059.9505988404824,985.4838218597934,114.51617814020682,0.13710900621543176,0.0014516178140206756,29.86159668245119,9.404565575088118e-05,-119.90119768096451,2.8284692236870923e-06,2.2627753789496739e-07,-0.0003391368475238303,0.0001970804140070492,-0.0030842695876083432
835.2,940.5357832777963,1059.4642167222044,985.200113395734,114.79988660426633,0.13711401765959194,0.0014799886604266266,30.182442632449526,9.404565749889501e-05,-118.92843344440803,2.8285689514258797e-06,2.262855161140704e-07,-0.00033639727428257175,0.00019695896454531117,-0.003059187347444819
849.6,941.018235131202,1058.9817648687986,984.9165804549,115.08341954510041,0.13711835702177513,0.0015083419545100349,30.498103537227927,9.404565880973532e-05,-117.96352973759656,2.8286553047333253e-06,2.2629242437866603e-07,-0.00033367816415731986,0.00019683665478723684,-0.0030343092255282673
864.0,941.4967862525925,1058.5032137474077,984.6332241819041,115.36677581809629,0.13712211440049965,0.0015366775818096204,30.808663035276727,9.404565979218303e-05,-117.00642749481517,2.8287300765699434e-06,2.2629840612559547e-07,-0.00033097960060658407,0.00019671361176318695,-0.0030096336524430382
878.4,941.9714662662496,1058.0285337337507,984.3500455520032,115.64995444799708,0.13712536787746357,0.0015649954447997,31.11420343865474,9.40456605291097e-05,-116.05706746750104,2.828794820761525e-06,2.26303585660922e-07,-0.0003283016313648378,0.0001965899454808062,-0.0029851590552559394
892.8000000000001,942.4423048442287,1057.5576951557716,984.0670453923248,115.9329546076757,0.13712818501767365,0.0015932954607675604,31.414805751002337,9.404566108138913e-05,-115.11539031154291,2.8288508818517058e-06,2.2630807054813647e-07,-0.0003256442733975115,0.00019646575106253467,-0.0029608838597421066
907.2,942.9093316626077,1057.0906683373926,983.7842244028556,116.21577559714494,0.13713062435126244,0.001621577559714485,31.710549685158522,9.40456614955896e-05,-114.18133667478492,2.828899424590123e-06,2.2631195396720983e-07,-0.00032300751761823017,0.00019634111084952164,-0.0029368064926159104
921.6,943.3725763686906,1056.6274236313097,983.5015831728989,116.49841682710156,0.1371327365382752,0.0016498416827101462,32.00151368145117,9.404566180611779e-05,-113.25484726261914,2.8289414571116767e-06,2.2631531656893414e-07,-0.0003203913326400742,0.0001962160960578174,-0.0029129253831967974
936.0,943.8320685502223,1056.1679314497778,983.21912219644,116.78087780356029,0.13713456545552138,0.0016780877803560194,32.287774925795205,9.404566203899116e-05,-112.33586289955554,2.8289778525648757e-06,2.2631822820519006e-07,-0.0003177956681916069,0.00019609076832021198,-0.00288923896497147
950.4,944.2878377095253,1055.7121622904747,982.9368418853105,117.06315811468987,0.1371361491283225,0.0017063158114689794,32.56940936788544,9.404566221422027e-05,-111.42432458094936,2.829009367653618e-06,2.2632074941228947e-07,-0.00031522045802398306,0.00019596518100734663,-0.002865745676902362
964.8000000000001,944.7399132471186,1055.2600867528815,982.6547425782787,117.34525742172175,0.1371375203764673,0.0017345257421721664,32.846491739944476,9.404566234537195e-05,-110.52017350576295,2.8290366554916993e-06,2.2632293243933595e-07,-0.00031266562201910593,0.00019583938014820402,-0.002842443964247492
979.2,945.1883244378281,1054.8116755621722,982.3728245531107,117.62717544688965,0.13713870766704583,0.0017627175446889576,33.11909557424356,9.40456624435273e-05,-109.62335112434414,2.8290602825742124e-06,2.2632482260593698e-07,-0.0003101310687085691,0.00019571340563322132,-0.00281933227976755
993.6,945.6331004149639,1054.3668995850364,982.0910880353581,117.90891196464223,0.13713973573867155,0.0017908911964642162,33.38729322174184,9.404566251707845e-05,-108.73379917007253,2.829080741199564e-06,2.2632645929596513e-07,-0.00030761669714951333,0.00019558729209676745,-0.0027964090845174327
1008.0,946.0742701635928,1053.9257298364075,981.8095332026996,118.19046679730074,0.13714062591041581,0.001819046679730066,33.65115586986647,9.404566257203947e-05,-107.85145967281471,2.829098455617275e-06,2.2632787644938201e-07,-0.0003051223979964289,0.00019546106936073178,-0.002773672848169335
1022.4,946.5118625033217,1053.4881374966787,981.5281601941916,118.47183980580868,0.13714139673771086,0.00184718398058086,33.91075356066502,9.40456626132606e-05,-106.97627499335704,2.8291137950804464e-06,2.2632910360643572e-07,-0.0003026480553300258,0.0001953347633553715,-0.0027511220498767914
1036.8,946.9459060850372,1053.0540939149632,981.2469691129852,118.7530308870153,0.13714206420636071,0.0018753030887015216,34.166155208317036,9.404566264415884e-05,-106.10818782992601,2.8291270777065784e-06,2.2633016621652627e-07,-0.0003001935473560193,0.00019520839639943012,-0.002728755178419794
1051.2,947.3764293803941,1052.6235706196062,980.9659600324343,119.03403996756617,0.1371426421663851,0.001903403996756608,34.41742861698956,9.404566266732078e-05,-105.24714123921206,2.829138579111064e-06,2.2633108632888512e-07,-0.00029775874762100587,0.00019508198780982336,-0.002706570732724068
1065.6000000000001,947.8034606761836,1052.196539323817,980.6851329999758,119.3148670000245,0.13714314260875757,0.0019314867000024428,34.664640497913005,9.404566268469394e-05,-104.39307864763339,2.829148537914276e-06,2.2633188303314206e-07,-0.000295343525824322,0.00019495555429252745,-0.0026845672221292543
1080.0,948.2270280689168,1051.7729719310837,980.4044880408663,119.595511959134,0.13714357593173743,0.001959551195913393,34.90785648676628,9.404566269770995e-05,-103.54594386216695,2.8291571610415752e-06,2.2633257288332603e-07,-0.00029294774857445855,0.00019482911031763994,-0.0026627431666463456
1094.4,948.6471594608695,1051.3528405391307,980.1240251610775,119.87597483892291,0.13714395114671563,0.001987597483892283,35.147141160569355,9.404566270747897e-05,-102.70568107826125,2.8291646278196412e-06,2.263331702255713e-07,-0.00029057127998274174,0.00019470266840978005,-0.002641097097140414
1108.8,949.063882557734,1050.936117442266,979.8437443495219,120.15625565047851,0.13714427603728482,0.002015625565047843,35.3825580544807,9.404566271479408e-05,-101.87223488453208,2.8291710931419682e-06,2.2633368745135746e-07,-0.000288213982129087,0.00019457623937305167,-0.00261962755543085
1123.2,949.4772248652881,1050.5227751347122,979.5636455806999,120.43635441930032,0.13714455734791364,0.002043635441930023,35.614169678252736,9.404566272026527e-05,-101.0455502694241,2.829176691223482e-06,2.2633413529787855e-07,-0.0002858757155741053,0.0001944498325558241,-0.0025983330944427227
1137.6000000000001,949.8872136880686,1050.1127863119316,979.2837288163774,120.71627118362272,0.13714480090385944,0.0020716271183622644,35.842037532616054,9.404566272432843e-05,-100.22557262386294,2.8291815379868033e-06,2.2633452303894428e-07,-0.0002835563397015886,0.00019432345602006854,-0.0025772122782552606
1152.0,950.2938761246186,1049.7061238753818,979.0039940089456,120.99600599105474,0.13714501185048739,0.0020996005991054654,36.06622212623921,9.404566272741145e-05,-99.41224775076319,2.829185735824699e-06,2.2633485886597595e-07,-0.00028125571330273025,0.0001941971168739093,-0.0025562636823273878
1166.4,950.6972390738999,1049.3027609261003,978.7244410991859,121.27555890081439,0.13714519449523194,0.0021275558900814297,36.28678298939581,9.404566272971086e-05,-98.60552185220035,2.8291893704551156e-06,2.2633514963640926e-07,-0.0002789736942924249,0.00019407082105794027,-0.0025354858931483514
1180.8,951.0973292274568,1048.9026707725434,978.4450700212059,121.5549299787945,0.13714535265881903,0.002155492997879442,36.5037786921715,9.404566273143836e-05,-97.80534154508655,2.829192517910499e-06,2.2633540143283992e-07,-0.0002767101405110397,0.0001939445738303416,-0.0025148775086229753
1195.2,951.4941730730991,1048.5058269269011,978.1658807015231,121.83411929847746,0.1371454896108824,0.0021834119298477367,36.7172668579677,9.404566273273459e-05,-97.01165385380204,2.82919524325656e-06,2.2633561946052482e-07,-0.0002744649096236287,0.00019381837968088066,-0.0024944371378637902
1209.6000000000001,951.8877968937851,1048.112203106215,977.8868730606133,122.11312693938719,0.1371456081806014,0.002211312693938708,36.92730417946872,9.40456627336999e-05,-96.22440621242993,2.829197602793968e-06,2.2633580822351745e-07,-0.0002722378593864797,0.00019369224248481494,-0.002474163401230915
1224.0,952.2782267666773,1047.721773233323,977.6080470143462,122.39195298565423,0.13714571085923324,0.0022391952985654157,37.133946434177105,9.404566273443084e-05,-95.44354646664556,2.8291996460987417e-06,2.2633597168789936e-07,-0.00027002884788584244,0.0001935661656451139,-0.0024540549303634592
1238.4,952.6654885663147,1047.334511433686,977.329402473272,122.67059752672833,0.137145799749902,0.0022670597526728243,37.33724849724861,9.404566273497417e-05,-94.66902286737127,2.8292014150230496e-06,2.2633611320184396e-07,-0.0002678377334552162,0.00019344015202533358,-0.0024341103679992727
1252.8,953.0496079620779,1046.9503920379234,977.0509393449169,122.94906065508376,0.13714587673135742,0.0022949060655083646,37.5372643585321,9.404566273538374e-05,-93.90078407584554,2.829202946954013e-06,2.2633623575632104e-07,-0.00026566437502867466,0.0001933142041750588,-0.002414328368089029
1267.2,953.4306104216134,1046.5693895783872,976.7726575328221,123.22734246717853,0.13714594338956676,0.0023227342467178414,37.73404713448062,9.404566273569049e-05,-93.13877915677381,2.829204273452379e-06,2.263363418761903e-07,-0.0002635086320144818,0.00019318832423751805,-0.002394707595603791
1281.6000000000001,953.8085212103733,1046.1914787896271,976.4945569377686,123.50544306223195,0.13714600110532033,0.0023505443062231844,37.92764908374715,9.404566273591954e-05,-92.3829575792538,2.829205421995875e-06,2.2633643375967e-07,-0.00026137036448323973,0.00019306251407041002,-0.0023752467265431647
1296.0,954.1833653925503,1045.8166346074504,976.2166374581984,123.78336254180203,0.13714605108470185,0.0023783362541801934,38.118121620756554,9.404566273609266e-05,-91.63326921490011,2.829206416585567e-06,2.2633651332684535e-07,-0.0002592494332355081,0.00019293677528836137,-0.0023559444478717063
1310.4,954.5551678329147,1045.4448321670864,975.9388989901248,124.06110100987564,0.13714609435290592,0.0024061101009875538,38.30551532817373,9.404566273622131e-05,-90.8896643341717,2.829207277622828e-06,2.2633658220982625e-07,-0.00025714569979493453,0.00019281110925528243,-0.0023367994574094203
1324.8,954.9239531969655,1045.0760468030353,975.6613414280571,124.33865857194344,0.13714613182042465,0.0024338658571943328,38.48987997309542,9.404566273631805e-05,-90.1520936060698,2.829208023226451e-06,2.2633664185811607e-07,-0.0002550590265409547,0.00019268551717529473,-0.0023178104638094106
1339.2,955.2897459538432,1044.7102540461576,975.3839646645515,124.61603533544921,0.1371461642511516,0.0024616035335449107,38.67126452174596,9.404566273638785e-05,-89.42050809231444,2.829208668597917e-06,2.2633669348783335e-07,-0.00025298927664520616,0.0001925600000498397,-0.0022989761863937202
1353.6000000000001,955.6525703748329,1044.3474296251682,975.1067685911933,124.89323140880735,0.13714619233270706,0.0024893231408807254,38.84971714399982,9.404566273643843e-05,-88.6948592503353,2.829209227420871e-06,2.2633673819366966e-07,-0.000250936314215844,0.00019243455877396352,-0.002280295355216452
1368.0,956.0124505345386,1043.9875494654623,974.8297530985108,125.17024690148986,0.1371462166702533,0.002517024690148975,39.02528522091252,9.404566273647868e-05,-87.97509893092365,2.829209711738041e-06,2.2633677693904328e-07,-0.0002489000042864841,0.00019230919412825277,-0.0022617667109897446
1382.4,956.3694103191975,1043.6305896808037,974.5529180757381,125.44708192426242,0.1371462377698697,0.002544708192426231,39.19801540422164,9.404566273651005e-05,-87.2611793616062,2.829210131620407e-06,2.2633681052963257e-07,-0.0002468802127470018,0.00019218390675662181,-0.002243389004642565
1396.8,956.7234734189192,1043.276526581082,974.2762634109753,125.72373658902532,0.13714625604968808,0.0025723736589025213,39.367953559808164,9.404566273653394e-05,-86.55305316216277,2.8292104953887932e-06,2.2633683963110347e-07,-0.0002448768064143351,0.00019205869718186733,-0.002225160997707277
1411.2,957.074663328827,1042.9253366711741,973.9997889912838,126.00021100871679,0.1371462718469045,0.0026000211008716683,39.535144777733905,9.404566273655156e-05,-85.85067334234714,2.8292108097534e-06,2.26336864780272e-07,-0.00024288965304477655,0.000191933565815568,-0.002207081462248343
1425.6000000000001,957.4230033627553,1042.5769966372457,973.7234947040744,126.2765052959262,0.1371462855182643,0.002627650529592609,39.69963349603756,9.404566273656488e-05,-85.1539932744904,2.8292110818134598e-06,2.2633688654507677e-07,-0.00024091862143285706,0.0001918085130946389,-0.00218914918014485
1440.0,957.7685166427802,1042.2314833572204,973.4473804359426,126.55261956405803,0.13714629735576456,0.0026552619564057926,39.861463404620224,9.404566273657514e-05,-84.4629667144402,2.829211317379715e-06,2.263369053903772e-07,-0.00023896358132796037,0.00019168353936706585,-0.0021713629436175184
1454.4,958.1112260986117,1041.8887739013896,973.1714460725773,126.82855392742339,0.1371463075800361,0.0026828553927423283,40.02067743924565,9.404566273658263e-05,-83.77754780277792,2.8292115208427184e-06,2.2633692166741747e-07,-0.00023702440343157085,0.00019155864488323325,-0.0021537215552483026
1468.8,958.4511544828796,1041.5488455171212,972.8956914999288,127.10430850007195,0.13714631642500713,0.0027104308500071825,40.17731791263862,9.404566273658818e-05,-83.09769103424162,2.829211696857642e-06,2.2633693574861137e-07,-0.0002351009594559388,0.00019143382991076776,-0.0021362238271819822
1483.2,958.7883243620422,1041.2116756379587,972.6201166035627,127.37988339643789,0.1371463240910714,0.0027379883396437786,40.33142643735752,9.404566273659249e-05,-82.4233512759165,2.829211849412321e-06,2.2633694795298567e-07,-0.0002331931220980971,0.00019130909467117047,-0.002118868581583221
1497.6000000000001,959.122758113523,1040.877241886478,972.3447212684445,127.6552787315562,0.13714633072941024,0.002765527873155606,40.4830439013012,9.404566273659565e-05,-81.75448377295504,2.829211981515264e-06,2.2633695852122112e-07,-0.00023130076503303962,0.00019118443931878505,-0.002101654650772921
1512.0,959.4544779413161,1040.545522058685,972.0695053795212,127.93049462047946,0.1371463364840877,0.002793049462047933,40.632210591359836,9.404566273659801e-05,-81.09104411736894,2.8292120960333454e-06,2.2633696768266764e-07,-0.00022942376289683384,0.00019105986399784824,-0.002084580876414412
1526.4,959.783505869251,1040.2164941307503,971.7944688215183,128.2055311784823,0.13714634147733892,0.002820553117848219,40.77896614083675,9.404566273659982e-05,-80.4329882614993,2.8292121953990447e-06,2.2633697563192357e-07,-0.00022756199130182203,0.00019093536882267215,-0.002067646109849814
1540.8,960.1098637357044,1039.8901362642966,971.5196114787793,128.4803885212212,0.1371463457980477,0.002848038852122105,40.92334948813746,9.404566273660118e-05,-79.78027252859226,2.829212281381149e-06,2.2633698251049192e-07,-0.00022571532684982832,0.00019081095386220355,-0.0020508492123620958
1555.2,960.4335732085993,1039.5664267914015,971.244933235757,128.75506676424368,0.13714634953743007,0.0028755066764243557,41.06539899151293,9.404566273660218e-05,-79.13285358280211,2.8292123557948587e-06,2.263369884635887e-07,-0.0002238836471057692,0.0001906866191882533,-0.0020341890543932543
1569.6000000000001,960.7546557815444,1039.2453442184565,970.9704339768829,129.02956602311767,0.1371463527796364,0.0029029566023117534,41.20515239970325,9.404566273660294e-05,-78.49068843691202,2.8292124203147648e-06,2.2633699362518117e-07,-0.00022206683060476797,0.00019056236486283086,-0.002017664515733441
1584.0,961.0731327662662,1038.9268672337346,970.6961135863169,129.3038864136838,0.13714635558332322,0.002930388641368368,41.34264679437236,9.40456627366035e-05,-77.85373446746837,2.8292124761081325e-06,2.2633699808865062e-07,-0.00022026475686697124,0.00019043819091337774,-0.0020012744859010017
1598.4,961.3890253061566,1038.6109746938444,970.4219719482776,129.57802805172292,0.13714635800596509,0.0029578028051722815,41.477918690010526,9.404566273660393e-05,-77.2219493876878,2.8292125243187055e-06,2.2633700194549645e-07,-0.00021847730635995153,0.00019031409736557342,-0.0019850178634361715
1612.8,961.7023543778503,1038.2976456221506,970.1480089470778,129.85199105292287,0.1371463601062758,0.002985199105292275,41.61100404540457,9.404566273660424e-05,-76.59529124430037,2.8292125661148886e-06,2.263370052891911e-07,-0.0002167043604936043,0.00019019008424659553,-0.0019688935558109396
1627.2,962.0131407793644,1037.9868592206367,969.8742244668731,130.1257755331275,0.13714636192598745,0.00301257755331274,41.74193817730497,9.404566273660449e-05,-75.97371844127224,2.8292126023271505e-06,2.2633700818617204e-07,-0.00021494580165970205,0.00019006615156064247,-0.0019529004800307474
1641.6000000000001,962.3214051421324,1037.6785948578686,969.600618391828,130.39938160817277,0.13714636350184145,0.0030399381608172613,41.87075584587114,9.404566273660465e-05,-75.35718971573613,2.829212633686645e-06,2.2633701069493162e-07,-0.00021320151318288198,0.00018994229930510202,-0.0019370375620066556
1656.0,962.6271679376689,1037.3728320623322,969.3271906061705,130.67280939383028,0.13714636486966836,0.0030672809393830127,41.99749130114643,9.40456627366048e-05,-74.74566412466334,2.8292126609064008e-06,2.2633701287251206e-07,-0.00021147137928935486,0.0001898185274760461,-0.0019213037362041596
1670.4,962.9304494626433,1037.0695505373576,969.0539409940676,130.9460590059332,0.1371463660552515,0.0030946059005933055,42.122178178975986,9.40456627366049e-05,-74.13910107471429,2.829212684499505e-06,2.263370147599604e-07,-0.00020975528517797255,0.0001896948360559875,-0.0019056979464031217
1684.8,963.231269849198,1036.7687301508026,968.7808694397099,131.21913056029075,0.13714636708055936,0.0031219130560290625,42.24484957204541,9.404566273660499e-05,-73.5374603016046,2.8292127049031314e-06,2.263370163922505e-07,-0.00020805311697160938,0.00018957122502227293,-0.0018902191451589927
1699.2,963.5296490751826,1036.4703509248181,968.5079758273952,131.49202417260548,0.13714636796983842,0.0031492024172605332,42.36553809936441,9.404566273660504e-05,-72.9407018496355,2.829212722599785e-06,2.263370178079828e-07,-0.00020636476166834643,0.0001894476943552558,-0.00187486629326848
1713.6000000000001,963.8256069480641,1036.1743930519367,968.2352600413974,131.7647399586033,0.13714636874003772,0.0031764739958603165,42.48427579706518,9.404566273660508e-05,-72.34878610387261,2.829212737926751e-06,2.2633701903414007e-07,-0.0002046901072186143,0.0001893242440254764,-0.0018596383605899301
1728.0,964.1191631130323,1035.8808368869688,967.9627219660249,132.03727803397575,0.1371463694050823,0.003203727803397562,42.601094172779305,9.404566273660512e-05,-71.76167377393654,2.829212751161138e-06,2.2633702009289105e-07,-0.00020302904248588707,0.00018920087399940707,-0.0018445343256189546
1742.4,964.410337065605,1035.5896629343958,967.6903614856939,132.3096385143067,0.13714636998127885,0.00323096385143066,42.71602428881853,9.404566273660515e-05,-71.1793258687909,2.8292127626274493e-06,2.2633702101019594e-07,-0.00020138145718320136,0.00018907758424668752,-0.0018295531748326848
1756.8,964.6991481359174,1035.3008518640834,967.4181784848382,132.58182151516243,0.13714637048066095,0.0032581821515162315,42.829096658600854,9.404566273660516e-05,-70.60170372816594,2.829212772565153e-06,2.2633702180521225e-07,-0.00019974724195258789,0.00018895437473122947,-0.0018146939034912025
1771.2,964.9856154935376,1035.0143845064636,967.1461728479328,132.853827152068,0.13714637091273021,0.003285382715206786,42.940341278150974,9.404566273660518e-05,-70.02876901292598,2.8292127811633317e-06,2.2633702249306653e-07,-0.00019812628834050484,0.0001888312454135582,-0.0017999555153829176
1785.6000000000001,965.2697581589335,1034.7302418410675,966.8743444595243,133.12565554047634,0.13714637128674884,0.003312565554047624,43.049787699588,9.404566273660519e-05,-69.46048368213394,2.829212788606302e-06,2.2633702308850417e-07,-0.00019651848873627272,0.00018870819625388063,-0.0017853370222279013
1800.0,965.5515949998852,1034.4484050001158,966.6026932042256,133.39730679577508,0.13714637161125123,0.003339730679577497,43.157465008320166,9.404566273660519e-05,-68.89681000023063,2.8292127950638996e-06,2.2633702360511197e-07,-0.00019492373639173893,0.0001885852272114359,-0.0017708374438561297
1814.4,965.8214548815325,1034.1785451184685,966.340663028582,133.65933697141875,0.12748337302586538,0.0033659336971418583,43.263421994229574,0.00010054113969874268,-68.35709023693596,2.6369191232147213e-06,2.109535298571777e-07,-0.00018025211845309076,0.00017565706497791412,-0.0017569543048394324
1828.8,966.0717058131843,1033.9282941868166,966.0959663494531,133.9040336505478,0.11911629837665147,0.0033904033650547618,43.36778037245752,0.00010541120879794092,-67.85658837363235,2.4704143376953644e-06,1.9763314701562915e-07,-0.00016763388882531393,0.0001644687105803033,-0.0017440801917714213
1843.2,966.3050793797295,1033.6949206202717,965.8662715397339,134.13372846026704,0.11187135296287438,0.0034133728460266845,43.47066307667927,0.0001090625790839656,-67.38984124054218,2.3262399239612006e-06,1.8609919391689606e-07,-0.00015676493916315623,0.00015478475582153883,-0.0017320745288985533
1857.6000000000001,966.5239046441909,1033.47609535581,965.6495622214748,134.35043777852633,0.10559804272291427,0.003435043777852613,43.572175407427984,0.0001118002432190138,-66.9521907116191,2.201401050185994e-06,1.7611208401487953e-07,-0.00014738862294481125,0.00014640182124539233,-0.001720817460191705
1872.0,966.7301703058669,1033.269829694134,965.4440945457034,134.5559054542978,0.10016606015415438,0.0034555905454297584,43.67240780557421,0.000113852839384838,-66.53965938826707,2.0933045970676724e-06,1.6746436776541378e-07,-0.00013928777488477655,0.0001391441652699418,-0.001710206648648142
1886.4,966.9255767730074,1033.0744232269933,965.2483601497024,134.75163985029872,0.09546257407731293,0.003475163985029852,43.77143816768812,0.00011539178312336857,-66.14884645398593,1.9997052241385276e-06,1.599764179310822e-07,-0.00013227819382477296,0.00013285989041701048,-0.0017001545952014644
1900.8,967.1115797833031,1032.8884202166978,965.0610541578487,134.93894584215232,0.0913898808266176,0.0034938945842152127,43.86933377836164,0.00011654565152103768,-65.77684043339468,1.9186586284496904e-06,1.5349269027597524e-07,-0.00012620330244969118,0.00012741767566294077,-0.001690586393012767
1915.2,967.2894266531381,1032.7105733468627,964.8810477813387,135.11895221866249,0.08786338678245527,0.003511895221866229,43.966152909798005,0.0001174107658269748,-65.42114669372461,1.8484813969708599e-06,1.478785117576688e-07,-0.00012092977263185161,0.00012270398380473312,-0.0016814378613847886
1929.6000000000001,967.4601873277359,1032.539812672265,964.7073643363591,135.29263566364205,0.08480983871212092,0.003529263566364186,44.06194618766421,0.00011805939573864653,-65.07962534452918,1.7877157903712064e-06,1.430172632296965e-07,-0.00011634387385985697,0.00011862062457717328,-0.0016726539474512044
1944.0,967.6247802214721,1032.3752197785288,964.5391587669811,135.46084123301992,0.08216580886120298,0.0035460841233019725,44.15675772310994,0.00011854571398046615,-64.75043955705678,1.7350995963379394e-06,1.3880796770703515e-07,-0.00011234846153815336,0.00011508267632685713,-0.0016641873961114897
1958.4,967.7839942625067,1032.2160057374942,964.3756998470548,135.6243001529464,0.07987637579987235,0.003562430015294621,44.25062607522033,0.00011891033669075764,-64.43201147498758,1.6895398784174599e-06,1.351631902733968e-07,-0.00010886045283364288,0.0001120166831261987,-0.0016559976154056914
1972.8,967.938507575151,1032.06149242485,964.2163548177435,135.78364518225771,0.07789398375673741,0.0035783645182257484,44.34358506384333,0.00011918371687119014,-64.12298484969904,1.6500902767590745e-06,1.3200722214072596e-07,-0.00010580871381725783,0.0001093591007294951,-0.0016480497149890187
1987.2,968.0889033742484,1031.9110966257526,964.0605761017972,135.939423898204,0.07617745458981565,0.003593942389820381,44.4356644585366,0.00011938868899636832,-63.822193251504245,1.6159313463373314e-06,1.2927450770698651e-07,-0.0001031322826671046,0.00010705495427286195,-0.001640313688131379
2001.6000000000001,968.2356834903823,1031.7643165096188,963.9078898272085,136.09211017279281,0.0746911330917737,0.0036092110172792602,44.52689056272408,0.0001195423691580416,-63.52863301923651,1.586353548526297e-06,1.2690828388210375e-07,-0.00010077887242309071,0.00010505667996646763,-0.0016327637156725492
2016.0,968.3792799406042,1031.620720059397,963.7578858833634,136.2421141166378,0.0734041455302423,0.003624211411663759,44.61728671168405,0.00011965759271695238,-63.24144011879275,1.560742496051822e-06,1.2485939968414577e-07,-9.870360310491644e-05,0.00010332312249195594,-0.0016253775705818204
2030.4,968.5200647924618,1031.47993520754,963.6102093365005,136.38979066350072,0.07228975878710339,0.0036389790663500553,44.706873695482926,0.00011974398289344408,-62.95987041507817,1.5385661998633577e-06,1.2308529598906862e-07,-9.686792856841626e-05,0.00010181867008056746,-0.001618136110361594
2044.8,968.6583586115481,1031.3416413884534,963.4645529978003,136.5354470022009,0.07132482498251967,0.003653544700220072,44.79567011990323,0.00011980875493010362,-62.68328277690523,1.5193640171521416e-06,1.2154912137217134e-07,-9.523872432820238e-05,0.00010051250627084025,-0.0016110228423546
2059.2000000000003,968.7944376949534,1031.2055623050483,963.3206509949086,136.67934900509252,0.0704893006330364,0.0036679349005092295,44.88369271435593,0.00011985731851531837,-62.41112461009482,1.5027370825974247e-06,1.2021896660779398e-07,-9.378751131819822e-05,9.937796308053705e-05,-0.001604023551535818
2073.6,968.9285402713878,1031.0714597286137,963.178273210889,136.8217267891121,0.0697658303393105,0.0036821726789111873,44.97095659486196,0.00011989372966804388,-62.14291945722596,1.488340023752279e-06,1.1906720190018232e-07,-9.248979422100365e-05,9.839196175433909e-05,-0.0015971259814832673
2088.0,969.0608718211499,1030.9391281788512,963.0372204717581,136.96277952824298,0.06913938623252854,0.0036962779528242743,45.057475488881636,0.00011992102961649955,-61.878256357701275,1.4758737860273182e-06,1.1806990288218546e-07,-9.132449648340956e-05,9.753452901565648e-05,-0.001590319560643565
2102.4,969.1916096327542,1030.8083903672468,962.8973203904465,137.10267960955474,0.0685969563665513,0.0037102679609554517,45.14326192717186,0.00011994149632870442,-61.616780734492636,1.4650794316943711e-06,1.172063545355497e-07,-9.027347810132715e-05,9.67883794409221e-05,-0.0015835951678790279
2116.8,969.3209067525751,1030.679093247426,962.7584237428442,137.2415762571569,0.06812727285637635,0.0037241576257156695,45.228327409575314,0.00011995684153265789,-61.358186494850884,1.4557327298418897e-06,1.1645861838735117e-07,-8.932112032429704e-05,9.613855151366484e-05,-0.0015769449292503802
2131.2000000000003,969.4488953275096,1030.5511046724916,962.6204013729899,137.37959862701118,0.06772057952361328,0.0037379598627010954,45.31268254468815,0.00011996834707760961,-61.10220934498204,1.4476395325199043e-06,1.1581116260159235e-07,-8.845397377210313e-05,9.557209679228314e-05,-0.0015703620460320751
2145.6,969.5756895115653,1030.4243104884363,962.4831414885663,137.5168585114348,0.06736842875346709,0.0037516858511434576,45.39633717100913,0.00011997697358487876,-60.84862097687096,1.4406317321939953e-06,1.1525053857551963e-07,-8.76604542395255e-05,9.507780841975892e-05,-0.0015638406451671724
2160.0,969.7013879636431,1030.2986120363582,962.3465473221021,137.65345267789908,0.06706350572170604,0.003765345267789886,45.479300460630796,0.00011998344145719887,-60.59722407271511,1.4345637638619502e-06,1.1476510110895602e-07,-8.693058184534016e-05,9.46459863906998e-05,-0.001557375650757356
2174.4,969.8260759911134,1030.173924008888,962.2105351119922,137.78946488800895,0.06679947657794708,0.0037789464888008757,45.56158100793711,0.00011998829081520147,-60.347848017774595,1.429309583901147e-06,1.1434476671209177e-07,-8.625575753961507e-05,9.426823494729438e-05,-0.0015509626737782987
2188.8,969.9498273948885,1030.0501726051125,962.0750323553935,137.92496764460768,0.06657085701004482,0.0037924967644607484,45.6431869057035,0.0001199919266734657,-60.10034521022396,1.4247600544998922e-06,1.1398080435999138e-07,-8.562857111718103e-05,9.393728728907432e-05,-0.001544597917153876
2203.2000000000003,970.0727060617745,1029.9272939382265,961.9399762919691,138.06002370803205,0.0663728981184748,0.003806002370803185,45.7241258105428,0.00011999465270485898,-59.854587876452,1.4208206725576488e-06,1.1366565380461191e-07,-8.504263580228143e-05,9.364685346696586e-05,-0.0015382780938337066
2217.6,970.1947673312823,1029.8052326687186,961.8053125962039,138.1946874037973,0.06620148794806763,0.0038194687403797067,45.804404998916254,0.00011999669652984568,-59.61046533743638,1.4174096101665458e-06,1.1339276881332366e-07,-8.449244643578209e-05,9.339148921463953e-05,-0.001532000356474814
2232.0,970.3160591762871,1029.6839408237142,961.6709942423395,138.32900575766155,0.06605306598122929,0.0038329005757661346,45.884031415370885,0.0001199982288926406,-59.36788164742711,1.4144560130264628e-06,1.1315648104211703e-07,-8.397325717684666e-05,9.31664821111454e-05,-0.0015257622367011554
2246.4,970.4366232182376,1029.563376781764,961.5369805235376,138.46301947646344,0.06592454921718333,0.0038463019476463237,45.963011713889806,0.00011999937780146081,-59.126753563526336,1.4118985294219482e-06,1.1295188235375586e-07,-8.348097640583677e-05,9.296775321662895e-05,-0.0015195615928753883
2260.8,970.5564956026222,1029.443504397379,961.4032362022883,138.59676379771292,0.06581326811744484,0.0038596763797712733,46.04135229345723,0.00012000023920550164,-58.88700879475675,1.4096840355371523e-06,1.1277472284297219e-07,-8.301207619850448e-05,9.279177187882964e-05,-0.0015133965650604062
2275.2000000000003,970.6757077530507,1029.3242922469503,961.2697307754381,138.73026922456305,0.06571691117177902,0.0038730269224562814,46.11905932861979,0.00012000088506330296,-58.64858449389965,1.4077665323184027e-06,1.1262132258547222e-07,-8.256351441835995e-05,9.263548203860173e-05,-0.001507265536225915
2289.6,970.7942870212113,1029.20571297879,961.1364378377688,138.86356216223245,0.06563347687753789,0.003886356216223221,46.196138795756596,0.00012000136929685952,-58.41142595757867,1.406106189863004e-06,1.1248849518904033e-07,-8.213266759767592e-05,9.249623841950592e-05,-0.0015011670988119366
2304.0,970.9122572474879,1029.0877427525131,961.0033345308909,138.99666546911013,0.06556123214218537,0.0038996665469109917,46.27259649570013,0.00012000173235257625,-58.17548550502522,1.4046685196294892e-06,1.1237348157035913e-07,-8.171727310307058e-05,9.237175127652633e-05,-0.0014951000258886394
2318.4,971.0296392435447,1028.9703607564563,960.8704010667932,139.12959893320794,0.06549867630691772,0.003912959893320769,46.348438073172005,0.00012000200456439538,-57.94072151291164,1.4034236585076629e-06,1.1227389268061303e-07,-8.131537936222409e-05,9.226003863002702e-05,-0.0014890632463307402
2332.8,971.1464512084837,1028.8535487915174,960.7376203151857,139.2623796848153,0.0654445099756958,0.003926237968481504,46.42366903351479,0.00012000220865715943,-57.707097583033715,1.4023457485163467e-06,1.1218765988130773e-07,-8.092530295478527e-05,9.215938489675543e-05,-0.0014830558234092206
2347.2000000000003,971.2627090878906,1028.7372909121102,960.6049774461709,139.39502255383016,0.06539760801464424,0.003939502255382988,46.498294757117684,0.00012000236167577756,-57.47458182421963,1.4014123994914206e-06,1.1211299195931365e-07,-8.054559162404562e-05,9.206830506975333e-05,-0.0014770769363212383
2361.6,971.3784268832211,1028.6215731167797,960.4724596210367,139.5275403789644,0.0653569961792681,0.003952754037896419,46.5723205118372,0.0001200024764039116,-57.243146233558605,1.4006042239674352e-06,1.1204833791739483e-07,-8.017499240790776e-05,9.198551372280412e-05,-0.0014711258642747863
2376.0,971.4936169183994,1028.5063830816011,960.3400557247455,139.65994427525553,0.06532183088622989,0.003965994427525524,46.64575146369856,0.00012000256242408417,-57.01276616320172,1.399904434635975e-06,1.1199235477087799e-07,-7.981242418272994e-05,9.190989819485498e-05,-0.001465201972774474
2390.4,971.6082900697709,1028.3917099302294,960.2077561342908,139.79224386571036,0.06529138169122693,0.003979224386571011,46.71859268613057,0.00012000262691779268,-56.78341986045848,1.399298495655416e-06,1.1194387965243328e-07,-7.945695398890941e-05,9.184049537038336e-05,-0.0014593047017926082
2404.8,971.7224559645455,1028.2775440354549,960.0755525180455,139.9244474819557,0.06526501610642005,0.003992444748195544,46.79084916794512,0.0001200026752721465,-56.55508807090939,1.398773820517759e-06,1.1190190564142072e-07,-7.910777661066427e-05,9.177647156745545e-05,-0.0014534335555611384
2419.2000000000003,971.8361231517107,1028.1638768482899,959.9434376622644,140.05656233773675,0.06524218646770522,0.0040056562337736495,46.86252582022221,0.00012000271152717604,-56.32775369657918,1.398319510707334e-06,1.1186556085658672e-07,-7.876419698824383e-05,9.171710514713268e-05,-0.0014475880937798737
2433.6,971.9492992493225,1028.0507007506783,959.8114053209622,140.18859467903889,0.06522241856751493,0.004018859467903866,46.93362748225951,0.00012000273870834102,-56.10140150135578,1.397926129493547e-06,1.1183409035948376e-07,-7.842561505995376e-05,9.16617714660229e-05,-0.0014417679240398818
2448.0,972.0619910716811,1027.9380089283193,959.6794500858339,140.32054991416712,0.06520530180211673,0.004032054991416693,47.004158926729275,0.00012000275908167675,-55.876017856638214,1.397585505862123e-06,1.1180684046896984e-07,-7.809151268173074e-05,9.160992983832413e-05,-0.0014359726952816432
2462.4,972.1742047398722,1027.8257952601282,959.5475672728325,140.4524327271687,0.0651904805781707,0.004045243272716849,47.07412486418344,0.00012000277435977736,-55.651590520256036,1.3972905635055973e-06,1.1178324508044778e-07,-7.776144227803131e-05,9.156111216912028e-05,-0.001430202092108958
2476.8,972.2859457745319,1027.714054225469,959.4157528264246,140.58424717357656,0.06517764705504964,0.0040584247173576305,47.143529946856546,0.00012000278581479242,-55.42810845093709,1.3970351763954878e-06,1.1176281411163903e-07,-7.743501726702312e-05,9.151491335503276e-05,-0.0014244558300171646
2491.2000000000003,972.3972191789444,1027.6027808210558,959.2840032337454,140.7159967662558,0.06516653463676911,0.00407159967662556,47.21237877209866,0.00012000279440663647,-55.205561642111434,1.3968140392717054e-06,1.1174512314173644e-07,-7.711190354758079e-05,9.147098268259533e-05,-0.00141873365111872
2505.6,972.5080295076945,1027.4919704923063,959.152315453194,140.84768454680707,0.06515691255569697,0.004084768454680689,47.280675885240534,0.00012000280084831072,-54.98394098461188,1.3966225598583697e-06,1.1172980478866958e-07,-7.679181240903018e-05,9.142901666883493e-05,-0.0014130353206119523
2520.0,972.618380929521,1027.38161907048,959.0206868490429,140.9793131509582,0.06514858091206835,0.0040979313150958045,47.34842578223816,0.00012000280567885941,-54.76323814095895,1.3964567601501603e-06,1.1171654081201283e-07,-7.647449410965521e-05,9.138875251065711e-05,-0.001407360623547834
2534.4,972.7282772779911,1027.2717227220096,958.8891151383438,141.11088486165747,0.06514136664398719,0.0041110884861657255,47.415632911843055,0.00012000280930062204,-54.543445444018516,1.396313196215345e-06,1.1170505569722761e-07,-7.61597326405348e-05,9.134996276103746e-05,-0.0014017093622235488
2548.8,972.837722096964,1027.1622779030363,958.7575983432491,141.24240165675204,0.0651351199080629,0.004124240165675186,47.48230167757424,0.00012000281201573271,-54.32455580607234,1.3961888861704518e-06,1.1169511089363614e-07,-7.584734106258469e-05,9.131245055113105e-05,-0.001396081353843882
2563.2000000000003,972.9467186799882,1027.0532813200116,958.6261347495073,141.37386525049382,0.06512971092741972,0.004137386525049366,47.548436439456175,0.00012000281405178595,-54.10656264002341,1.3960812474556524e-06,1.116864997964522e-07,-7.553715746602128e-05,9.127604543105166e-05,-0.0013904764284947506
2577.6,973.0552701029311,1026.944729897069,958.4947228719045,141.5052771280967,0.06512502736607374,0.004150527712809656,47.61404151549594,0.00012000281557812567,-53.889459794137906,1.3959880445848675e-06,1.116790435667894e-07,-7.522904160175341e-05,9.124059990482983e-05,-0.0013848944274648218
2592.0,973.1633792538045,1026.8366207461956,958.3633614226516,141.63663857734954,0.06512097192686879,0.004163663857734935,47.679121183054775,0.00012000281672257868,-53.673241492391185,1.395907341344689e-06,1.1167258730757511e-07,-7.492287183299523e-05,9.120598626337169e-05,-0.0013793352017113
2606.4,973.2710488574405,1026.7289511425593,958.2320492850974,141.7679507149036,0.06511746035313806,0.004176795071490344,47.74367968002236,0.00012000281758117468,-53.457902285118735,1.3958374610274478e-06,1.1166699688219583e-07,-7.461854259751353e-05,9.117209394946267e-05,-0.0013737986105907475
2620.8,973.3782814961419,1026.6217185038586,958.1007854916005,141.89921450840066,0.06511441974570076,0.004189921450840047,47.807721205837126,0.00012000281822453753,-53.24343700771669,1.3957769529394452e-06,1.1166215623515561e-07,-7.431596227065409e-05,9.113882733850552e-05,-0.0013682845207968763
2635.2000000000003,973.4850796299601,1026.51492037004,957.9695692018703,142.03043079813065,0.06511178691604072,0.0042030430798130495,47.871249922494144,0.00012000281870706473,-53.029840740079976,1.3957245596292107e-06,1.1165796477033686e-07,-7.40150511141553e-05,9.110610357062378e-05,-0.0013627928053173831
2649.6,973.5914456112331,1026.408554388767,957.8383996872295,142.1616003127716,0.0651095071880512,0.004216160031277141,47.934269955332525,0.00012000281906874955,-52.81710877753392,1.395679193042219e-06,1.1165433544337752e-07,-7.371573975745163e-05,9.107385097073627e-05,-0.0013573233426863148
2664.0,973.6973816992801,1026.3026183007198,957.7072763148029,142.29272368519824,0.06510753319515217,0.004229272368519812,47.99678539383038,0.00012000281933999615,-52.60523660143974,1.3956399105835282e-06,1.1165119284668226e-07,-7.341796770665871e-05,9.104200746563914e-05,-0.0013518760162280722
2678.4,973.8028900717967,1026.1971099282032,957.5761985351327,142.4238014648683,0.06510582393699292,0.004242380146486817,48.05880029227391,0.0001200028195433546,-52.394219856406494,1.395605896346159e-06,1.1164847170769273e-07,-7.312168216605791e-05,9.101051934175733e-05,-0.0013464507134713234
2692.8,973.907972835295,1026.092027164705,957.4451658708458,142.55483412915513,0.06510434391640148,0.004255483412915495,48.12031867039064,0.00012000281969579931,-52.18405432941006,1.3955764439363894e-06,1.1164611551491116e-07,-7.282683697122144e-05,9.097934010961708e-05,-0.001341047325611931
2707.2000000000003,974.0126320342029,1025.9873679657971,957.3141779067195,142.6858220932816,0.06510306238250693,0.0042685822093281416,48.181344513930426,0.00012000281981013507,-51.974735931594296,1.395550941411888e-06,1.1164407531295105e-07,-7.253339165897071e-05,9.094842950850095e-05,-0.0013356657470448962
2721.6,974.11686965815,1025.8831303418503,957.1832342816855,142.81676571831557,0.06510195272122889,0.004281676571831541,48.24188177517835,0.00012000281989582122,-51.76626068370035,1.3955288591524551e-06,1.1164230873219641e-07,-7.224131071451294e-05,9.091775270450027e-05,-0.0013303058749895866
2736.0,974.2206876489405,1025.7793123510592,957.0523346812142,142.94766531878696,0.0651009918748347,0.004294766531878679,48.30193437345563,0.00012000281996009305,-51.558624702118664,1.3955097383092106e-06,1.1164077906473685e-07,-7.195056286563642e-05,9.08872795278614e-05,-0.0013249676091309727
2750.4,974.3240879058701,1025.67591209413,956.9214788314245,143.07852116857674,0.06510015989258305,0.00430785211685766,48.361506195556764,0.00012000282000826575,-51.3518241882598,1.395493181862403e-06,1.1163945454899223e-07,-7.166112053091338e-05,9.08569838820189e-05,-0.0013196508513462302
2764.8,974.4270722909938,1025.5729277090065,956.7906664932831,143.20933350671802,0.06509943948833027,0.00432093335067179,48.42060109618429,0.00012000282004439482,-51.14585541801273,1.3954788458177725e-06,1.116383076654218e-07,-7.137295928709107e-05,9.082684316279813e-05,-0.0013143555054335857
2779.2000000000003,974.5296426333426,1025.4703573666575,956.6598974579389,143.34010254206223,0.06509881568445249,0.004334010254206209,48.47922289834318,0.00012000282007158069,-50.94071473331485,1.3954664321206046e-06,1.1163731456964837e-07,-7.108605743857239e-05,9.079683779074562e-05,-0.0013090814768954733
2793.6,974.6318007320335,1025.3681992679665,956.529171543228,143.47082845677298,0.0650982755448588,0.004347082845677282,48.53737539369324,0.00012000282009198054,-50.73639853593295,1.3954556833426904e-06,1.1163645466741523e-07,-7.080039568930738e-05,9.076695085993478e-05,-0.0013038286727785266
2808.0,974.7335483598224,1025.2664516401778,956.3984885897477,143.60151141025338,0.06509780787530342,0.004360151141025322,48.59506234291589,0.00012000282010720921,-50.53290328035541,1.3954463767185384e-06,1.1163571013748307e-07,-7.05159567876403e-05,9.073716774503247e-05,-0.001298597001490743
2822.4,974.8348872665257,1025.1651127334746,956.2678484570552,143.7321515429457,0.06509740293333288,0.004373215154294559,48.652287476076935,0.00012000282011863057,-50.330225466948946,1.3954383183733244e-06,1.1163506546986595e-07,-7.02327251889495e-05,9.070747572160975e-05,-0.0012933863726254525
2836.8,974.9358191805557,1025.0641808194448,956.137251021909,143.86274897809187,0.06509705229342651,0.004386274897809174,48.7090544929161,0.00012000282012716673,-50.128361638889146,1.3954313406391876e-06,1.11634507251135e-07,-6.99506868858011e-05,9.067786378832258e-05,-0.0012881966968823113
2851.2000000000003,975.0363458108021,1024.9636541891982,956.0066961761847,143.99330382381612,0.06509674868795079,0.004399330382381595,48.76536706314677,0.00012000282013354401,-49.927308378396106,1.395425298890221e-06,1.1163402391121767e-07,-6.966982921670761e-05,9.064832245809328e-05,-0.0012830278859704254
2865.6,975.1364688494701,1024.8635311505302,955.8761838236979,144.123816176303,0.06509648576434356,0.004412381617630291,48.821228826796506,0.00012000282013834411,-49.72706230106007,1.395420066710437e-06,1.1163360533683496e-07,-6.93901405934593e-05,9.061884344119065e-05,-0.0012778798524624038
2880.0,975.2361899717466,1024.7638100282531,955.7457138805576,144.2542861194435,0.06509625811185532,0.0044254286119443376,48.87664339441783,0.0001200028201419279,-49.52762005650652,1.395415536425921e-06,1.1163324291407368e-07,-6.911161050904925e-05,9.058941967794493e-05,-0.0012727525098113483
2894.4,975.3355108391295,1024.6644891608705,955.6152862714496,144.38471372855136,0.06509606097765294,0.004438471372855121,48.931614347447024,0.0001200028201446255,-49.32897832174103,1.3954116134552937e-06,1.1163292907642349e-07,-6.883422923004186e-05,9.056004496930778e-05,-0.0012676457721797043
2908.8,975.434433099025,1024.565566900975,955.4849009300361,144.51509906996483,0.06509589029669718,0.004451509906996472,48.986145238406124,0.00012000282014664075,-49.13113380195,1.3954082169042741e-06,1.1163265735234193e-07,-6.855798781306437e-05,9.053071401414198e-05,-0.0012625595544597538
2923.2000000000003,975.5329583870464,1024.4670416129534,955.3545577963993,144.64544220360162,0.06509574249664107,0.004464544220360145,49.04023959122237,0.00012000282014815613,-48.93408322590699,1.3954052756831575e-06,1.116324220546526e-07,-6.828287789414931e-05,9.050142215540932e-05,-0.0012574937721554545
2937.6,975.6310883266989,1024.368911673301,955.2242568173964,144.77574318260446,0.06509561452466313,0.004477574318260432,49.09390090143204,0.00012000282014928983,-48.73782334660211,1.3954027290407964e-06,1.116322183232637e-07,-6.800889170535683e-05,9.047216541384364e-05,-0.0012524483413985385
2952.0,975.7288245309658,1024.2711754690345,955.0939979448677,144.9060020551331,0.06509550371041581,0.004490600205513297,49.14713263647119,0.00012000282015014049,-48.542350938068694,1.3954005238372748e-06,1.1163204190698199e-07,-6.773602192727388e-05,9.044294030969661e-05,-0.0012474231788668745
2966.4,975.826168602345,1024.1738313976548,954.9637811356075,145.03621886439333,0.06509540776361274,0.004503621886439321,49.19993823593189,0.00012000282015077221,-48.347662795309816,1.3953986144958938e-06,1.116318891596715e-07,-6.746426167868999e-05,9.041374385882312e-05,-0.0012424182017824995
2980.8,975.9231221339223,1024.0768778660774,954.8336063501481,145.16639364985275,0.06509532468105059,0.004516639364985263,49.252321111715474,0.00012000282015124349,-48.153755732155105,1.395396961152907e-06,1.1163175689223255e-07,-6.71936044167486e-05,9.038457345177091e-05,-0.0012374333278564564
2995.2000000000003,976.0196867097553,1023.9803132902447,954.7034735523409,145.2965264476598,0.06509525271441012,0.004529652644765971,49.304284648347874,0.00012000282015160462,-47.96062658048936,1.3953955290167615e-06,1.1163164232134093e-07,-6.69240438992573e-05,9.035542681159828e-05,-0.0012324684752689041
3009.6,976.1158639048177,1023.8841360951823,954.573382709436,145.42661729056468,0.06509519037611601,0.004542661729056459,49.3558322033275,0.00012000282015187772,-47.76827219036454,1.395394288484709e-06,1.1163154307877671e-07,-6.665557418521763e-05,9.032630200090958e-05,-0.0012275235626719257
3024.0,976.2116552850641,1023.7883447149359,954.4433337919852,145.5566662080154,0.0650951364322015,0.00455566662080153,49.40696710669791,0.00012000282015208121,-47.57668942987175,1.39539321500081e-06,1.1163145720006481e-07,-6.63881896226438e-05,9.029719741210297e-05,-0.0012225985091861805
3038.4,976.3070624095567,1023.6929375904433,954.3133267714796,145.68667322852104,0.06509508972081489,0.004568667322852093,49.45769266246446,0.0001200028201522348,-47.385875180886615,1.3953922854442164e-06,1.116313828355373e-07,-6.612188466643174e-05,9.02681115326734e-05,-0.0012176932342914605
3052.8,976.4020868289281,1023.5979131710719,954.1833616220614,145.81663837793926,0.06509504928367711,0.0045816638377939155,49.50801214768105,0.0001200028201523502,-47.195826342143846,1.3953914807451745e-06,1.1163131845961396e-07,-6.585665400455621e-05,9.023904311461922e-05,-0.0012128076579056683
3067.2000000000003,976.4967300863066,1023.5032699136934,954.0534383195194,145.94656168048118,0.0650950142889276,0.004594656168048112,49.55792881319453,0.0001200028201524359,-47.00653982738686,1.3953907843496593e-06,1.1163126274797275e-07,-6.559249247930085e-05,9.020999107453608e-05,-0.0012079417003371942
3081.6,976.5909937179849,1023.4090062820151,953.9235568405547,146.076443159446,0.06509498397472742,0.004607644315944591,49.60744588413197,0.00012000282015250093,-46.81801256403014,1.395390181097076e-06,1.1163121448776608e-07,-6.53293950303272e-05,9.01809544206586e-05,-0.0012030952822504703
3096.0,976.6848792524015,1023.3151207475985,953.7937171638997,146.206282836101,0.06509495773524074,0.004620628283610091,49.656566559159195,0.00012000282015254911,-46.63024149519697,1.395389658931291e-06,1.1163117271450328e-07,-6.506735677586663e-05,9.015193236350907e-05,-0.0011982683247182943
3110.4,976.7783882116021,1023.2216117883979,953.6639192687833,146.33608073121738,0.06509493500276646,0.004633608073121727,49.705294012012146,0.00012000282015258556,-46.443223576795845,1.3953892065550529e-06,1.1163113652440423e-07,-6.480637289668407e-05,9.012292416373919e-05,-0.001193460749146611
3124.8,976.8715221103172,1023.1284778896828,953.5341631358864,146.46583686411424,0.06509491532109243,0.004646583686411417,49.75363139043173,0.00012000282015261285,-46.256955779365626,1.3953888148897396e-06,1.1163110519117917e-07,-6.454643870537609e-05,9.009392922651311e-05,-0.0011886724773219057
3139.2000000000003,976.9642824568799,1023.0357175431201,953.4044487463992,146.59555125360154,0.06509489827301126,0.004659555125360146,49.80158181740729,0.0001200028201526335,-46.07143508624017,1.3953884756329242e-06,1.1163107805063394e-07,-6.428754957520989e-05,9.006494700796442e-05,-0.0011839034313639448
3153.6,977.0566707530585,1022.9433292469415,953.2747760821924,146.7252239178083,0.0650948834935109,0.004672522391780825,49.84914839092896,0.00012000282015264965,-45.88665849388303,1.3953881815208673e-06,1.1163105452166938e-07,-6.40297009518485e-05,9.003597703209038e-05,-0.001179153533734345
3168.0,977.1486884934936,1022.8513115065064,953.1451451263943,146.85485487360637,0.06509487071413521,0.004685485487360628,49.896334183211835,0.00012000282015266163,-45.702623013012726,1.3953879272112908e-06,1.1163103417690327e-07,-6.377288839424686e-05,9.000701894771421e-05,-0.0011744227072654327
3182.4,977.2403371668407,1022.7596628331593,953.0155558622462,146.98444413775448,0.06509485967486037,0.004698444413775443,49.94314224251629,0.00012000282015267022,-45.51932566631854,1.3953877075297215e-06,1.1163101660237772e-07,-6.351710748982304e-05,8.99780724149497e-05,-0.001169710875101485
3196.8,977.3316182559663,1022.6683817440337,952.8860082729082,147.11399172709258,0.06509485010918019,0.0047113991727092495,49.989575593472054,0.00012000282015267687,-45.33676348806739,1.395387517172686e-06,1.1163100137381489e-07,-6.326235384025964e-05,8.994913708600753e-05,-0.001165017960688554
3211.2000000000003,977.4225332368254,1022.5774667631746,952.7565023425736,147.2434976574271,0.06509484182990591,0.004724349765742701,50.035637235213954,0.00012000282015268187,-45.15493352634917,1.3953873524151275e-06,1.1163098819321021e-07,-6.300862314181345e-05,8.992021271548488e-05,-0.0011603438878321523
3225.6,977.5130835792902,1022.4869164207098,952.627038055705,147.37296194429567,0.06509483467031599,0.004737296194429561,50.081330143128724,0.00012000282015268548,-44.97383284141961,1.3953872099392883e-06,1.1163097679514307e-07,-6.275591112886445e-05,8.989129908458712e-05,-0.0011556885806545932
3240.0,977.603270747526,1022.396729252474,952.4976153967216,147.502384603279,0.06509482846014543,0.004750238460327893,50.126657269862086,0.00012000282015268827,-44.79345850494792,1.3953870863568941e-06,1.1163096690855153e-07,-6.250421355106772e-05,8.986239597024459e-05,-0.0011510519635756031
3254.4,977.6930961991868,1022.3069038008132,952.3682343506678,147.63176564933292,0.06509482307698862,0.004763176564933288,50.17162154316255,0.0001200028201526904,-44.61380760162638,1.3953869792320736e-06,1.116309583385659e-07,-6.225352622127435e-05,8.983350321112334e-05,-0.0011464339613536506
3268.8,977.7825613858955,1022.2174386141045,952.2388949028378,147.76110509716295,0.06509481841748069,0.0047761105097162875,50.216225867328006,0.00012000282015269193,-44.43487722820896,1.395386886507866e-06,1.1163095092062928e-07,-6.200384498782978e-05,8.980462067053361e-05,-0.001141834499061172
3283.2000000000003,977.8716677536744,1022.1283322463256,952.1095970384742,147.89040296152663,0.06509481437400248,0.004789040296152656,50.26047312470781,0.0001200028201526931,-44.256664492651225,1.3953868060426494e-06,1.1163094448341196e-07,-6.175516571250173e-05,8.977574820649805e-05,-0.0011372535020624337
3297.6,977.9604167422877,1022.0395832577123,951.9803407432282,148.01965925677257,0.06509481087019202,0.004801965925677247,50.30436617339863,0.000120002820152694,-44.079166515424504,1.3953867363168212e-06,1.116309389053457e-07,-6.150748430352391e-05,8.974688571731463e-05,-0.0011326908960472486
3312.0,978.0488097855551,1021.9511902144449,951.8511260029419,148.14887399705887,0.06509480784407791,0.004814887399705881,50.347907848368706,0.00012000282015269467,-43.90238042888973,1.3953866760971506e-06,1.1163093408777206e-07,-6.126079669942104e-05,8.97180331198627e-05,-0.001128146607014839
3326.4,978.1368483118403,1021.8631516881597,951.7219528033086,148.27804719669223,0.06509480522189097,0.004827804719669217,50.391100963276834,0.00012000282015269515,-43.72630337631949,1.3953866239156304e-06,1.1163092991325043e-07,-6.101509884459309e-05,8.968919031600039e-05,-0.0011236205612486516
3340.8,978.2245337434553,1021.7754662565447,951.5928211302859,148.40717886971498,0.0650948029499763,0.0048407178869714915,50.43394830825037,0.00012000282015269553,-43.55093251308949,1.3953865787045286e-06,1.116309262963623e-07,-6.0770386718831765e-05,8.966035723348619e-05,-0.0011191126853469398
3355.2000000000003,978.3118674960182,1021.6881325039818,951.4637309699873,148.53626903001359,0.06509480098635763,0.004853626903001352,50.4764526474617,0.0001200028201526958,-43.37626500796364,1.3953865396285169e-06,1.1163092317028135e-07,-6.05266563314719e-05,8.963153381513021e-05,-0.001114622906255752
3369.6,978.3988509751094,1021.6011490248906,951.3346823085293,148.66531769147156,0.0650947992887315,0.004866531769147148,50.51861670665493,0.00012000282015269602,-43.20229804978112,1.3953865058457572e-06,1.1163092046766058e-07,-6.0283903720191046e-05,8.960272000339442e-05,-0.001110151151440765
3384.0,978.4854855872449,1021.5145144127551,951.205675132107,148.79432486789383,0.0650947978209196,0.004879432486789376,50.56044321495601,0.00012000282015269618,-43.029028825510295,1.3953864766363003e-06,1.1163091813090403e-07,-6.004212492591062e-05,8.957391574865254e-05,-0.0011056973483231337
3398.4,978.5717727396276,1021.4282272603724,951.0767094269314,148.92329057306935,0.06509479654802548,0.004892329057306928,50.60193490407909,0.00012000282015269631,-42.85645452074482,1.3953864513057072e-06,1.1163091610445658e-07,-5.980131598924655e-05,8.95451210029785e-05,-0.0011012614242921935
3412.8,978.6577138322142,1021.3422861677858,950.94778517927,149.05221482073105,0.06509479543907278,0.004905221482073096,50.643094478037916,0.00012000282015269639,-42.6845723355716,1.3953864292375483e-06,1.1163091433900386e-07,-5.956147297486509e-05,8.951633572352071e-05,-0.0010968433071133165
3418.165926114861,978.6896501601838,1021.3103498398162,950.8997542521715,149.10024574782943,0.06509479506392432,0.004910024574782935,50.658347517821184,0.00012000282015269642,-42.62069967963248,1.3953864217720942e-06,1.1163091374176753e-07,-5.947234561938541e-05,8.950561177203982e-05,-0.0010952015071366927
3418.165926114861,1128.176160133313,871.823839866687,950.8997542521715,149.10024574782943,0.06509479506392432,0.004910024574782935,50.658347517821184,0.00012000282015269642,256.35232026662607,1.3953864217720942e-06,1.1163091374176753e-07,0.00035771054688982126,8.950561177203982e-05,0.006622781392178632
3427.2000000000003,1127.853408806131,872.1465911938693,950.8189023759903,149.18109762401085,0.06509479447560593,0.004918109762401075,51.58365015487218,0.00012000282015269644,255.70681761226172,1.3953864100645582e-06,1.1163091280516465e-07,0.0003568098182570066,8.948755988359183e-05,0.006605920450514511
3441.6,1127.3406336981739,872.6593663018265,950.6900610026943,149.3099389973069,0.06509479364118781,0.004930993899730679,53.04893829211426,0.00012000282015269651,254.68126739634738,1.3953863934596377e-06,1.1163091147677102e-07,0.00035537877519391877,8.945879345882737e-05,0.006579135331301895
3456.0,1126.829915167479,873.1700848325213,950.5612610463037,149.43873895369728,0.06509479291869484,0.0049438738953697225,54.50249636396952,0.00012000282015269655,253.65983033495763,1.3953863790820276e-06,1.116309103265622e-07,0.000353953472169658,8.94300364243091e-05,0.006552461172714393
3470.4,1126.321244954207,873.6787550457934,950.4325024932955,149.56749750670542,0.06509479229309739,0.004956749750670536,55.94441839546896,0.00012000282015269658,252.6424899084136,1.3953863666326384e-06,1.1163090933061107e-07,0.0003525338860503243,8.940128875771742e-05,0.006525897485847614
3484.8,1125.814614842546,874.1853851574544,950.3037853301938,149.69621466980712,0.06509479175136189,0.004969621466980705,57.37479753729603,0.00012000282015269659,251.62922968509156,1.3953863558521016e-06,1.1163090846816813e-07,0.0003511199938361514,8.937255043931207e-05,0.006499443784864693
3499.2000000000003,1125.3100166497404,874.6899833502599,950.1751095435496,149.82489045645116,0.06509479128222727,0.004982489045645106,58.79372619416434,0.00012000282015269662,250.6200332994805,1.395386346516323e-06,1.1163090772130584e-07,0.0003497117726295613,8.934382145163881e-05,0.006473099586413249
3513.6,1124.8074422260102,875.1925577739903,950.0464751199395,149.9535248800614,0.06509479087603191,0.004995352488006132,60.20129602789888,0.00012000282015269662,249.61488445201985,1.3953863384330354e-06,1.1163090707464284e-07,0.0003483091996338892,8.931510177930466e-05,0.0064468644096113675
3528.0,1124.3068834543726,875.6931165456278,949.91788204596,150.082117954041,0.06509479052440079,0.005008211795404091,61.59759796457501,0.00012000282015269662,248.61376690874476,1.395386331435576e-06,1.1163090651484609e-07,0.0003469122521511728,8.92863914085755e-05,0.006420737776028713
3542.4,1123.8083322504085,876.1916677495916,949.789330308228,150.210669691773,0.06509479022018522,0.005021066969177288,62.98272220493777,0.00012000282015269663,247.6166645008169,1.3953863253816858e-06,1.1163090603053487e-07,0.00034552090758106465,8.925769032729643e-05,0.0063947192096647405
3556.8,1123.3117805621134,876.6882194378868,949.6608198933768,150.33918010662435,0.0650947899571564,0.005033918010662422,64.35675823027569,0.00012000282015269665,246.62356112422663,1.3953863201474123e-06,1.1163090561179299e-07,0.000344135143418785,8.922899852449857e-05,0.006368808236931524
3571.2000000000003,1122.8172203698036,877.1827796301968,949.5323507880491,150.46764921195188,0.06509478972954816,0.005046764921195172,65.71979480551204,0.00012000282015269665,245.63444073960682,1.3953863156180086e-06,1.116309052494407e-07,0.00034275493725253005,8.920031598981392e-05,0.006343004386639629
3585.6,1122.3246436859229,877.6753563140776,949.4039229788967,150.5960770211042,0.0650947895318901,0.005059607702110406,67.07191998747706,0.00012000282015269665,244.64928737184528,1.3953863116846133e-06,1.1163090493476907e-07,0.00034138026676206823,8.9171642713262e-05,0.006317307189978849
3600.0,1121.8340425550846,878.1659574449158,949.2755364525927,150.72446354740825,0.06509478936008777,0.00507244635474081,68.41322112520828,0.00012000282015269665,243.66808511016882,1.3953863082657465e-06,1.1163090466125972e-07,0.0003400111097240622,8.914297868662531e-05,0.006291716180511358
3614.4,1121.3439170121555,878.6560829878451,949.1467985585625,150.85320144143856,0.0655138165326648,0.00508532014414384,69.74377367517049,0.00012001503453515305,242.6878340243104,1.4037249490000296e-06,1.1229799592000237e-07,0.00034066696743870276,8.96467711120228e-05,0.0062661530795696824
3628.8,1120.853060174475,879.1469398255254,949.0173882285623,150.9826117714388,0.06587664853546389,0.005098261177143869,71.06361239068983,0.00012002419265694488,241.70612034894975,1.4109453058557318e-06,1.1287562446845854e-07,0.00034103411590295123,9.007867374014453e-05,0.006240554929875858
3643.2000000000003,1120.361857880187,879.6381421198131,948.8874018391969,151.11259816080414,0.0661908200690883,0.005111259816080399,72.37276883160139,0.00012003105902049466,240.72371576037392,1.4171973193748573e-06,1.1337578554998859e-07,0.000341153004685557,9.044834505902569e-05,0.006214941849769008
3657.6,1119.8706418777451,880.1293581222551,948.7569228403959,151.24307715960524,0.06646285734467217,0.005124307715960511,73.67128260619776,0.00012003620715083652,239.74128375549003,1.4226108611589763e-06,1.138088688927181e-07,0.0003410585541387562,9.076414870321252e-05,0.0061893311279279
3672.0,1119.3796970949359,880.620302905064,948.6260234515893,151.37397654841172,0.06669841014115067,0.005137397654841161,74.95920000781031,0.00012004006665061692,238.75939418987184,1.4272983618088984e-06,1.1418386894471187e-07,0.0003407808921936891,9.10333232394957e-05,0.006163737604067435
3686.4,1118.889268262794,881.1107317372056,948.4947662179565,151.5052337820446,0.06690237304496198,0.005150523378204444,76.23657293927022,0.00012004296051697195,237.7785365255885,1.4313572235947437e-06,1.145085778875795e-07,0.0003403460258716877,9.126213795052318e-05,0.006138174015731627
3700.8,1118.3995651748617,881.6004348251382,948.3632052495077,151.6367947504933,0.06707898200351976,0.005163679475049318,77.50345806378616,0.00012004513023759859,236.79913034972344,1.4348717418700433e-06,1.1478973934960347e-07,0.0003397763806382191,9.145601699412704e-05,0.0061126512737096645
3715.2000000000003,1117.9107676421863,882.0892323578136,948.2313873918256,151.7686126081753,0.06723190557590196,0.005176861260817511,78.75991600857455,0.00012004675701639187,235.82153528437277,1.4379149209604491e-06,1.1503319367683594e-07,0.0003390913042692006,9.16196566280778e-05,0.006087178721390351
3729.6,1117.4230295421717,882.5769704578285,948.0993531849309,151.90064681507005,0.0673643196833934,0.0051900646815069874,80.00601071807074,0.00012004797649942617,234.8460590843432,1.4405499616995288e-06,1.1524399693596231e-07,0.0003383074814192359,9.17571212773054e-05,0.0060617643467079825
3744.0,1116.9364825252103,883.0635174747897,947.9671377432462,152.03286225675478,0.06747897622369399,0.005203286225675461,81.24180886409962,0.00012004889106466563,233.8729650504206,1.4428316268515105e-06,1.1542653014812084e-07,0.0003374393106402848,9.187193164536422e-05,0.006036414976099145
3758.4,1116.451238889241,883.5487611107587,947.834771441374,152.16522855862712,0.06757825656545045,0.005216522855862689,82.46737939340207,0.00012004957707602016,232.9024777784823,1.4448073056524642e-06,1.1558458445219714e-07,0.00033649920139891196,9.196713347537195e-05,0.006011136424968825
3772.8,1115.9673942297468,884.0326057702533,947.7022805479274,152.29771945207366,0.06766422100206991,0.005229771945207347,83.6827931116662,0.00012005009100736281,231.93478845949346,1.4465179979411912e-06,1.157214398352953e-07,0.0003354978458553402,9.20453610615733e-05,0.005985933636345387
3787.2000000000003,1115.4850300272076,884.5149699727922,947.5696878448205,152.43031215518053,0.06773865707464091,0.0052430312155180335,84.88812227711861,0.00012005047654675613,230.9700600544154,1.4479992757853545e-06,1.1583994206282836e-07,0.00033444447968689333,9.21088992117614e-05,0.005960810816173201
3801.6,1115.0042152721585,884.9957847278415,947.4370130199976,152.56298698000347,0.06780311023970616,0.005256298698000323,86.0834403530906,0.00012005076552321431,230.00843054431698,1.4492818937701525e-06,1.159425515016122e-07,0.00033334705380236833,9.215972270143586e-05,0.0059357715183882545
3816.0,1114.5250083547928,885.4749916452073,947.3042731219934,152.6957268780077,0.06785891935373536,0.005269572687800742,87.26882171401058,0.00012005098219507463,229.05001670958552,1.450392495139334e-06,1.1603139961114673e-07,0.0003322124252471219,9.219954176366829e-05,0.005910818743702818
3830.4,1114.0474584928936,885.9525415071064,947.1714829075096,152.8285170924915,0.06790724383315866,0.005282851709249126,88.44434142944604,0.00012005114465273912,228.09491698578722,1.4513541522798575e-06,1.161083321823886e-07,0.0003310465048812517,9.222983694159386e-05,0.005885955014280702
3844.8,1113.571606987408,886.4283930125921,947.0386551459071,152.96134485409414,0.06794908743978935,0.005296134485409387,89.61007507346639,0.00012005126645655445,227.1432139748158,1.4521868400518083e-06,1.1617494720414467e-07,0.0003298543861412995,9.225188959916058e-05,0.00586118243938422
3859.2000000000003,1113.0974883216002,886.9025116783998,946.9058008875905,153.09419911241068,0.06798531925838615,0.005309419911241042,90.76609855980895,0.00012005135778020351,226.19497664320033,1.4529078532418843e-06,1.1623262825935075e-07,0.00032864045792877037,9.226680881709425e-05,0.005836502772830385
3873.6,1112.6251311137537,887.374868886246,946.7729296976656,153.22707030233562,0.06801669196680256,0.005322707030233539,91.91248800050619,0.00012005142625155085,225.25026222750773,1.453532170139371e-06,1.1628257361114969e-07,0.0003274085024800117,9.22755548089605e-05,0.005811917462782425
3888.0,1112.1545589247025,887.8454410752973,946.6400498541408,153.35995014586047,0.06804385733463553,0.005335995014586021,93.0493195870612,0.00012005147760805325,224.3091178494052,1.454072760959247e-06,1.1632582087673977e-07,0.00032616177829961773,9.227895878374768e-05,0.005787427693950042
3902.4,1111.6857909418286,888.3142090581713,946.5071685169714,153.49283148302976,0.06806737944971014,0.005349283148302947,94.17666949143332,0.00012005151611487198,223.3715818836573,1.454540851049232e-06,1.1636326808393856e-07,0.0003249030908132681,9.227773989468736e-05,0.005763034423330942
3916.8,1111.2188426104026,888.7811573895978,946.3742918842499,153.62570811575117,0.06808774694008053,0.005362570811575093,95.29461377505244,0.00012005154499231155,222.43768522080484,1.4549461641076028e-06,1.1639569312860823e-07,0.0003236348568649844,9.227252088445696e-05,0.005738738413186471
3931.2000000000003,1110.753726137875,889.2462738621251,946.2414253178878,153.7585746821135,0.0681053828148999,0.005375857468211322,96.40322831791202,0.00012005156663654562,221.50745227574987,1.4552971180165084e-06,1.1642376944132068e-07,0.0003223591569160781,9.226384068861996e-05,0.005714540257384245
3945.6,1110.2904509612472,889.7095490387528,946.1085734598296,153.89142654017172,0.06812065356213039,0.005389142654017144,97.50258875309788,0.00012005158287178226,220.58090192249438,1.4556010058863948e-06,1.1644808047091159e-07,0.00032107778271771103,9.22521660749363e-05,0.005690440405801175
3960.0,1109.8290241084014,890.1709758915986,945.975740323015,154.02425967698633,0.06813387627684586,0.005402425967698606,98.59277041808555,0.00012005159503852707,219.65804821680285,1.4558641379092328e-06,1.1646913103273863e-07,0.0003197922750019804,9.223790077093366e-05,0.0056664391831939475
3974.4,1109.3694505570097,890.6305494429903,945.8429293811627,154.15707061883873,0.06814532569357554,0.005415707061883848,99.67384830594787,0.00012005160416380105,218.73890111401943,1.4560919813021535e-06,1.1648735850417229e-07,0.0003185039599109684,9.222139445233035e-05,0.005642536807930091
3988.8,1108.9117335048622,891.0882664951371,945.7101436374007,154.28985636260066,0.06815523956854716,0.005428985636260043,100.74589703060003,0.00012005161100458881,217.82346700972516,1.4562892674140886e-06,1.1650314139312709e-07,0.00031721397719718954,9.22029496297653e-05,0.005618733406099778
4003.2000000000003,1108.455874631304,891.5441253686957,945.5773856904099,154.42261430959144,0.0681638238653597,0.005442261430959117,101.80899079311999,0.00012005161613334078,216.91174926260817,1.4564600949206581e-06,1.1651680759365265e-07,0.0003159233069204243,9.218282827377906e-05,0.005595029025155305
4017.6,1108.0018743068044,891.9981256931953,945.444657787689,154.5553422123123,0.06817125693256408,0.005455534221231203,102.86320335596794,0.00012005161997963402,216.0037486136091,1.4566080129580252e-06,1.1652864103664202e-07,0.0003146327910595539,9.216125715439857e-05,0.005571423644844898
4032.0,1107.5497317725008,892.4502682274984,945.3119618714941,154.6880381285072,0.06817769310878481,0.005468803812850695,103.90860802178878,0.00012005162286230543,215.09946354500232,1.4567360928648181e-06,1.1653888742918545e-07,0.00031334315210186506,9.213843244790486e-05,0.00554791718657781
4046.4,1107.0994453102555,892.900554689744,945.1792996223285,154.8207003776729,0.06818326613546236,0.005482070037767265,104.94527761353959,0.00012005162502457937,214.19889062051152,1.4568469960957012e-06,1.1654775968765609e-07,0.0003120550103675239,9.21145240918386e-05,0.005524509522290148
4060.8,1106.6510123690712,893.348987630928,945.0466724916467,154.95332750835476,0.0681880917256719,0.005495332750835449,105.97328446125883,0.00012005162664506384,213.30202473814313,1.4569430253408711e-06,1.165554420272697e-07,0.0003107688972333236,9.20896790673317e-05,0.0055012004810365625
4075.2000000000003,1106.2044296932086,893.7955703067912,944.9140817348339,155.08591826516746,0.06819227015351452,0.005508591826516719,106.9927003884264,0.00012005162786038172,212.40885938641736,1.4570261760549393e-06,1.1656209408439514e-07,0.00030948526815198295,9.206402470085627e-05,0.0054779898556658
4089.6,1105.7596934176338,894.2403065823657,944.7815284360679,155.21847156393346,0.06819588820801394,0.005521847156393323,108.0035967032535,0.00012005162877153432,211.51938683526805,1.4570981753394775e-06,1.1656785402715821e-07,0.0003082045126065942,9.203767115870778e-05,0.005454877407794511
4104.0,1105.3167991579717,894.6832008420273,944.6490135316961,155.35098646830517,0.06819902103008364,0.005535098646830489,109.00604419068583,0.00012005162945459402,210.63359831594437,1.4571605184986647e-06,1.1657284147989319e-07,0.00030692696333530097,9.201071378925311e-05,0.005431862872491976
4118.400000000001,1104.8757420880172,895.1242579119818,944.5165378305308,155.48346216947053,0.06820173370817274,0.005548346216947027,110.00011310625125,0.00012005162996688141,209.75148417603543,1.4572145007926376e-06,1.1657716006341101e-07,0.0003056529043040963,9.198323515666491e-05,0.005408945962315692
4132.8,1104.4365170022,895.5634829977995,944.3841020302998,155.61589796970148,0.06820408257242162,0.005561589796970122,110.98587317208862,0.00012005163035080762,208.87303400440044,1.4572612431911903e-06,1.1658089945529523e-07,0.0003043825772023683,9.19553066911224e-05,0.005386126370562646
4147.2,1103.9991183755387,896.0008816244608,944.2517067333952,155.748293266606,0.06820611643312466,0.005574829326660575,111.96339357326818,0.00012005163063878693,207.9982367510779,1.4573017170191808e-06,1.1658413736153447e-07,0.00030311618755430794,9.192699026565096e-05,0.0053634037743881795
4161.6,1103.5635404085986,896.4364595914004,944.1193524588518,155.8806475411495,0.06820787752389423,0.005588064754114922,112.93274295631713,0.00012005163085462375,207.12708081719813,1.4573367627254953e-06,1.1658694101803963e-07,0.00030185390943091755,9.18983393983761e-05,0.005340777837143882
4176.0,1103.1297770721594,896.8702229278405,943.9870396541727,156.01296034582853,0.06820940243230342,0.0056012960345828275,113.89398942769958,0.00012005163101648241,206.25955414431894,1.4573671084028382e-06,1.1658936867222706e-07,0.0003005958900037647,9.186940043663922e-05,0.005318248210699098
4190.400000000001,1102.6978221418124,897.3021778581876,943.8547687046145,156.1452312953868,0.06821072283129122,0.0056145231295386495,114.84720055375648,0.00012005163113784084,205.39564428362473,1.4573933843426955e-06,1.1659147074741564e-07,0.00029934225315176026,9.184021348830828e-05,0.005295814537238222
4204.8,1102.2676692295295,897.7323307704704,943.7225399416512,156.2774600583502,0.06821186614592951,0.00562774600583499,115.79244336102516,0.00012005163122881194,204.53533845905906,1.4574161363039975e-06,1.165932909043198e-07,0.0002980931027146323,9.181081327000907e-05,0.005273476450899392
4219.2,1101.8393118109489,898.1606881890509,943.5903536503171,156.40964634968415,0.06821285613200863,0.005640964634968386,116.72978433713516,0.00012005163129704343,203.67862362189794,1.4574358370269717e-06,1.1659486696215774e-07,0.00029684852530288236,9.178122984289452e-05,0.005251233579190051
4233.6,1101.4127432476225,898.587256752377,943.4582100752501,156.54178992475093,0.068213713352458,0.005654178992475065,117.6592894323958,0.00012005163134823523,202.8254864952455,1.4574528957139145e-06,1.1659623165711316e-07,0.00029560859261707905,9.17514892186538e-05,0.005229085544140108
4248.0,1100.9879568080376,899.0120431919622,943.3261094263897,156.67389057361143,0.06821445562656442,0.005667389057361116,118.58102406150893,0.00012005163138677542,201.97591361607533,1.457467666968632e-06,1.1659741335749056e-07,0.00029437336360187925,9.172161393016452e-05,0.005207031963390779
4262.400000000001,1100.5649456806905,899.4350543193092,943.1940518826356,156.80594811736572,0.06821509831914938,0.00568059481173654,119.49505310640602,0.00012005163141554263,201.12989136138128,1.4574804565510727e-06,1.1659843652408582e-07,0.00029314288588745365,9.169162340017103e-05,0.0051850724508703755
4276.8,1100.1437029956505,899.8562970043494,943.0620375976407,156.93796240236065,0.06821565479684542,0.005693796240236035,120.40144091775517,0.00012005163143710943,200.28740599130117,1.4574915304572242e-06,1.1659932243657793e-07,0.0002919171978895689,9.16615345188511e-05,0.00516320661791028
4291.2,1099.7242218346535,900.2757781653463,942.9300667026927,157.06993329730852,0.06821613665613079,0.005706993329730826,121.30025131822309,0.00012005163145325513,199.44844366930715,1.4575011194570026e-06,1.1660008955656021e-07,0.0002906963299219721,9.163136193399814e-05,0.005141434073765191
4305.6,1099.306495238013,900.6935047619868,942.7981393086355,157.20186069136568,0.0682165538749529,0.005720186069136538,122.19154760588927,0.0001200516314653154,198.6129904760262,1.4575094221115628e-06,1.1660075376892503e-07,0.0002894803049725623,9.16011182448361e-05,0.005119754425967868
4320.0,1098.890516221271,901.1094837787294,942.6662555104475,157.33374448955368,0.06821691517407599,0.005733374448955341,123.07539255656901,0.0001200516314743782,197.78103244254146,1.4575166119641126e-06,1.1660132895712902e-07,0.00028826914031641725,9.157081445827539e-05,0.005098167281189146
4334.400000000001,1098.4762777747126,901.5237222252877,942.5344153872076,157.4655846127937,0.06821722801482834,0.00574655846127934,123.95184842814425,0.00012005163148115771,196.95255554942491,1.4575228374950842e-06,1.1660182699960673e-07,0.000287062847616306,9.154045998874174e-05,0.005076672245208509
4348.8,1098.0637728777067,901.9362271222932,942.4026190060439,157.59738099395724,0.06821749891074745,0.005759738099395699,124.82097696314528,0.00012005163148625023,196.1275457554135,1.4575282283238744e-06,1.1660225826590995e-07,0.0002858614342903975,9.151006305112425e-05,0.005055268923653699
4363.2,1097.6529944999309,902.3470055000691,942.270866422589,157.7291335774121,0.06821773346406647,0.005772913357741184,125.6828393927998,0.0001200516314900622,195.3059889998617,1.4575328959349228e-06,1.1660263167479383e-07,0.0002846649037404026,9.147963070845067e-05,0.005033956922059791
4377.6,1097.2439356105324,902.7560643894677,942.1391576835326,157.86084231646853,0.06821793656735371,0.005786084231646825,126.53749644023011,0.00012005163149292374,194.48787122106467,1.4575369376903391e-06,1.1660295501522714e-07,0.0002834732562374636,9.14491691261639e-05,0.005012735846339927
4392.0,1096.8365891790427,903.1634108209576,942.0074928269335,157.9925071730675,0.0682181124283087,0.005799250717306723,127.38500832448453,0.00012005163149506747,193.67317835808512,1.4575404373233435e-06,1.1660323498586747e-07,0.0002822864890818453,9.141868360463926e-05,0.0049916053028279984
4406.400000000001,1096.4309481814896,903.5690518185105,941.8758718839658,158.12412811603522,0.06821826470783506,0.005812412811603497,128.2254347640532,0.00012005163149667518,192.8618963629791,1.4575434676859178e-06,1.1660347741487343e-07,0.0002811045972093787,9.138817875331156e-05,0.004970564898591062
4420.8,1096.0270056017678,903.9729943982326,941.7442948793558,158.2557051206451,0.06821839655481156,0.005825570512064484,129.05883498077614,0.00012005163149787432,192.0540112035352,1.4575460914407502e-06,1.1660368731526002e-07,0.0002799275733752308,9.135765853529875e-05,0.0049496142414956635
4435.2,1095.624754436346,904.3752455636544,941.61276183274,158.38723816726096,0.06821851071342327,0.005838723816726073,129.8852677035013,0.0001200516314987674,191.24950887269154,1.4575483631971234e-06,1.1660386905576987e-07,0.0002787554086196453,9.132712640262631e-05,0.0049287529404473
4449.6,1095.224187696964,904.775812303036,941.481272759464,158.5187272405371,0.06821860958652043,0.005851872724053683,130.70479117186184,0.00012005163149944541,190.44837539392802,1.4575503307717566e-06,1.1660402646174052e-07,0.0002775880925503634,9.129658537624066e-05,0.004907980605525516
4464.0,1094.8252984083686,905.1747015916318,941.3498276700176,158.65017232998346,0.068218695191134,0.005865017232998318,131.51746314042688,0.0001200516314999499,189.65059681673677,1.4575520343035665e-06,1.1660416274428533e-07,0.00027642561319712015,9.126603799116538e-05,0.004887296847861695
4478.400000000001,1094.4280796157386,905.5719203842615,941.2184265721418,158.78157342785946,0.06821876932502012,0.005878157342785917,132.3233408821574,0.00012005163150033014,188.85615923147714,1.4575535095679005e-06,1.1660428076543204e-07,0.00027526795769135373,9.123548650525701e-05,0.004866701280019578
4492.8,1094.032524381981,905.9674756180193,941.0870694701325,158.91293052986848,0.06821883351192966,0.0058912930529868264,133.12248119242622,0.00012005163150061433,188.0650487639616,1.4575547868874003e-06,1.1660438295099203e-07,0.0002741151120721246,9.120493283135299e-05,0.004846193515850138
4507.2,1093.6386257914073,906.3613742085928,940.9557563659176,159.04424363408341,0.06821888908667939,0.005904424363408317,133.9149403927864,0.0001200516315008267,187.27725158281453,1.4575558928249202e-06,1.1660447142599363e-07,0.00027296706163658645,9.117437864399462e-05,0.004825773170677735
4521.6,1093.2463769502717,906.7536230497286,940.8244872592534,159.1755127407478,0.06821893721094419,0.005917551274074758,134.70077433477493,0.00012005163150098717,186.4927539005431,1.4575568504977896e-06,1.1660454803982317e-07,0.00027182379101593497,9.11438253995216e-05,0.0048054398613232244
4536.0,1092.8557709866018,907.1442290133987,940.6932621477281,159.30673785227305,0.06821897887363056,0.005930673785227284,135.48003840373815,0.0001200516315011064,185.7115419732031,1.4575576795852482e-06,1.1660461436681987e-07,0.00027068528419066037,9.111327433690125e-05,0.004785193206090718
4550.400000000001,1092.4668010529967,907.5331989470038,940.562081027592,159.43791897240908,0.06821901495653344,0.005943791897240887,136.25278752264344,0.00012005163150119654,184.93360210599292,1.4575583976350155e-06,1.1660467181080125e-07,0.0002695515247544826,9.108272655993173e-05,0.0047650328249080245
4564.8,1092.079460324899,907.9205396751014,940.430943893302,159.56905610669904,0.06821904619834114,0.00595690561066988,137.0190761557977,0.00012005163150126382,184.15892064979755,1.4575590193469887e-06,1.1660472154775909e-07,0.00026842249578631883,9.105218299261436e-05,0.004744958339232553
4579.2,1091.6937420029083,908.3062579970921,940.2998507382268,159.7001492617742,0.06821907325056882,0.005970014926177396,137.77895831270624,0.00012005163150131425,183.3874840058162,1.4575595576863198e-06,1.1660476461490559e-07,0.0002672981800727245,9.102164444912733e-05,0.004724969372166796
4593.6,1091.3096393125113,908.6903606874889,940.1688015546132,159.83119844538777,0.06821909667495282,0.005983119844538754,138.53248755170145,0.00012005163150135221,182.6192786250224,1.4575600238315612e-06,1.166048019065249e-07,0.00026617856010479013,9.099111163076368e-05,0.004705065548439914
4608.0,1090.927145504428,909.0728544955724,940.0377963337257,159.9622036662754,0.0682191169545516,0.005996220366627515,139.2797169836763,0.00012005163150138045,181.8542910088555,1.457560427395577e-06,1.1660483419164617e-07,0.0002650636181265871,9.096058513993815e-05,0.004685246494421288
4622.400000000001,1090.5462538554002,909.4537461446002,939.9068350661148,160.09316493388624,0.06821913451507115,0.006009316493388599,140.02069927631078,0.00012005163150140165,181.09250771079996,1.457560776849916e-06,1.1660486214799329e-07,0.00026395333622065303,9.093006550688922e-05,0.004665511838157099
4636.8,1090.1669576675577,909.8330423324426,939.7759177414836,160.22408225851763,0.06821914971425697,0.0060224082258517365,140.7554866583845,0.0001200516315014168,180.33391533511508,1.4575610793137137e-06,1.1660488634509709e-07,0.0002628476962727182,9.089955317660307e-05,0.004645861209333167
4651.2,1089.789250269962,910.2107497300382,939.6450443491289,160.35495565087223,0.06821916287699159,0.006035495565087199,141.48413091973256,0.00012005163150142787,179.57850053992377,1.457561341252133e-06,1.1660490730017065e-07,0.00026174668010701816,9.086904855260196e-05,0.004626294239350729
4665.6,1089.413125018083,910.5868749819176,939.5142148778335,160.48578512216744,0.06821917428665283,0.00604857851221672,142.20668341535554,0.00012005163150143679,178.82625003616545,1.4575615683043916e-06,1.1660492546435133e-07,0.0002606502694567066,9.083855198627011e-05,0.004606810561295127
4680.0,1089.03857529292,910.9614247070808,939.3834293157852,160.61657068421593,0.06821918417877114,0.006061657068421568,142.92319508268804,0.0001200516315014437,178.07715058583926,1.457561765157546e-06,1.1660494121260368e-07,0.000259558445942122,9.080806376905818e-05,0.004587409809886192
4694.400000000001,1088.6655945019975,911.3344054980032,939.252687650657,160.74731234934404,0.06821919274743633,0.006074731234934381,143.63371642103715,0.00012005163150144897,177.33118900399427,1.4575619356739832e-06,1.1660495485391866e-07,0.00025847119110003085,9.077758414054259e-05,0.004568091621525719
4708.8,1088.2941760792842,911.7058239207163,939.1219898696684,160.87801013033288,0.06821920015002166,0.006087801013033264,144.33829749956385,0.00012005163150145283,176.5883521585679,1.457562082985431e-06,1.1660496663883449e-07,0.00025738848640320704,9.0747113294379e-05,0.0045488556342892636
4723.2,1087.9243134860471,912.0756865139535,938.9913359602166,161.00866403978446,0.06821920655774137,0.006100866403978424,145.03698799381573,0.00012005163150145578,175.8486269720936,1.4575622104990533e-06,1.1660497683992427e-07,0.0002563103134426682,9.07166514411444e-05,0.004529701487966368
4737.6,1087.5560002099385,912.4439997900622,938.8607259092463,161.1392740907549,0.06821921210516173,0.006113927409075463,145.72983715093537,0.00012005163150145804,175.11200041987627,1.4575623208927184e-06,1.1660498567141748e-07,0.00025523665374816156,9.068619874564919e-05,0.004510628824009389
4752.0,1087.1892297650588,912.8107702349412,938.7301597033074,161.26984029669364,0.06821921689501277,0.006126984029669339,146.41689379366525,0.00012005163150145968,174.37845953011765,1.4575624162107544e-06,1.1660499329686036e-07,0.0002541674888078275,9.065575533298311e-05,0.004491637285532875
4766.400000000001,1086.823995692299,913.1760043077015,938.5996373290689,161.40036267093222,0.06821922103903423,0.006140036267093198,147.09820636004116,0.0001200516315014609,173.6479913845974,1.4575624986767814e-06,1.1660499989414251e-07,0.000253102800212738,9.062532133923965e-05,0.004472726517327347
4780.8,1086.4602915591588,913.5397084408417,938.4691587729783,161.5308412270229,0.06821922463092002,0.006153084122702263,147.77382287571294,0.00012005163150146186,172.92058311831715,1.4575625701553084e-06,1.1660500561242467e-07,0.00025204256956268896,9.059489687795391e-05,0.004453896165846331
4795.2,1086.0981109597046,913.9018890402955,938.3387240212019,161.66127597879938,0.06821922774146671,0.0061661275978799135,148.4437909494105,0.00012005163150146255,172.19622191940914,1.4575626320551878e-06,1.1660501056441503e-07,0.0002509867784508132,9.056448203412725e-05,0.0044351458792002245
4809.6,1085.7374475141164,914.2625524858839,938.2083330598722,161.79166694012898,0.06821923043833049,0.006179166694012871,149.10815781111884,0.00012005163150146305,171.47489502823248,1.457562685722777e-06,1.1660501485782215e-07,0.0002499354085313818,9.05340768887534e-05,0.0044164753071292365
4824.0,1085.3782948689459,914.621705131054,938.077985874999,161.9220141250022,0.06821923277886997,0.0061922014125001925,149.7669702952517,0.00012005163150146346,170.7565897378919,1.4575627322995127e-06,1.1660501858396102e-07,0.00024888844149650863,9.05036815099607e-05,0.004397884101013179
4838.400000000001,1085.0206466973284,914.9793533026717,937.9476824523967,162.0523175476045,0.06821923480446708,0.006205231754760423,150.42027482728446,0.00012005163150146377,170.0412933946567,1.457562772608895e-06,1.166050218087116e-07,0.0002478458590583184,9.047329594600155e-05,0.004379371913878696
4852.8,1084.6644966984586,915.3355033015418,937.8174227778909,162.18257722211035,0.06821923655697189,0.0062182577222110085,151.0681174585142,0.00012005163150146399,169.32899339691676,1.4575628074837406e-06,1.1660502459869926e-07,0.00024680764300400576,9.044292024564009e-05,0.004360938400368708
4867.2,1084.3098385976562,915.6901614023441,937.6872068372915,162.31279316270982,0.06821923807657926,0.006231279316270955,151.71054386171008,0.00012005163150146415,168.61967719531208,1.4575628377239273e-06,1.1660502701791419e-07,0.00024577377518889167,9.041255445552396e-05,0.0043425832167422705
4881.6,1083.9566661466959,916.0433338533044,937.5570346162573,162.44296538374405,0.0682192393909865,0.006244296538374378,152.34759930890664,0.00012005163150146429,167.91333229339148,1.4575628638806312e-06,1.166050291104505e-07,0.0002447442375012958,9.038219860677696e-05,0.004324306020888147
4896.0,1083.604973123206,916.3950268767945,937.4269061004356,162.57309389956566,0.06821924052656939,0.00625730938995654,152.97932870163183,0.00012005163150146437,167.2099462464115,1.4575628864787308e-06,1.1660503091829847e-07,0.00024371901189887296,9.035185272884388e-05,0.004306106472290314
4910.400000000001,1083.254753330469,916.7452466695316,937.2968212754964,162.70317872450485,0.06821924151110668,0.006270317872450461,153.605776579768,0.00012005163150146444,166.5095066609373,1.457562906071023e-06,1.1660503248568184e-07,0.0002426980804171681,9.0321516852861e-05,0.004287984232014279
4924.8,1082.9060005981175,917.0939994018828,937.1667801270132,162.83321987298797,0.06821924236427288,0.00628332198729877,154.22698709062968,0.00012005163150146449,165.81200119623475,1.4575629230490302e-06,1.1660503384392242e-07,0.0002416814251401932,9.029119099990557e-05,0.004269938962739758
4939.2,1082.5587087814392,917.4412912185612,937.0367826405326,162.96321735946879,0.06821924310313722,0.006296321735946851,154.84300401534807,0.00012005163150146452,165.11741756287802,1.4575629377524307e-06,1.1660503502019447e-07,0.00024066902821704328,9.026087518780524e-05,0.004251970328721374
4953.6,1082.2128717608052,917.7871282391953,936.9068288016019,163.09317119839938,0.06821924374449052,0.006309317119839911,155.45387078790444,0.00012005163150146456,164.4257435216099,1.4575629505153614e-06,1.1660503604122892e-07,0.00023966087186803978,9.02305694340166e-05,0.004234077995755922
4968.0,1081.8684834427465,918.1315165572539,936.7769185957162,163.22308140428513,0.06821924430046095,0.006322308140428486,156.05963045916192,0.00012005163150146458,163.73696688549262,1.4575629615791732e-06,1.1660503692633386e-07,0.00023865693837360962,9.020027375021406e-05,0.004216261631234837
4982.400000000001,1081.5255377592957,918.474462240705,936.6470520083502,163.35294799165106,0.06821924478119613,0.00633529479916508,156.6603257186895,0.0001200516315014646,163.05107551859078,1.4575629711458034e-06,1.1660503769166428e-07,0.00023765721008139594,9.016998814560897e-05,0.0041985209041069255
4996.8,1081.1840286671932,918.8159713328073,936.5172290249996,163.48277097500176,0.06821924519809236,0.006348277097500144,157.25599892076806,0.00012005163150146461,162.36805733438587,1.457562979442038e-06,1.1660503835536305e-07,0.00023666166941452312,9.013971263093728e-05,0.0041808554848342784
5011.2,1080.8439501490168,919.1560498509835,936.3874496311229,163.61255036887835,0.06821924555919874,0.006361255036887804,157.84669204738915,0.00012005163150146463,161.68790029803324,1.457562986628055e-06,1.166050389302444e-07,0.00023567029886002052,9.010944721278971e-05,0.004163265045447542
5025.6,1080.5052962126724,919.4947037873278,936.2577138121646,163.74228618783656,0.06821924587101001,0.006374228618783629,158.43244672455404,0.00012005163150146463,161.0105924253446,1.4575629928330995e-06,1.1660503942664797e-07,0.00023468308097331566,9.00791918958286e-05,0.004145749259516578
5040.0,1080.1680608904114,919.8319391095889,936.1280215535878,163.87197844641346,0.06821924614112142,0.00638719784464132,159.01330425259832,0.00012005163150146464,160.3361217808225,1.4575629982083164e-06,1.1660503985666531e-07,0.0002336999983839494,9.004894668606271e-05,0.004128307802096617
5054.400000000001,1079.8322382399574,920.1677617600427,935.9983728408366,164.00162715916466,0.06821924637524361,0.006400162715916439,159.58930557147113,0.00012005163150146464,159.6644764799147,1.4575630028673478e-06,1.1660504022938783e-07,0.0002327210337893075,9.001871158716784e-05,0.004110940349783621
5068.8,1079.4978223441735,920.5021776558268,935.8687676593457,164.1312323406556,0.06821924657789152,0.006413123234065534,160.16049127080063,0.00012005163150146464,158.99564468834672,1.4575630069000416e-06,1.1660504055200333e-07,0.00023174616995595728,8.998848660133895e-05,0.0040936465806940955
5083.2,1079.16480730994,920.8351926900604,935.7392059945553,164.26079400544603,0.06821924675365128,0.0064260794005445735,160.72690162226743,0.00012005163150146464,158.32961461987964,1.4575630103976605e-06,1.1660504083181284e-07,0.0002307753897204532,8.995827173085221e-05,0.004076426174404206
5097.6,1078.8331872691892,921.1668127308111,935.6096878318984,164.3903121681028,0.06821924690612617,0.006439031216810256,161.28857654988192,0.00012005163150146464,157.66637453837814,1.4575630134319108e-06,1.1660504107455287e-07,0.00022980867598904273,8.99280669767679e-05,0.004059278812000438
5112.0,1078.5029563787878,921.4970436212124,935.4802131568024,164.5197868431989,0.06821924703805042,0.006451978684319863,161.84555563332125,0.00012005163150146464,157.0059127575754,1.4575630160572034e-06,1.1660504128457628e-07,0.00022884601173774576,8.989787233907227e-05,0.004042204176070688
5126.400000000001,1078.1741088193885,921.8258911806116,935.3507819547017,164.64921804529956,0.06821924715236465,0.006464921804529934,162.39787814042845,0.00012005163150146464,156.34821763877687,1.4575630183320565e-06,1.1660504146656452e-07,0.0002278873800124129,8.986768781800196e-05,0.0040252019506421145
5140.8,1077.846638796229,922.1533612037714,935.2213942110293,164.77860578897202,0.06821924725147663,0.0064778605788971735,162.9455830046703,0.00012005163150146464,155.69327759245755,1.457563020304385e-06,1.166050416243508e-07,0.00022693276392875145,8.983751341313488e-05,0.004008271821219729
5155.2,1077.52054053926,922.4794594607403,935.0920499112148,164.90795008878644,0.06821924733713519,0.0064907950088786154,163.48870882144317,0.00012005163150146464,155.04108107851982,1.4575630220089906e-06,1.1660504176071925e-07,0.0002259821466723483,8.980734912323622e-05,0.003991413474790317
5169.6,1077.1958083020288,922.8041916979713,934.9627490406946,165.0372509593066,0.06821924741123139,0.006503725095930632,164.02729387909858,0.00012005163150146464,154.3916166040575,1.457563023483505e-06,1.1660504187868041e-07,0.00022503551149791618,8.977719494724412e-05,0.003974626599762015
5184.0,1076.8724363621725,923.1275636378278,934.8334915849076,165.16650841509355,0.06821924747546461,0.006516650841509331,164.56137614527375,0.00012005163150146464,153.74487272434465,1.457563024761746e-06,1.1660504198093968e-07,0.00022409284172970545,8.974705088385936e-05,0.003957910885987188
5198.400000000001,1076.5504190218107,923.4495809781891,934.7042775292919,165.29572247070936,0.0682192475310762,0.006529572247070908,165.09099325603268,0.00012005163150146464,153.1008380436216,1.4575630258684166e-06,1.1660504206947332e-07,0.00022315412076185149,8.971691693121869e-05,0.003941266024780195
5212.8,1076.2297506065047,923.7702493934954,934.5751068592893,165.42489314071176,0.06821924757924276,0.006542489314071149,165.61618254410575,0.00012005163150146464,152.45950121300928,1.4575630268269313e-06,1.1660504214615451e-07,0.000222219332056558,8.96867930873785e-05,0.003924691708860876
5227.2,1075.9104254653855,924.0895745346144,934.4459795603461,165.55402043965495,0.06821924762103891,0.0065554020439654685,166.13698103535634,0.00012005163150146464,151.82085093077114,1.4575630276586745e-06,1.1660504221269395e-07,0.00022128845914437108,8.965667935026914e-05,0.00390818763235883
5241.6,1075.5924379718274,924.4075620281728,934.3168956179092,165.6831043820919,0.06821924765724573,0.006568310438209163,166.65342543073893,0.00012005163150146464,151.18487594365456,1.45756302837919e-06,1.166050422703352e-07,0.0002203614856255653,8.962657571746047e-05,0.0038917534908455495
5256.0,1075.275782522524,924.7242174774765,934.1878550174298,165.81214498257143,0.06821924768858191,0.006581214498257113,167.1655521308437,0.00012005163150146464,150.55156504504748,1.4575630290027802e-06,1.1660504232022242e-07,0.0002194383951681685,8.959648218644561e-05,0.0038753889812843134
5270.400000000001,1074.9604535372177,925.0395464627824,934.0588577443639,165.94114225563737,0.06821924771576679,0.006594114225563709,167.67339724308962,0.00012005163150146464,149.92090707443538,1.4575630295437594e-06,1.1660504236350076e-07,0.00021851917150736246,8.956639875471838e-05,0.0038590938020137615
5284.8,1074.6464454596487,925.3535545403516,933.9299037841697,166.07009621583157,0.06821924773930005,0.006607009621583127,168.17699655662346,0.00012005163150146464,149.29289091929707,1.4575630300120712e-06,1.166050424009657e-07,0.00021760379844759227,8.953632541950344e-05,0.0038428676527944234
5299.2,1074.3337527563183,925.666247243682,933.8009931223102,166.1990068776912,0.0682192477596463,0.006619900687769092,168.6763855744558,0.00012005163150146464,148.66750551263624,1.4575630304169615e-06,1.1660504243335692e-07,0.0002166922598595284,8.950626217798285e-05,0.0038267102347426005
5313.6,1074.0223699159264,925.9776300840739,933.6721257442529,166.3278742557484,0.06821924777730129,0.006632787425574814,169.17159952809615,0.00012005163150146464,148.04473983185255,1.457563030768296e-06,1.1660504246146368e-07,0.00021578453967861886,8.947620902737714e-05,0.003810621250298851
5328.0,1073.7122914516012,926.2877085483991,933.5433016354682,166.45669836453294,0.06821924779254716,0.006645669836453268,169.66267331989454,0.00012005163150146464,147.42458290320212,1.4575630310716887e-06,1.166050424857351e-07,0.00021488062191087073,8.944616596464563e-05,0.0037946004033409223
5342.400000000001,1073.4035118996906,926.5964881003098,933.4145207814307,166.58547921857053,0.06821924780560101,0.006658547921857021,170.1496415543591,0.00012005163150146464,146.80702379938077,1.4575630313314602e-06,1.1660504250651682e-07,0.00021398049062977526,8.941613298666886e-05,0.003778647399119002
5356.8,1073.0960258196137,926.9039741803869,933.2857831676189,166.7142168323823,0.06821924781664365,0.0066714216832382016,170.63253854207312,0.00012005163150146464,146.19205163922686,1.4575630315512089e-06,1.1660504252409671e-07,0.0002130841299759624,8.938611009028369e-05,0.003762761944245823
5371.2,1072.789827793743,927.2101722062575,933.1570887795164,166.8429112204849,0.06821924782584453,0.00668429112204846,171.1113983027917,0.00012005163150146464,145.57965558748538,1.4575630317343065e-06,1.1660504253874452e-07,0.00021219152415693135,8.935609727231388e-05,0.0037469437466882975
5385.6,1072.4849124272869,927.5150875727134,933.0284376026116,166.97156239738973,0.06821924783338715,0.0066971562397389415,171.5862545685388,0.00012005163150146464,144.96982485457352,1.4575630318844045e-06,1.1660504255075236e-07,0.00021130265744678328,8.932609452960127e-05,0.0037311925157593046
5400.0,1072.181274348173,927.8187256518273,932.8998296223984,167.10017037760286,0.06821924783949387,0.006710017037760257,172.05714078670368,0.00012005163150146464,144.3625486963457,1.4575630320059284e-06,1.1660504256047427e-07,0.00021041751418594912,8.929610185903608e-05,0.0037155079621094145
5414.400000000001,1071.8982071850473,928.1017928149531,932.7794855189495,167.22051448105202,0.05907050089806283,0.006722051448105177,172.52417456272795,0.00012587414113881574,143.79641437009423,1.2755029678714505e-06,1.0204023742971605e-07,0.00018341275329832808,7.811781917115616e-05,0.0037008866303591915
5428.8,1071.651230948136,928.3487690518648,932.6741286233811,167.32587137662043,0.05114871175393349,0.006732587137662011,172.98778396133577,0.00013023963627617773,143.3024618962711,1.1178593639032768e-06,8.942874911226215e-08,0.00016019199890113917,6.844413728082763e-05,0.003688130000089193
5443.2,1071.435302336431,928.5646976635694,932.5817421422176,167.41825785778386,0.04428933183212743,0.006741825785778357,173.44841294896344,0.00013351271302074528,142.87060467286165,9.813577034593358e-07,7.850861627674687e-08,0.00014020716849360616,6.0071926376665246e-05,0.003676977390209952
5457.6,1071.2461050680972,928.7538949319031,932.5005814221371,167.49941857786442,0.03834987866496349,0.0067499418577864154,173.90644134266716,0.0001359667413100545,142.4922101361941,8.631625854327736e-07,6.905300683462189e-08,0.00012299394450518737,5.2825630526379253e-05,0.0036672057257605643
5472.0,1071.079939676368,928.9200603236325,932.4291370662247,167.57086293377674,0.03320697909362844,0.0067570862933776475,174.3621945702587,0.00013780667487079158,142.15987935273552,7.608188839632061e-07,6.086551071705649e-08,0.00010815792075349226,4.655348948123784e-05,0.0036586238305663355
5486.400000000001,1070.9336311847526,929.0663688152482,932.3661030486044,167.63389695139702,0.028753804845383833,0.006763389695139674,174.81595183736732,0.00013918619355252204,141.86726236950437,6.722007164231383e-07,5.3776057313851065e-08,9.536327540177017e-05,4.112428294483119e-05,0.0036510676475591188
5500.8,1070.8044517640665,929.1955482359343,932.3103492330027,167.68965076699885,0.024897855922376626,0.006768965076699856,175.26795296350656,0.00014022050263329453,141.60890352813215,5.954673328552949e-07,4.76373866284236e-08,8.432347609245962e-05,3.6424531836920324e-05,0.003644396235937874
5515.2,1070.6900553708222,929.3099446291783,932.2608975823205,167.7391024176811,0.021559037093125285,0.006773910241768084,175.71840415396335,0.00014099598673263369,141.38011074164388,5.290248381531931e-07,4.2321987052255454e-08,7.479359020317867e-05,3.2356081516124966e-05,0.0036384883893626173
5529.6,1070.588422602227,929.4115773977737,932.2169016336194,167.78309836638203,0.018667994766760815,0.006778309836638176,176.16748286682085,0.00014157741500627443,141.17684520445323,4.7149309585854026e-07,3.771944766868322e-08,6.656390780898957e-05,2.8834020838511047e-05,0.0036332397834313865
5544.0,1070.4978139281757,929.502186071825,932.1776287546345,167.82237124536692,0.0161646765925702,0.006782237124536666,176.61534193806304,0.00014201334816831617,140.99562785635067,4.2167706419214703e-07,3.3734165135371766e-08,5.945462241839446e-05,2.5784886478907244e-05,0.003628560556991719
5558.400000000001,1070.416729930164,929.5832700698367,932.1424448019612,167.85755519804,0.013997084019902344,0.0067857555198039725,177.06211308697902,0.00014234019484081524,140.83345986032725,3.7854197199605664e-07,3.028335775968453e-08,5.331137561855577e-05,2.3145112742196543e-05,0.0036243732562082636
5572.8,1070.3438774309348,929.6561225690658,932.1108008559623,167.88919914403894,0.01212019219932315,0.006788919914403867,177.50790990097732,0.00014258525177973088,140.68775486186894,3.411918247665307e-07,2.729534598132246e-08,4.8001511803627416e-05,2.085969302512736e-05,0.0036206110835073813
5587.2,1070.2781405740895,929.721859425911,932.0822217465753,167.91777825342604,0.010495014575725025,0.0067917778253425735,177.95283038311013,0.0001427689860619845,140.55628114817853,3.0885079005692805e-07,2.4708063204554244e-08,4.341091848007864e-05,1.8881023368501752e-05,0.003617216402641466
5601.6,1070.2185561043536,929.7814438956469,932.0562961316813,167.94370386832009,0.009087793184538819,0.006794370386831979,178.3969591288057,0.00014290674303708582,140.4371122087067,2.808470843723225e-07,2.2467766749785797e-08,3.944135350148397e-05,1.716790349354738e-05,0.0036141394610492874
5616.0,1070.1642921913417,929.8357078086589,932.0326679125545,167.9673320874468,0.007869297425313813,0.00679673320874465,178.8403691899164,0.0001430100279527294,140.32858438268283,2.565990187637449e-07,2.052792150109959e-08,3.600817705710179e-05,1.5684673235529107e-05,0.0036113372954813187
5630.400000000001,1070.1146302679922,929.8853697320084,932.0110288066093,167.98897119339205,0.00681421688347647,0.006798897119339178,179.28312367288768,0.00014308746700206676,140.22926053598383,2.3560291598118177e-07,1.8848233278494543e-08,3.303842268816265e-05,1.4400465971809315e-05,0.0036087727935104753
5644.8,1070.0689494395199,929.9310505604808,931.9911119219526,168.00888807804859,0.0059006356818881965,0.006800888807804833,179.725277110294,0.00014314552714310959,140.13789887903908,2.174226500695751e-07,1.739381200556601e-08,3.0469153349462817e-05,1.3288563177135115e-05,0.0036064138879398602
5659.2,1070.0267130665588,929.973286933442,931.9726861916187,168.02731380838253,0.005109576891054377,0.006802731380838224,180.1668766407661,0.0001431890583267132,140.0534261331169,2.016805801319821e-07,1.6134446410558568e-08,2.8246056231998716e-05,1.2325835671311533e-05,0.0036042328636021097
5673.6,1069.9874572458425,930.0125427541583,931.9555515654417,168.04444843455974,0.004424608738813663,0.006804444843455947,180.60796302168976,0.00014322169650061637,139.97491449168422,1.880497139023919e-07,1.5043977112191352e-08,2.6322242623672987e-05,1.1492261151249835e-05,0.003602205762234852
5688.0,1069.950780877447,930.0492191225535,931.9395348434016,168.06046515659955,0.0038315032046923035,0.006806046515659931,181.04857150223822,0.00014324616741078766,139.90156175489346,1.7624691377337685e-07,1.4099753101870147e-08,2.4657218491375465e-05,1.077050628227017e-05,0.003600311869351854
5702.400000000001,1069.916337105381,930.0836628946198,931.9244860690128,168.0755139309885,0.0033179403848891094,0.0068075513930988246,181.48873257542678,0.00014326451475878382,139.83267421076118,1.6602701365929329e-07,1.3282161092743463e-08,2.3216001311205555e-05,1.014556509846375e-05,0.0035985332720831543
5716.8,1069.8838259420543,930.1161740579465,931.9102754091028,168.0897245908986,0.00287325263630258,0.006808972459089832,181.9284726259866,0.00014327827089449091,139.76765188410775,1.5717772746242133e-07,1.2574218196993707e-08,2.1968361895902867e-05,9.60444626933602e-06,0.003596854478187905
5731.2,1069.8529879040568,930.147012095944,931.8967904520171,168.1032095479842,0.00248820296228581,0.006810320954798393,182.36781448923088,0.00014328858470997902,139.70597580811284,1.4951523894948763e-07,1.1961219115959011e-08,2.088817235562133e-05,9.135902380556103e-06,0.0035952620873192045
5745.6,1069.823598521341,930.1764014786596,931.8839338695337,168.11606613046766,0.0021547931802753132,0.006811606613046738,182.8067779330912,0.0001432963175389177,139.64719704268134,1.4288038428747873e-07,1.1430430742998298e-08,1.9952845178127572e-05,8.730195715918879e-06,0.003593744507412775
5760.0,1069.7954635937992,930.2045364062017,931.8716213917279,168.1283786082735,0.0018660977275749752,0.006812837860827324,183.24538007442072,0.00014330211533363302,139.59092718759757,1.37135344778742e-07,1.097082758229936e-08,1.9142849927855462e-05,8.378895433723478e-06,0.0035922917096870167
5774.400000000001,1069.7684150983291,930.2315849016718,931.8597800552187,168.14021994478253,0.0016161198709024067,0.006814021994478223,183.68363573810115,0.00014330646229181851,139.53683019665732,1.321607854309579e-07,1.0572862834476632e-08,1.8441297075336436e-05,8.074702153054472e-06,0.0035908950172465065
5788.8,1069.7423076496489,930.2576923503517,931.8483466854594,168.15165331454202,0.0013996671056739419,0.006815165331454171,184.12155776748585,0.00014330972148108944,139.48461529929716,1.2785337540291143e-07,1.0228270032232915e-08,1.7833578882791722e-05,7.811296002521124e-06,0.0035895469222901703
5803.2,1069.7170154432556,930.282984556745,931.8372665832752,168.16273341672635,0.001212243305660028,0.006816273341672607,184.55915729246396,0.0001433121650959612,139.43403088651064,1.2412364178263457e-07,9.929891342610765e-09,1.730705970206605e-05,7.583205135462831e-06,0.0035882409282243562
5817.6,1069.6924296128545,930.3075703871465,931.8264923876742,168.17350761232748,0.001049955333392121,0.006817350761232717,184.99644396112228,0.00014331399722353089,139.38485922570806,1.208941111345032e-07,9.671528890760256e-09,1.6850808661699834e-05,7.385691904770068e-06,0.0035869714131844866
5832.0,1069.6684559455923,930.3315440544085,931.8159830911906,168.1840169088111,0.0009094321667481739,0.006818401690881074,185.43342613997928,0.00014331537088160638,139.33691189118383,1.1809770011828865e-07,9.447816009463092e-09,1.6455368835933435e-05,7.214654315435664e-06,0.0035857335120377046
5846.400000000001,1069.6450129066338,930.354987093367,931.8057031874501,168.19429681255153,0.0007877548774846142,0.00681942968125512,185.87011108706,0.00014331640079713883,139.29002581326688,1.1567632206194382e-07,9.254105764955506e-09,1.6112557885991927e-05,7.066540717919731e-06,0.0035845230143629345
5860.8,1069.6220299308977,930.3779700691026,931.795621933171,168.2043780668306,0.0006823960037814786,0.0068204378066830254,186.30650510152142,0.00014331717298745618,139.2440598617951,1.1357968047525143e-07,9.086374438020114e-09,1.581529582717947e-05,6.938275959363098e-06,0.0035833362762295326
5875.2,1069.599445945784,930.4005540542167,931.7857127092869,168.21428729071485,0.0005911670608798918,0.006821428729071449,186.74261365300833,0.00014331775192461,139.1988918915673,1.1176422451150984e-07,8.941137960920788e-09,1.5557456205122517e-05,6.827197457684391e-06,0.003582170143905913
5889.6,1069.5772080912689,930.4227919087318,931.7759524669559,168.22404753304585,0.0005121730225653403,0.006822404753304552,187.17844149369554,0.00014331818600066658,139.15441618253703,1.1019224314905026e-07,8.815379451924021e-09,1.5333737263250257e-05,6.730999773231834e-06,0.003581021887761758
5904.0,1069.5552706169178,930.4447293830833,931.766321249659,168.23367875034276,0.0004437730509062093,0.006823367875034242,187.61399275481267,0.00014331851145262255,139.1105412338345,1.0883108371303357e-07,8.706486697042685e-09,1.5139550958384852e-05,6.647686794678146e-06,0.003579889145307041
5918.400000000001,1069.53359392362,930.4664060763811,931.7568017777654,168.24319822223637,0.0003845463574081502,0.006824319822223603,188.0492710304832,0.0001433187554602174,139.06718784723887,1.0765247251242218e-07,8.612197800993775e-09,1.4970926617104734e-05,6.57553017756976e-06,0.0035787698717054516
5932.8,1069.5121437358612,930.4878562641397,931.7473790894053,168.25262091059636,0.0003332626892487846,0.006825262091059606,188.4842794501207,0.00014331893840861627,139.02428747172144,1.0663192751605081e-07,8.530554201284064e-09,1.4824427744655211e-05,6.5130334170406e-06,0.003577662297029204
5947.2,1069.490890385784,930.5091096142166,931.738040229644,168.26195977035772,0.0002888567835267204,0.00682619597703574,188.919020741028,0.00014331907557800023,138.9817807715674,1.0574824999218174e-07,8.459859999374538e-09,1.4697080097390306e-05,6.458900753556772e-06,0.003576564889287097
5961.6,1069.469808193843,930.5301918061579,931.7287739814404,168.27122601856132,0.0002504062546156555,0.0068271226018560985,189.35349728253817,0.00014331917842187332,138.93961638768508,1.0498308446685153e-07,8.398646757348124e-09,1.4586309483020292e-05,6.412010259571384e-06,0.0035754763224409864
5976.0,1069.4488749319444,930.5511250680561,931.7195706323108,168.28042936769108,0.00021711241515221492,0.006828042936769076,189.7877111529284,0.00014331925552960538,138.8977498638883,1.0432053706152907e-07,8.345642964922325e-09,1.4489887862438753e-05,6.371390498441415e-06,0.003574395448682082
5990.400000000001,1069.428071359321,930.57192864068,931.7104217724972,168.28957822750462,0.00018828368589435108,0.006828957822750429,190.22166416996856,0.00014331931334195534,138.85614271864097,1.0374684534929758e-07,8.299747627943808e-09,1.4405886764430838e-05,6.336200335335413e-06,0.003573321274463255
6004.8,1069.4073808211344,930.5926191788666,931.7013201203368,168.298679879665,0.00016332124070789892,0.006829867987966464,190.65535792597782,0.00014331935668804674,138.81476164226785,1.0325009269008718e-07,8.260007415206974e-09,1.4332637006316515e-05,6.3057114691765314e-06,0.0035722529397710407
6019.2,1069.3867889007931,930.6132110992075,931.6922593709261,168.3077406290759,0.0001417065660548603,0.006830774062907553,191.08879381818218,0.00014331938918699458,138.7735778015856,1.0281996066449171e-07,8.225596853159337e-09,1.426869381082981e-05,6.279293295113517e-06,0.0035711897001712697
6033.6,1069.3662831189524,930.6337168810485,931.6832340650529,168.31676593494893,0.0001229906862547741,0.006831676593494857,191.5219730749883,0.00014331941355268346,138.73256623790394,1.0244751465647e-07,8.195801172517601e-09,1.421280661298736e-05,6.256399794561327e-06,0.0035701309112655933
6048.0,1069.3458526729578,930.6541473270431,931.674239475697,168.32576052430485,0.00010678483245390194,0.006832576052430447,191.95489677872,0.00014331943182154194,138.69170534591467,1.0212501816583265e-07,8.170001453266612e-09,1.4163892927901844e-05,6.236558182381731e-06,0.0035690760152365924
6062.400000000001,1069.3254882118554,930.6745117881453,931.6652715099776,168.3347284900242,9.275238152182014e-05,0.006833472849002386,192.38756588524635,0.000143319445518961,138.65097642371006,1.0184577239228422e-07,8.147661791382738e-09,1.412101578681714e-05,6.219359099559112e-06,0.003568024529229444
6076.8,1069.305181641061,930.69481835894,931.6563266240015,168.34367337600042,8.060185511279921e-05,0.006834367337600005,192.8199812410166,0.00014331945578858587,138.61036328212094,1.016039769167447e-07,8.128318153339576e-09,1.4083364151338214e-05,6.204448096069525e-06,0.003566976035265239
6091.2,1069.284925953449,930.7150740465515,931.6474017492012,168.35259825080072,7.00808633403332e-05,0.006835259825080033,193.25214359778744,0.0001433194634883087,138.56985190689738,1.0139460918047263e-07,8.11156873443781e-09,1.405023597829583e-05,6.191518263216478e-06,0.003565930171518729
6105.6,1069.264715083249,930.7352849167517,931.6384942285966,168.3615057714052,6.0970864085483105e-05,0.006836150577140487,193.68405362535773,0.00014331946926137202,138.52943016649738,1.012133201953011e-07,8.09706561562409e-09,1.4021023571914303e-05,6.18030385843383e-06,0.003564886624773613
6120.0,1069.2445437796418,930.7554562203585,931.6296017616337,168.37039823836824,5.308262745033779e-05,0.00683703982383679,194.11571192258285,0.00014331947358979584,138.48908755928335,1.0105634428626171e-07,8.084507542900938e-09,1.3995200912281182e-05,6.170574788072401e-06,0.0035638451238954004
6134.400000000001,1069.224407497133,930.7755925028679,931.6207223563268,168.37927764367512,4.625230067387666e-05,0.006837927764367478,194.54711902692486,0.00014331947683503106,138.44881499426504,1.0092042078341014e-07,8.073633662672812e-09,1.397231266618573e-05,6.1621318207790955e-06,0.0035628054341703586
6148.8,1069.204302300741,930.7956976992598,931.6118542878595,168.38814571214246,4.0338003878632976e-05,0.006838814571214208,194.97827542270906,0.00014331947926818182,138.4086046014811,1.0080272627718479e-07,8.064218102174784e-09,1.3951964684050198e-05,6.15480244670527e-06,0.0035617673524097875
6163.2,1069.184224784044,930.8157752159566,931.6029960627848,168.39700393721702,3.5216886305306595e-05,0.006839700393721671,195.40918154825934,0.00014331948109250404,138.3684495680875,1.007008160374756e-07,8.056065282998047e-09,1.39338157853467e-05,6.1484372969388675e-06,0.003560730702717968
6177.6,1069.1641719981342,930.8358280018666,931.5941463879825,168.40585361201923,3.0782573563596775e-05,0.006840585361201888,195.83983780208192,0.0001433194824602948,138.32834399626756,1.0061257321391557e-07,8.049005857113246e-09,1.3917570637884168e-05,6.142907038633988e-06,0.003559695332823603
6192.0,1069.1441413901014,930.8558586098995,931.5853041437737,168.4146958562283,2.6942956696741725e-05,0.006841469585622795,196.27024454821745,0.0001433194834857979,138.28828278020183,1.0053616483826516e-07,8.042893187061213e-09,1.3902973592790995e-05,6.138099685961261e-06,0.0035586611109033046
6206.400000000001,1069.124130749824,930.8758692501767,931.5764683606557,168.42353163934624,2.3618279059944074e-05,0.006842353163934586,196.70040212087028,0.00014331948425469268,138.24826149964724,1.0047000375329288e-07,8.037600300263431e-09,1.3889803351755773e-05,6.133918273338116e-06,0.003557627922833979
6220.8,1069.1041381639543,930.8958618360462,931.5676381991802,168.4323618008216,2.0739481355375805e-05,0.006843236180082128,197.13031082840956,0.00014331948483118446,138.20827632790815,1.0041271567897197e-07,8.033017254317758e-09,1.3877868355395034e-05,6.1302788426865665e-06,0.0035565956698167278
6235.2,1069.0841619760067,930.9158380239934,931.558812932494,168.441187067508,1.8246765844415426e-05,0.006844118706750767,197.55997095683932,0.00014331948526341088,138.16832395201334,1.0036311064030386e-07,8.029048851224309e-09,1.386700278378126e-05,6.1271086973002874e-06,0.0035555642663159907
6245.955896742093,1069.0692508507848,930.9307491492156,931.5522238260572,168.44777617394473,1.6605549564212495e-05,0.00684477761739444,197.8807381022116,0.0001433194855140873,138.13850170156923,1.0033045043632782e-07,8.026436034906226e-09,1.3859498098317878e-05,6.125009037032128e-06,0.0035547943822145226
6245.955896742093,1233.4184118461692,766.5815881538311,931.5522238260572,168.44777617394473,1.6605549564212495e-05,0.00684477761739444,197.8807381022116,0.0001433194855140873,466.83682369233804,1.0033045043632782e-07,8.026436034906226e-09,4.683794880131683e-05,6.125009037032128e-06,0.012219484537714497
6249.6,1233.4013451160185,766.5986548839812,931.5499919308371,168.45000806916477,1.6088321232779054e-05,0.006845000806916438,199.12155911916577,0.00014331948558751927,466.8026902320373,1.003201575925323e-07,8.025612607402584e-09,4.682971944869603e-05,6.124344851188946e-06,0.01221855703032339
6264.0,1233.3339328645095,766.6660671354903,931.5411746510695,168.45882534893218,1.421946227590657e-05,0.006845882534893184,204.02299993670152,0.00014331948583044915,466.66786572901924,1.0028296729929054e-07,8.022637383943243e-09,4.679883831853295e-05,6.121932982538563e-06,0.012214893524940597
6278.400000000001,1233.2665633484178,766.7334366515822,931.5323606192616,168.46763938074005,1.2601196235341045e-05,0.0068467639380739714,208.9216103449062,0.0001433194860125947,466.53312669683555,1.0025076380508329e-07,8.020061104406664e-09,4.6770302291731456e-05,6.11982569094998e-06,0.012211232463774431
6292.8,1233.1992334252282,766.8007665747718,931.5235494272671,168.47645057273462,1.1199942247956631e-05,0.006847645057273422,213.81739288495478,0.00014331948614917396,466.3984668504563,1.0022287885073433e-07,8.017830308058746e-09,4.6743797039321515e-05,6.117982155672168e-06,0.012207573675784891
6307.2,1233.1319403684467,766.8680596315536,931.5147407209731,168.4852592790285,9.986564508734958e-06,0.006848525927902813,218.71034997738192,0.0001433194862516232,466.26388073689316,1.0019873263372382e-07,8.015898610697907e-09,4.671904992271845e-05,6.1163669602120284e-06,0.012203917012560874
6321.6,1233.0646818248717,766.9353181751286,931.5059341947648,168.49406580523691,8.93591697345959e-06,0.006849406580523654,223.60048393252237,0.0001433194863284434,466.12936364974314,1.0017782474777184e-07,8.014225979821747e-09,4.669582570149438e-05,6.114949538559686e-06,0.01220026234599472
6336.0,1232.9974557541993,767.0025442458008,931.4971295836883,168.5028704163134,8.02619877590955e-06,0.006850287041631304,228.48779696822845,0.00014331948638602473,465.99491150839856,1.001597213556406e-07,8.012777708451249e-09,4.6673920489827595e-05,6.1137033915326166e-06,0.012196609564997215
6350.400000000001,1232.9302603848155,767.0697396151847,931.4883266577172,168.5116733422846,7.238482529569224e-06,0.0068511673342284245,233.37229122283927,0.00014331948642919736,465.86052076963074,1.0014404580233842e-07,8.011523664187074e-09,4.665315732945513e-05,6.1126055132588445e-06,0.012192958573092782
6364.8,1232.8630941842237,767.1369058157762,931.4795252179159,168.52047478208559,6.556398839973036e-06,0.006852047478208523,238.25396876383252,0.00014331948646157438,465.7261883684474,1.0013047233691546e-07,8.010437786953237e-09,4.66333832210039e-05,6.111636007509136e-06,0.012189309286810413
6379.2,1232.7959558204254,767.2040441795746,931.4707250914277,168.52927490857397,5.965723843861582e-06,0.006852927490857358,243.1328315991437,0.00014331948648589499,465.59191164085087,1.0011871790449285e-07,8.009497432359429e-09,4.6614465260183907e-05,6.110777586280146e-06,0.012185661633583214
6393.6,1232.7288441556436,767.2711558443565,931.4619261306577,168.53807386934392,5.454312230701046e-06,0.006853807386934357,248.0088816790059,0.0001433194865041093,465.45768831128714,1.0010854081339094e-07,8.008683265071275e-09,4.6596289987217086e-05,6.110015488128894e-06,0.012182015551405665
6408.0,1232.661758207405,767.3382417925947,931.4531282082181,168.54687179178356,5.011681211413311e-06,0.006854687179178322,252.8821209073398,0.00014331948651760923,465.32351641481034,1.0009973245610712e-07,8.00797859648857e-09,4.657875949865749e-05,6.109336972510028e-06,0.012178370986717625
6422.400000000001,1232.5946971046776,767.4053028953225,931.4443312112289,168.5556687887728,4.628541753877287e-06,0.006855566878877245,257.7525511546015,0.0001433194865275449,465.1893942093551,1.0009210798090215e-07,8.007368638472172e-09,4.6561787076773226e-05,6.108730750127559e-06,0.012174727892020032
6436.8,1232.5276600636737,767.4723399363264,931.4355350381841,168.56446496181775,4.296540791832382e-06,0.0068564464961817385,262.6201742648744,0.00014331948653517,465.0553201273473,1.0008550116175746e-07,8.006840092940598e-09,4.65452947828871e-05,6.108186669631946e-06,0.012171086224559636
6451.2,1232.4606464592243,767.5393535407758,931.4267396082164,168.57326039178548,4.009023399896221e-06,0.006857326039178514,267.48499203494487,0.00014331948654092188,464.92129291844856,1.0007977956565793e-07,8.006382365252634e-09,4.6529220510659016e-05,6.10769664327005e-06,0.012167445950205136
6465.6,1232.393655734423,767.606344265577,931.4179448493541,168.58205515064782,3.7600666374057197e-06,0.006858205515064751,272.34700624076663,0.00014331948654523345,464.7873114688459,1.0007482532608437e-07,8.00598602608675e-09,4.651350900902513e-05,6.107253473125296e-06,0.012163807038537793
6480.0,1232.3266874023332,767.6733125976666,931.4091506987442,168.59084930125766,3.5444979548015343e-06,0.0068590849301257365,277.20621863695584,0.0001433194865484662,464.65337480466656,1.0007053550930055e-07,8.005642840744044e-09,4.649811204290672e-05,6.1068508733713205e-06,0.012160169462943555
6494.400000000001,1232.2597410408137,767.7402589591865,931.4003571019788,168.5996428980232,3.357839714658072e-06,0.006859964289802292,282.0626309583017,0.00014331948655088998,464.5194820816272,1.000668210103217e-07,8.005345680825736e-09,4.648298786926953e-05,6.106483402783422e-06,0.012156533200331323
6508.8,1232.1928162835886,767.8071837164117,931.3915640119328,168.60843598806935,3.1962136342236096e-06,0.006860843598806908,286.91624492237503,0.00014331948655270743,464.3856325671769,1.0006360465132104e-07,8.005088372105684e-09,4.646810034295563e-05,6.106146348582231e-06,0.012152898230647425
6523.2,1232.1259128123834,767.8740871876167,931.3827713877405,168.61722861226156,3.0562565460877852e-06,0.00686172286122613,291.7670622318266,0.00014331948655407122,464.25182562476664,1.0006081950526715e-07,8.004865560421373e-09,4.6453418128830534e-05,6.105835624039547e-06,0.01214926453644794
6537.6,1232.0590303530194,767.9409696469808,931.3739791942878,168.62602080571415,2.9350785757845494e-06,0.00686260208057139,296.61508457552884,0.00014331948655509248,464.1180607060386,1.000584080636581e-07,8.004672645092649e-09,4.6438914307838456e-05,6.105547717613282e-06,0.01214563210268616
6552.0,1231.9921686667542,768.0078313332459,931.3651874010837,168.63481259891822,2.830170329787779e-06,0.006863481259891794,301.4603136311023,0.00014331948655585384,463.9843373335083,1.0005632038956278e-07,8.004505631165023e-09,4.642456551198048e-05,6.105279580164543e-06,0.01214200091624196
6566.400000000001,1231.9253275425253,768.0746724574749,931.3563959812508,168.64360401875123,2.7393198140766157e-06,0.0068643604018750965,306.3027510671847,0.00014331948655642619,463.85065508505045,1.0005451246430013e-07,8.004360997144011e-09,4.6410351150780956e-05,6.105028524007445e-06,0.012138370965500207
6580.8,1231.858506800387,768.1414931996128,931.3476049119718,168.65239508803012,2.6606492214203983e-06,0.006865239508802989,311.1423985424213,0.00014331948655685504,463.7170136007742,1.0005294691950626e-07,8.004235753560501e-09,4.639625374747022e-05,6.104792267542123e-06,0.0121347422405372
6595.2,1231.7917062828908,768.2082937171089,931.3388141733682,168.66118582663378,2.5925225668455893e-06,0.006866118582663351,315.9792577079866,0.00014331948655717727,463.58341256578194,1.0005159119908022e-07,8.004127295926418e-09,4.638225808070616e-05,6.104568823042521e-06,0.012131114732652246
6609.6,1231.7249258539177,768.275074146082,931.3300237483465,168.66997625165536,2.5335331222806356e-06,0.00686699762516551,320.81333020792187,0.0001433194865574186,463.4498517078357,1.0005041730913339e-07,8.004033384730672e-09,4.6368351065224946e-05,6.104356481363796e-06,0.01212748843430414
6624.0,1231.6581653943456,768.3418346056544,931.3212336220345,168.67876637796735,2.4824569609267444e-06,0.006867876637796711,325.6446176804003,0.0001433194865575998,463.3163307886912,1.0004940089352244e-07,8.003952071481795e-09,4.635452131959362e-05,6.104153755498138e-06,0.012123863338875664
6638.400000000001,1231.5914248004156,768.4085751995843,931.3124437815665,168.68755621843536,2.438235326058343e-06,0.006868755621843513,330.4731217582021,0.0001433194865577354,463.1828496008312,1.0004852088298856e-07,8.003881670639086e-09,4.634075900093091e-05,6.103959359139738e-06,0.01212023944058476
6652.8,1231.524703980607,768.475296019393,931.3036542156764,168.69634578432536,2.3999411271531464e-06,0.006869634578432518,335.29884406962543,0.00014331948655783728,463.049407961214,1.0004775882843035e-07,8.003820706274429e-09,4.6327055493350995e-05,6.103772165979057e-06,0.012116616734314665
6667.2,1231.4580028559494,768.5419971440506,931.2948649147392,168.70513508526267,2.3667823331822215e-06,0.006870513508526248,340.12178623839765,0.00014331948655791347,462.91600571189883,1.0004709896843033e-07,8.003767917474426e-09,4.63134034375288e-05,6.103591213804654e-06,0.012112995215630818
6681.6,1231.3913213570456,768.6086786429544,931.2860758703816,168.71392412962035,2.338069982611523e-06,0.006871392412962011,344.94194988454296,0.00014331948655797066,462.78264271409125,1.0004652759265396e-07,8.003722207412317e-09,4.629979643369665e-05,6.103415665641726e-06,0.012109374880619054
6696.0,1231.3246594234743,768.6753405765254,931.2772870754043,168.72271292459777,2.3132117223043653e-06,0.006872271292459753,349.7593366245538,0.0001433194865580132,462.64931884694886,1.0004603291327385e-07,8.00368263306191e-09,4.6286228980665575e-05,6.10324480189273e-06,0.012105755725853136
6710.400000000001,1231.2580170013887,768.7419829986115,931.268498523468,168.73150147653382,2.2916860400933542e-06,0.0068731501476533615,354.5739480720951,0.00014331948655804504,462.51603400277713,1.0004560455219785e-07,8.003648364175829e-09,4.627269623689274e-05,6.103077989038243e-06,0.01210213774826424
6724.8,1231.191394043842,768.808605956158,931.2597102091374,168.74028979086455,2.2730457532712173e-06,0.006874028979086434,359.3857858379047,0.00014331948655806913,462.38278808768393,1.000452336104901e-07,8.003618688839207e-09,4.6259194051702074e-05,6.102914683862529e-06,0.012098520945158694
6739.2,1231.1247905097155,768.8752094902845,931.2509221277382,168.74907787226365,2.2569064282433818e-06,0.0068749077872263436,364.19485153010925,0.00014331948655808702,462.24958101943093,1.0004491243792203e-07,8.003592995033762e-09,4.6245718857555115e-05,6.102754419383441e-06,0.012094905314159573
6753.6,1231.0582063620193,768.9417936379808,931.2421342751383,168.75786572486368,2.242928183020223e-06,0.006875786572486344,369.0011467547183,0.00014331948655810057,462.11641272403847,1.000446342708421e-07,8.003570741667368e-09,4.623226750152995e-05,6.102596782750621e-06,0.012091290853114502
6768.0,1230.9916415688485,769.0083584311516,931.2333466478701,168.76665335213173,2.2308259136126168e-06,0.00687666533521315,373.80467311534517,0.00014331948655811066,461.98328313769696,1.0004439343568089e-07,8.003551474854471e-09,4.6218837338935314e-05,6.102441427654519e-06,0.012087677560147513
6782.400000000001,1230.9250961012451,769.0749038987548,931.2245592428534,168.77544075714866,2.2203463297022276e-06,0.006877544075714841,378.6054322138317,0.00014331948655811822,461.85019220249035,1.0004418489196107e-07,8.003534791356886e-09,4.62054260210937e-05,6.102288046439727e-06,0.012084065433542918
6796.8,1230.858569933673,769.141430066327,931.2157720574545,168.7842279425472,2.2112730157317996e-06,0.006878422794254699,383.4034256501077,0.00014331948655812394,461.71713986734596,1.0004400433301306e-07,8.003520346641045e-09,4.6192031541515155e-05,6.10213637624461e-06,0.01208045447177105
6811.2,1230.7920630431788,769.2079369568214,931.20698508938,168.7930149106218,2.2034174263265514e-06,0.006879301491062158,388.1986550224373,0.0001433194865581282,461.5841260863574,1.000438480067839e-07,8.003507840542711e-09,4.617865215252771e-05,6.101986188064989e-06,0.012076844673442753
6825.6,1230.725575408943,769.274424591057,931.1981983366146,168.80180166338707,2.196614043877914e-06,0.0068801801663386855,392.99112192754944,0.0001433194865581314,461.45115081788606,1.0004371261947317e-07,8.003497009557854e-09,4.616528632034976e-05,6.10183728087186e-06,0.01207323603728495
6840.0,1230.6591070126099,769.3408929873904,931.1894117974666,168.81058820253497,2.1907239183767494e-06,0.006881058820253478,397.7808279605412,0.00014331948655813378,461.3182140252195,1.000435954059757e-07,8.003487632478056e-09,4.615193275734636e-05,6.101689485905205e-06,0.012069628562158494
6854.400000000001,1230.5926578372012,769.407342162799,931.1806254704251,168.8193745295766,2.1856229980593136e-06,0.00688193745295764,402.56777471519615,0.00014331948655813557,461.1853156744022,1.0004349389766137e-07,8.00347951181291e-09,4.613859031436309e-05,6.101542652505141e-06,0.012066022246999295
6868.8,1230.5262278675182,769.473772132482,931.1718393542117,168.82816064578992,2.181206414832748e-06,0.006882816064578976,407.3519637838656,0.00014331948655813692,461.0524557350361,1.0004340600765516e-07,8.003472480612412e-09,4.6125258019926676e-05,6.101396653311684e-06,0.012062417090840006
6883.2,1230.459817089574,769.540182910426,931.1630534477077,168.836946552294,2.17738240085158e-06,0.006883694655229381,412.1333967576354,0.00014331948655813795,460.91963417914803,1.0004332990977695e-07,8.003466392782156e-09,4.611193502407821e-05,6.1012513768779015e-06,0.012058813092779308
6897.6,1230.393425490535,769.6065745094653,931.154267749945,168.84573225005673,2.174071622926798e-06,0.006884573225005651,416.9120752263441,0.00014331948655813868,460.78685098106973,1.0004326402529624e-07,8.003461122023699e-09,4.609862059208399e-05,6.101106726860179e-06,0.012055210251978608
6912.0,1230.3270530585853,769.6729469414149,931.1454822600895,168.85451773991235,2.1712057524551927e-06,0.006885451773991217,421.6880007786196,0.0001433194865581392,460.6541061171704,1.0004320699447385e-07,8.003456559557908e-09,4.60853140911344e-05,6.1009626202807356e-06,0.012051608567654807
6926.400000000001,1230.2606997825446,769.7393002174553,931.1366969773898,168.86330302261197,2.168723321162211e-06,0.006886330302261178,426.46117500199426,0.0001433194865581396,460.5213995650894,1.0004315759409113e-07,8.00345260752729e-09,4.6072014952141645e-05,6.100818982496043e-06,0.012048008039059454
6940.8,1230.1943656520268,769.8056343479736,931.1279119011992,168.87208809880246,2.166571435067581e-06,0.006887208809880224,431.23159948285667,0.00014331948655813993,460.3887313040532,1.0004311477155785e-07,8.003449181724627e-09,4.6058722685383296e-05,6.100675749276124e-06,0.012044408665487324
6955.2,1230.1280506574624,769.8719493425376,931.1191270309782,168.8808729690234,2.1647060303849107e-06,0.006888087296902318,435.99927580644777,0.00014331948655814015,460.25610131492476,1.0004307765000466e-07,8.003446212000373e-09,4.604543688273743e-05,6.10053286711393e-06,0.012040810446277807
6969.6,1230.0617547900479,769.9382452099524,931.1103423662875,168.88965763371425,2.163091293741779e-06,0.006888965763371407,440.7642055568739,0.00014331948655814036,460.1235095800955,1.0004304551674546e-07,8.003443641339636e-09,4.603215721224616e-05,6.100390292520457e-06,0.01203721338081189
6984.0,1229.995478041436,770.0045219585645,931.1015579067471,168.89844209325454,2.161696354284811e-06,0.006889844209325436,445.52639031719644,0.00014331948655814047,459.99095608287143,1.0004301775745027e-07,8.003441420596022e-09,4.6018883387665236e-05,6.100247988009054e-06,0.012033617468495567
6998.400000000001,1229.9292204030717,770.0707795969286,931.0927736519507,168.90722634805107,2.1604880868849996e-06,0.006890722634805088,450.2858316696311,0.00014331948655814058,459.8584408061431,1.00042993712929e-07,8.003439497034321e-09,4.600561510240631e-05,6.100105913360751e-06,0.012030022708723711
7012.8,1229.8629818672568,770.1370181327438,931.0839896016032,168.9160103983984,2.1594426093063467e-06,0.006891601039839821,455.0425311952308,0.00014331948655814066,459.725963734513,1.0004297290792519e-07,8.003437832634015e-09,4.599235213496168e-05,6.099964039577145e-06,0.012026429100937808
7027.2,1229.7967624266703,770.2032375733304,931.0752057554599,168.92479424454166,2.1585401173207556e-06,0.0068924794244541445,459.79649047403,0.00014331948655814074,459.5935248533399,1.0004295494833468e-07,8.003436395866774e-09,4.5979094301449016e-05,6.099822342611323e-06,0.012022836644600021
7041.6,1229.7305620737714,770.269437926229,931.0664221132469,168.93357788675488,2.157758418125496e-06,0.006893357788675466,464.5477110852212,0.0001433194865581408,459.46112414754236,1.0004293939252069e-07,8.003435151401655e-09,4.5965841396312e-05,6.099680795520028e-06,0.01201924533916072
7056.0,1229.6643808015401,770.3356191984601,931.0576386747578,168.94236132524395,2.157080931553397e-06,0.0068942361325243775,469.2961946069336,0.00014331948655814082,459.32876160308,1.000429259105379e-07,8.003434072843032e-09,4.595259326563606e-05,6.099539378173316e-06,0.01201565518409868
7070.400000000001,1229.5982186032647,770.4017813967362,931.0488554398271,168.95114456017458,2.1564944023084155e-06,0.006895114456017436,474.0419426162994,0.00014331948655814082,459.19643720652857,1.0004291423860594e-07,8.003433139088476e-09,4.593934978612613e-05,6.099398074477678e-06,0.012012066178909526
7084.8,1229.5320754722266,770.4679245277741,931.0400724082888,168.9599275917129,2.1559855170173685e-06,0.00689599275917127,478.7849566895473,0.00014331948655814085,459.0641509444524,1.0004290411178864e-07,8.003432328943092e-09,4.592611083409552e-05,6.099256868270617e-06,0.012008478323088755
7099.2,1229.465951402,770.5340485980008,931.0312895800145,168.9687104199872,2.1555440978829884e-06,0.0068968710419987,483.52523840191316,0.00014331948655814088,458.93190280399915,1.0004289532754787e-07,8.00343162620383e-09,4.591287631469286e-05,6.099115747195822e-06,0.012004891616147808
7113.6,1229.3998463863923,770.6001536136083,931.0225069549065,168.97749304509506,2.1551624868580408e-06,0.006897749304509487,488.26278932757253,0.0001433194865581409,458.79969277278394,1.0004288773348848e-07,8.003431018679079e-09,4.589964615622663e-05,6.098974701955514e-06,0.012001306057610971
7128.0,1229.3337604191659,770.6662395808348,931.0137245328611,168.98627546714044,2.1548325053959135e-06,0.006898627546714026,492.99761103898317,0.0001433194865581409,458.66752083833103,1.0004288116685737e-07,8.00343049334859e-09,4.588642028232623e-05,6.0988337226212285e-06,0.011997721647000206
7142.400000000001,1229.2676934942124,770.7323065057884,931.0049423137914,168.99505768621026,2.1545473795174773e-06,0.006899505768621003,497.7297051086097,0.0001433194865581409,458.53538698842397,1.000428754928524e-07,8.003430039428191e-09,4.587319862954979e-05,6.098692800969593e-06,0.011994138383844657
7156.8,1229.2016456054712,770.7983543945294,930.9961602976167,169.00383970238494,2.1543008593161844e-06,0.006900383970238474,502.4590731090829,0.0001433194865581409,458.4032912109418,1.0004287058710038e-07,8.00342964696803e-09,4.585998113931714e-05,6.098551929413847e-06,0.011990556267676212
7171.2,1229.1356167469146,770.8643832530863,930.9873784842605,169.01262151574105,2.1540870289489367e-06,0.006901262151574082,507.1857166123049,0.0001433194865581409,458.2712334938283,1.0004286633187608e-07,8.003429306550086e-09,4.584676775616703e-05,6.0984111007732275e-06,0.011986975298028653
7185.6,1229.0696069126896,770.9303930873115,930.9785968736688,169.02140312633273,2.1539018063910144e-06,0.006902140312633251,511.9096371861728,0.0001433194865581409,458.1392138253781,1.0004286264594717e-07,8.003429011675773e-09,4.5833558441454524e-05,6.098270310092488e-06,0.011983395474445421
7200.0,1229.003616096889,770.996383903112,930.9698154657805,169.03018453422106,2.153740542727706e-06,0.006903018453422087,516.6308363998205,0.0001433194865581409,458.0072321937769,1.0004285943680028e-07,8.003428754944023e-09,4.582035315139997e-05,6.098129551729079e-06,0.011979816796467162
