time (s),A left,A right,B left,B right,w,B crossed (mol),exposure integral,gate proxy,imbalance,P A (m/s),P B (m/s),J A (mol/m²/s),J B (mol/m²/s),error (V)
0.0,909.6767352479388,1090.3232647520613,1000.0,100.0,0.0,0.0,0.0,0.0,-180.64652950412244,1.5916621465591204e-06,1.2733297172472964e-07,-0.000287528242918987,0.00011459967455225668,-0.0046539590236803555
14.4,910.0898283874466,1089.9101716125533,999.8350067235752,100.1649932764247,0.0,1.6499327642470557e-05,0.7308907792784447,0.0,-179.82034322510674,1.5916621465591204e-06,1.2733297172472964e-07,-0.00028621323349267117,0.00011455765638385315,-0.004632558371839772
28.8,910.5010322469045,1089.4989677530957,999.6700739422199,100.32992605778011,0.0,3.299260577801331e-05,1.4551113930425854,0.0,-178.9979355061912,1.5916621465591204e-06,1.2733297172472964e-07,-0.00028490423825743526,0.00011451565362148355,-0.004611257187431484
43.2,910.9103554673212,1089.089644532679,999.5052016337531,100.49479836624678,0.0,4.947983662467796e-05,2.172722719942348,0.0,-178.1792890653577,1.5916621465591204e-06,1.2733297172472964e-07,-0.00028360122970614524,0.00011447366625949918,-0.004590054993549512
57.6,911.3178066492158,1088.6821933507845,999.3403897760031,100.65961022399702,0.0,6.596102239970202e-05,2.883785068503667,0.0,-177.36438670156872,1.5916621465591204e-06,1.2733297172472964e-07,-0.00028230418046056076,0.00011443169429225359,-0.004568951315824718
72.0,911.7233943544975,1088.2766056455025,999.1756383468048,100.82436165319523,0.0,8.243616531952441e-05,3.5883582073573663,0.0,-176.55321129100503,1.5916621465591204e-06,1.2733297172472964e-07,-0.000281013063265347,0.00011438973771410217,-0.004547945682321042
86.4,912.1271271058137,1087.8728728941865,999.0109473240024,100.98905267599767,0.0,9.890526759976921e-05,4.286501358167129,0.0,-175.7457457883728,1.5916621465591204e-06,1.2733297172472964e-07,-0.00027972785099015493,0.00011434779651940253,-0.004527037623563156
100.8,912.5290133867817,1087.4709866132184,998.8463166854476,101.15368331455247,0.0,0.00011536833145524735,4.978273201278382,0.0,-174.94197322643674,1.5916621465591204e-06,1.2733297172472964e-07,-0.00027844851662887845,0.00011430587070251428,-0.0045062266725182445
115.2,912.9290616422962,1087.070938357704,998.6817464090004,101.31825359099955,0.0,0.0001318253590999578,5.663731883616167,0.0,-174.14187671540788,1.5916621465591204e-06,1.2733297172472964e-07,-0.0002771750332986798,0.00011426396025779914,-0.004485512364574115
129.6,913.3272802788433,1086.672719721157,998.5172364725291,101.48276352747085,0.0,0.0001482763527470881,6.342935027319697,0.0,-173.3454394423136,1.5916621465591204e-06,1.2733297172472964e-07,-0.00027590737423898685,0.00011422206517962086,-0.004464894237516929
144.0,913.7236776640908,1086.2763223359093,998.3527868539098,101.6472131460901,0.0,0.0001647213146090138,7.01593971850966,0.0,-172.55264467181848,1.5916621465591204e-06,1.2733297172472964e-07,-0.0002746455128127998,0.00011418018546234529,-0.004444371831546594
158.4,914.118262127237,1085.8817378727633,998.1883975310271,101.81160246897296,0.0,0.00018116024689729884,7.682802516887279,0.0,-171.7634757455263,1.5916621465591204e-06,1.2733297172472964e-07,-0.0002733894225055798,0.00011413832110034032,-0.00442394468925289
172.8,914.5110419592548,1085.4889580407453,998.0240684817729,101.97593151822693,0.0,0.00019759315182269597,8.34357946253178,0.0,-170.97791608149043,1.5916621465591204e-06,1.2733297172472964e-07,-0.00027213907692447023,0.00011409647208797588,-0.0044036123555971024
187.20000000000002,914.9020254136257,1085.0979745863747,997.8597996840485,102.14020031595145,0.0,0.00021402003159514841,8.99832609513426,0.0,-170.195949172749,1.5916621465591204e-06,1.2733297172472964e-07,-0.0002708944497959646,0.00011405463841962407,-0.004383374377868465
201.6,915.2912207062136,1084.7087792937864,997.6955911157622,102.30440888423786,0.0,0.00023044088842378899,9.647097451184964,0.0,-169.41755858757278,1.5916621465591204e-06,1.2733297172472964e-07,-0.00026965551496630164,0.00011401282008965893,-0.004363230305685074
216.0,915.6786360153208,1084.3213639846792,997.5314427548307,102.46855724516938,0.0,0.00024685572451694083,10.289948065782198,0.0,-168.64272796935848,1.5916621465591204e-06,1.2733297172472964e-07,-0.0002684222464012949,0.00011397101709245662,-0.00434317969098562
230.4,916.0642794820615,1083.9357205179383,997.3673545791789,102.63264542082115,0.0,0.00026326454208211745,10.926931982655608,0.0,-167.87144103587684,1.5916621465591204e-06,1.2733297172472964e-07,-0.00026719461818513655,0.00011392922942239537,-0.004323222088004584
244.8,916.4481592101668,1083.551840789833,997.2033265667399,102.79667343326021,0.0,0.0002796673433260229,11.558102747984464,0.0,-167.10368157966627,1.5916621465591204e-06,1.2733297172472964e-07,-0.00026597260452102336,0.00011388745707385544,-0.004303357053277078
259.2,916.8302832656102,1083.1697167343898,997.0393586954546,102.96064130454548,0.0,0.00029606413045455093,12.183513398909438,0.0,-166.3394334687796,1.5916621465591204e-06,1.2733297172472964e-07,-0.0002647561797323457,0.00011384570004121917,-0.004283584145652951
273.6,917.2106596779544,1082.7893403220455,996.8754509432722,103.12454905672784,0.0,0.00031245490567278746,12.803216502733909,0.0,-165.57868064409115,1.5916621465591204e-06,1.2733297172472964e-07,-0.0002635453182584012,0.00011380395831887098,-0.0042639029262219385
288.0,917.5892964400973,1082.4107035599027,996.71160328815,103.28839671185007,0.0,0.0003288396711850098,13.41726414900458,0.0,-164.82140711980537,1.5916621465591204e-06,1.2733297172472964e-07,-0.0002623399946552041,0.00011376223190119729,-0.004244312958321739
302.40000000000003,917.9662015084149,1082.033798491585,996.5478157080532,103.45218429194684,0.0,0.00034521842919468717,14.025707953101183,0.0,-164.06759698317012,1.5916621465591204e-06,1.2733297172472964e-07,-0.0002611401835950292,0.00011372052078258664,-0.004224813807525586
316.8,918.3413828027217,1081.6586171972783,996.3840881809554,103.61591181904477,0.0,0.0003615911819044805,14.628599053081523,0.0,-163.31723439455664,1.5916621465591204e-06,1.2733297172472964e-07,-0.000259945859866539,0.0001136788249574296,-0.004205405041639354
331.2,918.7148482066565,1081.2851517933434,996.2204206848376,103.7795793151624,0.0,0.0003779579315162434,15.225988122065326,0.0,-162.57030358668692,1.5916621465591204e-06,1.2733297172472964e-07,-0.000258756998373554,0.00011363714442011878,-0.004186086230676723
345.6,919.086605567848,1080.913394432152,996.0568131976897,103.94318680231018,0.0,0.00039431868023102234,15.817925372485277,0.0,-161.82678886430404,1.5916621465591204e-06,1.2733297172472964e-07,-0.0002575735741345277,0.00011359547916504889,-0.004166856946845815
360.0,919.4566626980474,1080.5433373019523,995.8932656975095,104.10673430249052,0.0,0.0004106734302490561,16.404460559282608,0.0,-161.08667460390495,1.5916621465591204e-06,1.2733297172472964e-07,-0.0002563955622821219,0.00011355382918661667,-0.0041477167645375705
374.40000000000003,919.8250273732532,1080.174972626747,995.7297781623023,104.27022183769773,0.0,0.0004270221837697776,16.98564298198591,0.0,-160.34994525349373,1.5916621465591204e-06,1.2733297172472964e-07,-0.00025522293806281324,0.0001135121944792209,-0.0041286652603146805
388.8,920.1917073338711,1079.808292666129,995.566350570082,104.43364942991809,0.0,0.00044336494299181275,17.561521488733217,0.0,-159.61658533225796,1.5916621465591204e-06,1.2733297172472964e-07,-0.0002540556768363787,0.00011347057503726245,-0.00410970201289861
403.2,920.5567102849423,1079.4432897150577,995.4029828988703,104.59701710112978,0.0,0.0004597017101129815,18.132144483702245,0.0,-158.8865794301155,1.5916621465591204e-06,1.2733297172472964e-07,-0.0002528937540751738,0.00011342897085514417,-0.004090826603153352
417.6,920.920043896281,1079.079956103719,995.2396751266971,104.76032487330293,0.0,0.000476032487330298,18.69755992994516,0.0,-158.15991220743808,1.5916621465591204e-06,1.2733297172472964e-07,-0.0002517371453636929,0.00011338738192727106,-0.004072038614073782
432.0,921.281715802627,1078.7182841973734,995.0764272316003,104.92357276839968,0.0,0.0004923572768399708,19.257815352983954,0.0,-157.43656839474636,1.5916621465591204e-06,1.2733297172472964e-07,-0.00025058582639808375,0.0001133458082480501,-0.004053337630773381
446.40000000000003,921.6417336037474,1078.3582663962527,994.913239191626,105.086760808374,0.0,0.0005086760808374035,19.81295784181357,0.0,-156.7165327925053,1.5916621465591204e-06,1.2733297172472964e-07,-0.00024943977298582174,0.00011330424981189037,-0.004034723240474579
460.8,922.000104864682,1077.9998951353182,994.7501109848281,105.2498890151719,0.0,0.000524988901517194,20.363034057219263,0.0,-155.99979027063614,1.5916621465591204e-06,1.2733297172472964e-07,-0.0002482989610449333,0.00011326270661320297,-0.0040161950324918505
475.2,922.3568371158874,1077.6431628841128,994.5870425892685,105.41295741073132,0.0,0.0005412957410731362,20.908090234943266,0.0,-155.28632576822542,1.5916621465591204e-06,1.2733297172472964e-07,-0.00024716336660353253,0.00011322117864640102,-0.003997752598219969
489.6,922.7119378533924,1077.2880621466077,994.4240339830179,105.57596601698216,0.0,0.0005575966016982198,21.448172189412904,0.0,-154.57612429321523,1.5916621465591204e-06,1.2733297172472964e-07,-0.00024603296579932835,0.00011317966590589979,-0.003979395531121817
504.0,923.0654145388484,1076.9345854611518,994.2610851441538,105.73891485584628,0.0,0.0005738914855846298,21.983325312226842,0.0,-153.8691709223034,1.5916621465591204e-06,1.2733297172472964e-07,-0.0002449077348794656,0.00011313816838611648,-0.003961123426721714
518.4,923.4172745997904,1076.5827254002097,994.0981960507627,105.90180394923745,0.0,0.0005901803949237478,22.51359458121246,0.0,-153.1654508004193,1.5916621465591204e-06,1.2733297172472964e-07,-0.00024378765019969075,0.00011309668608147039,-0.003942935882587796
532.8000000000001,923.7675254298421,1076.232474570158,993.9353666809385,106.06463331906149,0.0,0.0006064633319061522,23.039024566601196,0.0,-152.46494914031598,1.5916621465591204e-06,1.2733297172472964e-07,-0.00024267268822370246,0.00011305521898638285,-0.003924832498317482
547.2,924.1161743888267,1075.8838256111735,993.7725970127839,106.22740298721614,0.0,0.0006227402987216173,23.55965943263569,0.0,-151.76765122234679,1.5916621465591204e-06,1.2733297172472964e-07,-0.0002415628255227964,0.0001130137670952773,-0.00390681287552777
561.6,924.4632288029275,1075.5367711970728,993.609887024409,106.39011297559112,0.0,0.0006390112975591154,24.075542941453328,0.0,-151.0735423941453,1.5916621465591204e-06,1.2733297172472964e-07,-0.0002404580387753556,0.00011297233040257915,-0.0038888766178430683
576.0,924.8086959648433,1075.1913040351574,993.4472366939319,106.55276330606813,0.0,0.0006552763306068159,24.58671845692422,0.0,-150.38260807031406,1.5916621465591204e-06,1.2733297172472964e-07,-0.00023935830476635498,0.00011293090890271586,-0.003871023330883326
590.4,925.1525831339454,1074.8474168660548,993.2846459994793,106.71535400052083,0.0,0.0006715354000520859,25.09322894844354,0.0,-149.69483373210937,1.5916621465591204e-06,1.2733297172472964e-07,-0.00023826360038685984,0.00011288950259011695,-0.0038532526222521276
604.8000000000001,925.494897536434,1074.5051024635661,993.1221149191852,106.87788508081488,0.0,0.000687788508081491,25.59511699467824,0.0,-149.01020492713212,1.5916621465591204e-06,1.2733297172472964e-07,-0.00023717390263353354,0.000112848111459214,-0.003835564101524952
619.2,925.8356463654318,1074.164353634568,992.9596434311923,107.0403565688079,0.0,0.0007040356568807939,26.09242478441474,0.0,-148.3287072691362,1.5916621465591204e-06,1.2733297172472964e-07,-0.00023608918860833274,0.00011280673550444064,-0.003817957380240581
633.6,926.1748367809265,1073.8251632190736,992.7972315136506,107.20276848634953,0.0,0.0007202768486349568,26.585194110058957,0.0,-147.6503264381471,1.5916621465591204e-06,1.2733297172472964e-07,-0.00023500943551869603,0.00011276537472023245,-0.0038004320719005205
648.0,926.5124759103027,1073.4875240896974,992.6348791447189,107.36512085528136,0.0,0.000736512085528141,27.073466389414584,0.0,-146.97504817939478,1.5916621465591204e-06,1.2733297172472964e-07,-0.0002339346206758456,0.00011272402910102718,-0.0037829877919378784
662.4,926.8485708483653,1073.1514291516346,992.4725863025632,107.52741369743704,0.0,0.000752741369743706,27.557282663099507,0.0,-146.30285830326932,1.5916621465591204e-06,1.2733297172472964e-07,-0.00023286472149471648,0.00011268269864126451,-0.003765624157712685
676.8000000000001,927.1831286574607,1072.8168713425393,992.310352965358,107.68964703464206,0.0,0.0007689647034642117,28.036683596581337,0.0,-145.6337426850787,1.5916621465591204e-06,1.2733297172472964e-07,-0.00023179971549357095,0.00011264138333538623,-0.0037483407885021886
691.2,927.5161563676191,1072.4838436323807,992.148179111286,107.85182088871414,0.0,0.0007851820888714171,28.51170948336716,0.0,-144.9676872647616,1.5916621465591204e-06,1.2733297172472964e-07,-0.0002307395802935417,0.00011260008317783613,-0.0037311373054900016
705.6,927.8476609766996,1072.1523390233003,991.9860647185374,108.01393528146278,0.0,0.0008013935281462816,28.982400248133672,0.0,-144.30467804660077,1.5916621465591204e-06,1.2733297172472964e-07,-0.00022968429361817536,0.00011255879816306007,-0.00371401333175532
720.0,928.1776494505302,1071.82235054947,991.8240097653106,108.17599023468962,0.0,0.000817599023468965,29.448795449797668,0.0,-143.64470109893978,1.5916621465591204e-06,1.2733297172472964e-07,-0.0002286338332929817,0.00011251752828550591,-0.003696968492262296
734.4,928.5061287230495,1071.4938712769504,991.662014229812,108.33798577018824,0.0,0.0008337985770188276,29.910934284527965,0.0,-142.98774255390083,1.5916621465591204e-06,1.2733297172472964e-07,-0.00022758817724498467,0.00011247627353962357,-0.003680002413849474
748.8000000000001,928.8331056966524,1071.1668943033476,991.5000780902559,108.49992190974427,0.0,0.0008499921909744306,30.368855599935888,0.0,-142.33378860669518,1.5916621465591204e-06,1.2733297172472964e-07,-0.0002265473035016245,0.00011243503391986494,-0.0036631147252087245
763.2,929.1585872422484,1070.8414127577516,991.3382013248649,108.66179867513533,0.0,0.0008661798675135366,30.822597893628824,0.0,-141.68282551550328,1.5916621465591204e-06,1.2733297172472964e-07,-0.00022551119019056725,0.0001123938094206841,-0.0036463050568789905
777.6,929.4825801991752,1070.5174198008249,991.1763839118693,108.82361608813105,0.0,0.0008823616088131093,31.272199303878875,0.0,-141.03483960164965,1.5916621465591204e-06,1.2733297172472964e-07,-0.0002244798155399829,0.00011235260003653699,-0.003629573041247656
792.0,929.8050913754848,1070.1949086245154,991.014625829507,108.98537417049312,0.0,0.0008985374170493148,31.717697620526003,0.0,-140.38981724903056,1.5916621465591204e-06,1.2733297172472964e-07,-0.0002234531578776346,0.00011231140576188166,-0.0036129183125326522
806.4,930.1261275480833,1069.8738724519167,990.852927056025,109.14707294397516,0.0,0.0009147072943975209,32.15913028803207,0.0,-139.74774490383334,1.5916621465591204e-06,1.2733297172472964e-07,-0.00022243119563043173,0.00011227022659117823,-0.0035963405067721745
820.8000000000001,930.4456954628715,1069.5543045371287,990.6912875696772,109.30871243032294,0.0,0.0009308712430322983,32.59653440849245,0.0,-139.10860907425717,1.5916621465591204e-06,1.2733297172472964e-07,-0.0002214139073239857,0.00011222906251888879,-0.0035798392618144525
835.2,930.7638018348839,1069.236198165116,990.5297073487261,109.47029265127415,0.0,0.0009470292651274192,33.02994674460564,0.0,-138.4723963302322,1.5916621465591204e-06,1.2733297172472964e-07,-0.00022040127158216264,0.0001121879135394775,-0.0035634142173075205
849.6,931.0804533484275,1068.919546651573,990.3681863714417,109.63181362855856,0.0,0.0009631813628558602,33.45940372260035,0.0,-137.83909330314555,1.5916621465591204e-06,1.2733297172472964e-07,-0.0002193932671266475,0.00011214677964741048,-0.0035470650146892306
864.0,931.395656657239,1068.604343342761,990.2067246161023,109.79327538389796,0.0,0.0009793275383898003,33.884941436314975,0.0,-137.20868668552203,1.5916621465591204e-06,1.2733297172472964e-07,-0.00021838987277643577,0.00011210566083715598,-0.003530791297176115
878.4,931.7094183847827,1068.2905816152177,990.0453220609942,109.95467793900619,0.0,0.0009954677939006226,34.30659565928109,0.0,-136.58116323043498,1.5916621465591204e-06,1.2733297172472964e-07,-0.00021739106744689574,0.0001120645571031842,-0.0035145927097453276
892.8000000000001,932.0217451241557,1067.9782548758444,989.8839786844112,110.1160213155891,0.0,0.0010116021315589136,34.72440183432592,0.0,-135.9565097516887,1.5916621465591204e-06,1.2733297172472964e-07,-0.00021639683015005885,0.00011202346843996738,-0.003498468899136554
907.2,932.3326434382725,1067.6673565617277,989.7226944646558,110.2773055353446,0.0,0.0010277305535344643,35.13839507905948,0.0,-135.33471312345523,1.5916621465591204e-06,1.2733297172472964e-07,-0.0002154071399940415,0.00011198239484197984,-0.0034824195138398574
921.6,932.6421198600302,1067.3578801399701,989.5614693800376,110.43853061996266,0.0,0.0010438530619962696,35.548610190516705,0.0,-134.7157602799399,1.5916621465591204e-06,1.2733297172472964e-07,-0.00021442197618251304,0.00011194133630369785,-0.003466444204084332
936.0,932.9501808924465,1067.0498191075537,989.4003034088751,110.59969659112527,0.0,0.00105996965911253,35.95508164804994,0.0,-134.09963821510723,1.5916621465591204e-06,1.2733297172472964e-07,-0.00021344131801425903,0.00011190029281959978,-0.0034505426218283198
950.4,933.2568330087956,1066.7431669912046,989.2391965294938,110.76080347050647,0.0,0.00107608034705065,36.357843616190294,0.0,-133.48633398240895,1.5916621465591204e-06,1.2733297172472964e-07,-0.00021246514488274868,0.00011185926438416597,-0.0034347144207497525
964.8000000000001,933.5620826527435,1066.4379173472566,989.0781487202279,110.92185127977238,0.0,0.0010921851279772409,36.75692994747742,0.0,-132.87583469451317,1.5916621465591204e-06,1.2733297172472964e-07,-0.00021149343627570368,0.0001118182509918788,-0.0034189592562365308
979.2,933.8659362384831,1066.1340637615172,988.9171599594191,111.08284004058113,0.0,0.0011082840040581177,37.15237418525814,0.0,-132.26812752303408,1.5916621465591204e-06,1.2733297172472964e-07,-0.0002105261717746679,0.00011177725263722268,-0.0034032767853769863
993.6,934.1684001508833,1065.831599849117,988.7562302254174,111.24376977458299,0.0,0.0011243769774583027,37.54420956767685,0.0,-131.66319969823383,1.5916621465591204e-06,1.2733297172472964e-07,-0.00020956333105453298,0.00011173626931468404,-0.003387666666949629
1008.0,934.4694807456297,1065.5305192543708,988.5953594965802,111.4046405034202,0.0,0.0011404640503420238,37.93246903097543,0.0,-131.06103850874115,1.5916621465591204e-06,1.2733297172472964e-07,-0.00020860489388309047,0.0001116953010187513,-0.0033721285614133904
1022.4,934.7691843493212,1065.230815650679,988.4345477512732,111.56545224872713,0.0,0.0011565452248727154,38.31718520934972,0.0,-130.46163130135778,1.5916621465591204e-06,1.2733297172472964e-07,-0.00020765084012072365,0.00011165434774391496,-0.003356662130900148
1036.8,935.0675172596225,1064.9324827403775,988.2737949678701,111.72620503213015,0.0,0.0011726205032130193,38.69839043908943,0.0,-129.86496548075502,1.5916621465591204e-06,1.2733297172472964e-07,-0.0002067011497199246,0.00011161340948466749,-0.003341267039204457
1051.2,935.3644857453935,1064.6355142546065,988.1131011247526,111.88689887524781,0.0,0.001188689887524784,39.07611676130017,0.0,-129.271028509213,1.5916621465591204e-06,1.2733297172472964e-07,-0.00020575580272487923,0.00011157248623550343,-0.003325942951774424
1065.6000000000001,935.6600960468228,1064.3399039531778,987.9524662003097,112.04753379969063,0.0,0.0012047533799690643,39.45039592456852,0.0,-128.679807906355,1.5916621465591204e-06,1.2733297172472964e-07,-0.00020481477927104425,0.00011153157799091925,-0.003310689535702467
1080.0,935.9543543755577,1064.0456456244428,987.7918901729391,112.20810982706121,0.0,0.0012208109827061243,39.821259387598595,0.0,-128.0912912488851,1.5916621465591204e-06,1.2733297172472964e-07,-0.00020387805958472995,0.00011149068474541356,-0.003295506459716235
1094.4,936.2472669148342,1063.752733085166,987.6313730210461,112.36862697895432,0.0,0.0012368626978954353,40.1887383218199,0.0,-127.50546617033183,1.5916621465591204e-06,1.2733297172472964e-07,-0.00020294562398269166,0.00011144980649348689,-0.0032803933941696626
1108.8,936.5388398196079,1063.461160180392,987.4709147230435,112.52908527695674,0.0,0.001252908527695677,40.5528636140652,0.0,-126.92232036078406,1.5916621465591204e-06,1.2733297172472964e-07,-0.0002020174528717099,0.00011140894322964179,-0.003265350011033897
1123.2,936.8290792167058,1063.1709207832942,987.3105152573528,112.68948474264732,0.0,0.0012689484742647364,40.91366587099718,0.0,-126.3418415665883,1.5916621465591204e-06,1.2733297172472964e-07,-0.00020109352674810822,0.00011136809494838289,-0.0032503759838872466
1137.6000000000001,937.1179912049279,1062.8820087950724,987.1501746024031,112.84982539759707,0.0,0.0012849825397597116,41.27117541949464,0.0,-125.76401759014448,1.5916621465591204e-06,1.2733297172472964e-07,-0.00020017382619742834,0.00011132726164421682,-0.0032354709879077012
1152.0,937.4055818551744,1062.594418144826,986.9898927366314,113.01010726336905,0.0,0.0013010107263369077,41.62542230909949,0.0,-125.18883628965159,1.5916621465591204e-06,1.2733297172472964e-07,-0.00019925833189402516,0.0001112864433116522,-0.0032206346998641857
1166.4,937.6918572105795,1062.3081427894203,986.8296696384818,113.17033036151838,0.0,0.0013170330361518409,41.9764363150585,0.0,-124.6162855788408,1.5916621465591204e-06,1.2733297172472964e-07,-0.0001983470246006421,0.00011124563994519957,-0.003205866798107547
1180.8,937.9768232866386,1062.0231767133616,986.669505286408,113.33049471359232,0.0,0.001333049471359235,42.324246940802105,0.0,-124.04635342672304,1.5916621465591204e-06,1.2733297172472964e-07,-0.0001974398851680093,0.0001112048515393717,-0.003191166962561895
1195.2,938.2604860713337,1061.7395139286666,986.50939965887,113.49060034113025,0.0,0.0013490600341130262,42.66888342039707,0.0,-123.47902785733288,1.5916621465591204e-06,1.2733297172472964e-07,-0.00019653689453443587,0.00011116407808868318,-0.0031765348747159286
1209.6000000000001,938.5428515252592,1061.4571484747414,986.3493527343368,113.65064726566357,0.0,0.0013650647265663596,43.01037472097238,0.0,-122.91429694948226,1.5916621465591204e-06,1.2733297172472964e-07,-0.0001956380337254181,0.00011112331958765072,-0.003161970217614522
1224.0,938.8239255817459,1061.1760744182543,986.1893644912844,113.81063550871588,0.0,0.00138106355087159,43.34874954511862,0.0,-122.35214883650838,1.5916621465591204e-06,1.2733297172472964e-07,-0.00019474328385323791,0.00011108257603079299,-0.003147472675850183
1238.4,939.1037141469944,1060.8962858530058,986.0294349081975,113.97056509180283,0.0,0.0013970565091802852,43.68403633386871,0.0,-121.79257170601136,1.5916621465591204e-06,1.2733297172472964e-07,-0.00019385262611654563,0.00011104184741263068,-0.0031330419355542843
1252.8,939.3822231002091,1060.6177768997911,985.8695639635681,114.1304360364322,0.0,0.0014130436036432223,44.01626327013414,0.0,-121.23555379958202,1.5916621465591204e-06,1.2733297172472964e-07,-0.00019296604179992643,0.00011100113372768647,-0.0031186776843880734
1267.2,939.6594582936928,1060.3405417063072,985.7097516358964,114.29024836410386,0.0,0.001429024836410391,44.34545827850409,0.0,-120.6810834126145,1.5916621465591204e-06,1.2733297172472964e-07,-0.00019208351227360224,0.00011096043497048511,-0.003104379611535891
1281.6000000000001,939.9354255529812,1060.0645744470185,985.5499979036905,114.45000209630987,0.0,0.001445000209630991,44.67164902859352,0.0,-120.12914889403726,1.5916621465591204e-06,1.2733297172472964e-07,-0.00019120501899300352,0.0001109197511355533,-0.0030901474076963182
1296.0,940.2101306769669,1059.7898693230331,985.390302745466,114.60969725453434,0.0,0.001460969725453436,44.994862937436984,0.0,-119.57973864606629,1.5916621465591204e-06,1.2733297172472964e-07,-0.00019033054349837646,0.00011087908221741976,-0.0030759807650739
1310.4,940.4835794380189,1059.5164205619815,985.2306661397469,114.7693338602535,0.0,0.0014769333860253518,45.315127171769696,0.0,-119.03284112396261,1.5916621465591204e-06,1.2733297172472964e-07,-0.00018946006741439708,0.00011083842821061523,-0.00306187937737105
1324.8,940.7557775821053,1059.2442224178947,985.0710880650646,114.92891193493571,0.0,0.0014928911934935746,45.632468650284196,0.0,-118.48844483578932,1.5916621465591204e-06,1.2733297172472964e-07,-0.00018859357244978435,0.00011079778910967241,-0.003047842939779924
1339.2,941.0267308289141,1058.973269171086,984.9115684999588,115.08843150004154,0.0,0.0015088431500041564,45.94691404586237,0.0,-117.94653834217195,1.5916621465591204e-06,1.2733297172472964e-07,-0.000187731040396919,0.00011075716490912609,-0.0030338711489744413
1353.6000000000001,941.2964448719711,1058.703555128029,984.7521074229769,115.24789257702356,0.0,0.00152478925770236,46.25848978781465,0.0,-117.40711025605788,1.5916621465591204e-06,1.2733297172472964e-07,-0.0001868724531314604,0.00011071655560351303,-0.003019963703102272
1368.0,941.5649253787917,1058.4350746212085,984.5927048126739,115.40729518732657,0.0,0.0015407295187326627,46.567222066483914,0.0,-116.8701492424168,1.5916621465591204e-06,1.2733297172472964e-07,-0.00018601779261186987,0.0001106759611873719,-0.003006120301775364
1382.4,941.8321779909681,1058.1678220090319,984.4333606476129,115.56663935238753,0.0,0.0015566639352387556,46.87313683302054,0.0,-116.3356440180637,1.5916621465591204e-06,1.2733297172472964e-07,-0.00018516704087912896,0.00011063538165524349,-0.0029923406460636353
1396.8,942.0982083242754,1057.9017916757246,984.274074906365,115.7259250936354,0.0,0.0015725925093635436,47.17625980048483,0.0,-115.8035833514491,1.5916621465591204e-06,1.2733297172472964e-07,-0.0001843201800564055,0.00011059481700167053,-0.0029786244384878394
1411.2,942.3630219688032,1057.6369780311966,984.1148475675088,115.88515243249141,0.0,0.0015885152432491454,47.4766164471936,0.0,-115.27395606239338,1.5916621465591204e-06,1.2733297172472964e-07,-0.00018347719234863076,0.00011055426722119782,-0.0029649713830110403
1425.6000000000001,942.626624489074,1057.373375510926,983.9556786096315,116.04432139036892,0.0,0.0016044321390368957,47.7742320188348,0.0,-114.7467510218521,1.5916621465591204e-06,1.2733297172472964e-07,-0.00018263806004212605,0.00011051373230837208,-0.002951381185030875
1440.0,942.8890214241584,1057.1109785758413,983.7965680113269,116.20343198867337,0.0,0.001620343198867342,48.06913153056008,0.0,-114.22195715168289,1.5916621465591204e-06,1.2733297172472964e-07,-0.00018180276550423146,0.00011047321225774206,-0.0029378535513719032
1454.4,943.1502182877928,1056.8497817122072,983.637515751198,116.36248424880245,0.0,0.0016362484248802493,48.36133976905545,0.0,-113.69956342441446,1.5916621465591204e-06,1.2733297172472964e-07,-0.00018097129118293837,0.00011043270706385853,-0.0029243881902780407
1468.8,943.4102205684931,1056.5897794315067,983.4785218078543,116.5214781921459,0.0,0.0016521478192145958,48.650881294590704,0.0,-113.17955886301365,1.5916621465591204e-06,1.2733297172472964e-07,-0.00018014361960651864,0.00011039221672127421,-0.002910984811404938
1483.2,943.6690337296706,1056.3309662703296,983.3195861599146,116.68041384008572,0.0,0.0016680413840085772,48.937780443047366,0.0,-112.661932540659,1.5916621465591204e-06,1.2733297172472964e-07,-0.00017931973338316412,0.00011035174122454386,-0.0028976431258125675
1497.6000000000001,943.9266632097458,1056.0733367902544,983.1607087860043,116.83929121399599,0.0,0.0016839291213996042,49.22206132792597,0.0,-112.1466735805086,1.5916621465591204e-06,1.2733297172472964e-07,-0.00017849961520061732,0.00011031128056822423,-0.002884362845957696
1512.0,944.1831144222625,1055.8168855777378,983.0018896647574,116.99811033524301,0.0,0.0016998110335243043,49.50374784233248,0.0,-111.6337711554753,1.5916621465591204e-06,1.2733297172472964e-07,-0.00017768324782581343,0.00011027083474687407,-0.0028711436856865406
1526.4,944.4383927560009,1055.5616072439993,982.8431287748152,117.15687122518518,0.0,0.0017156871225185214,49.78286366094448,0.0,-111.12321448799844,1.5916621465591204e-06,1.2733297172472964e-07,-0.00017687061410451714,0.00011023040375505406,-0.0028579853602273765
1540.8,944.6925035750899,1055.3074964249104,982.6844260948271,117.31557390517311,0.0,0.001731557390517316,50.0594322419572,0.0,-110.61499284982051,1.5916621465591204e-06,1.2733297172472964e-07,-0.00017606169696096706,0.00011018998758732697,-0.0028448875861832898
1555.2,944.9454522191414,1055.054547780859,982.5257816034507,117.47421839654963,0.0,0.001747421839654967,50.33347683066572,0.0,-110.10909556171748,1.5916621465591204e-06,1.2733297172472964e-07,-0.00017525647939744656,0.0001101495862382575,-0.0028318500815237516
1569.6000000000001,945.1972440034253,1054.8027559965753,982.3671952793508,117.63280472064967,0.0,0.0017632804720649692,50.605020466131464,0.0,-109.60551199315,1.5916621465591204e-06,1.2733297172472964e-07,-0.00017445494449372856,0.0001101091997024124,-0.0028188725655741813
1584.0,945.447884218842,1054.552115781158,982.2086671012001,117.79133289880032,0.0,0.0017791332898800356,50.87408597270588,0.0,-109.10423156231593,1.5916621465591204e-06,1.2733297172472964e-07,-0.0001736570754071591,0.00011006882797436036,-0.0028059547590158678
1598.4,945.6973781320872,1054.3026218679133,982.0501970476795,117.94980295232095,0.0,0.0017949802952320982,51.14069596583095,0.0,-108.6052437358261,1.5916621465591204e-06,1.2733297172472964e-07,-0.00017286285537214142,0.00011002847104867203,-0.0027930963838761914
1612.8,945.9457309857679,1054.0542690142322,981.8917850974774,118.10821490252303,0.0,0.0018108214902523064,51.40487285459282,0.0,-108.1085380284643,1.5916621465591204e-06,1.2733297172472964e-07,-0.00017207226769975378,0.00010998812891992014,-0.002780297163521069
1627.2,946.192947998516,1053.8070520014837,981.7334312292903,118.26656877071025,0.0,0.0018266568770710279,51.66663884362388,0.0,-107.61410400296768,1.5916621465591204e-06,1.2733297172472964e-07,-0.00017128529577739997,0.00010994780158267939,-0.002767556822647902
1641.6000000000001,946.4390343650966,1053.5609656349036,981.5751354218219,118.42486457817846,0.0,0.0018424864578178502,51.92601593499103,0.0,-107.12193126980696,1.5916621465591204e-06,1.2733297172472964e-07,-0.00017050192306845952,0.00010990748903152638,-0.0027548750872785615
1656.0,946.6839952565168,1053.3160047434835,981.4168976537848,118.58310234621577,0.0,0.0018583102346215795,52.183025930070215,0.0,-106.6320094869667,1.5916621465591204e-06,1.2733297172472964e-07,-0.0001697221331119379,0.00010986719126103984,-0.0027422516847524043
1670.4,946.9278358201362,1053.072164179864,981.2587179038981,118.74128209610238,0.0,0.0018741282096102416,52.437690431408214,0.0,-106.14432835972787,1.5916621465591204e-06,1.2733297172472964e-07,-0.00016894590952212056,0.00010982690826580035,-0.0027296863437193445
1684.8,947.1705611797746,1052.8294388202255,981.1005961508896,118.89940384911077,0.0,0.0018899403849110818,52.69003084457126,0.0,-105.6588776404509,1.5916621465591204e-06,1.2733297172472964e-07,-0.00016817323598822753,0.0001097866400403906,-0.0027171787941329575
1699.2,947.4121764358199,1052.5878235641806,980.9425323734948,119.05746762650563,0.0,0.001905746762650566,52.94006837998157,0.0,-105.17564712836065,1.5916621465591204e-06,1.2733297172472964e-07,-0.0001674040962740711,0.00010974638657939515,-0.0027047287672436753
1713.6000000000001,947.6526866653361,1052.3473133346642,980.7845265504566,119.21547344954377,0.0,0.0019215473449543795,53.187824054741974,0.0,-104.69462666932816,1.5916621465591204e-06,1.2733297172472964e-07,-0.0001666384742177086,0.00010970614787740063,-0.0026923359955918916
1728.0,947.8920969221701,1052.10790307783,980.6265786605262,119.37342133947426,0.0,0.0019373421339474294,53.43331869444875,0.0,-104.21580615565995,1.5916621465591204e-06,1.2733297172472964e-07,-0.0001658763537311069,0.00010966592392899564,-0.00268000021300129
1742.4,948.130412237059,1051.8695877629416,980.468688682462,119.5313113175384,0.0,0.001953131131753843,53.67657293497372,0.0,-103.73917552588262,1.5916621465591204e-06,1.2733297172472964e-07,-0.00016511771879979968,0.00010962571472877071,-0.0026677211545720614
1756.8,948.3676376176891,1051.6323623823114,980.3108565950308,119.68914340496967,0.0,0.001968914340496969,53.91760721983448,0.0,-103.26472476462231,1.5916621465591204e-06,1.2733297172472964e-07,-0.0001643625534826955,0.00010958552027131845,-0.0026554985566766003
1771.2,948.6037780488407,1051.3962219511595,980.1530823770067,119.84691762299374,0.0,0.0019846917622993766,54.15644180560573,0.0,-102.79244390231884,1.5916621465591204e-06,1.2733297172472964e-07,-0.00016361084191162276,0.00010954534055123334,-0.002643332156950931
1785.6000000000001,948.8388384925242,1051.1611615074758,979.9953660071718,120.00463399282853,0.0,0.0020004633992828586,54.39309676668944,0.0,-102.32232301495151,1.5916621465591204e-06,1.2733297172472964e-07,-0.0001628625682908934,0.00010950517556311192,-0.002631221694286481
1800.0,949.0728238880578,1050.9271761119428,979.8377074643163,120.16229253568423,0.0,0.002016229253568428,54.62759199435387,0.0,-101.85435222388503,1.5916621465591204e-06,1.2733297172472964e-07,-0.00016211771689705757,0.00010946502530155273,-0.0026191669088249376
1814.4,949.305739152169,1050.6942608478312,979.6801067272372,120.31989327276318,0.0,0.0020319893272763216,54.859947198429445,0.0,-101.38852169566212,1.5916621465591204e-06,1.2733297172472964e-07,-0.0001613762720785735,0.00010942488976115617,-0.002607167541951768
1828.8,949.5375891791016,1050.4624108208984,979.5225637747405,120.47743622525994,0.0,0.0020477436225259968,55.09018190899255,0.0,-100.92482164179683,1.5916621465591204e-06,1.2733297172472964e-07,-0.0001606382182554787,0.00010938476893652479,-0.0025952233362897645
1843.2,949.7683788407165,1050.2316211592836,979.365078585639,120.63492141436136,0.0,0.0020634921414361385,55.318315478037356,0.0,-100.46324231856704,1.5916621465591204e-06,1.2733297172472964e-07,-0.00015990353991905947,0.00010934466282226295,-0.002583334035692582
1857.6000000000001,949.9981129865947,1050.0018870134054,979.2076511387539,120.79234886124644,0.0,0.002079234886124648,55.54436708113615,0.0,-100.00377402681067,1.5916621465591204e-06,1.2733297172472964e-07,-0.00015917222163152668,0.00010930457141297711,-0.0025714993852384
1872.0,950.226796444141,1049.773203555859,979.0502814129139,120.94971858708652,0.0,0.002094971858708655,55.768355719088284,0.0,-99.54640711171805,1.5916621465591204e-06,1.2733297172472964e-07,-0.00015844424802568524,0.00010926449470327567,-0.0025597191312234776
1886.4,950.4544340186839,1049.5455659813165,978.8929693869553,121.10703061304508,0.0,0.0021107030613045125,55.99030021955813,0.0,-99.09113196263263,1.5916621465591204e-06,1.2733297172472964e-07,-0.00015771960380461691,0.00010922443268776898,-0.0025479930211559664
1900.8,950.6810304935788,1049.318969506422,978.7357150397225,121.26428496027792,0.0,0.0021264284960277953,56.21021923870239,0.0,-98.63793901284328,1.5916621465591204e-06,1.2733297172472964e-07,-0.00015699827374134973,0.00010918438536106942,-0.0025363208037494957
1915.2,950.9065906303074,1049.093409369693,978.5785183500674,121.42148164993301,0.0,0.002142148164993304,56.42813126278707,0.0,-98.18681873938567,1.5916621465591204e-06,1.2733297172472964e-07,-0.00015628024267854185,0.00010914435271779125,-0.0025247022289170253
1929.6000000000001,951.1311191685802,1048.8688808314203,978.4213792968499,121.57862070315062,0.0,0.0021578620703150654,56.64405460979425,0.0,-97.73776166284006,1.5916621465591204e-06,1.2733297172472964e-07,-0.00015556549552815972,0.00010910433475255085,-0.0025131370477646077
1944.0,951.3546208264198,1048.6453791735805,978.2642978589371,121.73570214106324,0.0,0.002173570214106327,56.8580074296003,0.0,-97.2907583471607,1.5916621465591204e-06,1.2733297172472964e-07,-0.00015485401727120647,0.00010906433145996642,-0.0025016250125859986
1958.4,951.5771003002034,1048.4228996997972,978.1072740152048,121.89272598479565,0.0,0.002189272598479565,57.07000769998452,0.0,-96.84579939959383,1.5916621465591204e-06,1.2733297172472964e-07,-0.0001541457929575915,0.00010902434283465825,-0.002490165876859519
1972.8,951.7985622648757,1048.2014377351245,977.9503077445357,122.04969225546478,0.0,0.0022049692255464793,57.28007323912109,0.0,-96.40287547024877,1.5916621465591204e-06,1.2733297172472964e-07,-0.00015344080770544774,0.00010898436887124858,-0.002478759395236063
1987.2,952.019011374011,1047.9809886259893,977.7933990258206,122.20660097417996,0.0,0.002220660097417998,57.48822170345443,0.0,-95.96197725197828,1.5916621465591204e-06,1.2733297172472964e-07,-0.00015273904670094123,0.00010894440956436152,-0.0024674053235350154
2001.6000000000001,952.2384522599001,1047.7615477401007,977.6365478379578,122.36345216204268,0.0,0.0022363452162042713,57.69447058831963,0.0,-95.5230954802006,1.5916621465591204e-06,1.2733297172472964e-07,-0.00015204049519798788,0.00010890446490862329,-0.002456103418738735
2016.0,952.4568895336485,1047.5431104663523,977.4797541598538,122.52024584014677,0.0,0.0022520245840146787,57.898837229421076,0.0,-95.0862209327039,1.5916621465591204e-06,1.2733297172472964e-07,-0.00015134513851794226,0.000108864534898662,-0.0024448534389865727
2030.4,952.6743277852726,1047.3256722147275,977.3230179704223,122.67698202957824,0.0,0.002267698202957825,58.1013388042986,0.0,-94.65134442945498,1.5916621465591204e-06,1.2733297172472964e-07,-0.00015065296204929297,0.00010882461952910777,-0.002433655143569004
2044.8,952.8907715837984,1047.1092284162023,977.1663392485851,122.83366075141541,0.0,0.0022833660751415434,58.30199233378146,0.0,-94.21845683240394,1.5916621465591204e-06,1.2733297172472964e-07,-0.00014996395124735188,0.00010878471879459265,-0.0024225082929216933
2059.2000000000003,953.1062254773547,1046.8937745226458,977.0097179732716,122.99028202672889,0.0,0.002299028202672892,58.50081468343033,0.0,-93.78754904529114,1.5916621465591204e-06,1.2733297172472964e-07,-0.00014927809163394688,0.00010874483268975068,-0.0024114126486196198
2073.6,953.3206939932704,1046.6793060067298,976.8531541234189,123.14684587658155,0.0,0.0023146845876581587,58.697822564967375,0.0,-93.35861201345938,1.5916621465591204e-06,1.2733297172472964e-07,-0.00014859536879712284,0.00010870496120921787,-0.002400367973371349
2088.0,953.5341816381704,1046.46581836183,976.696647677972,123.30335232202856,0.0,0.0023303352322028566,58.89303253769469,0.0,-92.93163672365972,1.5916621465591204e-06,1.2733297172472964e-07,-0.0001479157683908326,0.0001086651043476322,-0.002389374031013143
2102.4,953.7466928980687,1046.2533071019318,976.5401986158832,123.45980138411726,0.0,0.002345980138411729,59.086461009901264,0.0,-92.50661420386314,1.5916621465591204e-06,1.2733297172472964e-07,-0.0001472392761346372,0.00010862526209963359,-0.0023784305865032617
2116.8,953.9582322384639,1046.0417677615367,976.3838069161131,123.61619308388744,0.0,0.0023616193083887457,59.27812424025862,0.0,-92.08353552307278,1.5916621465591204e-06,1.2733297172472964e-07,-0.00014656587781340704,0.00010858543445986396,-0.002367537405916257
2131.2000000000003,954.1688041044334,1045.831195895567,976.2274725576294,123.77252744237107,0.0,0.0023772527442371075,59.468038339204895,0.0,-91.66239179113347,1.5916621465591204e-06,1.2733297172472964e-07,-0.0001458955592770186,0.00010854562142296716,-0.002356694256437244
2145.6,954.3784129207104,1045.62158707929,976.071195519408,123.92880448059242,0.0,0.0023928804480592408,59.65621926864687,0.0,-91.24317415857968,1.5916621465591204e-06,1.2733297172472964e-07,-0.00014522830644011258,0.000108505822983589,-0.0023459009063571306
2160.0,954.5870630917871,1045.4129369082134,975.9149757804324,124.08502421956804,0.0,0.002408502421956804,59.84268284435521,0.0,-90.82587381642634,1.5916621465591204e-06,1.2733297172472964e-07,-0.00014456410528176095,0.00010846603913637737,-0.0023351571250664316
2174.4,954.7947590020237,1045.2052409979763,975.7588133196934,124.24118668030682,0.0,0.0024241186680306853,60.02744473900031,0.0,-90.41048199595252,1.5916621465591204e-06,1.2733297172472964e-07,-0.0001439029418451225,0.00010842626987598191,-0.0023244626830488885
2188.8,955.001505015729,1044.9984949842712,975.6027081161905,124.39729188380997,0.0,0.002439729188380998,60.21052048223033,0.0,-89.99698996854227,1.5916621465591204e-06,1.2733297172472964e-07,-0.0001432448022371896,0.00010838651519705443,-0.00231381735187656
2203.2000000000003,955.207305477251,1044.7926945227496,975.4466601489295,124.55333985107087,0.0,0.0024553339851070906,60.3919254619796,0.0,-89.58538904549857,1.5916621465591204e-06,1.2733297172472964e-07,-0.00014258967262849217,0.00010834677509424856,-0.0023032209042042613
2217.6,955.4121647110697,1044.587835288931,975.290669396925,124.70933060307537,0.0,0.0024709330603075387,60.57167492576589,0.0,-89.1756705778613,1.5916621465591204e-06,1.2733297172472964e-07,-0.0001419375392528077,0.00010830704956221993,-0.002292673113764093
2232.0,955.6160870218866,1044.3839129781136,975.1347358391989,124.86526416080149,0.0,0.0024865264160801506,60.74978398197614,0.0,-88.76782595622694,1.5916621465591204e-06,1.2733297172472964e-07,-0.00014128838840687458,0.00010826733859562619,-0.0022821737553600473
2246.4,955.819076694717,1044.1809233052832,974.9788594547807,125.02114054521962,0.0,0.002502114054521964,60.92626760114116,0.0,-88.3618466105662,1.5916621465591204e-06,1.2733297172472964e-07,-0.00014064220645010155,0.00010822764218912685,-0.002271722604862534
2260.8,956.0211379949776,1043.9788620050226,974.823040222708,125.17695977729245,0.0,0.0025176959777292477,61.10114061719941,0.0,-87.95772401004501,1.5916621465591204e-06,1.2733297172472964e-07,-0.0001399989798042829,0.00010818796033738345,-0.0022613194392030545
2275.2000000000003,956.2222751685786,1043.7777248314217,974.6672781220256,125.33272187797502,0.0,0.002533272187797502,61.27441772874971,0.0,-87.5554496628431,1.5916621465591204e-06,1.2733297172472964e-07,-0.00013935869495330987,0.00010814829303505948,-0.0022509640363687854
2289.6,956.4224924420112,1043.5775075579888,974.5115731317859,125.48842686821459,0.0,0.0025488426868214603,61.44611350029358,0.0,-87.15501511597768,1.5916621465591204e-06,1.2733297172472964e-07,-0.00013872133844288961,0.00010810864027682032,-0.002240656175397313
2304.0,956.621794022438,1043.3782059775622,974.3559252310497,125.64407476895086,0.0,0.0025644074768950867,61.61624236346669,0.0,-86.75641195512412,1.5916621465591204e-06,1.2733297172472964e-07,-0.00013808689688026018,0.0001080690020573334,-0.002230395636371312
2318.4,956.8201840977802,1043.1798159022203,974.2003343988847,125.79966560111573,0.0,0.002579966560111577,61.78481861826011,0.0,-86.35963180444014,1.5916621465591204e-06,1.2733297172472964e-07,-0.00013745535693391047,0.00010802937837126804,-0.0022201822004133094
2332.8,957.0176668368043,1042.9823331631956,974.0448006143667,125.95519938563359,0.0,0.00259551993856336,61.95185643406738,0.0,-85.96466632639124,1.5916621465591204e-06,1.2733297172472964e-07,-0.00013682670533330242,0.00010798976921329552,-0.002210015649680507
2347.2000000000003,957.2142463892033,1042.785753610797,973.8893238565794,126.11067614342099,0.0,0.002611067614342099,62.117369850012416,0.0,-85.57150722159372,1.5916621465591204e-06,1.2733297172472964e-07,-0.00013620092886862113,0.00010795017457808914,-0.002199895767360035
2361.6,957.4099268856962,1042.5900731143038,973.7339041046135,126.26609589538687,0.0,0.002626609589538686,62.28137277769815,0.0,-85.18014622860755,1.5916621465591204e-06,1.2733297172472964e-07,-0.00013557801439044527,0.00010791059446032405,-0.0021898223376629706
2376.0,957.604712438112,1042.3952875618882,973.5785413375679,126.42145866243251,0.0,0.0026421458662432536,62.44387900193187,0.0,-84.7905751237762,1.5916621465591204e-06,1.2733297172472964e-07,-0.00013495794880949197,0.00010787102885467746,-0.002179795145819539
2390.4,957.7986071394741,1042.201392860526,973.4232355345489,126.57676446545157,0.0,0.0026576764465451605,62.60490218172748,0.0,-84.40278572105194,1.5916621465591204e-06,1.2733297172472964e-07,-0.000134340719096339,0.00010783147775582845,-0.0021698139780739487
2404.8,957.9916150640871,1042.0083849359132,973.2679866746704,126.73201332533002,0.0,0.0026732013325330034,62.76445585145671,0.0,-84.01676987182611,1.5916621465591204e-06,1.2733297172472964e-07,-0.00013372631228115439,0.00010779194115845804,-0.002159878621679393
2419.2000000000003,958.1837402676211,1041.8162597323792,973.1127947370545,126.88720526294611,0.0,0.002688720526294612,62.92255342199007,0.0,-83.63251946475805,1.5916621465591204e-06,1.2733297172472964e-07,-0.00013311471545342422,0.00010775241905724932,-0.0021499888648930034
2433.6,958.3749867871984,1041.6250132128018,972.95765970083,127.0423402991705,0.0,0.0027042340299170513,63.079208181827994,0.0,-83.25002642560344,1.5916621465591204e-06,1.2733297172472964e-07,-0.00013250591576167945,0.00010771291144688716,-0.0021401444969707997
2448.0,958.5653586414771,1041.4346413585233,972.8025815451343,127.1974184548662,0.0,0.0027197418454866216,63.23443329822218,0.0,-82.86928271704619,1.5916621465591204e-06,1.2733297172472964e-07,-0.00013189990041322834,0.00010767341832205851,-0.0021303453081627332
2462.4,958.7548598307365,1041.2451401692638,972.6475602491118,127.35243975088854,0.0,0.0027352439750888548,63.38824181828725,0.0,-82.49028033852733,1.5916621465591204e-06,1.2733297172472964e-07,-0.000131296656673884,0.00010763393967745221,-0.002120591089707687
2476.8,958.9434943369612,1041.056505663039,972.4925957919152,127.50740420808522,0.0,0.002750740420808523,63.5406466701029,0.0,-82.11301132607775,1.5916621465591204e-06,1.2733297172472964e-07,-0.0001306961718676983,0.00010759447550775908,-0.002110881633828563
2491.2000000000003,959.1312661239239,1040.8687338760765,972.3376881527041,127.6623118472963,0.0,0.002766231184729631,63.6916606638067,0.0,-81.73746775215261,1.5916621465591204e-06,1.2733297172472964e-07,-0.0001300984333766981,0.00010755502580767186,-0.002101216733727407
2505.6,959.3181791372697,1040.6818208627308,972.1828373106463,127.81716268935418,0.0,0.0027817162689354187,63.84129649267752,0.0,-81.3636417254611,1.5916621465591204e-06,1.2733297172472964e-07,-0.00012950342864061462,0.00010751559057188526,-0.0020915961835804658
2520.0,959.5042373045984,1040.495762695402,972.0280432449168,127.97195675508364,0.0,0.002797195675508365,63.98956673420988,0.0,-80.99152539080353,1.5916621465591204e-06,1.2733297172472964e-07,-0.00012891114515662384,0.00010747616979509588,-0.002082019778533398
2534.4,959.6894445355439,1040.3105554644567,971.8733059346986,128.12669406530185,0.0,0.002812669406530184,64.13648385060239,0.0,-80.6211109289128,1.5916621465591204e-06,1.2733297172472964e-07,-0.0001283215704790943,0.00010743676347200233,-0.002072487314696633
2548.8,959.8738047218558,1040.1261952781445,971.7186253591822,128.28137464081826,0.0,0.002828137464081825,64.28206019002077,0.0,-80.25239055628867,1.5916621465591204e-06,1.2733297172472964e-07,-0.00012773469221932332,0.00010739737159730513,-0.0020629985891405275
2563.2000000000003,960.0573217374904,1039.9426782625098,971.5640014975658,128.43599850243476,0.0,0.002843599850243477,64.42630798847323,0.0,-79.88535652501946,1.5916621465591204e-06,1.2733297172472964e-07,-0.0001271504980452531,0.00010735799416570678,-0.0020535533998902373
2577.6,960.2399994386855,1039.760000561315,971.4094343290548,128.59056567094567,0.0,0.002859056567094563,64.5692393703078,0.0,-79.52000112262965,1.5916621465591204e-06,1.2733297172472964e-07,-0.00012656897568122838,0.00010731863117191163,-0.0020441515459212398
2592.0,960.4218416640423,1039.5781583359576,971.2549238328629,128.74507616713746,0.0,0.0028745076167137474,64.7108663492331,0.0,-79.1563166719153,1.5916621465591204e-06,1.2733297172472964e-07,-0.0001259901129077342,0.0001072792826106261,-0.0020347928271545585
2606.4,960.6028522346073,1039.397147765393,971.1004699882112,128.8995300117893,0.0,0.0028899530011789296,64.8512008293308,0.0,-78.79429553078558,1.5916621465591204e-06,1.2733297172472964e-07,-0.00012541389756114387,0.00010723994847655846,-0.0020254770444521506
2620.8,960.7830349539507,1039.2169650460498,970.946072774328,129.05392722567248,0.0,0.002905392722567249,64.99025460605958,0.0,-78.4339300920991,1.5916621465591204e-06,1.2733297172472964e-07,-0.00012484031753345843,0.00010720062876441891,-0.0020162039996121754
2635.2000000000003,960.9623936082473,1039.0376063917524,970.7917321704497,129.20826782955083,0.0,0.002920826782955082,65.12803936725001,0.0,-78.0752127835051,1.5916621465591204e-06,1.2733297172472964e-07,-0.0001242693607720538,0.0001071613234689197,-0.0020069734953643823
2649.6,961.1409319663567,1038.8590680336436,970.6374481558199,129.36255184418042,0.0,0.0029362551844180425,65.26456669409141,0.0,-77.71813606728688,1.5916621465591204e-06,1.2733297172472964e-07,-0.00012370101527943162,0.00010712203258477485,-0.001997785335365569
2664.0,961.318653779901,1038.6813462200994,970.4832207096906,129.51677929030987,0.0,0.0029516779290309878,65.39984806210948,0.0,-77.36269244019843,1.5916621465591204e-06,1.2733297172472964e-07,-0.00012313526911295926,0.00010708275610670051,-0.001988639324194884
2678.4,961.4955627833452,1038.504437216655,970.3290498113204,129.67095018868008,0.0,0.0029670950188680103,65.53389484213626,0.0,-77.00887443330987,1.5916621465591204e-06,1.2733297172472964e-07,-0.00012257211038462374,0.00010704349402941461,-0.001979535267349344
2692.8,961.6716626940748,1038.3283373059255,970.174935439976,129.82506456002443,0.0,0.002982506456002444,65.66671830127149,0.0,-76.65667461185069,1.5916621465591204e-06,1.2733297172472964e-07,-0.0001220115272607823,0.00010700424634763708,-0.0019704729712393064
2707.2000000000003,961.8469572124745,1038.1530427875257,970.0208775749319,129.97912242506862,0.0,0.002997912242506861,65.79832960383582,0.0,-76.30608557505116,1.5916621465591204e-06,1.2733297172472964e-07,-0.00012145350796190986,0.00010696501305608981,-0.0019614522431839173
2721.6,962.0214500220044,1037.9785499779957,969.8668761954698,130.13312380453075,0.0,0.003013312380453075,65.92873981221848,0.0,-75.95709995599134,1.5916621465591204e-06,1.2733297172472964e-07,-0.00012089804076235884,0.00010692579414949655,-0.0019524728914067282
2736.0,962.1951447892724,1037.8048552107282,969.7129312808792,130.28706871912138,0.0,0.0030287068719121396,66.05795988710781,0.0,-75.60971042145582,1.5916621465591204e-06,1.2733297172472964e-07,-0.00012034511399012786,0.00010688658962258309,-0.0019435347250315177
2750.4,962.3680451641198,1037.6319548358804,969.559042810457,130.4409571895435,0.0,0.00304409571895435,66.18600068958149,0.0,-75.26390967176053,1.5916621465591204e-06,1.2733297172472964e-07,-0.00011979471602658611,0.00010684739947007704,-0.0019346375540773393
2764.8,962.540154779698,1037.4598452203022,969.4052107635082,130.5947892364924,0.0,0.003059478923649241,66.31287298175054,0.0,-74.9196904406042,1.5916621465591204e-06,1.2733297172472964e-07,-0.00011924683530623689,0.00010680822368670806,-0.0019257811894542692
2779.2000000000003,962.7114772525413,1037.2885227474587,969.2514351193447,130.74856488065583,0.0,0.003074856488065588,66.4385874275163,0.0,-74.57704549491746,1.5916621465591204e-06,1.2733297172472964e-07,-0.0001187014603164775,0.00010676906226720762,-0.0019169654429590456
2793.6,962.8820161826444,1037.117983817356,969.0977158572864,130.90228414271408,0.0,0.0030902284142714097,66.56315459346885,0.0,-74.23596763471153,1.5916621465591204e-06,1.2733297172472964e-07,-0.00011815857959735834,0.00010672991520630919,-0.0019081901272707614
2808.0,963.0517751535373,1036.9482248464626,968.9440529566609,131.05594704333961,0.0,0.0031055947043339654,66.68658494977811,0.0,-73.89644969292533,1.5916621465591204e-06,1.2733297172472964e-07,-0.00011761818174133959,0.00010669078249874821,-0.00189945505594646
2822.4,963.2207577323611,1036.7792422676391,968.7904463968031,131.20955360319752,0.0,0.003120955360319756,66.80888887107665,0.0,-73.55848453527801,1.5916621465591204e-06,1.2733297172472964e-07,-0.00011708025539305646,0.00010665166413926198,-0.001890760043416932
2836.8,963.3889674699428,1036.6110325300576,968.6368961570552,131.36310384294526,0.0,0.0031363103842945274,66.93007663733535,0.0,-73.2220650601148,1.5916621465591204e-06,1.2733297172472964e-07,-0.00011654478924907389,0.00010661256012258971,-0.0018821049049823084
2851.2000000000003,963.5564079008692,1036.4435920991305,968.4834022167678,131.51659778323267,0.0,0.003151659778323265,67.05015843473102,0.0,-72.88718419826125,1.5916621465591204e-06,1.2733297172472964e-07,-0.0001160117720576545,0.00010657347044347265,-0.0018734894568078985
2865.6,963.723082543563,1036.276917456437,968.3299645552985,131.670035444702,0.0,0.003167003544470198,67.16914435650718,0.0,-72.5538349128741,1.5916621465591204e-06,1.2733297172472964e-07,-0.00011548119261852123,0.00010653439509665389,-0.0018649135159199254
2880.0,963.8889949003551,1036.1110050996451,968.1765831520125,131.82341684798797,0.0,0.0031823416847987993,67.28704440382694,0.0,-72.22201019929003,1.5916621465591204e-06,1.2733297172472964e-07,-0.00011495303978261665,0.00010649533407687848,-0.0018563769002012378
2894.4,964.0541484575588,1035.9458515424412,968.0232579862826,131.97674201371785,0.0,0.003197674201371785,67.40386848661898,0.0,-71.89170308488247,1.5916621465591204e-06,1.2733297172472964e-07,-0.00011442730245187495,0.00010645628737889332,-0.0018478794283872187
2908.8,964.2185466855434,1035.7814533144567,967.8699890374893,132.13001096251114,0.0,0.0032130010962511148,67.51962642441624,0.0,-71.56290662891331,1.5916621465591204e-06,1.2733297172472964e-07,-0.00011390396957898607,0.00010641725499744736,-0.0018394209200615639
2923.2000000000003,964.3821930388008,1035.6178069611992,967.7167762850205,132.28322371497993,0.0,0.003228322371497992,67.63432794656595,0.0,-71.23561392239844,1.5916621465591204e-06,1.2733297172472964e-07,-0.00011338303016718146,0.0001063782369272914,-0.0018310011956524429
2937.6,964.5450909560193,1035.454909043981,967.5636197082719,132.43638029172865,0.0,0.0032436380291728647,67.74798269316706,0.0,-70.90981808796164,1.5916621465591204e-06,1.2733297172472964e-07,-0.00011286447327000176,0.00010633923316317823,-0.0018226200764283416
2952.0,964.707243860168,1035.2927561398326,967.4105192866461,132.58948071335428,0.0,0.0032589480713354256,67.86060021708577,0.0,-70.58551227966461,1.5916621465591204e-06,1.2733297172472964e-07,-0.00011234828799102613,0.00010630024369986241,-0.0018142773844933107
2966.4,964.8686551585607,1035.1313448414396,967.2574749995542,132.7425250004461,0.0,0.003274252500044612,67.97218998402343,0.0,-70.26268968287889,1.5916621465591204e-06,1.2733297172472964e-07,-0.00011183446348366837,0.0001062612685321006,-0.001805972942783294
2980.8,965.0293282429283,1034.970671757072,967.1044868264145,132.89551317358604,0.0,0.003289551317358606,68.08276137330897,0.0,-69.9413435141438,1.5916621465591204e-06,1.2733297172472964e-07,-0.00011132298895095092,0.00010622230765465135,-0.0017977065750621058
2995.2000000000003,965.1892664894897,1034.8107335105108,966.9515547466522,133.04844525334835,0.0,0.003304844525334835,68.19232367869112,0.0,-69.62146702102109,1.5916621465591204e-06,1.2733297172472964e-07,-0.00011081385364527343,0.00010618336106227499,-0.0017894781059173202
3009.6,965.3484732590229,1034.6515267409777,966.7986787397008,133.2013212602997,0.0,0.003320132126029973,68.30088610912368,0.0,-69.30305348195486,1.5916621465591204e-06,1.2733297172472964e-07,-0.0001103070468681898,0.00010614442874973394,-0.001781287360756307
3024.0,965.5069518969354,1034.493048103065,966.645858785001,133.35414121499937,0.0,0.0033354141214999387,68.40845778954393,0.0,-68.98609620612945,1.5916621465591204e-06,1.2733297172472964e-07,-0.00010980255797018198,0.00010610551071179242,-0.0017731341658022174
3038.4,965.6647057333356,1034.3352942666647,966.4930948620016,133.50690513799898,0.0,0.0033506905137998992,68.51504776164478,0.0,-68.67058853332912,1.5916621465591204e-06,1.2733297172472964e-07,-0.00010930037635043675,0.00010606660694321671,-0.0017650183480900285
3052.8,965.8217380831011,1034.178261916899,966.340386950158,133.65961304984265,0.0,0.003365961304984264,68.62066498464006,0.0,-68.35652383379784,1.5916621465591204e-06,1.2733297172472964e-07,-0.00010880049145662233,0.00010602771743877484,-0.001756939735462583
3067.2000000000003,965.9780522459496,1034.0219477540506,966.1877350289336,133.81226497106692,0.0,0.0033812264971066932,68.72531833602339,0.0,-68.04389550810106,1.5916621465591204e-06,1.2733297172472964e-07,-0.00010830289278466862,0.00010598884219323688,-0.0017488981565666943
3081.6,966.1336515065086,1033.866348493492,966.0351390777996,133.9648609222009,0.0,0.0033964860922200924,68.82901661232083,0.0,-67.73269698698346,1.5916621465591204e-06,1.2733297172472964e-07,-0.00010780756987854055,0.00010594998120137479,-0.0017408934408491546
3096.0,966.2885391343829,1033.711460865618,965.8825990762343,134.11740092376613,0.0,0.0034117400923766145,68.93176852983703,0.0,-67.42292173123508,1.5916621465591204e-06,1.2733297172472964e-07,-0.00010731451233002519,0.00010591113445796238,-0.001732925418552949
3110.4,966.4427183842249,1033.5572816157758,965.730115003724,134.26988499627655,0.0,0.00342698849962766,69.0335827253953,0.0,-67.11456323155085,1.5916621465591204e-06,1.2733297172472964e-07,-0.00010682370977850804,0.00010587230195777551,-0.0017249939207133172
3124.8,966.596192495803,1033.4038075041972,965.5776868397617,134.4223131602388,0.0,0.0034422313160238785,69.13446775707138,0.0,-66.80761500839412,1.5916621465591204e-06,1.2733297172472964e-07,-0.0001063351519107559,0.00010583348369559179,-0.0017170987791539235
3139.2000000000003,966.748964694069,1033.2510353059315,965.4253145638488,134.57468543615167,0.0,0.003457468543615165,69.2344321049211,0.0,-66.50207061186256,1.5916621465591204e-06,1.2733297172472964e-07,-0.00010584882846070337,0.00010579467966619089,-0.0017092398264830797
3153.6,966.9010381892257,1033.0989618107744,965.2729981554938,134.72700184450662,0.0,0.0034727001844506635,69.33348417170228,0.0,-66.19792362154874,1.5916621465591204e-06,1.2733297172472964e-07,-0.00010536472920923097,0.00010575588986435434,-0.0017014168960898632
3168.0,967.0524161767959,1032.9475838232042,965.1207375942128,134.8792624057877,0.0,0.003487926240578771,69.43163228359037,0.0,-65.89516764640837,1.5916621465591204e-06,1.2733297172472964e-07,-0.00010488284398395544,0.00010571711428486555,-0.0016936298221403893
3182.4,967.2031018376888,1032.7968981623114,964.9685328595292,135.03146714047125,0.0,0.0035031467140471282,69.52888469088855,0.0,-65.59379632462264,1.5916621465591204e-06,1.2733297172472964e-07,-0.00010440316265901062,0.00010567835292250989,-0.0016858784395739853
3196.8,967.3530983382601,1032.6469016617402,964.8163839309742,135.18361606902624,0.0,0.003518361606902626,69.62524956814492,0.0,-65.29380332348012,1.5916621465591204e-06,1.2733297172472964e-07,-0.0001039256751548594,0.00010563960577207462,-0.0016781625840998403
3211.2000000000003,967.5024088303663,1032.497591169634,964.6642907880864,135.33570921191406,0.0,0.0035335709211914076,69.72073501343422,0.0,-64.99518233926767,1.5916621465591204e-06,1.2733297172472964e-07,-0.00010345037143812022,0.0001056008728283489,-0.0016704820921939092
3225.6,967.6510364514637,1032.3489635485369,964.5122534104119,135.48774658958862,0.0,0.0035487746589588625,69.8153490524286,0.0,-64.69792709707315,1.5916621465591204e-06,1.2733297172472964e-07,-0.00010297724152125292,0.00010556215408612383,-0.0016628368010935363
3240.0,967.7989843246608,1032.2010156753395,964.3602717775041,135.6397282224963,0.0,0.0035639728222496333,69.90909963771847,0.0,-64.40203135067873,1.5916621465591204e-06,1.2733297172472964e-07,-0.00010250627546238906,0.00010552344954019238,-0.001655226548794427
3254.4,967.9462555587825,1032.053744441218,964.2083458689243,135.79165413107606,0.0,0.0035791654131076102,70.00199464929027,0.0,-64.10748888243552,1.5916621465591204e-06,1.2733297172472964e-07,-0.00010203746336513226,0.00010548475918534951,-0.001647651174047137
3268.8,968.0928532484353,1031.9071467515648,964.056475664241,135.94352433575935,0.0,0.003594352433575936,70.09404189518173,0.0,-63.814293503129534,1.5916621465591204e-06,1.2733297172472964e-07,-0.00010157079537834488,0.00010544608301639197,-0.0016401105163533364
3283.2000000000003,968.2387804740724,1031.7612195259278,963.9046611430304,136.09533885697,0.0,0.0036095338856970043,70.18524911213049,0.0,-63.52243905185537,1.5916621465591204e-06,1.2733297172472964e-07,-0.00010110626169594702,0.00010540742102811853,-0.00163260441596229
3297.6,968.3840403020573,1031.6159596979433,963.7529022848759,136.24709771512454,0.0,0.003624709771512457,70.27562396621543,0.0,-63.23191939588594,1.5916621465591204e-06,1.2733297172472964e-07,-0.00010064385255670909,0.00010536877321532979,-0.0016251327138672308
3312.0,968.5286357847293,1031.4713642152715,963.6011990693685,136.39880093063192,0.0,0.003639880093063192,70.36517405349161,0.0,-62.94272843054216,1.5916621465591204e-06,1.2733297172472964e-07,-0.00010018355824404451,0.00010533013957282828,-0.00161769525180174
3326.4,968.6725699604672,1031.3274300395333,963.4495514761069,136.55044852389352,0.0,0.0036550448523893562,70.45390690061801,0.0,-62.65486007906611,1.5916621465591204e-06,1.2733297172472964e-07,-9.97253690858077e-05,0.00010529152009541848,-0.0016102918722362143
3340.8,968.8158458537524,1031.184154146248,963.297959484697,136.70204051530345,0.0,0.003670204051530348,70.54182996547858,0.0,-62.3683082924955,1.5916621465591204e-06,1.2733297172472964e-07,-9.926927545409438e-05,0.0001052529147779067,-0.0016029224183743665
3355.2000000000003,968.9584664752336,1031.0415335247671,963.1464230747523,136.8535769252482,0.0,0.0036853576925248194,70.62895063779638,0.0,-62.0830670495335,1.5916621465591204e-06,1.2733297172472964e-07,-9.881526776503427e-05,0.00010521432361510119,-0.0015955867341496397
3369.6,969.100434821789,1030.8995651782116,962.9949422258937,137.00505777410672,0.0,0.0037005057774106742,70.71527623974076,0.0,-61.79913035642255,1.5916621465591204e-06,1.2733297172472964e-07,-9.836333647859041e-05,0.00010517574660181211,-0.0015882846642216912
3384.0,969.2417538765891,1030.758246123411,962.8435169177499,137.15648308225067,0.0,0.0037156483082250694,70.80081402652776,0.0,-61.51649224682194,1.5916621465591204e-06,1.2733297172472964e-07,-9.79134720983641e-05,0.0001051371837328515,-0.0015810160539729853
3398.4,969.3824266091598,1030.6175733908406,962.6921471299563,137.30785287004412,0.0,0.0037307852870044145,70.88557118701335,0.0,-61.23514678168078,1.5916621465591204e-06,1.2733297172472964e-07,-9.746566517139285e-05,0.00010509863500303333,-0.0015737807495052913
3412.8,969.5224559754441,1030.4775440245562,962.5408328421568,137.45916715784372,0.0,0.0037459167157843734,70.96955484428018,0.0,-60.95508804911208,1.5916621465591204e-06,1.2733297172472964e-07,-9.701990628794992e-05,0.00010506010040717347,-0.0015665785976362
3418.165926114861,969.5744717023938,1030.4255282976067,962.4844622201792,137.5155377798212,0.0,0.003751553777982121,71.00065360024611,0.0,-60.85105659521287,1.5916621465591204e-06,1.2733297172472964e-07,-9.685432336072703e-05,0.00010504574472954474,-0.0015639032804641055
3418.165926114861,1119.060981675523,880.9390183244775,962.4844622201792,137.5155377798212,0.0,0.003751553777982121,71.00065360024611,0.0,238.12196335104545,1.5916621465591204e-06,1.2733297172472964e-07,0.0003790097153301972,0.00010504574472954474,0.006147124227608748
3427.2000000000003,1118.7190733914208,881.28092660858,962.3895740355938,137.6104259644064,0.0,0.0037610425964406478,71.79874806463573,0.0,237.43814678284082,1.5916621465591204e-06,1.2733297172472964e-07,0.00037792131038339594,0.0001050215799404951,0.006129303320495407
3441.6,1118.1761122097707,881.8238877902302,962.2383706869003,137.76162931309992,0.0,0.0037761629313100013,73.06142989277068,0.0,236.35222441954056,1.5916621465591204e-06,1.2733297172472964e-07,0.0003761928888636289,0.00010498307359704737,0.006101006169236729
3456.0,1117.635634200561,882.3643657994396,962.0872227770716,137.91277722292878,0.0,0.0037912777222928874,74.31258893078797,0.0,235.27126840112146,1.5916621465591204e-06,1.2733297172472964e-07,0.0003744723720870159,0.0001049445813719904,0.006072842089217384
3470.4,1117.097628033604,882.9023719663965,961.9361302858277,138.0638697141725,0.0,0.0038063869714172606,75.55233009600956,0.0,234.19525606720754,1.5916621465591204e-06,1.2733297172472964e-07,0.0003727597239858944,0.00010490610326015967,0.006044810422338968
3484.8,1116.5620824370385,883.4379175629621,961.7850931929086,138.2149068070916,0.0,0.0038214906807091708,76.78075728011159,0.0,233.12416487407643,1.5916621465591204e-06,1.2733297172472964e-07,0.00037105490867827477,0.00010486763925639555,0.006016910514567651
3499.2000000000003,1116.028986156418,883.9710138435828,961.6341114780001,138.36588852199998,0.0,0.0038365888522000078,77.99797374391052,0.0,232.0579723128351,1.5916621465591204e-06,1.2733297172472964e-07,0.000369357890337604,0.00010482918935552479,0.005989141713788012
3513.6,1115.4983279886753,884.501672011325,961.4831851207979,138.51681487920223,0.0,0.0038516814879202333,79.20408181885826,0.0,230.99665597735031,1.5916621465591204e-06,1.2733297172472964e-07,0.00036766863330088805,0.00010479075355237648,0.005961503371558354
3528.0,1114.970096783305,885.0299032166957,961.3323141010048,138.66768589899536,0.0,0.0038667685898995455,80.39918287618602,0.0,229.9401935666093,1.5916621465591204e-06,1.2733297172472964e-07,0.00036598710207244904,0.00010475233184178169,0.005933994843157589
3542.4,1114.4442814400402,885.5557185599611,961.1814983983312,138.81850160166897,0.0,0.0038818501601669067,81.58337737830686,0.0,228.88856288007912,1.5916621465591204e-06,1.2733297172472964e-07,0.00036431326131653894,0.00010471392421857332,0.005906615487450058
3556.8,1113.9208709136897,886.0791290863108,961.0307379924956,138.96926200750468,0.0,0.0038969262007504763,82.75676478948667,0.0,227.84174182737888,1.5916621465591204e-06,1.2733297172472964e-07,0.0003626470758727348,0.00010467553067758637,0.005879364667123225
3571.2000000000003,1113.3998542036322,886.6001457963683,960.8800328632227,139.11996713677746,0.0,0.003911996713677753,83.91944377693942,0.0,226.7997084072639,1.5916621465591204e-06,1.2733297172472964e-07,0.00036098851072248825,0.00010463715121365742,0.0058522417481266025
3585.6,1112.8812203616917,887.1187796383092,960.7293829902457,139.27061700975452,0.0,0.003927061700975461,85.07151206755107,0.0,225.7624407233825,1.5916621465591204e-06,1.2733297172472964e-07,0.00035933753101420515,0.00010459878582162517,0.005825246100068297
3600.0,1112.364958489858,887.6350415101429,960.5787883533045,139.42121164669578,0.0,0.003942121164669584,86.21306649439772,0.0,224.7299169797152,1.5916621465591204e-06,1.2733297172472964e-07,0.0003576941020559864,0.00010456043449633013,0.005798377096082769
3614.4,1111.851057739883,888.1489422601179,960.4282489321467,139.5717510678535,0.0,0.003957175106785361,87.34420300962911,0.0,223.70211547976498,1.5916621465591204e-06,1.2733297172472964e-07,0.00035605818931433897,0.00010452209723261465,0.0057716341127964045
3628.8,1111.3395073128395,888.6604926871612,960.2777647065274,139.72223529347275,0.0,0.003972223529347287,88.46501669995334,0.0,222.6790146256783,1.5916621465591204e-06,1.2733297172472964e-07,0.0003544297584127769,0.00010448377402532304,0.0057450165302915515
3643.2000000000003,1110.8302964584202,889.1697035415806,960.1273356562091,139.8726643437911,0.0,0.003987266434379118,89.57560181132683,0.0,221.66059291683962,1.5916621465591204e-06,1.2733297172472964e-07,0.0003528087751295843,0.00010444546486930152,0.005718523732057033
3657.6,1110.3234144766752,889.6765855233257,959.9769617609617,140.02303823903858,0.0,0.004002303823903867,90.67605168789933,0.0,220.64682895334954,1.5916621465591204e-06,1.2733297172472964e-07,0.0003511952054033514,0.00010440716975939817,0.005692155105065878
3672.0,1109.8188507169511,890.1811492830494,959.8266430005623,140.1733569994379,0.0,0.0040173356999437995,91.76645880933387,0.0,219.63770143390173,1.5916621465591204e-06,1.2733297172472964e-07,0.0003495890153295952,0.00010436888869046291,0.005665910039707521
3686.4,1109.3165945775968,890.6834054224039,959.6763793547959,140.32362064520444,0.0,0.004032362064520449,92.84691480132655,0.0,218.6331891551929,1.5916621465591204e-06,1.2733297172472964e-07,0.00034799017115982054,0.00010433062165734764,0.0056397879297600565
3700.8,1108.816635505707,891.1833644942936,959.5261708034542,140.47382919654592,0.0,0.004047382919654599,93.91751044454027,0.0,217.63327101141329,1.5916621465591204e-06,1.2733297172472964e-07,0.0003463986393007089,0.00010429236865490605,0.005613788172364807
3715.2000000000003,1108.3189629968729,891.6810370031277,959.3760173263374,140.62398267366288,0.0,0.004062398267366295,94.97833568353826,0.0,216.63792599374517,1.5916621465591204e-06,1.2733297172472964e-07,0.0003448143863133203,0.00010425412967799387,0.005587910168001239
3729.6,1107.823566593846,892.1764334061548,959.2259189032518,140.77408109674835,0.0,0.004077408109674842,96.02947967045034,0.0,215.6471331876911,1.5916621465591204e-06,1.2733297172472964e-07,0.00034323737890884097,0.00010421590472146852,0.0055621533204056614
3744.0,1107.3304358858752,892.6695641141258,959.0758755140123,140.92412448598805,0.0,0.004092412448598806,97.07103078707215,0.0,214.66087177174938,1.5916621465591204e-06,1.2733297172472964e-07,0.0003416675839464747,0.00010417769378018946,0.005536517036525145
3758.4,1106.8395605107764,893.1604394892244,958.9258871384401,141.07411286156008,0.0,0.0041074112861560165,98.10307657931139,0.0,213.67912102155208,1.5916621465591204e-06,1.2733297172472964e-07,0.00034010496844002965,0.00010413949684901793,0.00551100072661361
3772.8,1106.3509301535105,893.6490698464903,958.7759537563647,141.22404624363548,0.0,0.004122404624363554,99.12570380369196,0.0,212.70186030702018,1.5916621465591204e-06,1.2733297172472964e-07,0.0003385494995533899,0.00010410131392281714,0.005485603804146525
3787.2000000000003,1105.8645345458829,894.135465454118,958.6260753476228,141.37392465237767,0.0,0.0041373924652377695,100.13899843777516,0.0,211.7290690917648,1.5916621465591204e-06,1.2733297172472964e-07,0.0003370011445995627,0.00010406314499645212,0.005460325685794158
3801.6,1105.3803634662618,894.6196365337389,958.4762518920576,141.52374810794265,0.0,0.00415237481079427,101.1430456900374,0.0,210.76072693252286,1.5916621465591204e-06,1.2733297172472964e-07,0.00033545987103977994,0.00010402499006478979,0.005435165791395952
3816.0,1104.8984067392985,895.1015932607023,958.326483369521,141.67351663047918,0.0,0.0041673516630479236,102.137930009748,0.0,209.79681347859616,1.5916621465591204e-06,1.2733297172472964e-07,0.0003339256464826058,0.000103986849122699,0.005410123543935062
3830.4,1104.4186542382356,895.5813457617652,958.1767697598716,141.8232302401285,0.0,0.0041823230240128585,103.12373499558849,0.0,208.8373084764704,1.5916621465591204e-06,1.2733297172472964e-07,0.0003323984386912881,0.0001039487221650504,0.005385198369647688
3844.8,1103.941095883943,896.058904116058,958.0271110429758,141.9728889570246,0.0,0.004197288895702463,104.1005434322812,0.0,207.88219176788505,1.5916621465591204e-06,1.2733297172472964e-07,0.0003308782155806866,0.00010391060918671667,0.005360389697962319
3859.2000000000003,1103.4657216414805,896.5342783585203,957.8775071987064,142.12249280129387,0.0,0.004212249280129394,105.06843742360766,0.0,206.93144328296023,1.5916621465591204e-06,1.2733297172472964e-07,0.00032936494520633335,0.00010387251018257216,0.005335696961310825
3873.6,1102.9925215217304,897.0074784782704,957.7279582069448,142.27204179305554,0.0,0.004227204179305558,106.027498327605,0.0,205.98504304346,1.5916621465591204e-06,1.2733297172472964e-07,0.00032785859576962633,0.00010383442514749326,0.005311119595202998
3888.0,1102.521485581169,897.4785144188321,957.5784640475791,142.42153595242132,0.0,0.004242153595242137,106.97780676432684,0.0,205.0429711623368,1.5916621465591204e-06,1.2733297172472964e-07,0.0003263591356171048,0.0001037963540763582,0.005286657038204633
3902.4,1102.052603921638,897.9473960783635,957.4290247005047,142.57097529949567,0.0,0.004257097529949572,107.91944262360703,0.0,204.10520784327446,1.5916621465591204e-06,1.2733297172472964e-07,0.00032486653323972163,0.00010375829696404703,0.005262308731915721
3916.8,1101.5858666901263,898.414133309875,957.2796401456249,142.72035985437557,0.0,0.004272035985437562,108.85248507244758,0.0,203.17173338025134,1.5916621465591204e-06,1.2733297172472964e-07,0.00032338075727214816,0.00010372025380544177,0.005238074120949298
3931.2000000000003,1101.1212640794256,898.8787359205757,957.1303103628497,142.86968963715063,0.0,0.004286968963715071,109.777012518368,0.0,202.24252815884995,1.5916621465591204e-06,1.2733297172472964e-07,0.00032190177649485846,0.00010368222459542626,0.005213952652955787
3945.6,1100.6587863272896,899.3412136727113,956.981035332097,143.01896466790322,0.0,0.004301896466790331,110.69310264794468,0.0,201.31757265457827,1.5916621465591204e-06,1.2733297172472964e-07,0.0003204295598314577,0.00010364420932888617,0.0051899437785698655
3960.0,1100.1984237156844,899.8015762843166,956.8318150332921,143.16818496670822,0.0,0.004316818496670831,111.60083246087547,0.0,200.39684743136775,1.5916621465591204e-06,1.2733297172472964e-07,0.00031896407634629135,0.00010360620800070921,0.0051660469513621216
3974.4,1099.7401665709922,900.2598334290087,956.682649446367,143.31735055363322,0.0,0.004331735055363331,112.50027825597275,0.0,199.48033314198346,1.5916621465591204e-06,1.2733297172472964e-07,0.00031750529524509784,0.00010356822060578475,0.005142261627840436
3988.8,1099.2840052638005,900.7159947362004,956.5335385512619,143.46646144873844,0.0,0.004346646144873848,113.39151563816438,0.0,198.5680105276001,1.5916621465591204e-06,1.2733297172472964e-07,0.000316053185874334,0.0001035302471390042,0.00511858726742986
4003.2000000000003,1098.8299302086887,901.1700697913125,956.3844823279237,143.61551767207663,0.0,0.00436155176720767,114.27461952549501,0.0,197.6598604173762,1.5916621465591204e-06,1.2733297172472964e-07,0.0003146077177204971,0.00010349228759526076,0.005095023332452589
4017.6,1098.3779318640295,901.6220681359715,956.2354807563069,143.7645192436934,0.0,0.004376451924369343,115.14966415522052,0.0,196.755863728058,1.5916621465591204e-06,1.2733297172472964e-07,0.00031316886040949453,0.00010345434196944952,0.005071569288108827
4032.0,1097.9280007322097,902.0719992677912,956.0865338163734,143.9134661836268,0.0,0.0043913466183626865,116.01672306306857,0.0,195.85600146441857,1.5916621465591204e-06,1.2733297172472964e-07,0.00031173658370734267,0.00010341641025646746,0.005048224602479434
4046.4,1097.480127358995,902.5198726410058,955.9376414880925,144.0623585119077,0.0,0.004406235851190777,116.87586911728373,0.0,194.9602547179893,1.5916621465591204e-06,1.2733297172472964e-07,0.00031031085751814775,0.0001033784924512134,0.005024988746484412
4060.8,1097.0343023332287,902.9656976667724,955.7888037514406,144.21119624855956,0.0,0.0044211196248559615,117.7271745314444,0.0,194.06860466645628,1.5916621465591204e-06,1.2733297172472964e-07,0.0003088916518831451,0.00010334058854858809,0.005001861193858775
4075.2000000000003,1096.5905162867666,903.4094837132342,955.6400205864018,144.35997941359847,0.0,0.004435997941359852,118.5707108618717,0.0,193.18103257353243,1.5916621465591204e-06,1.2733297172472964e-07,0.000307478936980496,0.00010330269854349407,0.00497884142114086
4089.6,1096.148759894274,903.8512401057274,955.4912919729671,144.50870802703318,0.0,0.004450870802703325,119.40654901420218,0.0,192.29751978854665,1.5916621465591204e-06,1.2733297172472964e-07,0.0003060726831246331,0.00010326482243083579,0.004955928907653444
4104.0,1095.7090238730161,904.2909761269847,955.3426178911351,144.6573821088652,0.0,0.004465738210886525,120.23475924996018,0.0,191.41804774603145,1.5916621465591204e-06,1.2733297172472964e-07,0.0003046728607656046,0.00010322696020551956,0.004933123135484912
4118.400000000001,1095.2712989826891,904.7287010173118,955.1939983209116,144.8060016790886,0.0,0.004480600167908863,121.05541119114415,0.0,190.54259796537735,1.5916621465591204e-06,1.2733297172472964e-07,0.000303279440488524,0.00010318911186245356,0.004910423589472303
4132.8,1094.8355760256418,905.164423974359,955.0454332423101,144.95456675769012,0.0,0.004495456675769015,121.86857379981195,0.0,189.67115205128277,1.5916621465591204e-06,1.2733297172472964e-07,0.00030189239301428605,0.00010315127739654785,0.004887829757205079
4147.2,1094.4018458461544,905.5981541538462,954.8969226353508,145.1030773646492,0.0,0.004510307736464928,122.67431541704272,0.0,188.80369169230823,1.5916621465591204e-06,1.2733297172472964e-07,0.00030051168919726566,0.00010311345680271435,0.004865341128979841
4161.6,1093.970099330259,906.0299006697419,954.7484664800622,145.2515335199381,0.0,0.004525153351993814,123.47270376778803,0.0,187.94019866051713,1.5916621465591204e-06,1.2733297172472964e-07,0.0002991373000247462,0.00010307565007586685,0.00484295719778336
4176.0,1093.5403274056414,906.4596725943595,954.6000647564788,145.39993524352144,0.0,0.0045399935243521485,124.26380596065434,0.0,187.08065481128187,1.5916621465591204e-06,1.2733297172472964e-07,0.0002977691966166107,0.00010303785721092096,0.004820677459280013
4190.400000000001,1093.1125210414439,906.8874789585567,954.4517174446434,145.5482825553568,0.0,0.004554828255535686,125.04768849407327,0.0,186.22504208288717,1.5916621465591204e-06,1.2733297172472964e-07,0.0002964073502247107,0.00010300007820279421,0.004798501411794014
4204.8,1092.6866712480653,907.3133287519355,954.3034245246058,145.69657547539435,0.0,0.004569657547539437,125.8244172624716,0.0,185.3733424961298,1.5916621465591204e-06,1.2733297172472964e-07,0.00029505173223222896,0.00010296231304640597,0.004776428556291724
4219.2,1092.2627690770396,907.7372309229614,954.1551859764235,145.84481402357684,0.0,0.0045844814023576885,126.59405755761244,0.0,184.52553815407816,1.5916621465591204e-06,1.2733297172472964e-07,0.0002937023141532969,0.00010292456173667751,0.004754458396368172
4233.6,1091.8408056213698,908.1591943786315,954.0070017801602,145.99299821983993,0.0,0.004599299821983994,127.35667404229827,0.0,183.6816112427383,1.5916621465591204e-06,1.2733297172472964e-07,0.0002923590676340547,0.00010288682426853185,0.004732590438257175
4248.0,1091.4207720144752,908.579227985526,953.8588719158884,146.14112808411176,0.0,0.0046141128084111775,128.11233080856755,0.0,182.84154402894922,1.5916621465591204e-06,1.2733297172472964e-07,0.0002910219644493012,0.00010284910063689403,0.004710824190769753
4262.400000000001,1091.0026594302005,908.9973405698005,953.710796363687,146.2892036363133,0.0,0.00462892036363133,128.8610913712004,0.0,182.00531886040005,1.5916621465591204e-06,1.2733297172472964e-07,0.0002896909765025215,0.00010281139083669085,0.004689159165287662
4276.8,1090.5864590827275,909.4135409172735,953.5627751036421,146.4372248963581,0.0,0.00464372248963581,129.60301866714298,0.0,181.172918165454,1.5916621465591204e-06,1.2733297172472964e-07,0.0002883660758256064,0.00010277369486285096,0.004667594875751981
4291.2,1090.1721622263835,909.8278377736176,953.4148081158478,146.58519188415247,0.0,0.004658519188415252,130.33817506107243,0.0,180.34432445276593,1.5916621465591204e-06,1.2733297172472964e-07,0.0002870472345782439,0.00010273601271030494,0.004646130838646487
4305.6,1089.7597601554546,910.2402398445464,953.2668953804047,146.73310461959554,0.0,0.0046733104619595565,131.06662235088498,0.0,179.5195203109082,1.5916621465591204e-06,1.2733297172472964e-07,0.0002857344250473238,0.00010269834437398512,0.004624766572981299
4320.0,1089.3492442039988,910.6507557960024,953.1190368774213,146.88096312257892,0.0,0.004688096312257896,131.7884217731072,0.0,178.69848840799636,1.5916621465591204e-06,1.2733297172472964e-07,0.0002844276196463416,0.00010266068984882583,0.004603501600276659
4334.400000000001,1088.940605745659,911.059394254342,952.971232587013,147.0287674129871,0.0,0.004702876741298711,132.50363400823176,0.0,177.881211491317,1.5916621465591204e-06,1.2733297172472964e-07,0.0002831267909148065,0.00010262304912976313,0.00458233544454682
4348.8,1088.53383619348,911.4661638065209,952.823482489303,147.17651751069715,0.0,0.004717651751069717,133.21231918597567,0.0,177.0676723869592,1.5916621465591204e-06,1.2733297172472964e-07,0.00028183191151765456,0.00010258542221173508,0.004561267632284149
4363.2,1088.1289269997249,911.8710730002765,952.6757865644212,147.3242134355789,0.0,0.004732421343557897,133.91453689046298,0.0,176.25785399944834,1.5916621465591204e-06,1.2733297172472964e-07,0.000280542954244666,0.00010254780908968141,0.0045402976924433765
4377.6,1087.7258696560891,912.2741303439121,952.5281447925051,147.47185520749503,0.0,0.00474718552074951,134.61034614289343,0.0,175.45173931217698,1.5916621465591204e-06,1.2733297172472964e-07,0.00027925989201115083,0.00010251020975854385,0.004519425156446561
4392.0,1087.3246556935267,912.6753443064747,952.3805571536996,147.61944284630073,0.0,0.004761944284630079,135.29980540641762,0.0,174.64931138705197,1.5916621465591204e-06,1.2733297172472964e-07,0.00027798269785738735,0.00010247262421326595,0.004498649558167855
4406.400000000001,1086.925276681312,913.074723318689,952.2330236281562,147.766976371844,0.0,0.004776697637184408,135.98297263357284,0.0,173.85055336262292,1.5916621465591204e-06,1.2733297172472964e-07,0.0002767113449456433,0.00010243505244879301,0.004477970433879041
4420.8,1086.5277242272966,913.4722757727048,952.0855441960344,147.9144558039656,0.0,0.004791445580396567,136.65990524683835,0.0,173.05544845459178,1.5916621465591204e-06,1.2733297172472964e-07,0.00027544580656098676,0.00010239749446007238,0.004457387322256798
4435.2,1086.1319899777402,913.8680100222608,951.9381188375013,148.061881162499,0.0,0.004806188116249902,137.33066014277455,0.0,172.26397995547939,1.5916621465591204e-06,1.2733297172472964e-07,0.0002741860561107556,0.00010235995024205312,0.004436899764368239
4449.6,1085.7380656171474,914.2619343828537,951.7907475327299,148.20925246727023,0.0,0.0048209252467270305,137.99529369626805,0.0,171.4761312342937,1.5916621465591204e-06,1.2733297172472964e-07,0.0002729320671240293,0.00010232241978968614,0.004416507303656558
4464.0,1085.3459428680983,914.6540571319026,951.6434302619017,148.3565697380984,0.0,0.004835656973809841,138.65386176467965,0.0,170.69188573619567,1.5916621465591204e-06,1.2733297172472964e-07,0.0002716838132510973,0.00010228490309792428,0.004396209485926723
4478.400000000001,1084.9556134910868,915.0443865089146,951.4961670052053,148.50383299479498,0.0,0.004850383299479501,139.30641969189742,0.0,169.91122698217214,1.5916621465591204e-06,1.2733297172472964e-07,0.000270441268262938,0.00010224740016172224,0.004376005859331394
4492.8,1084.5670692843557,915.4329307156455,951.3489577428359,148.6510422571644,0.0,0.004865104225716443,139.9530223122928,0.0,169.13413856871023,1.5916621465591204e-06,1.2733297172472964e-07,0.00026920440605070103,0.00010220991097603644,0.00435589597435698
4507.2,1084.180302083738,915.8196979162631,951.2018024549964,148.79819754500375,0.0,0.00487981975450038,140.59372395458155,0.0,168.360604167475,1.5916621465591204e-06,1.2733297172472964e-07,0.00026797320062519367,0.00010217243553582523,0.004335879383809895
4521.6,1083.7953037624025,916.2046962375987,951.0547011218972,148.94529887810293,0.0,0.004894529887810301,141.2285784517294,0.0,167.59060752480377,1.5916621465591204e-06,1.2733297172472964e-07,0.00026674762611607626,0.00010213497383604885,0.004315955642798064
4536.0,1083.4120662296782,916.5879337703226,950.9076537237555,149.09234627624454,0.0,0.004909234627624461,141.85763921176203,0.0,166.8241324593556,1.5916621465591204e-06,1.2733297172472964e-07,0.000265527656768121,0.00010209752587166933,0.004296124308664848
4550.400000000001,1083.0305814323417,916.9694185676589,950.7606602407961,149.23933975920394,0.0,0.0049239339759203984,142.48095912621096,0.0,166.06116286468284,1.5916621465591204e-06,1.2733297172472964e-07,0.0002643132669453048,0.00010206009163765055,0.004276384941050392
4564.8,1082.6508413542565,917.3491586457445,950.613720653251,149.38627934674912,0.0,0.004938627934674921,143.09859058707755,0.0,165.30168270851198,1.5916621465591204e-06,1.2733297172472964e-07,0.0002631044311296648,0.00010202267112895828,0.00425673710186786
4579.2,1082.2728380159576,917.7271619840429,950.4668349413591,149.53316505864106,0.0,0.004953316505864112,143.7105855073928,0.0,164.5456760319147,1.5916621465591204e-06,1.2733297172472964e-07,0.00026190112391997897,0.00010198526434056008,0.004237180355276916
4593.6,1081.8965634744918,918.103436525509,950.320003085367,149.67999691463328,0.0,0.004967999691463334,144.31699532535612,0.0,163.79312694898283,1.5916621465591204e-06,1.2733297172472964e-07,0.0002607033200312485,0.0001019478712674254,0.004217714267670347
4608.0,1081.5220098232498,918.4779901767513,950.173225065528,149.82677493447216,0.0,0.004982677493447222,144.9178710084133,0.0,163.04401964649855,1.5916621465591204e-06,1.2733297172472964e-07,0.00025951099429417327,0.00010191049190452547,0.004198338407660605
4622.400000000001,1081.1491691918047,918.8508308081962,950.0265008621034,149.97349913789685,0.0,0.004997349913789689,145.5132630572754,0.0,162.29833838360855,1.5916621465591204e-06,1.2733297172472964e-07,0.00025832412165463286,0.00010187312624683347,0.004179052346066516
4636.8,1080.7780337457525,919.2219662542485,949.8798304553611,150.1201695446391,0.0,0.0050120169544639204,146.10322150987568,0.0,161.556067491504,1.5916621465591204e-06,1.2733297172472964e-07,0.00025714267717317737,0.00010183577428932434,0.004159855655900236
4651.2,1080.4085956865497,919.5914043134512,949.7332138255764,150.26678617442377,0.0,0.005026678617442381,146.6877959452678,0.0,160.81719137309847,1.5916621465591204e-06,1.2733297172472964e-07,0.00025596663602451473,0.00010179843602697482,0.00414074791235419
4665.6,1080.0408472513543,919.9591527486467,949.5866509530321,150.41334904696808,0.0,0.005041334904696815,147.26703548746235,0.0,160.0816945027076,1.5916621465591204e-06,1.2733297172472964e-07,0.0002547959734970009,0.00010176111145476368,0.004121728692788161
4680.0,1079.6747807126555,920.3252192873452,949.4401418180179,150.55985818198232,0.0,0.005055985818198238,147.8409888245573,0.0,159.3495614253103,1.5916621465591204e-06,1.2733297172472964e-07,0.0002536306649914638,0.0001017238005676713,0.004102797576705585
4694.400000000001,1079.310388377994,920.6896116220069,949.2936864008307,150.7063135991694,0.0,0.005070631359916948,148.4097042214345,0.0,158.6207767559872,1.5916621465591204e-06,1.2733297172472964e-07,0.00025247068602030965,0.00010168650336068007,0.004083954145734513
4708.8,1078.9476625903903,921.0523374096107,949.1472846817749,150.8527153182251,0.0,0.005085271531822517,148.97322948085161,0.0,157.89532518077965,1.5916621465591204e-06,1.2733297172472964e-07,0.00025131601220889006,0.00010164921982877411,0.004065197983645388
4723.2,1078.5865957278957,921.4134042721053,949.0009366411622,150.9990633588379,0.0,0.005099906335883798,149.53161196851664,0.0,157.1731914557904,1.5916621465591204e-06,1.2733297172472964e-07,0.00025016661929407096,0.00010161194996693948,0.0040465286763233955
4737.6,1078.2271802034224,921.7728197965783,948.854642259311,151.14535774068912,0.0,0.005114535774068919,150.0848986176561,0.0,156.4543604068441,1.5916621465591204e-06,1.2733297172472964e-07,0.0002490224831236917,0.000101574693770164,0.004027945811755336
4752.0,1077.869408464586,922.1305915354147,948.7084015165473,151.2915984834528,0.0,0.0051291598483452884,150.63313593289354,0.0,155.73881692917132,1.5916621465591204e-06,1.2733297172472964e-07,0.0002478835796560627,0.00010153745123343733,0.004009448980017209
4766.400000000001,1077.5132729935463,922.4867270064547,948.5622143932042,151.4377856067958,0.0,0.005143778560679591,151.1763699940867,0.0,155.0265459870916,1.5916621465591204e-06,1.2733297172472964e-07,0.0002467498849594604,0.000101500222351751,0.003991037773261804
4780.8,1077.1587663068508,922.8412336931502,948.4160808696221,151.58391913037786,0.0,0.005158391913037794,151.71464646011884,0.0,154.31753261370056,1.5916621465591204e-06,1.2733297172472964e-07,0.0002456213752116297,0.00010146300712009838,0.003972711785706465
4795.2,1076.805880955278,923.1941190447228,948.2700009261488,151.72999907385136,0.0,0.005172999907385141,152.24801057264773,0.0,153.6117619105553,1.5916621465591204e-06,1.2733297172472964e-07,0.000244498026699283,0.0001014258055334747,0.00395447061362087
4809.6,1076.4546095236833,923.5453904763175,948.1239745431387,151.8760254568615,0.0,0.005187602545686156,152.77650715981022,0.0,152.9092190473658,1.5916621465591204e-06,1.2733297172472964e-07,0.000243379815817609,0.0001013886175868769,0.003936313855315027
4824.0,1076.1049446308373,923.8950553691633,947.9780017009538,152.02199829904634,0.0,0.005202199829904643,153.30018064032996,0.0,152.209889261674,1.5916621465591204e-06,1.2733297172472964e-07,0.00024226671906976203,0.00010135144327530389,0.0039182411111269855
4838.400000000001,1075.7568789291822,924.2431210708182,947.8320823799634,152.16791762003675,0.0,0.005216791762003685,153.81907503571387,0.0,151.513757858364,1.5916621465591204e-06,1.2733297172472964e-07,0.00024115871306608241,0.00010131428259375636,0.0039002519834062752
4852.8,1075.4104051047923,924.5895948952091,947.6862165605437,152.31378343945633,0.0,0.0052313783439456455,154.33323396317354,0.0,150.82081020958321,1.5916621465591204e-06,1.2733297172472964e-07,0.00024005577452397092,0.00010127713553723684,0.0038823460765080005
4867.2,1075.0655158772188,924.9344841227822,947.5404042230786,152.4595957769216,0.0,0.005245959577692171,154.84270063912194,0.0,150.13103175443655,1.5916621465591204e-06,1.2733297172472964e-07,0.00023895788026740195,0.0001012400021007497,0.0038645229967811325
4881.6,1074.722203999315,925.2777960006858,947.3946453479584,152.60535465204177,0.0,0.005260535465204184,155.34751788543454,0.0,149.44440799862923,1.5916621465591204e-06,1.2733297172472964e-07,0.00023786500722635518,0.00010120288227930107,0.0038467823525555073
4896.0,1074.38046225708,925.619537742921,947.2489399155814,152.75106008441884,0.0,0.005275106008441892,155.84772813300043,0.0,148.7609245141589,1.5916621465591204e-06,1.2733297172472964e-07,0.00023677713243632542,0.00010116577606789908,0.0038291237541301813
4910.400000000001,1074.0402834695078,925.9597165304933,947.1032879063523,152.89671209364775,0.0,0.005289671209364782,156.3433734252339,0.0,148.0805669390145,1.5916621465591204e-06,1.2733297172472964e-07,0.0002356942330378433,0.00010112868346155346,0.0038115468137619973
4924.8,1073.7016604884384,926.2983395115622,946.9576893006839,153.04231069931612,0.0,0.0053042310699316225,156.83449542154628,0.0,147.40332097687622,1.5916621465591204e-06,1.2733297172472964e-07,0.00023461628627599783,0.00010109160445527599,0.0037940511456542223
4939.2,1073.3645861984094,926.6354138015918,946.8121440789955,153.18785592100454,0.0,0.005318785592100464,157.32113540077992,0.0,146.7291723968176,1.5916621465591204e-06,1.2733297172472964e-07,0.00023354326949996193,0.00010105453904408016,0.0037766363659453087
4953.6,1073.029053516503,926.9709464834979,946.6666522217138,153.33334777828634,0.0,0.005333334777828641,157.80333426460138,0.0,146.05810703300506,1.5916621465591204e-06,1.2733297172472964e-07,0.0002324751601625146,0.00010101748722298128,0.003759302092697632
4968.0,1072.695055392203,927.3049446077979,946.5212137092725,153.47878629072758,0.0,0.005347878629072768,158.2811325408565,0.0,145.390110784405,1.5916621465591204e-06,1.2733297172472964e-07,0.0002314119358195744,0.00010098044898699653,0.003742047945886481
4982.400000000001,1072.3625848072168,927.6374151927843,946.3758285221128,153.62417147788736,0.0,0.005362417147788743,158.7545703895294,0.0,144.7251696144325,1.5916621465591204e-06,1.2733297172472964e-07,0.00023035357412964043,0.00010094342433114493,0.0037248735473875594
4996.8,1072.0316347752919,927.968365224709,946.2304966406829,153.76950335931738,0.0,0.005376950335931745,159.22368760957286,0.0,144.06326955058285,1.5916621465591204e-06,1.2733297172472964e-07,0.00022930005285320585,0.00010090641325044728,0.003707778520964137
5011.2,1071.7021983421796,928.2978016578215,946.085218045438,153.91478195456233,0.0,0.00539147819545624,159.68852363188643,0.0,143.40439668435806,1.5916621465591204e-06,1.2733297172472964e-07,0.00022825134985264095,0.00010086941573992622,0.003690762492261833
5025.6,1071.3742685854395,928.6257314145614,945.9399927168405,154.06000728315965,0.0,0.005406000728315975,160.14911752710995,0.0,142.74853717087808,1.5916621465591204e-06,1.2733297172472964e-07,0.0002272074430915742,0.0001008324317946062,0.003673825088795316
5040.0,1071.0478386142934,928.9521613857078,945.7948206353606,154.2051793646397,0.0,0.005420517936463976,160.6055080091746,0.0,142.0956772285856,1.5916621465591204e-06,1.2733297172472964e-07,0.0002261683106344225,0.00010079546140951358,0.0036569659399374624
5054.400000000001,1070.7229015694788,929.2770984305223,945.6497017814746,154.35029821852558,0.0,0.005435029821852566,161.05773343851055,0.0,141.44580313895653,1.5916621465591204e-06,1.2733297172472964e-07,0.00022513393064593033,0.00010075850457967642,0.003640184676908705
5068.8,1070.3994506231072,929.6005493768938,945.5046361356668,154.4953638643333,0.0,0.005449536386433338,161.50583182521873,0.0,140.7989012462134,1.5916621465591204e-06,1.2733297172472964e-07,0.00022410428139071364,0.00010072156130012468,0.003623480932766527
5083.2,1070.07747897852,929.922521021481,945.3596236784284,154.64037632157167,0.0,0.005464037632157177,161.94984083220714,0.0,140.15495795703907,1.5916621465591204e-06,1.2733297172472964e-07,0.00022307934123280408,0.00010068463156589014,0.003606854342394962
5097.6,1069.7569798701472,930.2430201298539,945.2146643902578,154.7853356097424,0.0,0.005478533560974252,162.38979777829152,0.0,139.51395974029333,1.5916621465591204e-06,1.2733297172472964e-07,0.00022205908863519799,0.00010064771537200638,0.0035903045424942456
5112.0,1069.437946563365,930.562053436636,945.0697582516601,154.93024174834002,0.0,0.005493024174834012,162.82573964126055,0.0,138.8758931267289,1.5916621465591204e-06,1.2733297172472964e-07,0.00022104350215940431,0.00010061081271350881,0.003573831171570494
5126.400000000001,1069.120372354354,930.8796276456467,944.9249052431483,155.07509475685194,0.0,0.005507509475685202,163.25770306105392,0.0,138.24074470870733,1.5916621465591204e-06,1.2733297172472964e-07,0.00022003256046499247,0.00010057392358543463,0.0035574338699254065
5140.8,1068.8042505699018,931.1957494300992,944.7801053452419,155.2198946547583,0.0,0.00552198946547584,163.68572434868565,0.0,137.60850113980257,1.5916621465591204e-06,1.2733297172472964e-07,0.00021902624230896132,0.00010053704798282292,0.003541112279643112
5155.2,1068.4895745673234,931.5104254326776,944.6353585384679,155.36464146153227,0.0,0.0055364641461532384,164.10983948294697,0.0,136.9791491346458,1.5916621465591204e-06,1.2733297172472964e-07,0.00021802452654549222,0.00010050018590071453,0.0035248660445833194
5169.6,1068.176337734339,931.8236622656622,944.4906648033603,155.50933519663985,0.0,0.005550933519663992,164.53008411184146,0.0,136.35267546867692,1.5916621465591204e-06,1.2733297172472964e-07,0.00021702739212555342,0.00010046333733415214,0.003508694810372025
5184.0,1067.8645334889109,932.1354665110902,944.3460241204604,155.65397587953973,0.0,0.005565397587953983,164.9464935579338,0.0,135.7290669778207,1.5916621465591204e-06,1.2733297172472964e-07,0.00021603481809638473,0.00010042650227818025,0.0034925982243904025
5198.400000000001,1067.554155279106,932.4458447208948,944.2014364703166,155.79856352968372,0.0,0.005579856352968379,165.3591028212792,0.0,135.1083105582112,1.5916621465591204e-06,1.2733297172472964e-07,0.0002150467836010587,0.00010038968072784522,0.0034765759357649087
5212.8,1067.2451965829596,932.7548034170413,944.0569018334841,155.94309816651628,0.0,0.005594309816651635,165.76794658232052,0.0,134.49039316591825,1.5916621465591204e-06,1.2733297172472964e-07,0.0002140632678780455,0.00010035287267819513,0.003460627595357521
5227.2,1066.937650908336,933.0623490916648,943.9124201905253,156.08757980947487,0.0,0.005608757980947493,166.173059204753,0.0,133.87530181667125,1.5916621465591204e-06,1.2733297172472964e-07,0.00021308425026077306,0.00010031607812427993,0.0034447528557559246
5241.6,1066.6315117927968,933.3684882072041,943.7679915220104,156.23200847798975,0.0,0.005623200847798985,166.57447473835694,0.0,133.2630235855927,1.5916621465591204e-06,1.2733297172472964e-07,0.00021210971017720314,0.00010027929706115144,0.003428951371264009
5256.0,1066.326772803462,933.6732271965388,943.623615808516,156.37638419148416,0.0,0.0056376384191484255,166.97222692179744,0.0,132.65354560692322,1.5916621465591204e-06,1.2733297172472964e-07,0.0002111396271493936,0.0001002425294838632,0.003413222797892149
5270.400000000001,1066.0234275368782,933.9765724631227,943.4792930306262,156.52070696937415,0.0,0.0056520706969374205,167.3663491853928,0.0,132.04685507375552,1.5916621465591204e-06,1.2733297172472964e-07,0.0002101739807930748,0.00010020577538747063,0.003397566793347786
5284.8,1065.7214696188555,934.2785303811455,943.3350231689317,156.66497683106854,0.0,0.005666497683106863,167.75687465634869,0.0,131.44293923771,1.5916621465591204e-06,1.2733297172472964e-07,0.00020921275081713352,0.00010016903476703088,0.003381983017024525
5299.2,1065.4208927042757,934.5791072957252,943.1908062040309,156.80919379596926,0.0,0.005680919379596935,168.14383616686243,0.0,130.84178540855055,1.5916621465591204e-06,1.2733297172472964e-07,0.00020825591702300136,0.00010013230761760302,0.003366471129989714
5313.6,1065.1216904771106,934.87830952289,943.0466421165293,156.95335788347094,0.0,0.005695335788347105,168.52726624317793,0.0,130.24338095422058,1.5916621465591204e-06,1.2733297172472964e-07,0.00020730345930471198,0.00010009559393424788,0.003351030794982934
5328.0,1064.8238566502275,935.1761433497736,942.9025308870389,157.09746911296122,0.0,0.005709746911296133,168.90719711388368,0.0,129.64771330045392,1.5916621465591204e-06,1.2733297172472964e-07,0.0002063553576482819,0.00010005889371202806,0.0033356616764035124
5342.400000000001,1064.5273849652494,935.4726150347519,942.7584724961796,157.24152750382058,0.0,0.005724152750382067,169.2836607132626,0.0,129.0547699304975,1.5916621465591204e-06,1.2733297172472964e-07,0.00020541159213126908,0.00010002220694600806,0.0033203634403009947
5356.8,1064.2322691924246,935.7677308075764,942.6144669245779,157.38553307542236,0.0,0.005738553307542244,169.65668868392999,0.0,128.4645383848482,1.5916621465591204e-06,1.2733297172472964e-07,0.000204472142922354,9.998553363125412e-05,0.0033051357543659766
5371.2,1063.9385031304973,936.0614968695037,942.4705141528674,157.52948584713278,0.0,0.0057529485847132925,170.02631237944428,0.0,127.87700626099365,1.5916621465591204e-06,1.2733297172472964e-07,0.00020353699028092723,9.99488737628343e-05,0.003289978287921106
5385.6,1063.6460806065763,936.3539193934248,942.3266141616889,157.6733858383112,0.0,0.005767338583831128,170.39256286688914,0.0,127.29216121315153,1.5916621465591204e-06,1.2733297172472964e-07,0.00020260611455667437,9.991222733581848e-05,0.003274890711912054
5400.0,1063.3549954760063,936.6450045239947,942.1827669316907,157.81723306830943,0.0,0.005781723306830958,170.75547092942915,0.0,126.7099909520116,1.5916621465591204e-06,1.2733297172472964e-07,0.00020167949618916548,9.98755943452784e-05,0.003259872698898599
5414.400000000001,1063.0652416222408,936.9347583777603,942.0389724435274,157.96102755647274,0.0,0.0057961027556472835,171.11506706883907,0.0,126.1304832444805,1.5916621465591204e-06,1.2733297172472964e-07,0.000200757115707449,9.983897478628746e-05,0.0032449239230458284
5428.8,1062.776812956712,937.223187043289,941.8952306778614,158.10476932213874,0.0,0.005810476932213887,171.4713815080058,0.0,125.55362591342305,1.5916621465591204e-06,1.2733297172472964e-07,0.00019983895372963973,9.980236865392103e-05,0.0032300440601152444
5443.2,1062.4897034187063,937.5102965812948,941.7515416153617,158.2484583846384,0.0,0.0058248458384638525,171.82444419340555,0.0,124.97940683741149,1.5916621465591204e-06,1.2733297172472964e-07,0.00019892499096251998,9.976577594325619e-05,0.003215232787456141
5457.6,1062.2039069752348,937.7960930247663,941.6079052367047,158.39209476329543,0.0,0.005839209476329551,172.17428479755446,0.0,124.4078139504685,1.5916621465591204e-06,1.2733297172472964e-07,0.00019801520820113036,9.972919664937184e-05,0.0032004897839968335
5472.0,1061.9194176209096,938.080582379091,941.4643215225739,158.53567847742633,0.0,0.005853567847742641,172.5209327214348,0.0,123.83883524181863,1.5916621465591204e-06,1.2733297172472964e-07,0.00019710958632837428,9.969263076734872e-05,0.0031858147302361466
5486.400000000001,1061.6362293778193,938.3637706221818,941.3207904536595,158.6792095463407,0.0,0.0058679209546340805,172.86441709689592,0.0,123.27245875563744,1.5916621465591204e-06,1.2733297172472964e-07,0.00019620810631461853,9.965607829226932e-05,0.003171207308234847
5500.8,1061.3543362953903,938.6456637046106,941.1773120106592,158.822687989341,0.0,0.005882268798934114,173.20476678977633,0.0,122.70867259077977,1.5916621465591204e-06,1.2733297172472964e-07,0.00019531074921726082,9.961953921921799e-05,0.0031566672016066035
5515.2,1061.0737324500903,938.9262675499106,941.0338861742774,158.9661138257227,0.0,0.005896611382572276,173.54201041746245,0.0,122.14746490017978,1.5916621465591204e-06,1.2733297172472964e-07,0.00019441749617977495,9.958301354328082e-05,0.0031421940955004874
5529.6,1060.7944119455385,939.205588054462,940.8905129252264,159.10948707477394,0.0,0.005910948707477404,173.87617633089053,0.0,121.58882389107646,1.5916621465591204e-06,1.2733297172472964e-07,0.00019352832843206962,9.954650125954579e-05,0.0031277876766047934
5544.0,1060.5163689123856,939.4836310876152,940.747192244224,159.25280775577605,0.0,0.0059252807755776175,174.20729261706393,0.0,121.03273782477038,1.5916621465591204e-06,1.2733297172472964e-07,0.00019264322729010126,9.951000236310254e-05,0.003113447633138794
5558.400000000001,1060.2395975081229,939.7604024918783,940.603924111997,159.3960758880032,0.0,0.005939607588800333,174.53538710673584,0.0,120.4791950162446,1.5916621465591204e-06,1.2733297172472964e-07,0.00019176217415527077,9.947351684904269e-05,0.00309917365484105
5572.8,1059.964091916962,940.0359080830393,940.4607085092778,159.5392914907225,0.0,0.00595392914907226,174.8604873767835,0.0,119.92818383392262,1.5916621465591204e-06,1.2733297172472964e-07,0.00019088515051403807,9.943704471245951e-05,0.0030849654329612288
5587.2,1059.6898463497112,940.3101536502897,940.3175454168064,159.6824545831939,0.0,0.005968245458319402,175.1826207525674,0.0,119.37969269942141,1.5916621465591204e-06,1.2733297172472964e-07,0.00019001213793752925,9.940058594844813e-05,0.0030708226602518644
5601.6,1059.4168550436548,940.5831449563458,940.1744348153297,159.8255651846705,0.0,0.005982556518467061,175.50181431027445,0.0,118.83371008730899,1.5916621465591204e-06,1.2733297172472964e-07,0.00018914311808115042,9.936414055210547e-05,0.0030567450309602613
5616.0,1059.1451122624308,940.8548877375703,940.0313766856021,159.96862331439812,0.0,0.005996862331439822,175.81809487924673,0.0,118.29022452486049,1.5916621465591204e-06,1.2733297172472964e-07,0.00018827807268419975,9.932770851853028e-05,0.0030427322408203387
5630.400000000001,1058.8746122959074,941.1253877040937,939.8883710083845,160.11162899161567,0.0,0.006011162899161575,176.13148904429536,0.0,117.74922459181369,1.5916621465591204e-06,1.2733297172472964e-07,0.00018741698356947812,9.929128984282302e-05,0.0030287839870445517
5644.8,1058.605349460066,941.3946505399348,939.7454177644455,160.25458223555486,0.0,0.006025458223555497,176.44202314800114,0.0,117.21069892013122,1.5916621465591204e-06,1.2733297172472964e-07,0.00018655983264291082,9.925488452008612e-05,0.00301489996831598
5659.2,1058.3373180968802,941.6626819031205,939.6025169345596,160.39748306544055,0.0,0.006039748306544067,176.74972329300155,0.0,116.67463619375962,1.5916621465591204e-06,1.2733297172472964e-07,0.0001857066018931639,9.921849254542354e-05,0.0030010798847803248
5673.6,1058.0705125741947,941.9294874258062,939.4596684995097,160.54033150049042,0.0,0.006054033150049052,177.05461534426502,0.0,116.14102514838851,1.5916621465591204e-06,1.2733297172472964e-07,0.00018485727339126082,9.918211391394128e-05,0.002987323438038003
5688.0,1057.8049272856072,942.1950727143939,939.3168724400851,160.6831275599151,0.0,0.006068312755991519,177.35672493135334,0.0,115.6098545712133,1.5916621465591204e-06,1.2733297172472964e-07,0.0001840118292902051,9.914574862074704e-05,0.0029736303311363095
5702.400000000001,1057.5405566503498,942.4594433496515,939.1741287370819,160.8258712629182,0.0,0.006082587126291831,177.65607745067186,0.0,115.08111330069835,1.5916621465591204e-06,1.2733297172472964e-07,0.00018317025182460286,9.910939666095028e-05,0.0029600002685616087
5716.8,1057.2773951131699,942.7226048868312,939.0314373713039,160.9685626286963,0.0,0.006096856262869642,177.95269806770892,0.0,114.5547902263387,1.5916621465591204e-06,1.2733297172472964e-07,0.000182332523310284,9.907305802966231e-05,0.0029464329562315724
5731.2,1057.015437144297,942.9845628557036,938.8887983235612,161.11120167643895,0.0,0.006111120167643907,178.24661171019085,0.0,114.0308742885934,1.5916621465591204e-06,1.2733297172472964e-07,0.00018149862614419578,9.903673272199619e-05,0.0029329281014917868
5745.6,1056.7546772393275,943.2453227606738,938.7462115746714,161.25378842532865,0.0,0.006125378842532876,178.53784307011526,0.0,113.50935447865368,1.5916621465591204e-06,1.2733297172472964e-07,0.00018066854280403402,9.90004207330668e-05,0.0029194854131081595
5760.0,1056.4951099189245,943.5048900810767,938.6036771054593,161.39632289454082,0.0,0.006139632289454093,178.82641662551458,0.0,112.9902198378478,1.5916621465591204e-06,1.2733297172472964e-07,0.00017984225584729573,9.896412205799081e-05,0.002906104601250025
5774.400000000001,1056.2367297288108,943.7632702711905,938.4611948967563,161.53880510324402,0.0,0.006153880510324408,179.11235663129213,0.0,112.47345945762027,1.5916621465591204e-06,1.2733297172472964e-07,0.00017901974791124608,9.892783669188668e-05,0.0028927853774879868
5788.8,1055.979531239652,944.0204687603492,938.3187649294008,161.68123507059946,0.0,0.006168123507059955,179.39568712114837,0.0,111.95906247930282,1.5916621465591204e-06,1.2733297172472964e-07,0.0001782010017125538,9.889156462987463e-05,0.0028795274547865094
5803.2,1055.7235090469437,944.2764909530575,938.1763871842386,161.82361281576163,0.0,0.006182361281576174,179.67643190964506,0.0,111.44701809388619,1.5916621465591204e-06,1.2733297172472964e-07,0.000177386000046928,9.885530586707669e-05,0.00286633054749647
5817.6,1055.468657770896,944.5313422291052,938.0340616421223,161.9659383578779,0.0,0.006196593835787801,179.9546145942541,0.0,110.93731554179078,1.5916621465591204e-06,1.2733297172472964e-07,0.0001765747257887532,9.88190603986167e-05,0.0028531943713477844
5832.0,1055.2149720563211,944.7850279436799,937.8917882839115,162.10821171608856,0.0,0.00621082117160887,180.23025855739425,0.0,110.42994411264124,1.5916621465591204e-06,1.2733297172472964e-07,0.00017576716189073025,9.878282821962024e-05,0.002840118643442068
5846.400000000001,1054.9624465725205,945.0375534274805,937.7495670904732,162.250432909527,0.0,0.006225043290952712,180.50338696845415,0.0,109.92489314504007,1.5916621465591204e-06,1.2733297172472964e-07,0.00017496329138351642,9.874660932521473e-05,0.0028271030822453703
5860.8,1054.7110760131714,945.2889239868296,937.6073980426806,162.39260195731944,0.0,0.006239260195731958,180.77402278580325,0.0,109.42215202634179,1.5916621465591204e-06,1.2733297172472964e-07,0.00017416309737536558,9.871040371052934e-05,0.002814147407580892
5875.2,1054.460855096215,945.5391449037861,937.4652811214149,162.53471887858527,0.0,0.006253471887858537,181.04218875879013,0.0,108.92171019242892,1.5916621465591204e-06,1.2733297172472964e-07,0.00017336656305177184,9.867421137069507e-05,0.0028012513406217854
5889.6,1054.2117785637447,945.7882214362563,937.3232163075635,162.6767836924367,0.0,0.006267678369243678,181.30790742972957,0.0,108.42355712748838,1.5916621465591204e-06,1.2733297172472964e-07,0.00017257367167511356,9.863803230084462e-05,0.002788414603884014
5904.0,1053.963841181896,946.0361588181053,937.1812035820212,162.81879641797897,0.0,0.006281879641797906,181.57120113587752,0.0,107.92768236379072,1.5916621465591204e-06,1.2733297172472964e-07,0.00017178440658430205,9.860186649611257e-05,0.002775636921219238
5918.400000000001,1053.7170377407338,946.2829622592673,937.0392429256898,162.9607570743104,0.0,0.00629607570743105,181.8320920113959,0.0,107.4340754814665,1.5916621465591204e-06,1.2733297172472964e-07,0.00017099875119442552,9.856571395163523e-05,0.0027629180178077198
5932.8,1053.471363054144,946.528636945857,936.897334319478,163.10266568052222,0.0,0.0063102665680522365,182.09060198930604,0.0,106.94272610828693,1.5916621465591204e-06,1.2733297172472964e-07,0.00017021668899640005,9.852957466255069e-05,0.002750257620151309
5947.2,1053.2268119597484,946.7731880402528,936.7554777443015,163.24452225569883,0.0,0.0063244522255698895,182.34675280049638,0.0,106.45362391949561,1.5916621465591204e-06,1.2733297172472964e-07,0.0001694382035567017,9.849344862399885e-05,0.0027376554560677824
5961.6,1052.9833793189257,947.0166206810756,936.6136731810828,163.3863268189173,0.0,0.006338632681891741,182.60056596111735,0.0,105.96675863785015,1.5916621465591204e-06,1.2733297172472964e-07,0.00016866327851743277,9.845733583112136e-05,0.002725111254690595
5976.0,1052.7410600164574,947.258939983544,936.4719206107522,163.528079389248,0.0,0.006352807938924812,182.85206280189666,0.0,105.48212003291337,1.5916621465591204e-06,1.2733297172472964e-07,0.00016789189759519368,9.842123627906172e-05,0.0027126247464493536
5990.400000000001,1052.4998489604957,947.5001510395055,936.3302200142459,163.66977998575427,0.0,0.006366977998575437,183.10126446159026,0.0,104.99969792099023,1.5916621465591204e-06,1.2733297172472964e-07,0.0001671240445809825,9.838514996296509e-05,0.002700195663066886
6004.8,1052.2597410824808,947.7402589175206,936.1885713725081,163.81142862749232,0.0,0.00638114286274924,183.34819188608515,0.0,104.51948216496021,1.5916621465591204e-06,1.2733297172472964e-07,0.00016635970333992827,9.834907687797857e-05,0.0026878237375536846
6019.2,1052.0207313370317,947.9792686629693,936.046974666489,163.95302533351145,0.0,0.006395302533351154,183.59286583017345,0.0,104.04146267406247,1.5916621465591204e-06,1.2733297172472964e-07,0.00016559885781094888,9.831301701925086e-05,0.002675508704201125
6033.6,1051.7828147018442,948.217185298157,935.9054298771463,164.09457012285404,0.0,0.006409457012285412,183.83530685931214,0.0,103.56562940368724,1.5916621465591204e-06,1.2733297172472964e-07,0.00016484149200641918,9.827697038193257e-05,0.002663250298574872
6048.0,1051.5459861775803,948.454013822421,935.763936985445,164.23606301455533,0.0,0.0064236063014555455,184.07553535136827,0.0,103.09197235515933,1.5916621465591204e-06,1.2733297172472964e-07,0.00016408759001182639,9.824093696117607e-05,0.0026510482575081078
6062.400000000001,1051.310240787767,948.6897592122342,935.6224959723564,164.37750402764382,0.0,0.006437750402764393,184.31357149835117,0.0,102.62048157553284,1.5916621465591204e-06,1.2733297172472964e-07,0.00016333713598544325,9.820491675213544e-05,0.0026389023190950393
6076.8,1051.0755735786897,948.9244264213114,935.4811068188594,164.51889318114084,0.0,0.006451889318114091,184.54943530812915,0.0,102.15114715737832,1.5916621465591204e-06,1.2733297172472964e-07,0.00016259011415798935,9.81689097499666e-05,0.002626812222684243
6091.2,1050.8419796192888,949.1580203807125,935.3397695059397,164.66023049406073,0.0,0.0064660230494060795,184.78314660613424,0.0,101.68395923857634,1.5916621465591204e-06,1.2733297172472964e-07,0.00016184650883230251,9.813291594982724e-05,0.0026147777088722157
6105.6,1050.609454001054,949.390545998947,935.1984840145892,164.80151598541096,0.0,0.006480151598541107,185.01472503705247,0.0,101.21890800210701,1.5916621465591204e-06,1.2733297172472964e-07,0.00016110630438300377,9.809693534687679e-05,0.002602798519496782
6120.0,1050.3779918379244,949.6220081620769,935.0572503258082,164.94274967419207,0.0,0.006494274967419215,185.2441900665017,0.0,100.75598367584746,1.5916621465591204e-06,1.2733297172472964e-07,0.00016036948525617505,9.806096793627652e-05,0.002590874397630768
6134.400000000001,1050.147588266181,949.8524117338204,934.9160684206028,165.08393157939747,0.0,0.0065083931579397545,185.47156098269602,0.0,100.29517653236053,1.5916621465591204e-06,1.2733297172472964e-07,0.00015963603596902287,9.80250137131894e-05,0.0025790050875754648
6148.8,1049.9182384443486,950.0817615556527,934.7749382799866,165.22506172001374,0.0,0.006522506172001382,185.69685689809788,0.0,99.83647688869587,1.5916621465591204e-06,1.2733297172472964e-07,0.00015890594110956168,9.798907267278021e-05,0.0025671903348543842
6163.2,1049.6899375530916,950.31006244691,934.6338598849796,165.3661401150204,0.0,0.0065366140115020515,185.92009675103918,0.0,99.37987510618154,1.5916621465591204e-06,1.2733297172472964e-07,0.0001581791853362822,9.795314481021547e-05,0.0025554298862068337
6177.6,1049.4626807951295,950.5373192048714,934.4928332166099,165.5071667833902,0.0,0.006550716678339027,186.14129930525334,0.0,98.92536159025803,1.5916621465591204e-06,1.2733297172472964e-07,0.00015745575337788726,9.791723012066355e-05,0.002543723489582562
6192.0,1049.2364633951331,950.7635366048684,934.3518582559115,165.64814174408866,0.0,0.006564814174408875,186.36048315224912,0.0,98.47292679026475,1.5916621465591204e-06,1.2733297172472964e-07,0.0001567356300329519,9.788132859929452e-05,0.002532070894135242
6206.400000000001,1049.011280599609,950.9887194003921,934.2109349839258,165.78906501607457,0.0,0.0065789065016074654,186.5776667139438,0.0,98.02256119921697,1.5916621465591204e-06,1.2733297172472964e-07,0.00015601880016956842,9.784544024128028e-05,0.002520471850215649
6220.8,1048.787127676815,951.2128723231859,934.0700633817006,165.92993661829965,0.0,0.006592993661829974,186.79286824315676,0.0,97.57425535362916,1.5916621465591204e-06,1.2733297172472964e-07,0.00015530524872506513,9.780956504179438e-05,0.0025089261093661315
6235.2,1048.5639999166594,951.4360000833419,933.9292434302915,166.07075656970872,0.0,0.00660707565697088,187.00610582487096,0.0,97.12799983331752,1.5916621465591204e-06,1.2733297172472964e-07,0.00015459496070569203,9.777370299601229e-05,0.002497433424314498
6245.955896742093,1048.398003517134,951.6019964828673,933.8240934467318,166.17590655326842,0.0,0.0066175906553268505,187.16411030238913,0.0,96.79600703426661,1.5916621465591204e-06,1.2733297172472964e-07,0.0001540665403345125,9.774692487624536e-05,0.0024888835774127794
6245.955896742093,1212.7471645125183,787.2528354874829,933.8240934467318,166.17590655326842,0.0,0.0066175906553268505,187.16411030238913,0.0,425.4943290250354,1.5916621465591204e-06,1.2733297172472964e-07,0.0006772432170847205,9.774692487624536e-05,0.011101608957171659
6249.6,1212.5005132363335,787.4994867636676,933.788475111806,166.21152488819436,0.0,0.006621152488819447,188.19377184559255,0.0,425.0010264726659,1.5916621465591204e-06,1.2733297172472964e-07,0.000676458046085313,9.773785409937734e-05,0.011088334624287828
6264.0,1211.5286428680186,788.4713571319826,933.6477584052168,166.35224159478344,0.0,0.0066352241594783475,192.23928113873106,0.0,423.05728573603596,1.5916621465591204e-06,1.2733297172472964e-07,0.0006733642675320941,9.770201834653473e-05,0.011036044454099087
6278.400000000001,1210.561217500276,789.4387824997254,933.5070932927932,166.492906707207,0.0,0.006649290670720707,196.24786818646402,0.0,421.12243500055047,1.5916621465591204e-06,1.2733297172472964e-07,0.0006702846388571798,9.766619573296896e-05,0.01098401578887385
6292.8,1209.5982164937789,790.401783506222,933.3664797553323,166.63352024466795,0.0,0.0066633520244667975,200.21987515191051,0.0,419.1964329875568,1.5916621465591204e-06,1.2733297172472964e-07,0.0006672190943589012,9.763038625378971e-05,0.010932247091886185
6307.2,1208.6396197758158,791.3603802241851,933.225917774074,166.7740822259263,0.0,0.006677408222592634,204.15563317063663,0.0,417.2792395516308,1.5916621465591204e-06,1.2733297172472964e-07,0.000664167570139306,9.759458990421943e-05,0.010880736863712081
6321.6,1207.6854071964176,792.3145928035835,933.0854073301084,166.9145926698917,0.0,0.006691459266989177,208.0554731685859,0.0,415.37081439283406,1.5916621465591204e-06,1.2733297172472964e-07,0.0006611300020545083,9.755880667944245e-05,0.010829483607490252
6336.0,1206.7355587034049,793.264441296596,932.9449484045397,167.05505159546055,0.0,0.006705505159546058,211.91972298242854,0.0,413.47111740680884,1.5916621465591204e-06,1.2733297172472964e-07,0.0006581063262719194,9.752303657464657e-05,0.01077848583823067
6350.400000000001,1205.7900543376418,794.2099456623589,932.8045409784783,167.19545902152208,0.0,0.006719545902152211,215.7487074080835,0.0,411.5801086752829,1.5916621465591204e-06,1.2733297172472964e-07,0.0006550964792551367,9.748727958502132e-05,0.010727742082453967
6364.8,1204.8488742310167,795.1511257689843,932.6641850330416,167.3358149669587,0.0,0.006733581496695875,219.54274829144288,0.0,409.69774846203234,1.5916621465591204e-06,1.2733297172472964e-07,0.000652100397757517,9.745153570575796e-05,0.010677250877979537
6379.2,1203.911998611545,796.0880013884561,932.5238805493548,167.47611945064557,0.0,0.006747611945064559,223.30216436402958,0.0,407.8239972230889,1.5916621465591204e-06,1.2733297172472964e-07,0.0006491180188384224,9.741580493204966e-05,0.010627010774097464
6393.6,1202.9794077894928,797.0205922105081,932.3836275085491,167.6163724914514,0.0,0.006761637249145142,227.02727171847474,0.0,405.95881557898474,1.5916621465591204e-06,1.2733297172472964e-07,0.0006461492798190449,9.738008725909122e-05,0.010577020330724158
6408.0,1202.051082168308,797.9489178316928,932.2434258917625,167.75657410823777,0.0,0.006775657410823785,230.71838346159544,0.0,404.10216433661526,1.5916621465591204e-06,1.2733297172472964e-07,0.0006431941183172035,9.734438268207915e-05,0.010527278118890449
6422.400000000001,1201.1270022411927,798.8729977588085,932.1032756801409,167.8967243198595,0.0,0.006789672431985957,234.37580983482673,0.0,402.2540044823842,1.5916621465591204e-06,1.2733297172472964e-07,0.0006402524722364337,9.730869119621186e-05,0.01047778272046095
6436.8,1200.2071485903803,799.7928514096208,931.9631768548361,168.03682314516428,0.0,0.006803682314516437,237.99985825965422,0.0,400.4142971807595,1.5916621465591204e-06,1.2733297172472964e-07,0.0006373242797636892,9.727301279668946e-05,0.01042853272800026
6451.2,1199.2915018855292,800.7084981144717,931.8231293970073,168.17687060299315,0.0,0.006817687060299317,241.59083343893784,0.0,398.5830037710575,1.5916621465591204e-06,1.2733297172472964e-07,0.0006344094793642234,9.723734747871378e-05,0.01037952674459332
6465.6,1198.3800428852755,801.6199571147253,931.6831332878204,168.31686671217986,0.0,0.006831686671217994,245.14903725903082,0.0,396.7600857705503,1.5916621465591204e-06,1.2733297172472964e-07,0.0006315080097865348,9.720169523748848e-05,0.010330763383836648
6480.0,1197.472752437606,802.5272475623949,931.5431885084487,168.45681149155172,0.0,0.006845681149155175,248.6747687665121,0.0,394.9455048752111,1.5916621465591204e-06,1.2733297172472964e-07,0.0006286198100635541,9.716605606821891e-05,0.010282241269767678
6494.400000000001,1196.5696114786178,803.4303885213834,931.4032950400716,168.59670495992867,0.0,0.006859670495992874,252.16832424644332,0.0,393.13922295723444,1.5916621465591204e-06,1.2733297172472964e-07,0.0006257448195086964,9.713042996611229e-05,0.0102339590367093
6508.8,1195.6706010320686,804.3293989679322,931.2634528638763,168.73654713612413,0.0,0.006873654713612418,255.62999725094664,0.0,391.3412020641364,1.5916621465591204e-06,1.2733297172472964e-07,0.0006228829777144298,9.709481692637745e-05,0.010185915329158244
6523.2,1194.7757022089286,805.2242977910728,931.1236619610561,168.87633803894437,0.0,0.006887633803894441,259.06007862778586,0.0,389.5514044178558,1.5916621465591204e-06,1.2733297172472964e-07,0.0006200342245508444,9.705921694422508e-05,0.010138108801674848
6537.6,1193.884896206464,806.1151037935371,930.9839223128115,169.01607768718887,0.0,0.006901607768718893,262.45885657553384,0.0,387.7697924129269,1.5916621465591204e-06,1.2733297172472964e-07,0.0006171985001627437,9.70236300148676e-05,0.010090538118749553
6552.0,1192.9981643046751,807.001835695326,930.8442339003502,169.15576609965024,0.0,0.006915576609965029,265.8266168519742,0.0,385.9963286093491,1.5916621465591204e-06,1.2733297172472964e-07,0.0006143757449582962,9.698805613351918e-05,0.010043201954529277
6566.400000000001,1192.1154878702844,807.8845121297165,930.7045967048863,169.29540329511417,0.0,0.00692954032951142,269.16364254634914,0.0,384.2309757405678,1.5916621465591204e-06,1.2733297172472964e-07,0.0006115658996217375,9.695249529539571e-05,0.009996098992948663
6580.8,1191.2368483553332,808.763151644668,930.5650107076411,169.43498929235938,0.0,0.006943498929235943,272.4702141631284,0.0,382.4736967106652,1.5916621465591204e-06,1.2733297172472964e-07,0.0006087689051088994,9.691694749571495e-05,0.009949227927574408
6595.2,1190.362227296171,809.6377727038299,930.4254758898427,169.57452411015788,0.0,0.006957452411015793,275.7466096827114,0.0,380.7244545923412,1.5916621465591204e-06,1.2733297172472964e-07,0.0006059847026439961,9.688141272969624e-05,0.009902587461472115
6609.6,1189.4916063129567,810.5083936870444,930.2859922327258,169.7140077672747,0.0,0.006971400776727475,278.99310459299033,0.0,378.9832126259123,1.5916621465591204e-06,1.2733297172472964e-07,0.000603213233718031,9.68458909925608e-05,0.0098561763071016
6624.0,1188.624967109153,811.3750328908479,930.1465597175325,169.85344028246797,0.0,0.006985344028246802,282.20997192091176,0.0,377.24993421830504,1.5916621465591204e-06,1.2733297172472964e-07,0.0006004544400871944,9.681038227953156e-05,0.009809993186213381
6638.400000000001,1187.76229147334,812.2377085266609,930.0071783255114,169.99282167448897,0.0,0.006999282167448905,285.397482102104,0.0,375.52458294667906,1.5916621465591204e-06,1.2733297172472964e-07,0.0005977082637786297,9.677488658583324e-05,0.009764036829869696
6652.8,1186.9035612819516,813.0964387180491,929.8678480379184,170.13215196208216,0.0,0.00701321519620822,288.555902785651,0.0,373.80712256390257,1.5916621465591204e-06,1.2733297172472964e-07,0.0005949746470991494,9.673940390669225e-05,0.009718305978515819
6667.2,1186.0487584907066,813.9512415092942,929.7285688360155,170.27143116398494,0.0,0.007027143116398501,291.6854994303582,0.0,372.09751698141247,1.5916621465591204e-06,1.2733297172472964e-07,0.0005922535326079537,9.670393423733677e-05,0.009672799381450426
6681.6,1185.197865137527,814.802134862474,929.5893407010725,170.4106592989281,0.0,0.007041065929892813,294.78653509687825,0.0,370.3957302750531,1.5916621465591204e-06,1.2733297172472964e-07,0.0005895448631259239,9.666847757299679e-05,0.009627515796909313
6696.0,1184.3508633423328,815.649136657668,929.4501636143654,170.54983638563527,0.0,0.0070549836385635336,297.8592704584481,0.0,368.7017266846648,1.5916621465591204e-06,1.2733297172472964e-07,0.0005868485817349677,9.663303390890396e-05,0.009582453991983727
6710.400000000001,1183.507735306635,816.4922646933659,929.311037557177,170.68896244282354,0.0,0.00706889624428236,300.9039638258795,0.0,367.01547061326903,1.5916621465591204e-06,1.2733297172472964e-07,0.0005841646317767215,9.65976032402917e-05,0.00953761274252907
6724.8,1182.668463313128,817.3315366868734,929.1719625107975,170.82803748920287,0.0,0.0070828037489202925,303.92087117236747,0.0,365.3369266262547,1.5916621465591204e-06,1.2733297172472964e-07,0.0005814929568512564,9.65621855623952e-05,0.009492990833074796
6739.2,1181.8330297265943,818.1669702734071,929.032938456524,170.9670615434765,0.0,0.007096706154347655,306.91024604038665,0.0,363.66605945318724,1.5916621465591204e-06,1.2733297172472964e-07,0.0005788335008199567,9.652678087045146e-05,0.009448587056805083
6753.6,1181.0014169928927,818.9985830071083,928.8939653756597,171.1060346243407,0.0,0.00711060346243408,309.872339621126,0.0,362.0028339857844,1.5916621465591204e-06,1.2733297172472964e-07,0.0005761862078022985,9.649138915969909e-05,0.009404400215438657
6768.0,1180.1736076373652,819.8263923626359,928.7550432495152,171.24495675048507,0.0,0.007124495675048517,312.80740088591193,0.0,360.34721527472925,1.5916621465591204e-06,1.2733297172472964e-07,0.000573551022170777,9.645601042537852e-05,0.009360429119078832
6782.400000000001,1179.3495842652246,820.6504157347765,928.6161720594083,171.38382794059223,0.0,0.00713838279405923,315.71567653949955,0.0,358.6991685304481,1.5916621465591204e-06,1.2733297172472964e-07,0.0005709278885521447,9.642064466273196e-05,0.009316672586170052
6796.8,1178.529329561176,821.4706704388251,928.4773517866624,171.52264821333787,0.0,0.0071522648213337954,318.59741104265834,0.0,357.05865912235083,1.5916621465591204e-06,1.2733297172472964e-07,0.0005683167518262021,9.638529186700324e-05,0.009273129443414494
6811.2,1177.7128262890326,822.2871737109688,928.3385824126093,171.66141758739099,0.0,0.00716614175873911,321.4528466347605,0.0,355.4256525780638,1.5916621465591204e-06,1.2733297172472964e-07,0.0005657175571245772,9.634995203343812e-05,0.009229798525689557
6825.6,1176.9000572913865,823.0999427086144,928.1998639185867,171.80013608141377,0.0,0.007180013608141383,324.28222335035275,0.0,353.80011458277204,1.5916621465591204e-06,1.2733297172472964e-07,0.0005631302498296777,9.631462515728394e-05,0.009186678675969218
6840.0,1176.0910054899593,823.9089945100415,928.0611962859391,171.9388037140613,0.0,0.0071938803714061365,327.0857789573968,0.0,352.1820109799179,1.5916621465591204e-06,1.2733297172472964e-07,0.0005605547755758038,9.627931123378983e-05,0.009143768745282327
6854.400000000001,1175.2856538843603,824.7143461156409,927.9225794960182,172.07742050398207,0.0,0.007207742050398215,329.8637490789669,0.0,350.5713077687194,1.5916621465591204e-06,1.2733297172472964e-07,0.0005579910802451979,9.624401025820673e-05,0.009101067592587504
6868.8,1174.4839855517405,825.5160144482606,927.7840135301827,172.21598646981764,0.0,0.007221598646981772,332.6163672117132,0.0,348.96797110347984,1.5916621465591204e-06,1.2733297172472964e-07,0.0005554391099669458,9.620872222578723e-05,0.009058574084696536
6883.2,1173.6859836465983,826.314016353403,927.6454983697976,172.35450163020278,0.0,0.007235450163020284,335.3438647271005,0.0,347.3719672931953,1.5916621465591204e-06,1.2733297172472964e-07,0.0005528988111163518,9.617344713178569e-05,0.009016287096206593
6897.6,1172.8916314004068,827.1083685995943,927.507033996235,172.49296600376533,0.0,0.0072492966003765424,338.04647089264597,0.0,345.7832628008125,1.5916621465591204e-06,1.2733297172472964e-07,0.0005503701303137576,9.613818497145824e-05,0.008974205509424068
6912.0,1172.1009121212464,827.8990878787548,927.368620390874,172.63137960912647,0.0,0.007263137960912653,340.7244128931574,0.0,344.2018242424916,1.5916621465591204e-06,1.2733297172472964e-07,0.0005478530144233693,9.610293574006272e-05,0.008932328214289458
6926.400000000001,1171.3138091936175,828.6861908063835,927.2302575351001,172.76974246490033,0.0,0.007276974246490044,343.3779158312182,0.0,342.62761838723407,1.5916621465591204e-06,1.2733297172472964e-07,0.0005453474105526641,9.606769943285872e-05,0.008890654108312806
6940.8,1170.5303060786378,829.4696939213632,927.0919454103059,172.90805458969442,0.0,0.007290805458969452,346.0072026850065,0.0,341.0606121572746,1.5916621465591204e-06,1.2733297172472964e-07,0.0005428532660530153,9.603247604510751e-05,0.008849182096530189
6955.2,1169.750386312645,830.2496136873561,926.953683997891,173.04631600210928,0.0,0.00730463160021094,348.61249444463937,0.0,339.50077262528896,1.5916621465591204e-06,1.2733297172472964e-07,0.0005403705285152473,9.599726557207221e-05,0.008807911091376786
6969.6,1168.9740335071785,831.0259664928225,926.8154732792616,173.18452672073875,0.0,0.0073184526720738875,351.19401009402054,0.0,337.94806701435607,1.5916621465591204e-06,1.2733297172472964e-07,0.0005378991457695754,9.596206800901762e-05,0.008766840012633729
6984.0,1168.2012313486787,831.7987686513225,926.6773132358305,173.32268676416982,0.0,0.007332268676416988,353.7519666244474,0.0,336.4024626973562,1.5916621465591204e-06,1.2733297172472964e-07,0.0005354390658846484,9.592688335121023e-05,0.008725967787360834
6998.400000000001,1167.4319635981255,832.5680364018756,926.5392038490179,173.46079615098253,0.0,0.00734607961509826,356.28657905458164,0.0,334.86392719624996,1.5916621465591204e-06,1.2733297172472964e-07,0.0005329902371664002,9.589171159391836e-05,0.008685293349826982
7012.8,1166.6662140906828,833.3337859093181,926.4011451002501,173.59885489975025,0.0,0.0073598854899750345,358.7980604504184,0.0,333.3324281813648,1.5916621465591204e-06,1.2733297172472964e-07,0.0005305526081569149,9.585655273241198e-05,0.00864481564144151
7027.2,1165.9039667359002,834.096033264101,926.2631369709608,173.73686302903954,0.0,0.007373686302903965,361.2866218835456,0.0,331.8079334717992,1.5916621465591204e-06,1.2733297172472964e-07,0.0005281261276350697,9.58214067619628e-05,0.00860453361071589
7041.6,1165.145205517352,834.8547944826491,926.1251794425901,173.87482055741015,0.0,0.007387482055741024,363.75247245122017,0.0,330.29041103470286,1.5916621465591204e-06,1.2733297172472964e-07,0.0005257107446153893,9.578627367784435e-05,0.008564446213196485
7056.0,1164.3899144912377,835.6100855087636,925.9872724965853,174.01272750341488,0.0,0.007401272750341502,366.1958194110785,0.0,328.7798289824741,1.5916621465591204e-06,1.2733297172472964e-07,0.0005233064083435853,9.575115347533181e-05,0.008524552411343029
7070.400000000001,1163.6380777866216,836.3619222133794,925.8494161144002,174.15058388559999,0.0,0.00741505838856001,368.61686813495754,0.0,327.27615557324214,1.5916621465591204e-06,1.2733297172472964e-07,0.0005209130682973232,9.571604614970212e-05,0.008484851174494688
7084.8,1162.8896796050983,837.1103203949029,925.7116102774955,174.28838972250475,0.0,0.007428838972250479,371.0158221265755,0.0,325.77935921019537,1.5916621465591204e-06,1.2733297172472964e-07,0.0005185306741851543,9.568095169623394e-05,0.008445341478806307
7099.2,1162.1447042204495,837.8552957795515,925.5738549673387,174.42614503266154,0.0,0.007442614503266161,373.39288303947416,0.0,324.289408440898,1.5916621465591204e-06,1.2733297172472964e-07,0.000516159175945427,9.564587011020766e-05,0.008406022307185138
7113.6,1161.403135978309,838.5968640216926,925.436150165404,174.56384983459623,0.0,0.00745638498345963,375.7482506947134,0.0,322.80627195661634,1.5916621465591204e-06,1.2733297172472964e-07,0.0005137985237452152,9.561080138690545e-05,0.008366892649228441
7128.0,1160.6649592958229,839.3350407041781,925.2984958531727,174.70150414682763,0.0,0.007470150414682776,378.0821230983194,0.0,321.32991859164474,1.5916621465591204e-06,1.2733297172472964e-07,0.0005114486679792447,9.557574552161117e-05,0.008327951501161869
7142.400000000001,1159.9301586613203,840.0698413386809,925.1608920121322,174.839107987868,0.0,0.007483910798786812,380.39469645848766,0.0,319.8603173226394,1.5916621465591204e-06,1.2733297172472964e-07,0.0005091095592688336,9.554070250961034e-05,0.008289197865778657
7156.8,1159.1987186339788,840.8012813660223,925.0233386237776,174.97666137622267,0.0,0.007497666137622275,382.6861652025379,0.0,318.39743726795655,1.5916621465591204e-06,1.2733297172472964e-07,0.0005067811484608386,9.550567234619033e-05,0.008250630752379688
7171.2,1158.4706238436188,841.529376156382,924.8858356696102,175.1141643303901,0.0,0.0075114164330390195,384.9567219809002,0.0,316.9412476872368,1.5916621465591204e-06,1.2733297172472964e-07,0.0005044633866269931,9.547065502664021e-05,0.008212249176720613
7185.6,1157.7458589912676,842.2541410087335,924.7483831311381,175.2516168688622,0.0,0.007525161686886226,387.20655759087526,0.0,315.49171798253406,1.5916621465591204e-06,1.2733297172472964e-07,0.0005021562250657048,9.543565054625068e-05,0.008174052161000396
7200.0,1157.024408848705,842.9755911512964,924.6109809898765,175.38901901012386,0.0,0.007538901901012394,389.43586100617813,0.0,314.0488176974086,1.5916621465591204e-06,1.2733297172472964e-07,0.0004998596153006112,9.54006589003143e-05,0.008136038733796752
