time (s),A left,A right,B left,B right,w,B crossed (mol),exposure integral,gate proxy,imbalance,P A (m/s),P B (m/s),J A (mol/m²/s),J B (mol/m²/s),error (V)
0.0,909.6767352479388,1090.3232647520613,1000.0,100.0,0.0,0.0,0.0,0.0,-180.64652950412244,1e-07,8e-09,-1.8064652950412243e-05,7.2000000000000005e-06,-0.0046539590236803555
14.4,909.7407590499789,1090.259240950022,999.9744738109964,100.0255261890033,0.014350053805510084,2.5526189003338075e-06,0.7338264471370081,1.432498339158315e-05,-180.51848190004318,3.855660707296507e-07,3.084528565837206e-08,-6.960180176028123e-05,2.7759182367351688e-05,-0.004650642109301284
28.8,909.8737968159666,1090.1262031840345,999.9213785483118,100.07862145168792,0.02677558955762669,7.862145168796121e-06,1.466038626608075,2.5065303986537106e-05,-180.2524063680679,6.328342321967712e-07,5.06267385757417e-08,-0.00011406989318555665,4.555610402280542e-05,-0.004643749876197713
43.2,910.0663053423815,1089.9336946576195,999.8444207529998,100.15557924700005,0.03753470854189764,1.555792470000852e-05,2.195598551878309,3.311797824565277e-05,-179.86738931523803,8.46940699983763e-07,6.775525599870105e-08,-0.0001523370126108997,6.095864777541379e-05,-0.004633776960686313
57.6,910.3099252184065,1089.6900747815944,999.7468129901577,100.25318700984205,0.046850898448518426,2.531870098421094e-05,2.9216184070598237,3.9155580387268105e-05,-179.38014956318784,1.032332879125517e-06,8.258663033004135e-08,-0.00018518002625653155,7.428614757306481e-05,-0.004621156717656943
72.0,910.5973532221415,1089.4026467778594,999.6313390913078,100.36866090869195,0.05491767284704873,3.686609086919781e-05,3.643342944656906,4.3682336598667944e-05,-178.80529355571798,1.19286168965627e-06,9.54289351725016e-08,-0.0002132899845903591,8.581567981933902e-05,-0.004606267796526357
86.4,910.9222232647204,1089.0777767352806,999.5004109891904,100.49958901080952,0.06190259396192989,4.995890108095599e-05,4.36013334582326,4.7076324406308085e-05,-178.15555347056022,1.3318616198424049e-06,1.0654892958739239e-07,-0.00023727854402922052,9.578757527998239e-05,-0.004589440286645042
100.8,911.2789969835735,1088.7210030164276,999.356118070873,100.64388192912692,0.06795075168114538,6.438819291269638e-05,5.071452607787246,4.962100960109877e-05,-177.44200603285412,1.4522199584547932e-06,1.1617759667638346e-07,-0.0002576848226291666,0.00010441022769860647,-0.004570961371701799
115.2,911.6628642849922,1088.3371357150088,999.2002700767111,100.79972992328852,0.0731877774043883,7.997299232885778e-05,5.776852428156434,5.152891985818267e-05,-176.67427143001657,1.5564367703473274e-06,1.245149416277862e-07,-0.00027498233242800207,0.000111864290815575,-0.004551080474959199
129.6,912.0696537628689,1087.930346237132,999.0344343531709,100.96556564682886,0.07772245374581377,9.655656468289067e-05,6.475961525405201,5.2959396823667925e-05,-175.86069247426303,1.646676829541694e-06,1.3173414636333553e-07,-0.0002895857275245263,0.00011830633579451642,-0.0045300138971380785
144.0,912.4957526006085,1087.5042473993924,998.8599681896847,101.14003181031529,0.08164897443052696,0.00011400318103153423,7.168475302569588,5.4031913896761055e-05,-175.0084947987839,1.7248145911674869e-06,1.3798516729339895e-07,-0.00030185720540720166,0.00012387203560392673,-0.004507948965855599
158.4,912.9380353803964,1087.0619646196044,998.6780468679963,101.32195313200364,0.0850489005819717,0.0001321953132003689,7.854146749029955,5.4836046347902744e-05,-174.123929239208,1.792473121581237e-06,1.4339784972649897e-07,-0.0003121124629853936,0.000128678934280712,-0.004485047725393385
172.8,913.3938011175645,1086.6061988824365,998.4896879945335,101.51031200546643,0.08799285496399371,0.0001510312005466468,8.532778465728859,5.5438953922653644e-05,-173.21239776487198,1.851057813783475e-06,1.48084625102678e-07,-0.00032062616232683764,0.00013282885461817507,-0.004461450201392826
187.20000000000002,913.860717796958,1086.139282203043,998.2957726005357,101.70422739946424,0.09054198915391679,0.0001704227399464276,9.20421570098977,5.589099350481249e-05,-172.2785644060849,1.901785584162944e-06,1.5214284673303553e-07,-0.0003276368902477796,0.0001364099900436621,-0.004437277277419997
201.6,914.3367737199962,1085.6632262800044,998.0970634147203,101.9029365852796,0.09274925265253138,0.00019029365852796416,9.8683402931101,5.622990747639459e-05,-171.3264525600082,1.9457101277853747e-06,1.5565681022283e-07,-0.0003333516139035485,0.0001394987191227051,-0.0044126332188668994
216.0,914.820234841713,1085.1797651582879,997.8942207463259,102.10577925367384,0.09466049513824493,0.00021057792536738817,10.525065400032224,5.648401104169829e-05,-170.35953031657482,1.9837438532510744e-06,1.5869950826008597e-07,-0.00033794967110824535,0.00014216118516995266,-0.004387607886476918
230.4,915.3096076255885,1084.6903923744126,997.6878161902592,102.31218380974052,0.0963154167851417,0.00023121838097405324,11.174330948526086,5.6674529645954604e-05,-169.3807847488241,2.01667679402432e-06,1.6133414352194562e-07,-0.00034158629795658205,0.00014445466078053142,-0.0043622786638258144
244.8,915.8036066284438,1084.1963933715572,997.4783445291685,102.52165547083138,0.0977483931654454,0.00025216554708313866,11.816099693906624,5.681737392512979e-05,-168.39278674311333,2.0451930239923636e-06,1.6361544191938908e-07,-0.0003443957527376492,0.00014642873417899311,-0.004336712139484823
259.2,916.3011262984445,1083.6988737015563,997.2662340485667,102.73376595143311,0.09898918988709772,0.0002733765951433138,12.450353818142279,5.69244731861846e-05,-167.3977474031118,2.0698848787532447e-06,1.6559079030025957e-07,-0.0003464940660870563,0.00014812633834144608,-0.004310965570613254
273.6,916.8012165116398,1083.1987834883612,997.0518554591248,102.9481445408749,0.10006358055007518,0.00029481445408749277,13.077092001859947,5.700477209348531e-05,-166.39756697672135,2.091265252946496e-06,1.673012202357197e-07,-0.0003479814499932547,0.00014958464185390837,-0.004285088152560939
288.0,917.3030613397424,1082.6969386602586,996.8355296298756,103.16447037012415,0.10099388225755689,0.0003164470370124169,13.696326903101756,5.706497712796945e-05,-165.39387732051625,2.1097782569253822e-06,1.687822605540306e-07,-0.0003489444061994093,0.0001508358215735759,-0.00425912212076941
302.40000000000003,917.8059606653419,1082.1940393346586,996.6175342813774,103.38246571862248,0.10179941906773719,0.0003382465718622523,14.308082991266685,5.711011599003993e-05,-164.38807866931666,2.12580843944797e-06,1.7006467515583762e-07,-0.0003494575649798702,0.00015190773177292726,-0.00423310370487717
316.8,918.3093142640422,1081.6906857359586,996.3981097840777,103.60189021592201,0.10249692349134203,0.0003601890215922046,14.912394686472442,5.714395874208592e-05,-163.3813714719164,2.1396887774777065e-06,1.7117510219821653e-07,-0.00034958528698737583,0.0001528244841267604,-0.004207063954766763
331.2,918.812608042341,1081.1873919576599,996.177464177299,103.82253582270074,0.10310088404498186,0.00038225358227007736,15.509304763945853,5.716933265903811e-05,-162.37478391531886,2.151707592495139e-06,1.7213660739961114e-07,-0.00034938305538034916,0.00015360694996328363,-0.004181029454703321
345.6,919.3154021466489,1080.684597853352,995.9557775134872,104.04422248651268,0.10362384611675268,0.0004044222486512713,16.098862986745406,5.7188357114728416e-05,-161.36919570670307,2.1621145377233785e-06,1.7296916301787028e-07,-0.00034889868397819173,0.00015427319515898293,-0.004155022940337205
360.0,919.8173206916499,1080.1826793083508,995.7332056205713,104.2667943794283,0.104076672583424,0.00042667943794283495,16.68112493462007,5.7202621033725556e-05,-160.36535861670086,2.171125784410138e-06,1.7369006275281102e-07,-0.0003481733650188977,0.00015483885691049736,-0.004129063831641629
374.40000000000003,920.3180428939952,1079.6819571060053,995.5098833588909,104.49011664110887,0.10446876946668411,0.0004490116641108888,17.256151001855432,5.721331549516964e-05,-159.36391421201006,2.178928512387014e-06,1.7431428099096112e-07,-0.0003472425765221468,0.00015531746998414408,-0.0041031686928975
388.8,920.8172954210289,1079.182704578972,995.2859274410627,104.71407255893709,0.10480828135919784,0.0004714072558937107,17.82400554013741,5.722133372899304e-05,-158.3654091579432,2.185684799048037e-06,1.7485478392384297e-07,-0.00034613686749153925,0.0001557207492540701,-0.004077351629606331
403.2,921.3148457951728,1078.6851542048275,995.0614388715887,104.93856112841087,0.10510226054663022,0.0004938561128410896,18.384756126633015,5.722734554797161e-05,-157.37030840965474,2.1915349848779416e-06,1.7532279879023533e-07,-0.0003448825364607897,0.00015605883419315242,-0.004051624630608127
417.6,921.8104967047133,1078.1895032952873,994.8365050598728,105.16349494012682,0.10535681353900876,0.0005163494940126858,18.93847293888215,5.723185300735329e-05,-156.37900659057402,2.1966005894262746e-06,1.7572804715410198e-07,-0.0003435022180507502,0.00015634050067405458,-0.004025997863153741
432.0,922.304081103178,1077.6959188968226,994.6112016478602,105.3887983521396,0.1055772278552477,0.0005388798352139636,19.485228221756387,5.7235232499297894e-05,-155.39183779364464,2.2009868343194293e-06,1.7607894674555434e-07,-0.00034201538914451217,0.00015657334419486103,-0.004000479927050182
446.40000000000003,922.7954579827765,1077.2045420172242,994.3855940934409,105.61440590655884,0.10576808190635857,0.000561440590655885,20.025095832712214,5.723776629485847e-05,-154.4090840344477,2.204784829936536e-06,1.7638278639492288e-07,-0.00034043880608354603,0.00015676393863992862,-0.003975078073824753
460.8,923.2845087355441,1076.7154912644562,994.1597390400874,105.8402609599125,0.10593334008125238,0.0005840260959912526,20.55815085482707,5.723966601726925e-05,-153.43098252891207,2.2080734676169226e-06,1.766458774093538e-07,-0.00033878688163248635,0.00015691797362529173,-0.003949798395393273
475.2,923.7711340171484,1076.2288659828523,993.933685503036,106.06631449696374,0.10607643513020759,0.0006066314496963774,21.084469267358106,5.724109037669658e-05,-152.45773196570394,2.210921059091131e-06,1.7687368472729048e-07,-0.000337072010224246,0.00015704037345897628,-0.003924645986646945
489.6,924.2552510504668,1075.7447489495335,993.7074758942566,106.29252410574317,0.1062003393814497,0.0006292524105743208,21.604127666311268,5.7242158298531786e-05,-151.4894978990667,2.213386753690849e-06,1.770709402952679e-07,-0.0003353048479730719,0.00015713539994527192,-0.0038996250852242815
504.0,924.736791298431,1075.2632087015693,993.4811469115491,106.51885308845067,0.10630762654393465,0.0006518853088450684,22.117203026633824,5.7242958970926436e-05,-150.52641740313834,2.2155217682243e-06,1.7724174145794398e-07,-0.00033349455444947005,0.00015720674156473856,-0.00387473919212633
518.4,925.2156984615953,1074.7843015384053,993.2547303076858,106.74526969231391,0.10640052519598024,0.0006745269692313951,22.62377250082445,5.724355930220789e-05,-149.56860307681006,2.217370451400007e-06,1.7738963611200055e-07,-0.00033164900091969476,0.0001572575906284067,-0.0038499911754883596
532.8000000000001,925.6919267580707,1074.3080732419296,993.0282535546842,106.97174644531563,0.10648096500212442,0.000697174644531565,23.123913248985506,5.7244009403861895e-05,-148.61614648385887,2.218971203542276e-06,1.775176962833821e-07,-0.0003297749494291035,0.00015729070991895528,-0.0038253833597076243
547.2,926.1654394384244,1073.8345605615757,992.8017404203337,107.19825957966616,0.10655061684289507,0.0007198259579666175,23.617702294740226,5.724434686738308e-05,-147.66912112315129,2.220357275173612e-06,1.7762858201388899e-07,-0.00032787820740428226,0.00015730849052829208,-0.0038009176023851765
561.6,926.636207509349,1073.3637924906511,992.5752114664962,107.42478853350384,0.10661092751613294,0.0007424788533503867,24.105216404068994,5.724459988703858e-05,-146.72758498130213,2.2215574575710457e-06,1.7772459660568367e-07,-0.0003259637606466011,0.00015731300185111636,-0.003776595360442487
576.0,927.104208635007,1072.8957913649936,992.348684480531,107.65131551946887,0.1066631497960658,0.0007651315519468878,24.586531983488797,5.724478959394964e-05,-145.79158272998654,2.2225966809417096e-06,1.7780773447533677e-07,-0.00032403588788490673,0.0001573060348712576,-0.003752417747026068
590.4,927.5694261924541,1072.4305738075466,992.1221748482168,107.87782515178301,0.10670836842781038,0.0007877825151783043,25.06172499481759,5.7244931826793017e-05,-144.86114761509248,2.223496531713427e-06,1.7787972253707416e-07,-0.00032209825930218486,0.00015728913957897722,-0.0037283855804244453
604.8000000000001,928.0318484571374,1071.9681515428633,991.8956958771919,108.104304122808,0.10674752268410789,0.0008104304122808005,25.53087088386836,5.7245038466479356e-05,-143.93630308572597,2.224275701413747e-06,1.7794205611309977e-07,-0.0003201540215049048,0.0001572636574238331,-0.003704499426242314
619.2,928.4914679035918,1071.5085320964092,991.6692590763354,108.33074092366445,0.10678142585916138,0.0008330740923664473,25.99404452139085,5.7245118411760654e-05,-143.01706419281743,2.2249503745973116e-06,1.7799602996778493e-07,-0.0003182058705496169,0.00015723074934880155,-0.0036807596336041345
633.6,928.9482806013652,1071.0517193986357,991.4428743983966,108.55712560160319,0.10681078220574995,0.0008557125601603196,26.45132015399502,5.724517834707785e-05,-142.10343879727043,2.225534565894424e-06,1.7804276527155394e-07,-0.0003162561149757881,0.00015719142013462763,-0.0036571663664221464
648.0,929.4022856979767,1070.597714302024,991.2165504490015,108.7834495509983,0.10683620153302179,0.0008783449550998314,26.902771364195832,5.7245223282745176e-05,-141.19542860404738,2.2260404105071337e-06,1.780832328405707e-07,-0.0003143067298514843,0.00015714653937344593,-0.003633719630155004
662.4,929.8534849740115,1070.1465150259896,990.9902946675207,109.00970533247902,0.10685821184501493,0.0009009705332479055,27.34847103788279,5.7245256984560325e-05,-140.29303005197812,2.2264784157157974e-06,1.781182732572638e-07,-0.000312359403286097,0.00015709685961878153,-0.0036104192948286985
676.8000000000001,930.3018824598132,1069.6981175401877,990.7641134839607,109.23588651603909,0.10687727030985107,0.000923588651603911,27.788491338125066,5.724528225574496e-05,-139.39623508037448,2.2268576791660364e-06,1.7814861433328292e-07,-0.00031041557653556595,0.00015704303213001097,-0.0035872651148662824
691.2,930.7474841039729,1069.2525158960284,990.5380124553081,109.46198754469167,0.10689377279631003,0.000946198754469169,28.2229036841664,5.724530120621422e-05,-138.50503179205555,2.2271860786465696e-06,1.7817488629172556e-07,-0.00030847647862976664,0.00015698562055281465,-0.003564256746234272
705.6,931.1902974908309,1068.80970250917,990.3119963826214,109.68800361737833,0.10690806206887488,0.0009688003617378358,28.651778735390387,5.724531541261867e-05,-137.61940501833908,2.22747043517061e-06,1.781976348136488e-07,-0.0003065431559841202,0.0001569251126709181,-0.0035413937610507262
720.0,931.6303315930651,1068.369668406936,990.0860694138879,109.9139305861118,0.10692043498819295,0.0009913930586111816,29.075186378682655,5.7245326065514946e-05,-136.73933681387086,2.2277166562650397e-06,1.7821733250120319e-07,-0.00030461649818689545,0.00015686193072376493,-0.003518675660375778
734.4,932.067596566921,1067.9324034330798,989.8602351301174,110.13976486988236,0.10693114854356035,0.0010139764869882366,29.49319572007433,5.724533405230957e-05,-135.8648068661588,2.227929856016851e-06,1.7823438848134808e-07,-0.00030269725959907845,0.00015679644005135696,-0.0034961018847951136
748.8000000000001,932.5021035688305,1067.4978964311704,989.6344966225994,110.36550337740026,0.10694042526711545,0.0010365503377400285,29.905875078347094,5.724534004003356e-05,-134.99579286233984,2.2281144628155975e-06,1.782491570252478e-07,-0.000300786078495838,0.00015672895684439505,-0.0034736718238951424
763.2,932.9338645995672,1067.0661354004337,989.4088565591127,110.59114344088701,0.10694845787681016,0.0010591143440887034,30.313291981302534,5.7245344530039635e-05,-134.13227080086654,2.2282743117485226e-06,1.782619449398818e-07,-0.0002988834934020673,0.000156659754788074,-0.003451384824312714
777.6,933.3628923726601,1066.637107627341,989.1833172402494,110.81668275975042,0.10695541322853376,0.0010816682759750421,30.71551316431907,5.7245347897173795e-05,-133.27421525468094,2.228412723247822e-06,1.7827301785982577e-07,-0.0002969899569544,0.00015658907071621706,-0.0034292401965296433
792.0,933.7892001996846,1066.2107998003162,988.9578806487507,111.04211935124917,0.10696143577900896,0.0011042119351249192,31.112604570431255,5.724535042210243e-05,-132.42159960063157,2.2285325720022784e-06,1.7828260576018227e-07,-0.00029510584794665136,0.00015651710956205274,-0.0034072372207934547
806.4,934.2128018905943,1065.787198109407,988.7325484927142,111.2674515072857,0.10696665062043789,0.0011267451507285724,31.50463135176596,5.7245352314922216e-05,-131.5743962188127,2.2286363473467143e-06,1.7829090778773715e-07,-0.00029323148179344403,0.00015644404869358686,-0.0033853751522597013
820.8000000000001,934.6337116691888,1065.366288330812,988.5073222424869,111.49267775751306,0.10697116607289567,0.0011492677757513074,31.891657872321097,5.724535373382137e-05,-130.73257666162328,2.228726204850624e-06,1.7829809638804994e-07,-0.00029136711943340295,0.00015637004161611322,-0.003363653225351113
835.2,935.0519440991774,1064.9480559008234,988.28220316311,111.7177968368899,0.10697507596498183,0.0011717796836889919,32.27374771165038,5.7245354798170185e-05,-129.89611180164604,2.2288040117031386e-06,1.783043209362511e-07,-0.0002895129750881481,0.00015629522122688477,-0.0033420706575686787
849.6,935.4675140252884,1064.5324859747125,988.0571923405591,111.94280765944079,0.10697846148034926,0.0011942807659440786,32.65096366988527,5.724535559575701e-05,-129.06497194942403,2.2288713834589504e-06,1.7830971067671603e-07,-0.0002876692225850034,0.0001562197024521993,-0.0033206266525247965
864.0,935.8804365151369,1064.1195634848636,987.8322907074547,112.16770929254506,0.10698139296590334,0.0012167709292545082,33.0233677726474,5.724535619398661e-05,-128.23912696972673,2.2289297200214767e-06,1.7831437760171813e-07,-0.0002858360013724316,0.00015614358482286865,-0.003299320402936442
878.4,936.2907268167507,1063.7092731832502,987.6074990623766,112.39250093762325,0.1069839312928022,0.0012392500937623266,33.39102127739211,5.724535664241248e-05,-127.41854636649941,2.228980232726764e-06,1.7831841861814112e-07,-0.0002840134211337058,0.00015606695441648536,-0.0032781510928095096
892.8000000000001,936.6984003163126,1063.3015996836882,987.3828180889311,112.61718191106878,0.10698612919932825,0.0012617181911068805,33.75398467960422,5.72453569786448e-05,-126.60319936737562,2.2290239710666323e-06,1.783219176853306e-07,-0.00028220156620360813,0.0001559898857684646,-0.0032571178996112457
907.2,937.1034725054725,1062.8965274945283,987.1582483707268,112.84175162927308,0.10698803234640261,0.001284175162927309,34.11231771977873,5.724535723078025e-05,-125.7930549890558,2.2290618436934122e-06,1.7832494749547298e-07,-0.0002804004990777315,0.0001559124433758456,-0.003236219995948503
921.6,937.5059589526821,1062.494041047319,986.9337904046217,113.06620959537818,0.10698968025182706,0.001306620959537819,34.4660793906519,5.724535741976013e-05,-124.98808209463675,2.2290946370113586e-06,1.783275709609087e-07,-0.0002786102634874902,0.000155834683027198,-0.003215456551037968
936.0,937.9058752767075,1062.0941247232934,986.7094446130197,113.29055538698015,0.1069911071577234,0.001329055538698017,34.81532794451148,5.7245357561509994e-05,-124.18824944658581,2.229123032438696e-06,1.7832984259509567e-07,-0.0002768308871996266,0.00015575665303526294,-0.003194826732063723
950.4,938.3032371264677,1061.696762873533,986.4852113534209,113.51478864657898,0.10699234270491562,0.0013514788646578969,35.16012090097023,5.724535766789527e-05,-123.39352574706538,2.229147619827821e-06,1.7833180958622569e-07,-0.00027506238422123373,0.00015567839519656349,-0.0031743297052082282
964.8000000000001,938.6980601619301,1061.301939838071,986.2610909274638,113.73890907253623,0.10699341257133364,0.0013738909072536214,35.500515054712174,5.7245357747975075e-05,-122.60387967614076,2.22916891016954e-06,1.783335128135632e-07,-0.0002733047568402201,0.00015559994569794384,-0.003153964636628601
979.2,939.0903600419074,1060.9096399580937,986.0370835870405,113.96291641295942,0.10699433890519844,0.0013962916412959424,35.836566483765324,5.7245357807720876e-05,-121.81927991618636,2.229187344213449e-06,1.7833498753707593e-07,-0.0002715579970703582,0.0001555213357343956,-0.003133730693076759
993.6,939.4801524041151,1060.5198475958862,985.8131895435557,114.1868104564441,0.10699514097772914,0.0014186810456444114,36.168330556869904,5.724535785252677e-05,-121.0396951917711,2.22920330545681e-06,1.7833626443654481e-07,-0.0002698220886129809,0.0001554425924307472,-0.0031136270429187474
1008.0,939.8674528568073,1060.1325471431942,985.5894089723968,114.41059102760312,0.10699583550080807,0.0014410591027603135,36.49586194207351,5.7245357886061e-05,-120.2650942863869,2.229217126466081e-06,1.783373701172865e-07,-0.0002680970078992717,0.0001553637392941608,-0.00309365285655676
1022.4,940.2522769724968,1059.7477230275042,985.3657420161398,114.63425798386002,0.10699643685366307,0.001463425798386004,36.819214614757236,5.7245357911108545e-05,-119.49544605500739,2.229229093387895e-06,1.7833832747103162e-07,-0.0002663827248731862,0.00015528479653868606,-0.003073807306743689
1036.8,940.6346402725624,1059.3653597274385,985.1421887920317,114.85781120796817,0.10699695761185908,0.0014857811207968188,37.13844186567369,5.7245357929938304e-05,-118.73071945487618,2.229239456475996e-06,1.7833915651807966e-07,-0.0002646792045045921,0.00015520578182920384,-0.003054089569367778
1051.2,941.0145582290576,1058.9854417709435,984.9187493916036,115.08125060839618,0.10699740852103475,0.0015081250608396195,37.45359630927534,5.724535794401811e-05,-117.97088354188588,2.2292484295685916e-06,1.7833987436548735e-07,-0.0002629864068705683,0.00015512671025138695,-0.0030344988233500444
1065.6000000000001,941.3920462508124,1058.6079537491885,984.6954238874462,115.30457611255368,0.10699779897589966,0.0015304576112553693,37.7647298917211,5.724535795459872e-05,-117.21590749837605,2.2292561996204034e-06,1.7834049596963227e-07,-0.00026130428848488655,0.0001550475949836334,-0.003015034251351911
1080.0,941.7671196837812,1058.23288031622,984.4722123335567,115.52778766644325,0.10699813704626948,0.0015527787666443254,38.071893898910005,5.724535796251572e-05,-116.46576063243879,2.229262927220763e-06,1.7834103417766104e-07,-0.0002596328024684632,0.00015496844733804569,-0.002995695039748262
1094.4,942.1397938023152,1057.8602061976862,984.2491147697406,115.75088523025931,0.10699842978846416,0.0015750885230259328,38.37513896462972,5.724535796846079e-05,-115.720412395371,2.229268752790437e-06,1.7834150022323496e-07,-0.00025797189941302373,0.00015488927719729456,-0.0029764803790684902
1108.8,942.5100838094173,1057.4899161905842,984.0261312218598,115.97386877814004,0.1069986832633384,0.0015973868778140035,38.67451507845682,5.724535797291323e-05,-114.97983238116683,2.2292737969404342e-06,1.7834190375523473e-07,-0.0002563215275039385,0.00015481009304325164,-0.0029573894639745905
1123.2,942.8780048311207,1057.1219951688804,983.8032617048527,116.19673829514701,0.10699890275049771,0.001619673829514703,38.97007159384211,5.724535797625306e-05,-114.24399033775967,2.229278164734905e-06,1.783422531787924e-07,-0.00025468163311215307,0.0001547309022575056,-0.0029384214935422918
1137.6000000000001,943.2435719161053,1056.7564280838958,983.5805062232705,116.41949377672923,0.10699909278668218,0.0016419493776729242,39.26185723579738,5.7245357978743624e-05,-113.51285616779046,2.2292819464549756e-06,1.7834255571639804e-07,-0.0002530521609453956,0.00015465171117733543,-0.002919575671272314
1152.0,943.6068000315884,1056.3931999684125,983.3578647735798,116.64213522642004,0.10699925732918307,0.001664213522642004,39.54992010895299,5.724535798059927e-05,-112.78639993682418,2.229285220850743e-06,1.7834281766805946e-07,-0.00025143305449212334,0.00015457252532466824,-0.0029008512052937194
1166.4,943.9677040615832,1056.0322959384184,983.1353373453345,116.86466265466524,0.10699939983918412,0.0016864662654665246,39.8343077052768,5.72453579820078e-05,-112.06459187683527,2.229288056799764e-06,1.7834304454398113e-07,-0.0002498242562611687,0.0001544933495235026,-0.0028822473084454785
1180.8,944.3262988093443,1055.673701190657,982.9129239203613,117.08707607963831,0.10699952322443493,0.0017087076079638321,40.115066911347114,5.7245357983055754e-05,-111.3474023813128,2.229290512166255e-06,1.783432409733004e-07,-0.00024822570768301893,0.0001544141878223702,-0.0028637631981421347
1195.2,944.6825989910583,1055.3174010089433,982.6906244761084,117.30937552389112,0.10699963007675656,0.001730937552389114,40.392244016659646,5.724535798384583e-05,-110.63480201788502,2.2292926385274556e-06,1.7834341108219645e-07,-0.0002466373497034136,0.00015433504382470986,-0.002845398096691164
1209.6000000000001,945.0366192389295,1054.9633807610721,982.4684389845007,117.53156101549888,0.10699972259128895,0.0017531561015498881,40.66588472036574,5.724535798443609e-05,-109.92676152214267,2.22929447956665e-06,1.7834355836533202e-07,-0.0002450591226179523,0.00015425592057839274,-0.0028271512311259135
1224.0,945.388374098165,1054.611625901837,982.246367413728,117.75363258627166,0.10699980269351263,0.0017753632586271673,40.9360341393261,5.7245357984877397e-05,-109.22325180367204,2.2292960736009013e-06,1.783436858880721e-07,-0.00024349096639184864,0.00015417682075258827,-0.002809021833353322
1238.4,945.7378780271403,1054.2621219728615,982.024409728486,117.97559027151361,0.10699987205657518,0.001797559027151361,41.202736815216475,5.72453579852107e-05,-108.5242439457212,2.2292974539258464e-06,1.7834379631406772e-07,-0.0002419328207174237,0.00015409774666264497,-0.0027910091401377067
1252.8,946.0851453979157,1053.9148546020867,981.8025658900491,118.19743410995052,0.10699993210667329,0.0018197434109950541,41.466036721567036,5.7245357985458393e-05,-107.82970920417108,2.2292986489227985e-06,1.7834389191382388e-07,-0.00024038462504259684,0.0001540187002784135,-0.0027731123930667756
1267.2,946.4301904942566,1053.5698095057453,981.5808358575573,118.41916414244248,0.10699998411457536,0.0018419164142442484,41.725977271603014,5.7245357985645716e-05,-107.13961901148866,2.2292996838800497e-06,1.7834397471040398e-07,-0.00023884631879334063,0.00015393968335135046,-0.0027553308386461515
1281.6000000000001,946.7730275136555,1053.226972486346,981.3592195872956,118.64078041270412,0.107000029144443,0.0018640780412704152,41.982601324479845,5.724535798578542e-05,-106.45394497269058,2.2293005799744158e-06,1.7834404639795326e-07,-0.00023731784126818366,0.00015386069734452316,-0.0027376637281881565
1296.0,947.1136705656901,1052.8863294343116,981.1377170338471,118.86228296615255,0.1070000681359548,0.0018862282966152556,42.2359511931481,5.7245357985890224e-05,-105.77265886862153,2.229301355905501e-06,1.7834410847244008e-07,-0.000235799131833548,0.0001537817435464893,-0.0027201103178892084
1310.4,947.4521336728017,1052.5478663272002,980.9163281500049,119.08367184999474,0.10700010189821763,0.0019083671849994765,42.486068650733955,5.724535798596907e-05,-105.09573265439849,2.229302027774531e-06,1.7834416222196247e-07,-0.00023429012991690054,0.00015370282306335385,-0.0027026698687827987
1324.8,947.7884307704004,1052.211569229601,980.695052887026,119.30494711297376,0.10700013112794608,0.0019304947112973798,42.73299493748833,5.7245357986027755e-05,-104.42313845920069,2.229302609446127e-06,1.7834420875569017e-07,-0.00023279077505365033,0.0001536239368442536,-0.002685341646727258
1339.2,948.1225757067385,1051.877424293263,980.473891195038,119.52610880496171,0.1070001564384797,0.0019526108804961736,42.97677076874298,5.724535798607177e-05,-103.75484858652442,2.229303113125746e-06,1.7834424905005968e-07,-0.0002313010069558293,0.00015354508572167235,-0.0026681249224056445
1353.6000000000001,948.4545822439989,1051.5454177560027,980.2528430228384,119.74715697716118,0.10700017834555135,0.0019747156977161194,43.21743634220601,5.72453579861032e-05,-103.09083551200388,2.2293035490764723e-06,1.7834428392611779e-07,-0.00022982076548416907,0.00015346627039216905,-0.002651018971263023
1368.0,948.7844640568875,1051.215535943114,980.0319083186031,119.96809168139652,0.10700019731775984,0.001996809168139653,43.455031338655274,5.72453579861262e-05,-102.4310718862265,2.229303926623421e-06,1.7834431412987368e-07,-0.00022834999076421064,0.00015338749148608406,-0.0026340230735725795
1382.4,949.1122347336959,1050.887765266306,979.8110870297004,120.18891297029923,0.10700021376340933,0.002018891297029925,43.689594929475625,5.7245357986144775e-05,-101.77553053260999,2.2293042538918457e-06,1.7834434031134767e-07,-0.00022688862315844687,0.00015330874954963037,-0.0026171365143745897
1396.8,949.4379077792296,1050.5620922207722,979.5903791025652,120.40962089743448,0.10700022802163268,0.00204096208974345,43.92116580643552,5.7245357986159154e-05,-101.12418444154264,2.2293045376304905e-06,1.7834436301043925e-07,-0.00022543660323971366,0.00015323004503292026,-0.0026003585833192905
1411.2,949.7614966112569,1050.2385033887451,979.3697844828328,120.6302155171669,0.10700024037178517,0.0020630215517166922,44.14978214513497,5.72453579861701e-05,-100.47700677748821,2.229304783398525e-06,1.78344382671882e-07,-0.00022399387183062047,0.00015315137830309973,-0.002583688574843823
1425.6000000000001,950.0830145617072,1049.916985438295,979.1493031154425,120.85069688455714,0.10700025104093339,0.002085069688455716,44.375481620536014,5.724535798617812e-05,-99.83397087658773,2.2293049957145744e-06,1.7834439965716595e-07,-0.00022256037001720035,0.00015307274965482953,-0.0025671257881044914
1440.0,950.4024748805393,1049.5975251194623,978.9289349456509,121.07106505434871,0.10700026027669794,0.002107106505434873,44.59830147162649,5.7245357986184226e-05,-99.19505023892293,2.229305179506289e-06,1.7834441436050314e-07,-0.00022113603927901746,0.000152994159410313,-0.002550669526771629
1454.4,950.7198907320105,1049.280109267991,978.7086799179875,121.29132008201209,0.10700026827220041,0.0021291320082012103,44.818278437601045,5.7245357986188936e-05,-98.56021853598054,2.2293053386167883e-06,1.7834442708934306e-07,-0.00021972082135749874,0.00015291560781640414,-0.002534319099216141
1468.8,951.03527519527,1048.9647248047318,978.4885379763867,121.51146202361292,0.10700027517553924,0.002151146202361296,45.03544876725347,5.724535798619233e-05,-97.92944960946181,2.229305475993231e-06,1.7834443807945847e-07,-0.00021831465827537637,0.00015283709505777484,-0.0025180738184731916
1483.2,951.3486412691287,1048.651358730873,978.2685090650047,121.73149093499494,0.10700028114857922,0.0021731490934994964,45.249848288835786,5.724535798619488e-05,-97.30271746174424,2.2293055948567266e-06,1.7834444758853814e-07,-0.00021691749243222974,0.00015275862133753027,-0.0025019330019910324
1497.6000000000001,951.6600018685034,1048.339998131498,978.0485931276478,121.95140687235181,0.10700028632578966,0.0021951406872351836,45.461512358805685,5.724535798619685e-05,-96.67999626299468,2.229305697883214e-06,1.7834445583065714e-07,-0.0002155292665404219,0.0001526801868208575,-0.0024858959718088
1512.0,951.9693698240545,1048.0306301759472,977.8287901077009,122.17120989229862,0.10700029080911481,0.002217120989229865,45.67047585633209,5.7245357986198294e-05,-96.06126035189266,2.229305787101385e-06,1.783444629681108e-07,-0.00021414992361872714,0.0001526017916281091,-0.002469962054569807
1526.4,952.2767578875005,1047.7232421125016,977.6090999485247,122.39090005147496,0.10700029469641806,0.0022390900051474974,45.87677325000048,5.724535798619937e-05,-95.44648422500109,2.2293058644587197e-06,1.7834446915669758e-07,-0.0002127794070247616,0.0001525234358737858,-0.002454130581242616
1540.8,952.5821787289847,1047.4178212710171,977.3895225932947,122.61047740670487,0.1070002980700266,0.00226104774067049,46.08043856554959,5.7245357986200205e-05,-94.83564254203247,2.2293059315935295e-06,1.7834447452748238e-07,-0.00021141766044543666,0.0001524451196509055,-0.0024384008872515507
1555.2,952.8856449353958,1047.1143550646057,977.1700579849006,122.82994201509904,0.10700030098943757,0.002282994201509906,46.2815053652809,5.7245357986200835e-05,-94.22871012920984,2.2293059896898075e-06,1.7834447917518461e-07,-0.00021006462789179215,0.00015236684302110109,-0.0024227723125582416
1569.6000000000001,953.1871690153655,1046.812830984636,976.9507060662801,123.04929393371954,0.10700030351547804,0.0023049293933719572,46.480006808471316,5.7245357986201275e-05,-93.6256619692706,2.2293060399580133e-06,1.7834448319664106e-07,-0.0002087202537231622,0.0001522886060476635,-0.0024072442013992773
1584.0,953.4867633983579,1046.5132366016437,976.7314667803569,123.26853321964275,0.10700030570577107,0.002326853321964278,46.675975640402285,5.7245357986201634e-05,-93.02647320328583,2.2293060835448443e-06,1.7834448668358755e-07,-0.00020738448264280654,0.00015221040878935434,-0.0023918159023282723
1598.4,953.7844404317344,1046.2155595682673,976.5123400698384,123.48765993016124,0.10700030760013848,0.0023487659930161273,46.86944415703996,5.724535798620189e-05,-92.43111913653286,2.229306121242756e-06,1.783444896994205e-07,-0.00020605725968439112,0.0001521322512805221,-0.0023764867683623344
1612.8,954.0802123852773,1045.9197876147246,976.2933258774412,123.70667412255833,0.1070003092369204,0.0023706674122558357,47.060444257158906,5.724535798620208e-05,-91.83957522944729,2.2293061538147163e-06,1.783444923051773e-07,-0.00020473853022273642,0.0001520541335533956,-0.0023612561567444507
1627.2,954.3740914522062,1045.6259085477957,976.0744241459334,123.92557585406614,0.10700031065600749,0.002392557585406618,47.24900745382777,5.7245357986202224e-05,-91.25181709558944,2.229306182054549e-06,1.7834449456436394e-07,-0.00020342823997490853,0.00015197605564221792,-0.0023461234288866062
1641.6000000000001,954.6660897447714,1045.3339102552304,975.8556348179526,124.14436518204707,0.10700031188570346,0.002414436518204709,47.43516482464572,5.724535798620234e-05,-90.66782051045902,2.229306206525499e-06,1.7834449652203993e-07,-0.00020212633499610625,0.00015189801756536296,-0.0023310879505922654
1656.0,954.9562192983627,1045.0437807016388,975.6369578361162,124.36304216388346,0.10700031295069418,0.0024363042163883485,47.61894705666784,5.7245357986202414e-05,-90.08756140327603,2.2293062277188144e-06,1.7834449821750515e-07,-0.00020083276167632435,0.00015182001933621513,-0.0023161490918403877
1670.4,955.2444920742472,1044.7555079257543,975.4183931430648,124.58160685693477,0.10700031387514343,0.0024581606856934808,47.80038447553058,5.7245357986202475e-05,-89.51101585150707,2.2293062461153544e-06,1.7834449968922836e-07,-0.00019954746673389522,0.0001517420609673908,-0.0023013062266402174
1684.8,955.5309199540667,1044.4690800459352,975.1999406813757,124.80005931862384,0.10700031467647458,0.0024800059318623854,47.979506986890215,5.724535798620253e-05,-88.93816009186855,2.2293062620618445e-06,1.7834450096494757e-07,-0.0001982703972290614,0.00015166414246229058,-0.0022865587333103623
1699.2,955.8155147433647,1044.1844852566364,974.9816003936182,125.01839960638141,0.1070003153693757,0.002501839960638141,48.15634411358491,5.724535798620256e-05,-88.36897051327173,2.2293062758505765e-06,1.7834450206804612e-07,-0.00019700150055569122,0.00015158626382056245,-0.0022719059942930392
1713.6000000000001,956.0982881755069,1043.9017118244947,974.7633722224151,125.23662777758452,0.1070003159702812,0.0025236627777584517,48.33092503649129,5.724535798620259e-05,-87.80342364898775,2.229306287808596e-06,1.7834450302468767e-07,-0.00019574072443181035,0.00015150842504419416,-0.0022573473959483247
1728.0,956.3792519058807,1043.6207480941205,974.5452561103519,125.45474388964776,0.10700031649074229,0.002545474388964777,48.503278534114386,5.724535798620261e-05,-87.24149618823981,2.2293062981657717e-06,1.7834450385326173e-07,-0.00019448801691384818,0.00015143062612851335,-0.002242882328848627
1742.4,956.6584175146094,1043.3415824853919,974.3272520000138,125.67274799998583,0.10700031694014979,0.002567274799998585,48.67343301053955,5.724535798620263e-05,-86.68316497078251,2.229306307108981e-06,1.783445045687185e-07,-0.00019324332638953376,0.0001513528670658965,-0.002228510187635225
1756.8,956.9357965112767,1043.0642034887246,974.1093598340376,125.89064016596214,0.10700031732948104,0.002589064016596218,48.841416543321166,5.7245357986202644e-05,-86.12840697744787,2.229306314856673e-06,1.7834450518853384e-07,-0.00019200660156337004,0.0001512751478508546,-0.0022142303707711098
1771.2,957.2114003293262,1042.7885996706752,973.891579555051,126.1084204449487,0.10700031766693292,0.002610842044494875,49.00725682678452,5.724535798620265e-05,-85.577199341349,2.2293063215719653e-06,1.7834450572575724e-07,-0.00019077779147409356,0.0001511974684741122,-0.002200042280825643
1785.6000000000001,957.4852403281451,1042.5147596718562,973.6739111056888,126.32608889431096,0.1070003179590262,0.0026326088894311015,49.17098119276863,5.724535798620265e-05,-85.02951934371106,2.2293063273846217e-06,1.7834450619076975e-07,-0.00018955684548740815,0.00015111982892411233,-0.0021859453243635533
1800.0,957.7573277996589,1042.2426722003422,973.4563544286146,126.543645571385,0.10700031821226916,0.002654364557138504,49.332616675039525,5.724535798620266e-05,-84.48534440068329,2.2293063324241565e-06,1.7834450659393252e-07,-0.000188343713269479,0.00015104222918927346,-0.0021719389116019116
1814.4,958.0276739600271,1041.972326039974,973.2389094664989,126.7610905335009,0.10700031843145165,0.002676109053350094,49.49218992844475,5.7245357986202664e-05,-83.94465207994688,2.229306336785888e-06,1.7834450694287103e-07,-0.00018713834482111223,0.00015096466925568238,-0.0021580224568340583
1828.8,958.2962899519111,1041.70371004809,973.0215761620271,126.97842383797256,0.10700031862039411,0.0026978423837972594,49.64972725117791,5.7245357986202664e-05,-83.40742009617884,2.229306340545843e-06,1.7834450724366744e-07,-0.00018594069046898225,0.0001508871491081126,-0.002144195378309387
1843.2,958.5631868460271,1041.4368131539743,972.8043544579106,127.19564554208925,0.10700031878255689,0.0027195645542089273,49.80525460009296,5.724535798620267e-05,-82.87362630794723,2.2293063437728822e-06,1.7834450750183058e-07,-0.00018475070085977,0.00015080966873085098,-0.0021304570981500372
1857.6000000000001,958.828375641751,1041.17162435825,972.5872442968897,127.41275570311015,0.10700031892144028,0.0027412755703110185,49.95879759679314,5.7245357986202664e-05,-82.34324871649903,2.2293063465366618e-06,1.7834450772293294e-07,-0.00018356832695813814,0.0001507322281082392,-0.002116807042316343
1872.0,959.0918672679337,1040.9081327320675,972.3702456217376,127.62975437826212,0.10700031904075524,0.0027629754378262136,50.110381535254895,5.7245357986202664e-05,-81.81626546413383,2.2293063489110294e-06,1.7834450791288236e-07,-0.00018239352004338375,0.00015065482722490415,-0.002103244640561726
1886.4,959.353672586819,1040.646327413182,972.1533583752145,127.84664162478532,0.10700031914114107,0.0027846641624785337,50.26003141254337,5.724535798620266e-05,-81.29265482636299,2.2293063509087075e-06,1.783445080726966e-07,-0.0001812262316866404,0.00015057746606132887,-0.002089769326227707
1900.8,959.6138023910694,1040.386197608932,971.9365825001273,128.0634174998725,0.10700031922454642,0.002806341749987249,50.40777190827863,5.724535798620266e-05,-80.7723952178626,2.229306352568474e-06,1.7834450820547793e-07,-0.00018006641377135252,0.00015050014459977058,-0.0020763805363939692
1915.2,959.8722674043405,1040.1277325956607,971.7199179393369,128.28008206066283,0.10700031929466229,0.0028280082060662846,50.55362739050437,5.724535798620266e-05,-80.25546519132024,2.2293063539637796e-06,1.7834450831710236e-07,-0.00017891401849132914,0.00015042286282483964,-0.002063077711845606
1929.6000000000001,960.1290782827558,1039.8709217172454,971.5033646357497,128.49663536425015,0.10700031935635984,0.0028496635364250148,50.6976219282133,5.724535798620264e-05,-79.74184343448962,2.229306355191561e-06,1.7834450841532489e-07,-0.00017776899834319817,0.00015034562072273647,-0.0020498602969942978
1944.0,960.3842456155782,1039.6157543844233,971.2869225323217,128.71307746767812,0.10700031941601593,0.0028713077467678112,50.839779297934264,5.724535798620263e-05,-79.23150876884517,2.229306356378717e-06,1.7834450851029737e-07,-0.0001766313061238626,0.0001502684182816853,-0.0020367277398407415
1958.4,960.6377799257295,1039.3622200742714,971.0705915720607,128.92940842793905,0.10700031948161878,0.002892940842793906,50.98012298863617,5.724535798620264e-05,-78.72444014854182,2.229306357684214e-06,1.7834450861473711e-07,-0.00017550089492827464,0.0001501912554920717,-0.002023679491944968
1972.8,960.8896916611068,1039.1103083388944,970.8543716978472,129.14562830215235,0.10700031954971727,0.00291456283021524,51.11867610596,5.724535798620264e-05,-78.22061667778758,2.2293063590393738e-06,1.783445087231499e-07,-0.00017437771816777314,0.00015011413232888504,-0.002010715008870545
1987.2,961.139991202247,1038.8600087977536,970.6382628525762,129.36173714742338,0.10700031961574306,0.0029361737147423446,51.25546145529847,5.724535798620263e-05,-77.72001759550665,2.229306360353287e-06,1.7834450882826298e-07,-0.00017326172955243235,0.00015003704876563302,-0.0019978337497870867
2001.6000000000001,961.3886888669921,1038.611311133009,970.4222649792389,129.57773502076094,0.10700031968003802,0.0029577735020760955,51.39050159201193,5.724535798620264e-05,-77.22262226601686,2.229306361632757e-06,1.7834450893062056e-07,-0.00017215288307959476,0.00014996000478244322,-0.0019850351772276315
2016.0,961.6357949073223,1038.3642050926787,970.2063780208521,129.79362197914776,0.10700031974269389,0.0029793621979147763,51.523818786038575,5.724535798620263e-05,-76.72841018535644,2.2293063628796085e-06,1.783445090303687e-07,-0.00017105113303985168,0.00014988300035911678,-0.001972318757248775
2030.4,961.8813195098234,1038.1186804901777,969.9906019204594,130.00939807954035,0.10700031980358111,0.0030009398079540372,51.655435026208984,5.724535798620263e-05,-76.23736098035431,2.229306364091264e-06,1.7834450912730113e-07,-0.00016995643401502688,0.00014980603547516818,-0.001959683959404095
2044.8,962.1252727961505,1037.8747272038504,969.7749366211312,130.22506337886853,0.10700031986237736,0.0030225063378868547,51.78537202456063,5.724535798620263e-05,-75.74945440769989,2.2293063652613098e-06,1.7834450922090478e-07,-0.00016886874087615673,0.00014972911010986415,-0.0019471302567176387
2059.2000000000003,962.3676648222574,1037.6323351777437,969.5593820659486,130.44061793405086,0.10700031991742465,0.003044061793405091,51.913651202622354,5.724535798620263e-05,-75.26467035548626,2.229306366356751e-06,1.7834450930854005e-07,-0.00016778800878522774,0.00014965222424069186,-0.0019346571257210859
2073.6,962.6085055791099,1037.3914944208914,969.3439381980083,130.65606180199129,0.10700031996599398,0.003065606180199131,52.04029369936069,5.724535798620263e-05,-74.7829888417815,2.22930636732328e-06,1.783445093858624e-07,-0.0001667141931924493,0.00014957537784371846,-0.0019222640464145108
2088.0,962.8478049946183,1037.152195005383,969.12860496044,130.8713950395596,0.10700032000570102,0.0030871395039559586,52.16532039684061,5.724535798620263e-05,-74.30439001076468,2.2293063681134505e-06,1.7834450944907606e-07,-0.00016564724982978316,0.0001494985708954906,-0.001909950502164505
2102.4,963.0855729332305,1036.9144270667707,968.9133822963973,131.08661770360234,0.10700032003371013,0.0031086617703602374,52.28875191184945,5.724535798620263e-05,-73.82885413354018,2.2293063686708317e-06,1.7834450949366654e-07,-0.00016458713471157097,0.00014942180337196767,-0.0018977159797227507
2116.8,963.3218191963635,1036.6781808036376,968.6982701490566,131.30172985094316,0.1070003200467299,0.0031301729850943183,52.41060859970036,5.724535798620263e-05,-73.35636160727404,2.229306368929925e-06,1.7834450951439402e-07,-0.00016353380413262265,0.00014934507524851754,-0.0018855599692014489
2131.2000000000003,963.5565535228329,1036.443446477168,968.4832684616173,131.51673153838243,0.10700032004100835,0.0031516731538382475,52.53091055803568,5.724535798620263e-05,-72.88689295433505,2.229306368816066e-06,1.783445095052853e-07,-0.000162487214666314,0.00014926838649991156,-0.00187348196404892
2145.6,963.7897855888076,1036.2102144111936,968.2683771773573,131.73162282264246,0.10700032001646845,0.00317316228226425,52.6496776235992,5.724535798620263e-05,-72.42042882238604,2.2293063683277223e-06,1.7834450946621778e-07,-0.00016144732317076974,0.00014919173710585353,-0.0018614814610496968
2160.0,964.0215250078805,1035.978474992121,968.0535962396739,131.94640376032572,0.10700031997982687,0.0031946403760325756,52.76692937073447,5.724535798620263e-05,-71.9569499842404,2.229306367598555e-06,1.783445094078844e-07,-0.00016041408679283784,0.00014911512705513292,-0.0018495579603186082
2174.4,964.2517813326874,1035.7482186673137,967.8389255919469,132.1610744080526,0.10700031993426534,0.003216107440805266,52.88268513272316,5.724535798620263e-05,-71.49643733462631,2.2293063666918806e-06,1.7834450933535045e-07,-0.0001593874629458695,0.00014903855633181164,-0.001837710965215372
2188.8,964.4805640547817,1035.5194359452196,967.6243651776025,132.37563482239725,0.10700031988425454,0.0032375634822397275,52.99696399738766,5.724535798620263e-05,-71.03887189043792,2.2293063656966656e-06,1.7834450925573327e-07,-0.00015836740931726319,0.00014896202492167336,-0.0018259399823489198
2203.2000000000003,964.7078826050304,1035.292117394971,967.4099149401163,132.59008505988342,0.10700031983584288,0.003259008505988343,53.10978481039633,5.724535798620263e-05,-70.58423478994064,2.2293063647332732e-06,1.7834450917866187e-07,-0.0001573538838670424,0.00014888553281260414,-0.0018142445215548668
2217.6,964.9337463540261,1035.0662536459754,967.1955748230171,132.80442517698253,0.10700031979682255,0.003280442517698257,53.22116617877698,5.724535798620263e-05,-70.13250729194931,2.229306363956769e-06,1.783445091165415e-07,-0.00015634684482618709,0.00014880907999480876,-0.0018026240958723195
2232.0,965.158164612307,1034.8418353876941,966.9813447698348,133.018655230165,0.1070003197729024,0.0033018655230165053,53.33112647028371,5.724535798620264e-05,-69.6836707753871,2.229306363480758e-06,1.7834450907846065e-07,-0.0001553462506902686,0.0001487326664557051,-0.0017910782215305164
2246.4,965.3811466303329,1034.6188533696684,966.7672247239782,133.2327752760217,0.10700031975865842,0.003323277527602173,53.4396838073397,5.724535798620264e-05,-69.23770673933552,2.2293063631973027e-06,1.783445090557842e-07,-0.00015435206020718946,0.00014865629216787919,-0.0017796064179481518
2260.8,965.6027015997344,1034.3972984002664,966.5532146289761,133.4467853710236,0.1070003197554325,0.0033446785371023654,53.5468560889667,5.724535798620264e-05,-68.79459680053208,2.229306363133107e-06,1.7834450905064857e-07,-0.00015336423239660263,0.00014857995711294841,-0.001768208207667053
2275.2000000000003,965.8228386534114,1034.1771613465899,966.3393144283909,133.6606855716087,0.10700031976487591,0.0033660685571608767,53.65266098742082,5.724535798620264e-05,-68.35432269317846,2.229306363321031e-06,1.7834450906568247e-07,-0.00015238272654040188,0.00014850366127294845,-0.001756883116345366
2289.6,966.0415668658974,1033.9584331341036,966.1255240658071,133.87447593419267,0.10700031978814706,0.003387447593419272,53.75711595070057,5.724535798620264e-05,-67.91686626820626,2.2293063637841267e-06,1.7834450910273013e-07,-0.00015140750217998772,0.0001484274046292654,-0.0017456306727368053
2304.0,966.2588952537582,1033.7411047462426,965.9118434848297,134.0881565151701,0.10700031982582028,0.0034088156515170113,53.86023820579322,5.724535798620264e-05,-67.48220949248446,2.2293063645338237e-06,1.783445091627059e-07,-0.00015043851911440042,0.00014835118716251624,-0.0017344504086684357
2318.4,966.474832775862,1033.525167224139,965.6982726290753,134.30172737092434,0.10700031987712665,0.003430172737092436,53.96204475972968,5.724535798620264e-05,-67.05033444827711,2.2293063655548202e-06,1.7834450924438562e-07,-0.0001494757373981238,0.00014827500885154256,-0.001723341859024945
2332.8,966.6893883331114,1033.3106116668898,965.4848114421259,134.5151885578739,0.10700031993640163,0.003451518855787396,54.062552391474284,5.724535798620264e-05,-66.6212233337784,2.229306366734393e-06,1.7834450933875142e-07,-0.00014851911733762608,0.00014819886966869922,-0.0017123045617606406
2347.2000000000003,966.9025707698249,1033.0974292301762,965.2714598675924,134.7285401324074,0.10700031999809617,0.0034728540132407397,54.161777671912425,5.724535798620264e-05,-66.19485846035127,2.229306367962114e-06,1.7834450943696912e-07,-0.0001475686194920119,0.00014812276958651958,-0.0017013380578267037
2361.6,967.1143888738785,1032.8856111261225,965.058217849098,134.94178215090173,0.10700032005535444,0.0034941782150901737,54.259736962730365,5.724535798620264e-05,-65.771222252244,2.2293063691015534e-06,1.7834450952812427e-07,-0.00014662420467052137,0.0001480467085758295,-0.0016904418911622197
2376.0,967.324851377004,1032.675148622997,964.8450853302692,135.15491466973063,0.10700032009939642,0.0035154914669730673,54.356446417934556,5.724535798620264e-05,-65.35029724599303,2.229306369977989e-06,1.7834450959823911e-07,-0.0001456858339304473,0.00014797068660493307,-0.0016796156086771442
2390.4,967.5339669551721,1032.4660330448287,964.6320622547331,135.36793774526674,0.10700032011935147,0.0035367937745266744,54.451921986851445,5.724535798620264e-05,-64.93206608965659,2.2293063703750946e-06,1.7834450963000756e-07,-0.0001447534685752881,0.0001478947036393983,-0.0016688587602309893
2404.8,967.7417442288881,1032.2582557711125,964.4191485661414,135.58085143385833,0.10700032010399202,0.0035580851433858335,54.54617941616741,5.724535798620264e-05,-64.5165115422244,2.2293063700694415e-06,1.7834450960555533e-07,-0.00014382707015573953,0.00014781875964436057,-0.0016581708986160315
2419.2000000000003,967.9481917625296,1032.0518082374717,964.2063442084657,135.79365579153406,0.10700032006399122,0.003579365579153408,54.63923424159965,5.724535798620264e-05,-64.1036164749421,2.2293063692734257e-06,1.7834450954187407e-07,-0.00014290660050104932,0.000147742854613983,-0.001647551579589818
2433.6,968.1533180659582,1031.8466819340426,963.9936491256451,136.00635087435475,0.10700032000542604,0.0036006350874354773,54.731101804198374,5.724535798620264e-05,-63.693363868084475,2.2293063681079783e-06,1.7834450944863827e-07,-0.00014199202167733933,0.00014766698853632972,-0.00163700036179065
2448.0,968.3571315948068,1031.6428684051941,963.7810632616125,136.2189367383872,0.10700031993174723,0.0036218936738387224,54.82179725226723,5.724535798620264e-05,-63.285736810387334,2.22930636664177e-06,1.7834450933134163e-07,-0.0001410832959890119,0.00014759116139598626,-0.001626516806721448
2462.4,968.5596407506227,1031.4403592493782,963.5685865603612,136.4314134396385,0.10700031984872758,0.003643141343963853,54.91133554177908,5.724535798620264e-05,-62.880718498755414,2.229306364989679e-06,1.7834450919917434e-07,-0.0001401803859843997,0.00014751537318060778,-0.0016161004787407908
2476.8,968.7608538812317,1031.2391461187694,963.3562189659474,136.64378103405227,0.1070003197647478,0.003664378103405231,54.99973143914745,5.724535798620264e-05,-62.478292237537744,2.2293063633184813e-06,1.783445090654785e-07,-0.00013928325445441457,0.0001474396238812887,-0.001605750945042807
2491.2000000000003,968.9607792810873,1031.0392207189138,963.1439604224898,136.8560395775099,0.10700031969070413,0.0036856039577509957,55.08699952372105,5.724535798620264e-05,-62.07844143782654,2.2293063618450124e-06,1.78344508947601e-07,-0.00013839186443076975,0.00014736391349243213,-0.001595467775637751
2505.6,969.1594251911687,1030.8405748088321,962.9318108739922,137.06818912600758,0.10700031962677217,0.0037068189126007634,55.17315418064531,5.724535798620264e-05,-61.681149617663436,2.2293063605727664e-06,1.783445088458213e-07,-0.00013750617917009756,0.00014728824199427545,-0.0015852505433559011
2520.0,969.3567997997471,1030.6432002002541,962.7197702645041,137.2802297354957,0.10700031957442067,0.0037280229735495744,55.258209612229116,5.724535798620264e-05,-61.28640040050698,2.2293063595309718e-06,1.7834450876247774e-07,-0.0001366261621656117,0.00014721260936877132,-0.0015750988238067741
2534.4,969.5529112428748,1030.447088757126,962.5078385381735,137.49216146182627,0.10700031954034456,0.0037492161461826295,55.34217984338943,5.724535798620264e-05,-60.89417751425128,2.2293063588528567e-06,1.7834450870822854e-07,-0.00013575177714963502,0.00014713701560476765,-0.0015650121953525752
2548.8,969.7477676045844,1030.2522323954167,962.296015639187,137.70398436081285,0.10700031953198695,0.0037703984360812856,55.425078720931445,5.724535798620264e-05,-60.504464790832344,2.2293063586865405e-06,1.7834450869492324e-07,-0.00013488298808712846,0.0001470614606920904,-0.0015549902390967348
2563.2000000000003,969.9413769172413,1030.0586230827596,962.0843015117691,137.9156984882306,0.10700031955753736,0.003791569848823063,55.506919916109474,5.724535798620264e-05,-60.11724616551828,2.2293063591949936e-06,1.783445087355995e-07,-0.00013401975917408076,0.0001469859446215383,-0.0015450325388643832
2577.6,970.1337471618976,1029.866252838103,961.8726961001827,138.12730389981692,0.10700031962589013,0.003812730389981697,55.587716927179635,5.724535798620264e-05,-59.73250567620539,2.2293063605552138e-06,1.783445088444171e-07,-0.00013316205483586508,0.00014691046738482598,-0.0015351386811829851
2592.0,970.3248862686413,1029.6751137313595,961.661199348418,138.33880065158166,0.10700031972303956,0.003833880065158171,55.66748307709016,5.724535798620264e-05,-59.35022746271818,2.2293063624884873e-06,1.7834450899907898e-07,-0.00013230983969777659,0.00014683502894353122,-0.0015253082552630912
2606.4,970.5148021168625,1029.4851978831382,961.4498112002098,138.55018879978994,0.10700031981337818,0.003855018879978996,55.74623151567276,5.724535798620264e-05,-58.970395766275715,2.2293063642862258e-06,1.7834450914289808e-07,-0.00013146307858623595,0.00014675962923087904,-0.0015155408529834169
2620.8,970.7035025353238,1029.2964974646768,961.2385315993383,138.76146840066139,0.10700031986259151,0.0038761468400661417,55.82397522486008,5.724535798620264e-05,-58.59299492935304,2.229306365265571e-06,1.7834450922124569e-07,-0.00013062173655598006,0.0001466842681818995,-0.001505836068886066
2635.2000000000003,970.8909953027513,1029.1090046972497,961.0273604899174,138.9726395100823,0.10700031985951655,0.003897263951008234,55.90072702363275,5.724535798620264e-05,-58.21800939449838,2.2293063652043794e-06,1.7834450921635037e-07,-0.0001297857789126836,0.00014660894576213254,-0.001496193500144965
2649.6,971.077288148201,1028.9227118518,960.816297816658,139.1837021833417,0.10700031983618298,0.003918370218334177,55.97649957240951,5.724535798620264e-05,-57.845423703598954,2.2293063647400415e-06,1.783445091792033e-07,-0.00012895517123351761,0.00014653366199385862,-0.0014866127465458208
2664.0,971.2623887500226,1028.7376112499783,960.6053435241228,139.39465647587693,0.10700031981118495,0.003939465647587696,56.05130536064263,5.724535798620264e-05,-57.475222499955635,2.2293063642425807e-06,1.7834450913940645e-07,-0.00012812987930540946,0.00014645841688165414,-0.0014770934105383618
2678.4,971.4463047376474,1028.5536952623534,960.3944975568575,139.6055024431423,0.10700031979964658,0.003960550244314233,56.125156719511395,5.724535798620264e-05,-57.10739052470592,2.229306364012967e-06,1.7834450912103737e-07,-0.00012730986912890072,0.00014638321042550508,-0.0014676350971432367
2692.8,971.6290436938133,1028.3709563061877,960.1837598591419,139.81624014085776,0.10700031979439668,0.003981624014085779,56.19806583464152,5.724535798620264e-05,-56.74191261237445,2.2293063639084944e-06,1.7834450911267957e-07,-0.00012649510688710603,0.00014630804259614387,-0.0014582374138365306
2707.2000000000003,971.8106131506551,1028.1893868493457,959.9731303754312,140.02686962456843,0.10700031979935538,0.004002686962456846,56.27004472379518,5.724535798620264e-05,-56.37877369869068,2.2293063640071725e-06,1.783445091205738e-07,-0.00012568555900141132,0.00014623291337886263,-0.0014488999707497256
2721.6,971.9910205919032,1028.0089794080977,959.7626090501798,140.2373909498198,0.10700031981623294,0.004023739094981986,56.34110524992365,5.724535798620264e-05,-56.01795881619455,2.229306364343036e-06,1.7834450914744286e-07,-0.0001248811921064486,0.00014615782275605976,-0.0014396223805556556
2736.0,972.1702734557608,1027.8297265442402,959.5521958277403,140.44780417225928,0.10700031983678354,0.004044780417225936,56.41125913911851,5.724535798620264e-05,-55.65945308847938,2.2293063647519927e-06,1.7834450918015943e-07,-0.00012408197302876204,0.00014608277069710985,-0.0014304042583194682
2750.4,972.3483791310177,1027.6516208689832,959.3418906524939,140.6581093475058,0.10700031985275428,0.0040658109347505855,56.480517956310116,5.724535798620264e-05,-55.303241737965436,2.2293063650698104e-06,1.7834450920558484e-07,-0.00012328786881544076,0.00014600775717141045,-0.0014212452216974954
2764.8,972.5253449585847,1027.474655041416,959.1316934688515,140.8683065311482,0.1070003198560078,0.004086830653114827,56.54889311510035,5.724535798620264e-05,-54.9493100828314,2.2293063651345555e-06,1.7834450921076445e-07,-0.00012249884672740845,0.00014593278214854253,-0.0014121448908573715
2779.2000000000003,972.7011782345223,1027.2988217654786,958.9216042214422,141.0783957785573,0.10700031985288307,0.004107839577855735,56.616395897957815,5.724535798620264e-05,-54.59764353095625,2.229306365072373e-06,1.7834450920578985e-07,-0.00012171487424151324,0.00014585784561703478,-0.001403102888321299
2793.6,972.8758862067482,1027.124113793253,958.7116228548924,141.28837714510732,0.10700031984727575,0.004128837714510736,56.68303743418495,5.724535798620264e-05,-54.248227586504754,2.2293063649607876e-06,1.78344509196863e-07,-0.00012093591904643643,0.00014578294756221837,-0.0013941188391344438
2808.0,973.0494760758995,1026.9505239241016,958.5017493138536,141.49825068614612,0.10700031984291726,0.004149825068614614,56.748828705486666,5.724535798620264e-05,-53.9010478482021,2.2293063648740535e-06,1.783445091899243e-07,-0.00012016194904137784,0.00014570808796920948,-0.0013851923708196234
2822.4,973.221954998758,1026.778045001243,958.2919835429564,141.70801645704316,0.10700031983974265,0.004170801645704317,56.81378056692168,5.724535798620264e-05,-53.55609000248512,2.229306364810879e-06,1.783445091848703e-07,-0.00011939293231692436,0.00014563326681817147,-0.0013763231132003328
2836.8,973.3933300852552,1026.6066699147455,958.0823254868719,141.9176745131278,0.10700031983857075,0.004191767451312781,56.87790372872526,5.724535798620264e-05,-53.213339829490224,2.2293063647875583e-06,1.7834450918300466e-07,-0.00011862883717348584,0.0001455584840904307,-0.001367510698553784
2851.2000000000003,973.563608398661,1026.43639160134,957.8727750903078,142.127224909692,0.10700031984090082,0.004212722490969203,56.9412087574368,5.724535798620264e-05,-52.872783202678875,2.2293063648339266e-06,1.7834450918671414e-07,-0.00011786963212021634,0.000145483739768208,-0.0013587547616004188
2865.6,973.7327969589957,1026.2672030410054,957.6633322979628,142.3366677020368,0.10700031984536706,0.004233666770203685,57.00370609640819,5.724535798620264e-05,-52.534406082009696,2.229306364922805e-06,1.783445091938244e-07,-0.00011711528585606353,0.0001454090338299983,-0.0013500549393274982
2880.0,973.9009027408462,1026.0990972591549,957.4539970545549,142.54600294544474,0.10700031984984484,0.004254600294544481,57.065406052697334,5.724535798620264e-05,-52.198194518308696,2.2293063650119128e-06,1.7834450920095303e-07,-0.00011636576728179551,0.00014533436625332238,-0.0013414108711006165
2894.4,974.0679326728048,1025.932067327196,957.2447693048282,142.75523069517146,0.10700031985209248,0.00427552306951715,57.12631879370373,5.724535798620264e-05,-51.86413465439114,2.2293063650566403e-06,1.7834450920453124e-07,-0.00011562104550318883,0.00014525973701556431,-0.0013328221986917185
2908.8,974.2338936406462,1025.7661063593546,957.0356489935871,142.9643510064127,0.10700031985228248,0.004296435100641273,57.18645436628343,5.724535798620264e-05,-51.532212718708365,2.2293063650604215e-06,1.7834450920483373e-07,-0.00011488108981946416,0.00014518514609726456,-0.0013242885661149638
2923.2000000000003,974.3987924861352,1025.6012075138658,956.8266360656768,143.17336393432305,0.1070003198515771,0.004317336393432307,57.24582268957162,5.724535798620264e-05,-51.20241502773058,2.2293063650463845e-06,1.7834450920371075e-07,-0.00011414586972706643,0.0001451105934802596,-0.0013158096196871736
2937.6,974.5626360057315,1025.4373639942694,956.6177304659639,143.382269534036,0.10700031985057562,0.004338226953403603,57.30443354718445,5.724535798620264e-05,-50.87472798853787,2.229306365026455e-06,1.783445092021164e-07,-0.00011341535492383701,0.00014503607914566157,-0.0013073850080936868
2952.0,974.7254309534884,1025.274569046512,956.40893213934,143.5910678606599,0.1070003198496431,0.004359106786065994,57.36229660420766,5.724535798620264e-05,-50.549138093023544,2.229306365007898e-06,1.7834450920063184e-07,-0.00011268951529644057,0.00014496160307428697,-0.0012990143822385453
2966.4,974.8871840409344,1025.1128159590658,956.2002410307223,143.7997589692775,0.10700031984894137,0.0043799758969277494,57.41942140650767,5.724535798620264e-05,-50.2256319181314,2.2293063649939336e-06,1.7834450919951469e-07,-0.0001119683209209328,0.0001448871652466975,-0.0012906973952498601
2980.8,975.0479019349827,1024.9520980650177,955.9916570850612,144.0083429149386,0.10700031984897238,0.004400834291493863,57.475817368598854,5.724535798620264e-05,-49.90419613003496,2.2293063649945503e-06,1.7834450919956403e-07,-0.00011125174207262334,0.0001448127656439059,-0.0012824337025865208
2995.2000000000003,975.2075912604672,1024.7924087395331,955.7831802473296,144.21681975267023,0.10700031984983374,0.004421681975267027,57.53149378817539,5.724535798620264e-05,-49.58481747906592,2.2293063650116917e-06,1.7834450920093534e-07,-0.00011053974921402463,0.0001447384042464094,-0.0012742229619070833
3009.6,975.3662586011372,1024.633741398863,955.5748104625194,144.42518953748046,0.1070003198509067,0.004442518953748046,57.586459851776254,5.724535798620264e-05,-49.26748279772585,2.2293063650330437e-06,1.783445092026435e-07,-0.00010983231299012622,0.0001446640810337864,-0.0012660648330179494
3024.0,975.5239104968448,1024.476089503156,955.366547675653,144.63345232434676,0.10700031985173795,0.0044633452324346744,57.640724618778016,5.724535798620264e-05,-48.9521790063111,2.2293063650495854e-06,1.7834450920396685e-07,-0.00010912940424181602,0.00014458979598584156,-0.0012579589780172837
3038.4,975.6805534467435,1024.3194465532574,955.1583918317859,144.84160816821387,0.10700031985223263,0.004484160816821386,57.694297039318904,5.724535798620264e-05,-48.63889310651393,2.2293063650594296e-06,1.7834450920475438e-07,-0.00010843099399179673,0.0001445155490828549,-0.001249905061129827
3052.8,975.8361939112062,1024.1638060887944,954.9503428760121,145.04965712398788,0.10700031985311018,0.004504965712398787,57.74718596495754,5.724535798620264e-05,-48.32761217758821,2.2293063650768925e-06,1.783445092061514e-07,-0.00010773705343646493,0.00014444134030617021,-0.0012419027486076546
3067.2000000000003,975.9908383056815,1024.0091616943191,954.7424007534426,145.2575992465574,0.10700031985425061,0.00452575992465574,57.79940011456158,5.724535798620264e-05,-48.01832338863767,2.2293063650995875e-06,1.78344509207967e-07,-0.00010704755397170035,0.000144367169636054,-0.001233951709045446
3081.6,976.1444930038972,1023.8555069961033,954.5345654092149,145.46543459078518,0.10700031985534732,0.004546543459078518,57.85094809214376,5.724535798620264e-05,-47.71101399220606,2.2293063651214117e-06,1.7834450920971294e-07,-0.00010636246717922171,0.00014429303705254187,-0.0012260516132150247
3096.0,976.297164338305,1023.7028356616954,954.326836788491,145.67316321150886,0.10700031985586145,0.004567316321150887,57.901838389368336,5.724535798620264e-05,-47.40567132339038,2.229306365131643e-06,1.7834450921053143e-07,-0.00010568176482457277,0.0001442189425353802,-0.0012182021340419653
3110.4,976.4488586004113,1023.5511413995891,954.119214836458,145.88078516354182,0.10700031985494796,0.004588078516354184,57.95207938742868,5.724535798620264e-05,-47.10228279917783,2.2293063651134644e-06,1.7834450920907716e-07,-0.00010500541885558158,0.00014414488606393148,-0.0012104029465879065
3124.8,976.5995820411079,1023.4004179588926,953.9116994983256,146.08830050167427,0.10700031985138153,0.004608830050167428,58.00167935892475,5.724535798620264e-05,-46.80083591778475,2.2293063650424928e-06,1.7834450920339942e-07,-0.00010433340140082686,0.00014407086761707968,-0.001202653728032954
3139.2000000000003,976.7493408710769,1023.2506591289235,953.7042907193268,146.29570928067298,0.1070003198435664,0.004629570928067301,58.05064647006537,5.724535798620264e-05,-46.501318257846606,2.2293063648869716e-06,1.7834450919095772e-07,-0.00010366568476785218,0.00014399688717324412,-0.0011949541576542714
3153.6,976.8981412644899,1023.1018587355105,953.4969884447676,146.50301155523226,0.10700031983334986,0.004650301155523225,58.0989887976114,5.724535798620264e-05,-46.20371747102058,2.2293063646836625e-06,1.78344509174693e-07,-0.00010300224143019192,0.0001439229447152977,-0.001187303916635338
3168.0,977.0459893561931,1022.9540106438074,953.2897926199782,146.71020738002164,0.1070003198223176,0.004671020738002161,58.14671431668291,5.724535798620264e-05,-45.90802128761425,2.2293063644641205e-06,1.7834450915712963e-07,-0.00010234304403643276,0.00014384904022578127,-0.0011797026882100546
3182.4,977.1928912409289,1022.8071087590715,953.0827031902965,146.91729680970343,0.10700031981043903,0.004691729680970343,58.19383089767445,5.724535798620264e-05,-45.614217518142596,2.229306364227737e-06,1.7834450913821896e-07,-0.00010168806541246362,0.00014377517368515966,-0.0011721501577022365
3196.8,977.3388529750335,1022.6611470249669,952.8757201010862,147.12427989891356,0.10700031979756906,0.004712427989891353,58.24034631423912,5.724535798620264e-05,-45.32229404993336,2.2293063639716246e-06,1.7834450911772998e-07,-0.00010103727855530973,0.00014370134507376046,-0.0011646460124377775
3211.2000000000003,977.4838805768072,1022.5161194231932,952.6688432977382,147.33115670226155,0.1070003197834208,0.004733115670226158,58.286268245347216,5.724535798620264e-05,-45.03223884638601,2.2293063636900742e-06,1.7834450909520594e-07,-0.00010039065663145969,0.00014362755437173912,-0.0011571899417250667
3225.6,977.6279800268871,1022.3720199731133,952.4620727256685,147.53792727433137,0.10700031976753824,0.004753792727433139,58.331604277344766,5.724535798620264e-05,-44.74403994622617,2.229306363374011e-06,1.783445090699209e-07,-9.974817297518293e-05,0.00014355380155904433,-0.0011497816368353044
3240.0,977.7711572686186,1022.2288427313819,952.2554083303185,147.74459166968137,0.10700031974926902,0.0047744591669681355,58.37636190601207,5.724535798620264e-05,-44.457685462763266,2.2293063630104535e-06,1.783445090408363e-07,-9.910980108685549e-05,0.0001434800866153836,-0.0011424207909828958
3254.4,977.9134182064421,1022.0865817935584,952.0488500571628,147.9511499428369,0.10700031972834337,0.004795114994283692,58.420548526263715,5.724535798620264e-05,-44.17316358711628,2.229306362594033e-06,1.7834450900752265e-07,-9.847551464066538e-05,0.00014340640952096765,-0.0011351070994078541
3268.8,978.0547686980639,1021.9452313019366,951.8423978517416,148.15760214825812,0.10700031970735373,0.0048157602148258165,58.464171383116934,5.724535798620264e-05,-43.89046260387272,2.2293063621763395e-06,1.7834450897410717e-07,-9.784528752167617e-05,0.0001433327702596934,-0.0011278402597778268
3283.2000000000003,978.1952145690669,1021.8047854309335,951.6360516596028,148.36394834039695,0.1070003196873751,0.004836394834039696,58.50723766245088,5.724535798620264e-05,-43.60957086186659,2.2293063617787647e-06,1.783445089423012e-07,-9.721909375680103e-05,0.00014325916881351318,-0.001120619971436438
3297.6,978.3347616089313,1021.6652383910691,951.4298114263196,148.57018857368016,0.107000319669268,0.004857018857368019,58.5497544659569,5.724535798620264e-05,-43.330476782137794,2.2293063614184335e-06,1.7834450891347468e-07,-9.659690753371352e-05,0.00014318560516411147,-0.001113445935607409
3312.0,978.4734155702138,1021.5265844297867,951.2236770974947,148.77632290250511,0.10700031965401531,0.004877632290250514,58.591728805772036,5.724535798620264e-05,-43.05316885957291,2.2293063611149048e-06,1.7834450888919239e-07,-9.597870320480001e-05,0.00014311207929333723,-0.001106317855436259
3326.4,978.6111821688129,1021.3888178311876,951.0176486187602,148.98235138123957,0.10700031964272762,0.004898235138123958,58.633167605874014,5.724535798620264e-05,-42.77763566237468,2.2293063608902797e-06,1.7834450887122237e-07,-9.536445528597873e-05,0.00014303859118321047,-0.0010992354359762252
3340.8,978.7480670842334,1021.251932915767,950.8117259357781,149.1882740642216,0.10700031963664847,0.004918827406422163,58.674077703476364,5.724535798620264e-05,-42.50386583153363,2.2293063607693047e-06,1.7834450886154438e-07,-9.475413845552304e-05,0.0001429651408159286,-0.001092198384174206
3355.2000000000003,978.8840759598531,1021.1159240401473,950.6059089942399,149.39409100575975,0.10700031963715946,0.004939409100575976,58.71446585042348,5.724535798620264e-05,-42.231848080294185,2.2293063607794734e-06,1.7834450886235788e-07,-9.414772755287222e-05,0.00014289172817387238,-0.001085206408856605
3369.6,979.0192144023791,1020.9807855976213,950.4001977398527,149.599802260147,0.10700031964467246,0.004959980226014698,58.7543387078922,5.724535798620264e-05,-41.961571195242186,2.2293063609289823e-06,1.783445088743186e-07,-9.354519758012777e-05,0.0001428183532381882,-0.0010782592207568453
3384.0,979.1534879817006,1020.8465120182999,950.1945921183316,149.8054078816681,0.10700031965806256,0.004980540788166811,58.79370284434752,5.724535798620264e-05,-41.693024036599354,2.229306361195445e-06,1.783445088956356e-07,-9.294652370226553e-05,0.00014274501598806615,-0.001071356532522517
3398.4,979.2869022324228,1020.7130977675777,949.9890920754225,150.0109079245772,0.10700031967642736,0.005001090792457722,58.83256474748287,5.724535798620264e-05,-41.426195535154875,2.2293063615609045e-06,1.7834450892487235e-07,-9.23516812417867e-05,0.0001426717164029936,-0.0010644980586360716
3412.8,979.4194626534829,1020.5805373465175,949.7836975568906,150.2163024431092,0.10700031969819317,0.005021630244310923,58.87093082021016,5.724535798620264e-05,-41.16107469303461,2.229306361994044e-06,1.7834450895952352e-07,-9.17606456796941e-05,0.00014259845446161268,-0.001057683515434196
3418.165926114861,979.4686418849894,1020.531358115011,949.7071876019303,150.29281239806946,0.10700031970672609,0.005029281239806947,58.88510178872962,5.724535798620264e-05,-41.06271623002158,2.229306362163849e-06,1.7834450897310794e-07,-9.154137453931586e-05,0.00014257116421177642,-0.0010551553645779283
3418.165926114861,1128.9551518581186,871.0448481418819,949.7071876019303,150.29281239806946,0.10700031970672609,0.005029281239806947,58.88510178872962,5.724535798620264e-05,257.91030371623674,2.229306362163849e-06,1.7834450897310794e-07,0.0005749610809422171,0.00014257116421177642,0.0066634827656319095
3427.2000000000003,1128.4367724659276,871.563227534073,949.578408509965,150.42159149003479,0.1070003197192876,0.00504215914900348,59.82027716998307,5.724535798620264e-05,256.87354493185455,2.2293063624138234e-06,1.7834450899310589e-07,0.0005726498280523765,0.00014252523013991283,0.006636397148268112
3441.6,1127.6147984036627,872.385201596338,949.3732248777744,150.62677512222547,0.10700031973710172,0.005062677512222545,61.295425053414114,5.724535798620264e-05,255.2295968073247,2.2293063627683245e-06,1.7834450902146598e-07,0.000568984964129363,0.00014245204341429242,0.00659345604795476
3456.0,1126.7980846713665,873.2019153286341,949.1681466071415,150.83185339285814,0.10700031975252892,0.005083185339285819,62.75175315999289,5.724535798620264e-05,253.59616934273242,2.2293063630753257e-06,1.7834450904602607e-07,0.0005653435539672812,0.00014237889426692567,0.006550798824092137
3470.4,1125.98659777939,874.0134022206107,948.9631736442467,151.036826355753,0.1070003197658871,0.005103682635575302,64.18950034475372,5.724535798620264e-05,251.97319555877925,2.2293063633411534e-06,1.7834450906729229e-07,0.0005617254482505915,0.00014230578267902417,0.0065084234923207356
3484.8,1125.180304268546,874.8196957314544,948.7583059350068,151.24169406499288,0.10700031977745425,0.00512416940649929,65.60890374668936,5.724535798620264e-05,250.3606085370916,2.2293063635713397e-06,1.7834450908570718e-07,0.0005581304977993314,0.0001422327086316541,0.006466328074867783
3499.2000000000003,1124.3791709011803,875.6208290988204,948.553543425377,151.44645657462266,0.10700031978747059,0.005144645657462266,67.01019742101383,5.724535798620264e-05,248.75834180235984,2.2293063637706648e-06,1.7834450910165318e-07,0.0005545585544210389,0.0001421596721058466,0.006424510610427112
3513.6,1123.5831646554504,876.4168353445498,948.3488860613403,151.6511139386594,0.1070003197961435,0.005165111393865939,68.39361239341322,5.724535798620264e-05,247.16632931090066,2.2293063639432558e-06,1.7834450911546046e-07,0.0005510094708852853,0.00014208667308260051,0.006382969153759835
3528.0,1122.7922527205703,877.2077472794299,948.1443337889067,151.85566621109285,0.10700031980365282,0.005185566621109287,69.75937674551515,5.724535798620264e-05,245.58450544114044,2.2293063640926914e-06,1.7834450912741532e-07,0.0005474831009024905,0.00014201371154288882,0.006341701775347537
3542.4,1122.0064024919734,877.993597508027,947.9398865541136,152.06011344588586,0.10700031981015515,0.005206011344588587,71.1077157021051,5.724535798620264e-05,244.01280498394635,2.2293063642220876e-06,1.7834450913776702e-07,0.0005439792991023948,0.00014194078746766425,0.0063007065610437086
3556.8,1121.2255815756023,878.774418424398,947.7355443030259,152.26445569697353,0.10700031981578541,0.005226445569697354,72.43885158828341,5.724535798620264e-05,242.45116315120424,2.2293063643341297e-06,1.7834450914673037e-07,0.0005404979210531921,0.00014186790083786166,0.006259981612203233
3571.2000000000003,1120.4497577838279,879.5502422161724,947.5313069817361,152.46869301826354,0.10700031982066159,0.005246869301826355,73.75300391652252,5.724535798620264e-05,240.8995155676555,2.229306364431166e-06,1.7834450915449327e-07,0.0005370388232433591,0.00014179505163440387,0.0062195250453769765
3585.6,1119.6788991336537,880.321100866347,947.3271745363635,152.67282546363606,0.10700031982488685,0.005267282546363608,75.05038943552832,5.724535798620264e-05,239.35779826730663,2.2293063645152486e-06,1.783445091612199e-07,0.0005336018630736636,0.00014172223983820428,0.0061793349921276915
3600.0,1118.9129738497277,881.0870261502724,947.1231469130557,152.87685308694384,0.10700031982854635,0.005287685308694388,76.33122204850713,5.724535798620264e-05,237.82594769945524,2.2293063645880727e-06,1.7834450916704582e-07,0.0005301868988705857,0.0001416494654301632,0.00613940959909842
3614.4,1118.1519503613893,881.8480496386109,946.9192240579874,153.0807759420121,0.10700031983171235,0.005308077594201215,77.59571289383331,5.724535798620264e-05,236.3039007227784,2.229306364651076e-06,1.7834450917208606e-07,0.0005267937898731658,0.00014157672839117412,0.006099747027771412
3628.8,1117.3957973010954,882.6042026989045,946.7154059173611,153.28459408263853,0.10700031983444798,0.0053284594082638565,78.84407038805026,5.724535798620264e-05,234.7915946021909,2.229306364705515e-06,1.7834450917644122e-07,0.0005234223962260212,0.0001415040287021289,0.006060345454301106
3643.2000000000003,1116.6444835006957,883.3555164993044,946.5116924374063,153.48830756259332,0.10700031983680727,0.005348830756259334,80.07650032211876,5.724535798620264e-05,233.28896700139137,2.229306364752465e-06,1.783445091801972e-07,0.0005200725789627295,0.00014143136634391714,0.006021203069236574
3657.6,1115.8979779878764,884.1020220121237,946.3080835643805,153.6919164356192,0.10700031983883575,0.005369191643561918,81.29320595341028,5.724535798620264e-05,231.7959559757527,2.2293063647928315e-06,1.783445091834265e-07,0.0005167441999899844,0.0001413587412974277,0.0059823180772547516
3672.0,1115.1562499898798,884.8437500101202,946.1045792445683,153.8954207554312,0.10700031984058082,0.005389542075543119,82.49438791724424,5.724535798620264e-05,230.31249997975965,2.2293063648275586e-06,1.783445091862047e-07,0.0005134371221042251,0.0001412861535435614,0.005943688697274297
3686.4,1114.4192689296488,885.5807310703514,945.9011794242826,154.09882057571687,0.10700031984209193,0.005409882057571688,83.68024432634506,5.724535798620264e-05,228.8385378592974,2.2293063648576295e-06,1.7834450918861035e-07,0.0005101512089744453,0.00014121360306323138,0.005905313162176377
3700.8,1113.6870044241268,886.3129955758734,945.6978840498634,154.3021159501361,0.10700031984342356,0.005430211595013611,84.85097081679612,5.724535798620264e-05,227.37400884825342,2.229306364884129e-06,1.7834450919073032e-07,0.0005068863251346316,0.0001411410898373669,0.005867189718639527
3715.2000000000003,1112.9594262877888,887.0405737122114,945.4946930676781,154.50530693232145,0.10700031984460623,0.005450530693232148,86.00676043625731,5.724535798620264e-05,225.91885257557738,2.229306364907664e-06,1.7834450919261314e-07,0.0005036423359993709,0.00014106861384687654,0.0058293166272482475
3729.6,1112.2365045326346,887.7634954673655,945.2916064241214,154.70839357587838,0.10700031984563946,0.0054708393575878395,87.14780363908909,5.724535798620264e-05,224.47300906526914,2.2293063649282255e-06,1.7834450919425805e-07,0.0005004191078637958,0.00014099617507263955,0.005791692162418881
3744.0,1111.518209358443,888.4817906415572,945.0886240656151,154.9113759343845,0.10700031984654515,0.005491137593438451,88.274288575729,5.724535798620264e-05,223.03641871688592,2.2293063649462487e-06,1.783445091956999e-07,0.0004972165078603704,0.00014092377349557309,0.005754314611820117
3758.4,1110.8045111553345,889.1954888446658,944.8857459386097,155.11425406138997,0.10700031984734448,0.005511425406138999,89.38640101015245,5.724535798620264e-05,221.6090223106687,2.2293063649621555e-06,1.7834450919697245e-07,0.0004940344039702141,0.00014085140909660346,0.005717182276435853
3772.8,1110.0953805024594,889.9046194975408,944.6829719895823,155.3170280104174,0.10700031984805904,0.005531702801041741,90.4843243544005,5.724535798620264e-05,220.1907610049186,2.229306364976375e-06,1.7834450919811001e-07,0.0004908726650172569,0.00014077908185666695,0.0056802934704276555
3787.2000000000003,1109.3907881684452,890.6092118315551,944.4803021650374,155.5196978349622,0.10700031984869603,0.005551969783496215,91.5682396346503,5.724535798620264e-05,218.7815763368901,2.229306364989051e-06,1.7834450919912407e-07,0.00048773116067016704,0.00014070679175669159,0.005643646521090178
3801.6,1108.690705109793,891.3092948902073,944.2777364115074,155.72226358849218,0.10700031984925204,0.005572226358849221,92.63832553688741,5.724535798620264e-05,217.38141021958575,2.2293063650001157e-06,1.7834450920000927e-07,0.00048460976143522373,0.0001406345387776019,0.005607239768701283
3816.0,1107.995102467833,892.0048975321671,944.0752746755516,155.924725324448,0.10700031984972924,0.005592472532444803,93.69475850866648,5.724535798620264e-05,215.99020493566593,2.2293063650096122e-06,1.7834450920076898e-07,0.00048150833864281064,0.000140562322900339,0.005571071566298535
3830.4,1107.30395156844,892.6960484315601,943.872916903757,156.12708309624267,0.10700031985012749,0.005612708309624267,94.73771275359199,5.724535798620264e-05,214.60790313687983,2.229306365017537e-06,1.7834450920140296e-07,0.00047842676444611324,0.00014049014410585106,0.0055351402796006595
3844.8,1106.617223920801,893.3827760791991,943.6706630427379,156.32933695726175,0.10700031985044461,0.00563293369572618,95.76736026250569,5.724535798620264e-05,213.234447841602,2.229306365023848e-06,1.7834450920190784e-07,0.000475364911815629,0.00014041800237509354,0.005499444286880977
3859.2000000000003,1105.9348912170772,894.0651087829232,943.4685130391362,156.53148696086345,0.10700031985068928,0.005653148696086351,96.78387080029097,5.724535798620264e-05,211.869782434154,2.2293063650287166e-06,1.7834450920229735e-07,0.00047232265453770887,0.00014034589768904503,0.005463981978888536
3873.6,1105.256925330735,894.7430746692653,943.2664668396212,156.7335331603784,0.10700031985087556,0.005673353316037845,97.78741195867828,5.724535798620264e-05,210.51385066146963,2.2293063650324237e-06,1.783445092025939e-07,0.0004692998672070993,0.00014027383002870089,0.005428751758701415
3888.0,1104.5832983148007,895.4167016851995,943.0645243908897,156.93547560910983,0.10700031985101618,0.005693547560910987,98.77814921311872,5.724535798620264e-05,209.16659662960114,2.2293063650352223e-06,1.783445092028178e-07,0.0004662964252191247,0.00014020179937506452,0.0053937520415771505
3902.4,1103.9139824010101,896.08601759899,942.862685639666,157.13731436033362,0.1070003198511282,0.005713731436033364,99.75624593489295,5.724535798620264e-05,207.82796480202012,2.2293063650374517e-06,1.7834450920299615e-07,0.0004633122047659229,0.00014012980570915446,0.005358981254850997
3916.8,1103.2489499986348,896.7510500013657,942.6609505327015,157.3390494672981,0.10700031985123346,0.005733904946729816,100.72186341952825,5.724535798620264e-05,206.4978999972691,2.229306365039546e-06,1.7834450920316368e-07,0.0004603470828312116,0.00014005784901200481,0.005324437837818471
3931.2000000000003,1102.5881736942354,897.4118263057647,942.4593190167748,157.5406809832248,0.10700031985133295,0.00575406809832248,101.67516087026101,5.724535798620264e-05,205.17634738847062,2.229306365041526e-06,1.7834450920332207e-07,0.0004574009371890888,0.00013998592926463347,0.005290120241667302
3945.6,1101.9316262497932,898.0683737502072,942.2577910386922,157.7422089613075,0.10700031985142622,0.005774220896130757,102.61629546009038,5.724535798620264e-05,203.863252499586,2.2293063650433817e-06,1.7834450920347054e-07,0.00045447364639577317,0.0001399140464480662,0.005256026929326046
3960.0,1101.2792806012317,898.7207193987683,942.0563665452864,157.9436334547131,0.10700031985151973,0.005794363345471313,103.54542237464675,5.724535798620264e-05,202.55856120246335,2.2293063650452427e-06,1.783445092036194e-07,0.0004515650897830579,0.00013984220054334692,0.0052221563753343265
3974.4,1100.6311098575381,899.3688901424621,941.8550454834187,158.1449545165808,0.10700031985161908,0.00581449545165808,104.46269482646187,5.724535798620264e-05,201.26221971507607,2.2293063650472196e-06,1.7834450920377756e-07,0.0004486751474543511,0.00013977039153152858,0.005188507065745105
3988.8,1099.9870872996703,900.0129127003297,941.6538277999769,158.34617220002266,0.10700031985172843,0.0058346172200022675,105.3682640793162,5.724535798620264e-05,199.97417459934059,2.229306365049396e-06,1.7834450920395168e-07,0.0004458037002798092,0.00013969861939367183,0.005155077498017011
4003.2000000000003,1099.3471863806762,900.6528136193241,941.4527134418759,158.54728655812357,0.10700031985184723,0.00585472865581236,106.2622794156286,5.724535798620264e-05,198.69437276135216,2.22930636505176e-06,1.783445092041408e-07,0.0004429506298968494,0.00013962688411084116,0.005121866180970494
4017.6,1098.711380723136,901.2886192768646,941.2517023560583,158.74829764394119,0.10700031985197356,0.005874829764394119,107.14488823004669,5.724535798620264e-05,197.42276144627147,2.229306365054274e-06,1.7834450920434193e-07,0.0004401158186987645,0.00013955518566410906,0.005088871634606143
4032.0,1098.0796441180019,901.9203558819983,941.0507944894939,158.94920551050578,0.10700031985210391,0.005894920551050583,108.01623605717221,5.724535798620264e-05,196.1592882360036,2.229306365056868e-06,1.7834450920454945e-07,0.00043729914982954763,0.0001394835240345559,0.005056092389996487
4046.4,1097.4519505238197,902.5480494761803,940.8499897891788,159.1500102108207,0.1070003198522317,0.005915001021082075,108.87646658130052,5.724535798620264e-05,194.90390104763947,2.229306365059411e-06,1.783445092047529e-07,0.00043450050718041224,0.00013941189920326763,0.005023526989198533
4060.8,1096.8282740656268,903.1717259343733,940.6492882021377,159.3507117978619,0.1070003198523464,0.0059350711797861964,109.72572166122737,5.724535798620264e-05,193.65654813125354,2.2293063650616933e-06,1.7834450920493546e-07,0.0004317197753848797,0.00013934031115133533,0.004991173985150568
4075.2000000000003,1096.208589033862,903.791410966138,940.4486896754213,159.55131032457834,0.10700031985243251,0.005955131032457836,110.56414135457153,5.724535798620264e-05,192.41717806772397,2.2293063650634073e-06,1.783445092050726e-07,0.0004289568398139161,0.0001392687598598535,0.0049590319415704735
4089.6,1095.592869883289,904.4071301167113,940.2481941561078,159.75180584389167,0.1070003198524682,0.0059751805843891725,111.39186394161418,5.724535798620264e-05,191.18573976657774,2.2293063650641175e-06,1.783445092051294e-07,0.0004262115865711237,0.0001391972453099183,0.00492709943285558
4104.0,1094.9810912325663,905.0189087674337,940.047801591303,159.95219840869646,0.10700031985244574,0.005995219840869648,112.20902592072459,5.724535798620264e-05,189.96218246513263,2.2293063650636703e-06,1.7834450920509362e-07,0.0004234839024909065,0.00013912576748265342,0.004895375044017036
4118.400000000001,1094.3732278639486,905.6267721360515,939.8475119281401,160.15248807185938,0.10700031985239537,0.006015248807185943,113.0157619982437,5.724535798620264e-05,188.74645572789711,2.2293063650626683e-06,1.7834450920501346e-07,0.00042077367513722016,0.00013905432635923966,0.004863857370621739
4132.8,1093.7692547202464,906.2307452797534,939.647325113779,160.35267488622057,0.10700031985231603,0.00603526748862206,113.81220519741008,5.724535798620264e-05,187.53850944049304,2.2293063650610894e-06,1.7834450920488715e-07,0.00041808079278976036,0.0001389829219208281,0.004832545018593114
4147.2,1093.1691469046978,906.8308530953024,939.4472410954066,160.55275890459288,0.10700031985220398,0.006055275890459292,114.59848684065828,5.724535798620264e-05,186.3382938093954,2.2293063650588596e-06,1.7834450920470877e-07,0.00041540514444349307,0.00013891155414857644,0.00480143660416352
4161.6,1092.5728796800295,907.4271203199705,939.2472598202373,160.75274017976224,0.10700031985205372,0.006075274017976224,115.37473656709136,5.724535798620264e-05,185.14575936005895,2.229306365055869e-06,1.7834450920446954e-07,0.0004127466198044817,0.0001388402230236498,0.004770530753785743
4176.0,1091.980428467491,908.0195715325087,939.0473812355123,160.9526187644873,0.10700031985185689,0.006095261876448733,116.14108235114945,5.724535798620264e-05,183.9608569349823,2.229306365051952e-06,1.7834450920415616e-07,0.0004101051092855676,0.0001387689285272194,0.004739826104043555
4190.400000000001,1091.3917688459005,908.6082311540994,938.8476052884996,161.15239471149988,0.10700031985160159,0.006115239471149993,116.89765052067155,5.724535798620264e-05,182.78353769180114,2.229306365046872e-06,1.7834450920374977e-07,0.0004074805040021171,0.00013869767064046183,0.004709321301563887
4204.8,1090.806876550601,909.1931234493991,938.6479319264947,161.3520680735046,0.10700031985127358,0.006135206807350467,117.64456577953949,5.724535798620264e-05,181.61375310120184,2.2293063650403443e-06,1.7834450920322755e-07,0.00040487269576737484,0.0001386264493445603,0.004679015002925099
4219.2,1090.2257274702197,909.7742725297802,938.448361096821,161.55163890317854,0.10700031985090601,0.00615516389031786,118.38195134267905,5.724535798620264e-05,180.45145494043948,2.2293063650330297e-06,1.7834450920264238e-07,0.0004022815770781927,0.0001385552646207668,0.004648905874452143
4233.6,1089.6482976480886,910.3517023519114,938.2488927468279,161.7511072531717,0.10700031985052678,0.006175110725317175,119.10992883305008,5.724535798620264e-05,179.2965952961772,2.229306365025483e-06,1.7834450920203866e-07,0.00039970704112116595,0.00013848411645033603,0.004618992592253962
4248.0,1089.0745632815654,910.9254367184354,938.0495268238922,161.9504731761072,0.10700031985015203,0.006195047317610728,119.82861828578164,5.724535798620264e-05,178.14912656312993,2.2293063650180254e-06,1.7834450920144203e-07,0.00039714898176958734,0.00013841300481451783,0.004589273842152897
4262.400000000001,1088.5045007203983,911.4954992796017,937.8502632754183,162.1497367245812,0.10700031984980116,0.006214973672458126,120.5381382012112,5.724535798620264e-05,177.0090014407965,2.2293063650110433e-06,1.7834450920088346e-07,0.0003946072935762166,0.00013834192969457593,0.0045597483195652724
4276.8,1087.938086465777,912.0619135342232,937.6511020488367,162.34889795116266,0.10700031984949686,0.00623488979511627,121.23860556331645,5.724535798620264e-05,175.8761729315537,2.229306365004988e-06,1.7834450920039904e-07,0.0003920818717690306,0.0001382708910717873,0.004530414729417962
4291.2,1087.375297169379,912.6247028306211,937.452043091606,162.54795690839362,0.1070003198492652,0.006254795690839365,121.93013585776656,5.724535798620264e-05,174.750594338758,2.2293063650003775e-06,1.783445092000302e-07,0.0003895726122469921,0.00013819988892744292,0.00450127178606587
4305.6,1086.8161096324357,913.1838903675646,937.2530863512104,162.74691364878905,0.10700031984913567,0.006274691364878907,122.61284308959056,5.724535798620264e-05,173.63221926487108,2.2293063649978e-06,1.78344509199824e-07,0.00038707941157587074,0.00013812892324284746,0.004472318213210626
4320.0,1086.260500804423,913.7394991955767,937.0542317751624,162.94576822483705,0.10700031984912593,0.006294576822483709,123.2868398215687,5.724535798620264e-05,172.52100160884618,2.2293063649976064e-06,1.7834450919980853e-07,0.00038460216698236305,0.00013805799399930064,0.004443552743800886
4334.400000000001,1085.7084477815513,914.2915522184489,936.8554793110001,163.14452068899936,0.10700031984921786,0.00631445206889994,123.95223722428288,5.724535798620264e-05,171.41689556310234,2.2293063649994355e-06,1.7834450919995485e-07,0.00038214077634726756,0.00013798710117806729,0.00441497411992254
4348.8,1085.159927807205,914.8400721927949,936.6568289062891,163.34317109371037,0.10700031984941247,0.006334317109371044,124.60914501670267,5.724535798620264e-05,170.31985561441002,2.229306365003308e-06,1.7834450920026465e-07,0.0003796951382076487,0.00013791624476044577,0.004386581092790851
4363.2,1084.6149182704562,915.3850817295438,936.4582805086217,163.54171949137776,0.10700031984970605,0.006354171949137781,125.25767151518217,5.724535798620264e-05,169.2298365409124,2.2293063650091506e-06,1.7834450920073206e-07,0.00037726515175011416,0.00013784542472773803,0.004358372422643115
4377.6,1084.0733967050949,915.9266032949052,936.2598340656173,163.7401659343823,0.10700031985008737,0.006374016593438234,125.89792365316966,5.724535798620264e-05,168.14679341018962,2.2293063650167387e-06,1.7834450920133911e-07,0.00037485071680649033,0.00013777464106124647,0.004330346878658981
4392.0,1083.5353407887087,916.4646592112912,936.0614895249216,163.93851047507795,0.10700031985053605,0.006393851047507799,126.53000699850277,5.724535798620264e-05,167.07068157741753,2.2293063650256677e-06,1.7834450920205343e-07,0.00037245173384971346,0.00013770389374227177,0.004302503238883767
4406.400000000001,1083.0007283417688,916.999271658231,935.8632468342075,164.136753165792,0.10700031985102108,0.006413675316579204,127.15402577042698,5.724535798620264e-05,166.00145668353775,2.2293063650353197e-06,1.7834450920282558e-07,0.0003700681039897456,0.00013763318275211104,0.0042748402901526495
4420.8,1082.4695373267184,917.5304626732816,935.6651059411745,164.33489405882503,0.1070003198514933,0.006433489405882508,127.77008285649423,5.724535798620264e-05,164.93907465343682,2.229306365044717e-06,1.7834450920357737e-07,0.00036769972896949244,0.00013756250807204896,0.004247356828015698
4425.071299944546,1082.312631197538,917.6873688024621,935.6063533435337,164.39364665646585,0.10700031985157116,0.00643936466564659,127.95130046356962,5.724535798620264e-05,164.62526239507588,2.2293063650462663e-06,1.783445092037013e-07,0.0003670001453047544,0.00013754155166576315,0.004239239076060721
4435.2,1081.9590531895428,918.0409468104567,935.47357947901,164.5264205209898,0.09669641902167986,0.006452642052098985,128.3783403272314,6.773644747996944e-05,163.9181063790861,2.024258738531429e-06,1.6194069908251435e-07,0.00033181265924138947,0.0001248477218773401,0.004220947010272177
4449.6,1081.5136354811052,918.4863645188941,935.3055663296926,164.69443367030718,0.08373248802117794,0.006469443367030721,128.9795391145772,7.94276937628259e-05,163.0272709622111,1.7662765116214413e-06,1.4130212092971532e-07,0.00028795123945429775,0.00010888898745682138,0.004197905212112627
4464.0,1081.1267565412236,918.8732434587762,935.158947365313,164.8410526346868,0.07250718069532922,0.00648410526346868,129.5746418794182,8.819331297301068e-05,162.2535130824474,1.5428928958370518e-06,1.2343143166696414e-07,0.0002503397926595122,9.508144058528296e-05,0.004177893036305779
4478.400000000001,1080.79010623454,919.2098937654597,935.0308396430955,164.96916035690435,0.06278732386554878,0.006496916035690435,130.1644703665,9.476544639002662e-05,161.58021246908027,1.3494677449244207e-06,1.0795741959395365e-07,0.0002180472849450585,8.31338718239239e-05,0.004160480077664631
4492.8,1080.4966048561932,919.5033951438069,934.9187502941451,165.08124970585476,0.05437101943833364,0.006508124970585479,130.74972425070075,9.969296759919794e-05,160.99320971238637,1.1819832868228396e-06,9.455866294582716e-08,0.00019029128317200514,7.279480474118617e-05,0.004145299739719086
4507.2,1080.240208206888,919.7597917931117,934.8205232773628,165.17947672263705,0.047083443143931036,0.0065179476722637105,131.33100058036146,0.00010338746319084415,160.4804164137762,1.0369605185642278e-06,8.295684148513822e-08,0.00016641185582383258,6.384699029949628e-05,0.004132039105741134
4521.6,1080.0157472678497,919.9842527321501,934.7342936671339,165.26570633286576,0.040773220689871964,0.006526570633286582,131.90880973966281,0.00010615744351067837,160.0314945356996,9.113870917284522e-07,7.291096733827618e-08,0.00014585063838984895,5.6102699038958336e-05,0.004120430612572287
4536.0,1079.8187941679405,920.1812058320594,934.6584480531095,165.34155194689018,0.03530927645714665,0.006534155194689021,132.48358877374451,0.00010823426699720276,159.6375883358811,8.026546014972184e-07,6.421236811977748e-08,0.00012813384484971365,4.939965973353716e-05,0.004110245093765664
4550.400000000001,1079.6455508656175,920.3544491343824,934.5915904902225,165.4084095097773,0.030578114050203154,0.006540840950977734,133.0557124416539,0.00010979139010867958,159.29110173123502,7.085044695990429e-07,5.668035756792343e-08,0.00011285845754393584,4.35975777332044e-05,0.0041012860043417735
4564.8,1079.4927556464736,920.5072443535262,934.5325130633248,165.46748693667493,0.02648145846686939,0.006546748693667499,133.62550249090134,0.00011095886172165709,158.98551129294742,6.269810234907009e-07,5.015848187925607e-08,9.968089859064456e-05,3.857513417694316e-05,0.004093384571865986
4579.2,1079.3576044515253,920.6423955484746,934.4801704662057,165.519829533794,0.0229342144931626,0.006551982953379408,134.193235454716,0.00011183418947825972,158.71520890305067,5.563908684139358e-07,4.451126947311486e-08,8.830769291206759e-05,3.422740094938085e-05,0.004086395718115893
4593.6,1079.2376844889943,920.7623155110053,934.4336580466475,165.56634195335218,0.019862699427954933,0.006556634195335226,134.75914922723854,0.0001124904765798401,158.47536897798898,4.952677186163032e-07,3.962141748930426e-08,7.848773445060547e-05,3.0463612924813313e-05,0.004080194618621589
4608.0,1079.1309179781722,920.8690820218278,934.39219282524,165.60780717475984,0.017203112200852723,0.006560780717475988,135.3234486317949,0.00011298253507788521,158.26183595634438,4.423419327969692e-07,3.5387354623757535e-08,7.000584640492625e-05,2.7205245684221117e-05,0.004074673788107446
4622.400000000001,1079.0355144065795,920.9644855934207,934.3550970932532,165.64490290674647,0.01490020820879764,0.006564490290674653,135.88631014407883,0.00011335146179672577,158.07102881315882,3.965141433550731e-07,3.172113146840585e-08,6.267739857910475e-05,2.438435713089397e-05,0.004069740607604447
4636.8,1078.9499298941487,921.0500701058515,934.3217842311326,165.67821576886715,0.012906151855708299,0.006567821576886717,136.44788591037323,0.00011362806899668543,157.89985978829714,3.5683242192859517e-07,2.8546593754287614e-08,5.634378939044366e-05,2.194215569073825e-05,0.004065315220132578
4651.2,1078.8728325286745,921.1271674713255,934.2917464437384,165.70825355626152,0.011179522903401235,0.006570825355626158,137.00830717391526,0.0001138354583971989,157.74566505734902,3.224725057776846e-07,2.5797800462214768e-08,5.086863988661068e-05,1.982776358806319e-05,0.004061328735944256
4665.6,1078.8030727499486,921.1969272500514,934.2645441538116,165.7354558461881,0.00968445619650758,0.006573545584618815,137.56768720111586,0.00011399094954590286,157.60614549989714,2.927206783105009e-07,2.341765426484007e-08,4.613457781663339e-05,1.7997148482460672e-05,0.004057721699416939
4680.0,1078.7396579772546,921.2603420227454,934.2397968201391,165.7602031798607,0.008389896227564751,0.006576020317986074,138.12612378765107,0.00011410753063692608,157.47931595450927,2.6695893492853853e-07,2.1356714794283082e-08,4.20405104604906e-05,1.6412199506601985e-05,0.004054442775801036
4694.400000000001,1078.6817308990273,921.3182691009727,934.217175005031,165.78282499496865,0.007268952562324199,0.00657828249949687,138.6837014019953,0.00011419493902082518,157.3634617980547,2.4465215599025155e-07,1.9572172479220123e-08,3.8499310202983667e-05,1.5039929637354345e-05,0.0040514476276577215
4708.8,1078.6285508182243,921.3714491817756,934.1963935039782,165.8036064960214,0.006298341171241426,0.0065803606496021416,139.24049302684023,0.00011426047459469616,157.25710163644874,2.253369893077044e-07,1.8026959144616354e-08,3.5435841830013036e-05,1.3851785378410333e-05,0.0040486979495452675
4723.2,1078.5794776219625,921.4205223780374,934.1772054001171,165.82279459988246,0.005457900655022776,0.006582279459988253,139.7965617408547,0.00011430961064821703,157.1589552439251,2.0861222303495327e-07,1.668897784279626e-08,3.278527902328594e-05,1.2823049737259894e-05,0.0040461606385825315
4737.6,1078.5339580012826,921.4660419987174,934.1593969209941,165.8406030790055,0.004730173514389561,0.006584060307900553,140.35196207806746,0.00011434645097089762,157.0679160025652,1.9413045293635226e-07,1.553043623490818e-08,3.0491665675346913e-05,1.1932326035844568e-05,0.00404380708149789
4752.0,1078.491513587482,921.5084864125181,934.1427829863563,165.85721701364326,0.004100043501043867,0.006585721701364334,140.90674119780766,0.00011437407239483707,156.9830271749638,1.8159086567077295e-07,1.4527269253661837e-08,2.8506683800320154e-05,1.1161091280587578e-05,0.004041612540881575
4766.400000000001,1078.4517307340143,921.5482692659857,934.1272033552674,165.8727966447321,0.003554421653002094,0.006587279664473218,141.4609398920829,0.00011439478176892622,156.90346146802858,1.707329908947417e-07,1.3658639271579336e-08,2.6788597258174377e-05,1.0493309810060399e-05,0.004039555626603049
4780.8,1078.4142517065427,921.5857482934573,934.1125192903785,165.88748070962095,0.003081974371475517,0.006588748070962103,142.01459345387332,0.00011441030888915172,156.8285034130854,1.6133128999236278e-07,1.2906503199389023e-08,2.5301344763204737e-05,9.915098918293303e-06,0.004037617840098052
4795.2,1078.3787670886934,921.6212329113067,934.098610671672,165.90138932832775,0.0026728880595458145,0.00659013893283278,142.56773242539006,0.00011442195050908838,156.75753417738667,1.531904723849617e-07,1.2255237790796937e-08,2.4013760710535645e-05,9.414439617792151e-06,0.004035783181559824
4809.6,1078.3450092254454,921.6549907745544,934.0853734968371,165.91462650316254,0.0023186652330657886,0.00659146265031626,143.12038324392398,0.0001144306789558685,156.690018450891,1.4614143813800918e-07,1.1691315051040734e-08,2.28989046382844e-05,8.980926216096352e-06,0.00403403781081641
4824.0,1078.312746565322,921.6872534346778,934.0727177180332,165.92728228196634,0.002011948024475389,0.006592728228196638,143.67256879897795,0.00011443722320878945,156.62549313064414,1.4003776568706023e-07,1.120302125496482e-08,2.1933484107649406e-05,8.605549640094465e-06,0.004032369754707159
4838.400000000001,1078.2817787742142,921.7182212257858,934.060565369108,165.9394346308916,0.0017463653517823773,0.00659394346308917,144.2243089132966,0.00011444212984080216,156.56355754842843,1.3475267050046932e-07,1.0780213640037547e-08,2.1097357482704644e-05,8.280509890785183e-06,0.004030768654376834
4852.8,1078.2519325141407,921.748067485859,934.0488489440868,165.9511510559129,0.0015164005670081067,0.006595115105591297,144.7756207583028,0.0001144458086467119,156.50386502828167,1.3017637128346133e-07,1.0414109702676907e-08,2.0373105241218314e-05,7.999053688181028e-06,0.004029225546965749
4867.2,1078.2230577964704,921.7769422035295,934.0375099936333,165.9624900063665,0.0013172768764924644,0.0065962490006366585,145.32651921290204,0.00011444856687442757,156.44611559294083,1.2621380984220003e-07,1.0097104787376003e-08,1.974566028399828e-05,7.75533396137735e-06,0.004027732677014234
4881.6,1078.1950248298758,921.8049751701237,934.0264979098248,165.97350209017497,0.0011448581195575504,0.0065973502090175065,145.8770171735181,0.00011445063486942109,156.3900496597521,1.2278267657919526e-07,9.822614126335622e-09,1.9201988887577627e-05,7.544288206512487e-06,0.004026283333456385
4896.0,1078.1677212947304,921.8322787052696,934.0157688737626,165.98423112623706,0.0009955628310709063,0.006598423112623718,146.4271258221094,0.00011445218536061052,156.33544258946085,1.1981170033831103e-07,9.584936027064882e-09,1.8730815199785712e-05,7.361533156078299e-06,0.0040248717086698175
4910.400000000001,1078.141049987681,921.8589500123192,934.0052849448564,165.99471505514333,0.0008662898640332577,0.006599471505514343,146.9768548577148,0.0001144533478633805,156.28209997536192,1.1723916829426182e-07,9.379133463540946e-09,1.8322383420392107e-05,7.20327363640576e-06,0.004023492776670879
4924.8,1078.1149267848957,921.8850732151038,933.9950132723578,166.0049867276418,0.0007543539893175477,0.006600498672764192,147.52621269661745,0.00011445421945633223,156.22985356979189,1.150116443874192e-07,9.200931550993536e-09,1.796825236146748e-05,7.0662236660836406e-06,0.0040221421877908985
4939.2,1078.0892788788722,921.9107211211275,933.9849254120975,166.01507458790212,0.0006574300830805022,0.0066015074587902215,148.07520664557666,0.00011445487294954361,156.17855775774467,1.1308285865330199e-07,9.04662869226416e-09,1.7661117771595603e-05,6.947538087259993e-06,0.004020816177500019
4953.6,1078.0640432552643,921.9359567447354,933.9749967356125,166.0250032643871,0.0005735048567987053,0.006602500326438719,148.6238430514285,0.00011445536291414902,156.12808651052887,1.1141274665029423e-07,8.913019732023538e-09,1.7394658947392775e-05,6.84475344501638e-06,0.004019511487643791
4968.0,1078.039165374245,921.9608346257547,933.9652059182017,166.0347940817978,0.0005008350321142943,0.006603479408179791,149.17212743056734,0.00011445573026952257,156.0783307484902,1.0996661713907445e-07,8.797329371125957e-09,1.7163406041125054e-05,6.7557367670292485e-06,0.004018225298256968
4982.400000000001,1078.0145980296954,921.9854019703046,933.9555344956517,166.04446550434778,0.00043791112332122343,0.006604446550434789,149.72006458092974,0.00011445600569761231,156.02919605939087,1.0871443135409235e-07,8.697154508327387e-09,1.6962625324232866e-05,6.6786412156722214e-06,0.004016955168573347
4996.8,1077.990300362261,922.0096996377388,933.9459664804716,166.0540335195279,0.00038342608006095155,0.0066054033519528,150.2676586788471,0.00011445621220277941,155.98060072452222,1.0763017899321293e-07,8.610414319457034e-09,1.6788219975449205e-05,6.61186769536245e-06,0.004015698985992449
5011.2,1077.9662370057556,922.033762994244,933.9364880297603,166.0635119702392,0.00033624814729508085,0.006606351197023929,150.81491336278938,0.00011445636703339791,155.93247401151166,1.066913381311721e-07,8.535307050493768e-09,1.6636644310392397e-05,6.554031626444463e-06,0.004014454921941717
5025.6,1077.9423773482506,922.0576226517489,933.927087157518,166.07291284248134,0.00029539735574098856,0.006607291284248146,151.36183180583524,0.00011445648311784714,155.88475469650166,1.0587840737924567e-07,8.470272590339654e-09,1.6504829561969983e-05,6.503934166078542e-06,0.004013221393669246
5040.0,1077.918694892418,922.0813051075817,933.9177534854673,166.0822465145322,0.00026002515825629055,0.006608224651453226,151.9084167783898,0.00011445657015092445,155.83738978483632,1.0517450064930017e-07,8.413960051944015e-09,1.639011965311051e-05,6.460537282117628e-06,0.00401199703116892
5054.400000000001,1077.895166702126,922.1048332978736,933.9084780273569,166.09152197264268,0.00022939680182152694,0.006609152197264278,152.4546707024307,0.00011445663540588163,155.79033340425246,1.0456499635624838e-07,8.365199708499871e-09,1.629021564475438e-05,6.422942176970154e-06,0.004010780648565659
5068.8,1077.8717729240982,922.1282270759015,933.8992530024271,166.1007469975722,0.0002028760820048796,0.006610074699757229,153.0005956983811,0.00011445668433190179,155.74354584819673,1.040372340318971e-07,8.322978722551768e-09,1.620312772836634e-05,6.390370628685444e-06,0.004009571219382023
5083.2,1077.8484963731005,922.1515036268993,933.8900716735802,166.1099283264191,0.00017991211600344124,0.0066109928326419185,153.5461936257473,0.00011445672101461058,155.6969927462012,1.0358025110846847e-07,8.286420088677478e-09,1.6127133605484914e-05,6.362148803519589e-06,0.004008367855089899
5097.6,1077.8253221732525,922.1746778267469,933.8809282073825,166.119071792617,0.00016002789985799563,0.00661190717926171,154.0914661182468,0.00011445674851764418,155.6506443465056,1.0318455520717412e-07,8.25476441657393e-09,1.606074250460423e-05,6.337693252735348e-06,0.004007169786564178
5112.0,1077.8022374475468,922.1977625524528,933.8718175528322,166.1281824471672,0.00014281039899609015,0.006612818244716732,154.6364146142072,0.00011445676913838811,155.60447489509397,1.028419269400222e-07,8.227354155201776e-09,1.6002664038701772e-05,6.316498786416309e-06,0.004005976348029105
5126.400000000001,1077.7792310493658,922.2207689506336,933.862735336488,166.1372646635113,0.0001279019757245221,0.00661372646635114,155.181040382845,0.00011445678459930645,155.5584620987322,1.0254524931691799e-07,8.20361994535344e-09,1.5951781279270832e-05,6.298127983768688e-06,0.004004786963176409
5140.8,1077.7562933297681,922.2437066702313,933.8536777715295,166.14632222846987,0.00011499295543992329,0.006614632222846997,155.72534454703668,0.00011445679619114989,155.51258665953685,1.0228835981325447e-07,8.183068785060357e-09,1.590712741972062e-05,6.282202097205644e-06,0.004003601133132707
5155.2,1077.7334159361337,922.2665840638655,933.8446415790486,166.1553584209508,0.00010381519245007109,0.0066155358420950895,156.26932810301622,0.0001144568048821668,155.46683187226824,1.0206592232975642e-07,8.165273786380513e-09,1.586786558672823e-05,6.268393179856063e-06,0.004002418426048588
5169.6,1077.7105916380456,922.2894083619537,933.8356239199618,166.16437608003753,9.413650376505678e-05,0.006616437608003763,156.8129919374029,0.00011445681139849348,155.42118327609182,1.0187331642492462e-07,8.14986531399397e-09,1.5833271383021506e-05,6.256417275321068e-06,0.004001238468095831
5184.0,1077.687814176464,922.3121858235351,933.8266223360113,166.17337766398822,8.575584577580025e-05,0.006617337766398829,157.35633684194647,0.00011445681628418658,155.37562835292886,1.0170654133093842e-07,8.136523306475074e-09,1.5802717766897688e-05,6.246028516565128e-06,0.0040000609356691565
5198.400000000001,1077.665078133154,922.3349218668455,933.81763469867,166.1823653013292,7.84991371188236e-05,0.006618236530132936,157.89936352628987,0.00011445681994723429,155.33015626630856,1.0156213282866458e-07,8.124970626293167e-09,1.5775661963016056e-05,6.237014015560036e-06,0.003998885548634983
5212.8,1077.6423788176537,922.3576211823461,933.8086591649013,166.19134083509795,7.221564154985179e-05,0.006619134083509809,158.44207262901278,0.00011445682269364485,155.28475763530764,1.0143709126684204e-07,8.114967301347364e-09,1.5751634132602147e-05,6.229189438194305e-06,0.003997712064487358
5227.2,1077.6197121695486,922.3802878304509,933.7996941388918,166.2003058611075,6.677483942280363e-05,0.006620030586110763,158.98446472717808,0.00011445682475284198,155.2394243390977,1.0132881930451378e-07,8.106305544361102e-09,1.573022757779317e-05,6.2223951770443935e-06,0.003996540273295142
5241.6,1077.5970746737855,922.4029253262139,933.7907382388828,166.20926176111644,6.206371570426318e-05,0.0066209261761116574,159.5265403446017,0.0001144568262967307,155.19414934757162,1.0123506794251483e-07,8.098805435401186e-09,1.5711090253482208e-05,6.216493033811402e-06,0.003995369993323401
5256.0,1077.574463287356,922.4255367126437,933.7817902684466,166.2182097315525,5.79844114272388e-05,0.006621820973155264,160.06829995901003,0.0001144568274542637,155.14892657471216,1.0115388978740205e-07,8.092311182992165e-09,1.5693917419372167e-05,6.2113633464362145e-06,0.003994201067242764
5270.400000000001,1077.5518753758797,922.4481246241203,933.7728491916336,166.22715080836568,5.4452191565818235e-05,0.006622715080836579,160.6097440082293,0.00011445682832215107,155.10375075175943,1.0108359861215978e-07,8.086687888972782e-09,1.5678445284231326e-05,6.2069025033491285e-06,0.003993033358850611
5284.8,1077.5293086587149,922.4706913412848,933.7639141114533,166.23608588854592,5.1393685563215965e-05,0.006623608588854606,161.15087289554094,0.00011445682897286404,155.05861731743005,1.0102273434270799e-07,8.081818747416639e-09,1.5664445504806356e-05,6.203020791295871e-06,0.003991866750233074
5299.2,1077.5067611614159,922.4932388385839,933.754984251232,166.2450157487672,4.87453628483088e-05,0.006624501574876733,161.6916869943192,0.00011445682946073602,155.01352232283193,1.0097003272068134e-07,8.077602617654508e-09,1.5651720421084408e-05,6.199640530651439e-06,0.003990701139306959
5313.6,1077.4842311745672,922.5157688254324,933.7460589384664,166.25394106153274,4.645221258119718e-05,0.006625394106153287,162.23218665204516,0.00011445682982652171,154.96846234913482,1.0092439903036582e-07,8.073951922429265e-09,1.5640098931246305e-05,6.196694460581776e-06,0.003989536437691453
5328.0,1077.4617172181945,922.5382827818053,933.7371375908592,166.2628624091401,4.446660169269296e-05,0.006626286240914023,162.7723721937761,0.00011445683010078024,154.92343443638924,1.0088488537368459e-07,8.070790829894767e-09,1.5629432924812667e-05,6.1941243423167515e-06,0.003988372568867988
5342.400000000001,1077.4392180109487,922.5607819890511,933.7282197042249,166.27178029577428,4.274728595411073e-05,0.006627178029577439,163.31224392514898,0.00011445683030639732,154.87843602189764,1.0085067099048679e-07,8.068053679238943e-09,1.561959419476556e-05,6.191879749624969e-06,0.003987209466587081
5356.8,1077.416732443446,922.5832675565533,933.7193048420248,166.2806951579743,4.125855404506112e-05,0.006628069515797443,163.8518021349773,0.0001144568304604896,154.83346488689278,1.0082104522549672e-07,8.065683618039738e-09,1.5610471765781776e-05,6.18991702197984e-06,0.0039860470734899385
5371.2,1077.3942595548708,922.6057404451292,933.7103926261783,166.289607373821,3.996947619429178e-05,0.006628960737382112,164.39104709753093,0.0001144568305760583,154.78851910974163,1.007953925762664e-07,8.063631406101313e-09,1.5601969549965322e-05,6.1881983456558395e-06,0.0039848853398987095
5385.6,1077.3717985135036,922.628201486496,933.7014827294149,166.29851727058434,3.8853278739865115e-05,0.006629851727058446,164.9299790744312,0.00011445683066268741,154.74359702700758,1.0077318024692332e-07,8.061854419753865e-09,1.5594004395259903e-05,6.186690988816495e-06,0.003983724222809945
5400.0,1077.349348598981,922.6506514010191,933.692574868304,166.30742513169534,3.788677396754874e-05,0.006630742513169548,165.46859831637855,0.00011445683072768178,154.6986971979618,1.0075394680195422e-07,8.060315744156338e-09,1.5586504307815068e-05,6.185366604253755e-06,0.003982563684977173
5414.400000000001,1077.3269091876914,922.6730908123086,933.6836687975153,166.3163312024839,3.70498908247532e-05,0.006631633120248405,166.00690506457326,0.00011445683077641402,154.6538183753828,1.0073729282741258e-07,8.058983426193006e-09,1.5579406988558416e-05,6.184200655480211e-06,0.003981403694156066
5428.8,1077.3044797393673,922.6955202606325,933.6747643045484,166.3252356954509,3.632524373186598e-05,0.006632523569545107,166.5448995520202,0.00011445683081296522,154.60895947873473,1.0072287235026413e-07,8.057829788021131e-09,1.5572658489783757e-05,6.1831718894503585e-06,0.0039802442224110696
5443.2,1077.282059786222,922.7179402137779,933.6658612054595,166.33413879453965,3.569778322422206e-05,0.006633413879453978,167.08258200458536,0.00011445683084036121,154.56411957244404,1.0071038588616202e-07,8.056830870892961e-09,1.5566212126295726e-05,6.182261909335767e-06,0.003979085245553878
5457.6,1077.259648922855,922.7403510771446,933.656959340894,166.34304065910527,3.515447128616589e-05,0.00663430406591054,167.61995264197745,0.00011445683086090875,154.5192978457103,1.006995739785947e-07,8.055965918287576e-09,1.556002746453461e-05,6.181454777528174e-06,0.003977926742621511
5472.0,1077.237246798299,922.7627532017004,933.6480585729544,166.35194142704498,3.4684025325307256e-05,0.006635194142704508,168.15701167852072,0.00011445683087631015,154.47449359659868,1.0069021210397361e-07,8.055216968317889e-09,1.5554069524895434e-05,6.18073670255816e-06,0.003976768695465097
5486.400000000001,1077.214853108367,922.7851468916324,933.6391587821901,166.36084121780917,3.427667186379766e-05,0.0066360841217809295,168.69375932389926,0.00011445683088785891,154.42970621673453,1.0068210577008957e-07,8.054568461607166e-09,1.5548308015357124e-05,6.18009573792907e-06,0.003975611088354272
5500.8,1077.1924675895298,922.8075324104695,933.6302598651877,166.36974013481165,3.392394941182337e-05,0.0066369740134811775,169.23019578375107,0.00011445683089651856,154.38493517906022,1.0067508659329528e-07,8.054006927463623e-09,1.5542716717852166e-05,6.179521541077788e-06,0.0039744539076606335
5515.2,1077.1700900134397,922.8299099865599,933.6213617324132,166.37863826758607,3.361853205239101e-05,0.006637863826758619,169.76632126020064,0.00011445683090300958,154.3401800268798,1.0066900878784258e-07,8.053520703027407e-09,1.553727293944317e-05,6.1790051576711165e-06,0.003973297141574593
5529.6,1077.1477201821026,922.8522798178967,933.6124643063122,166.38753569368697,3.3354073938990204e-05,0.006638753569368711,170.30213595232732,0.00011445683090787795,154.2954403642059,1.006637460713859e-07,8.053099685710872e-09,1.5531957028795087e-05,6.178538831479878e-06,0.0039721407798558196
5544.0,1077.1253579239838,922.8746420760158,933.6035675197742,166.396432480225,3.312508371993411e-05,0.006639643248022514,170.83764005654345,0.00011445683091152679,154.25071584796797,1.0065918916602669e-07,8.052735133282136e-09,1.552675198553564e-05,6.1781158508377095e-06,0.0039709848136318445
5558.400000000001,1077.103003090255,922.8969969097444,933.5946713146549,166.4053286853444,3.2926803664789566e-05,0.00664053286853445,171.3728337669588,0.00011445683091426312,154.2060061805106,1.0065524339292931e-07,8.052419471434345e-09,1.5521643084750856e-05,6.177730400865174e-06,0.0039698292352041325
5572.8,1077.0806555518745,922.9193444481248,933.585775640624,166.41422435937523,3.275511539245185e-05,0.006641422435937539,171.90771727566346,0.00011445683091631472,154.16131110374977,1.0065182679630979e-07,8.052146143704784e-09,1.551661758390665e-05,6.1773774482093246e-06,0.003968674037897017
5587.2,1077.0583151968735,922.9416848031261,933.5768804540965,166.42311954590278,3.2606452422780337e-05,0.006642311954590292,172.4422907729914,0.00011445683091785332,154.1166303937474,1.0064886840321332e-07,8.051909472257066e-09,1.551166445124695e-05,6.177052634134318e-06,0.0039675192159174776
5601.6,1077.0359819280068,922.9640180719924,933.5679857173056,166.4320142826936,3.2477724373798934e-05,0.006643201428269372,172.97655444774833,0.00011445683091901052,154.07196385601435,1.006463067150386e-07,8.051704537203088e-09,1.550677413044076e-05,6.176752181851765e-06,0.003966364764233704
5616.0,1077.0136556611071,922.9863443388922,933.5590913976531,166.44090860234618,3.2366263743589456e-05,0.006644090860234632,173.51050848737077,0.00011445683091987608,154.02731132221493,1.0064408864849742e-07,8.051527091879794e-09,1.550193837500271e-05,6.1764728314500094e-06,0.003965210678489932
5630.400000000001,1076.9913363228834,923.0086636771159,933.5501974668412,166.44980253315813,3.2269754979116814e-05,0.00664498025331583,174.04415307813994,0.00011445683092052449,153.98267264576748,1.0064216812408442e-07,8.051373449926754e-09,1.5497150028611185e-05,6.176211753197383e-06,0.003964056954892691
5644.8,1076.969023849478,923.0309761505217,933.5413039003026,166.45869609969668,3.21861877818017e-05,0.006645869609969683,174.57748840532156,0.00011445683092101017,153.9380476989562,1.0064050513685785e-07,8.051240410948628e-09,1.549240288020467e-05,6.175966490460096e-06,0.00396290359013618
5659.2,1076.9467181856357,923.0532818143639,933.5324106768733,166.46758932312596,3.211383032992791e-05,0.006646758932312611,175.11051465324593,0.00011445683092137325,153.89343637127183,1.0063906522356556e-07,8.051125217885245e-09,1.5487691580447063e-05,6.175734926953795e-06,0.003961750581359366
5673.6,1076.9244192829453,923.0755807170541,933.5235177780971,166.4764822219021,3.20511724130862e-05,0.006647648222190227,175.6432320054788,0.00011445683092164592,153.84883856589124,1.0063781833102042e-07,8.051025466481633e-09,1.548301146603265e-05,6.1755152172521685e-06,0.0039605979260549685
5688.0,1076.902127099623,923.0978729003766,933.5146251881403,166.48537481185903,3.199691841487234e-05,0.00664853748118592,176.17564064484196,0.00011445683092184999,153.80425419924632,1.0063673867645595e-07,8.050939094116477e-09,1.5478358537176754e-05,6.1753057781852575e-06,0.003959445622058342
5702.400000000001,1076.879841599008,923.1201584009916,933.5057328931978,166.49426710680137,3.194993878787996e-05,0.0066494267106801536,176.70774075355905,0.00011445683092200327,153.75968319801632,1.006358037818788e-07,8.050864302550304e-09,1.5473729307879417e-05,6.175105229546483e-06,0.003958293667469709
5716.8,1076.8575627493076,923.1424372506917,933.4968408813921,166.50315911860696,3.190926167267985e-05,0.006650315911860714,177.2395325132801,0.00011445683092211797,153.71512549861586,1.0063499430728633e-07,8.050799544582907e-09,1.546912077949701e-05,6.174912383833798e-06,0.003957142060640937
5731.2,1076.8352905225279,923.1647094774719,933.48794914235,166.51205085764917,3.1874038341711045e-05,0.006651205085764939,177.77101610518537,0.00011445683092220412,153.670581045056,1.0063429336300005e-07,8.050743469040004e-09,1.546453033415084e-05,6.174726204026646e-06,0.003955990800120247
5745.6,1076.813024894373,923.1869751056263,933.4790576671635,166.52094233283572,3.1843540025968794e-05,0.006652094233283585,178.30219170999462,0.00011445683092226862,153.62604978874674,1.0063368644651678e-07,8.050694915721343e-09,1.5459955724457716e-05,6.174545799693295e-06,0.0039548398846471315
5760.0,1076.7907658434192,923.2092341565804,933.4701664480622,166.5298335519369,3.1817131024546116e-05,0.006652983355193713,178.83305950804746,0.000114456830922317,153.58153168683884,1.0063316090738846e-07,8.050652872591077e-09,1.5455394990644834e-05,6.1743703941361475e-06,0.003953689313109439
5774.400000000001,1076.768513351056,923.2314866489431,933.4612754783917,166.53872452160743,3.179426698211007e-05,0.006653872452160762,179.3636196793087,0.00011445683092235297,153.53702670211294,1.0063270591294398e-07,8.050616473035519e-09,1.545084645486156e-05,6.17419932227511e-06,0.0039525390845405635
5788.8,1076.7462674006565,923.2537325993425,933.4523847522833,166.5476152477159,3.1774467855818185e-05,0.00665476152477161,179.893872403449,0.00011445683092237994,153.49253480131404,1.0063231191033078e-07,8.050584952826463e-09,1.5446308638033138e-05,6.174031997624317e-06,0.003951389198076368
5803.2,1076.7240279776768,923.2759720223223,933.4434942646946,166.55650573530477,3.175732124176643e-05,0.006655650573530494,180.42381785983483,0.00011445683092240029,153.44805595535445,1.0063197069271115e-07,8.050557655416892e-09,1.544178026975273e-05,6.173867916344885e-06,0.003950239652960434
5817.6,1076.7017950694365,923.2982049305626,933.4346040113217,166.56539598867735,3.174247521807045e-05,0.006656539598867756,180.9534562275501,0.00011445683092241544,153.40359013887382,1.006316752568396e-07,8.050534020547169e-09,1.5437260266088474e-05,6.173706648496362e-06,0.003949090448532679
5832.0,1076.6795686644907,923.3204313355083,933.4257139883525,166.57428601164665,3.172961801975288e-05,0.006657428601164689,181.48278768545666,0.0001144568309224269,153.35913732898246,1.0063141939859308e-07,8.050513551887446e-09,1.5432747667159264e-05,6.17354781321071e-06,0.003947941584196903
5846.400000000001,1076.6573487529013,923.3426512470977,933.416824192571,166.5831758074284,3.17184867646354e-05,0.006658317580742857,182.0118124121681,0.00011445683092243542,153.31469750580357,1.0063119788661624e-07,8.050495830929299e-09,1.5428241663633226e-05,6.1733910893408946e-06,0.003946793059434768
5860.8,1076.63513532564,923.3648646743588,933.4079346211229,166.59206537887633,3.170884818485738e-05,0.006659206537887659,182.54053058610762,0.00011445683092244183,153.27027065128118,1.0063100607887865e-07,8.050480486310292e-09,1.5423741537620453e-05,6.17323619192777e-06,0.00394564487377501
5875.2,1076.6129283747182,923.3870716252806,933.3990452715669,166.60095472843236,3.170050275987217e-05,0.006660095472843257,183.06894238549543,0.00011445683092244664,153.22585674943764,1.0063084000492146e-07,8.050467200393717e-09,1.5419246675169673e-05,6.173082877242037e-06,0.003944497026800088
5889.6,1076.5907278929585,923.4092721070405,933.3901561417833,166.6098438582159,3.1693277336562254e-05,0.006660984385821611,183.5970479883708,0.00011445683092245023,153.18145578591805,1.0063069621899758e-07,8.050455697519807e-09,1.541475654357653e-05,6.172930933769263e-06,0.003943349518134407
5904.0,1076.568533873818,923.431466126181,933.3812672299048,166.61873277009434,3.168701940947747e-05,0.0066618732770094575,184.12484757260916,0.00011445683092245294,153.13706774763705,1.006305716862486e-07,8.050445734899887e-09,1.5410270673800498e-05,6.172780175223009e-06,0.003942202347435192
5918.400000000001,1076.5463463115202,923.4536536884784,933.3723785343684,166.62762146563074,3.1681601387657985e-05,0.006662762146563097,184.6523413159095,0.00011445683092245495,153.09269262304178,1.0063046386761439e-07,8.050437109409151e-09,1.54057886733988e-05,6.17263044575107e-06,0.003941055514399287
5932.8,1076.5241652007173,923.4758347992814,933.3634900537808,166.63650994621818,3.167690959257396e-05,0.006663650994621842,185.1795293958269,0.0001144568309224565,153.04833040143592,1.0063037050089222e-07,8.050429640071377e-09,1.5401310192839463e-05,6.172481606500339e-06,0.003939909018745667
5947.2,1076.5019905365846,923.498009463414,933.3546017869575,166.64539821304152,3.1672847393361045e-05,0.006664539821304178,185.7064119897637,0.00011445683092245763,153.00398107317062,1.0063028966312788e-07,8.050423173050231e-09,1.5396834935004896e-05,6.17233353944234e-06,0.003938762860220384
5961.6,1076.4798223146718,923.5201776853271,933.3457137328617,166.65428626713737,3.166933030299697e-05,0.006665428626713757,186.23298927498357,0.00011445683092245849,152.95964462934467,1.0063021967302964e-07,8.050417573842372e-09,1.5392362640159503e-05,6.172186141384361e-06,0.003937617038588836
5976.0,1076.4576605308748,923.5423394691238,933.336825890595,166.663174109404,3.1666285145579774e-05,0.006666317410940421,186.7592614286144,0.00011445683092245912,152.915321061751,1.0063015907439704e-07,8.050412725951763e-09,1.53878930833565e-05,6.17203932295121e-06,0.0039364715536343515
5990.400000000001,1076.4355051814168,923.5644948185818,933.3279382593886,166.67206174061042,3.1663649338404936e-05,0.006667206174061066,187.28522862765027,0.00011445683092245956,152.87101036283502,1.0063010662183425e-07,8.05040852974674e-09,1.5383426072199618e-05,6.171893007707236e-06,0.003935326405157129
6004.8,1076.4133562627,923.5866437372985,933.3190508385447,166.6809491614543,3.166136614842235e-05,0.006668094916145453,187.81089104896563,0.0001144568309224599,152.8267125254016,1.006300611863536e-07,8.050404894908289e-09,1.5378961432340436e-05,6.171747126364447e-06,0.003934181592966665
6019.2,1076.391213771369,923.6087862286292,933.3101636274623,166.6898363725367,3.165938673727371e-05,0.006668983637253692,188.33624886930937,0.00011445683092246018,152.7824275427397,1.0063002179607174e-07,8.050401743685739e-09,1.537449901368265e-05,6.171601619277986e-06,0.003933037116884972
6033.6,1076.3690777043303,923.6309222956683,933.3012766256438,166.69872337435515,3.1657670752388716e-05,0.006669872337435537,188.86130226530318,0.00011445683092246037,152.738155408662,1.0062998764797253e-07,8.050399011837802e-09,1.5370038692147766e-05,6.171456437166511e-06,0.0039318929767476
6048.0,1076.3469480587144,923.6530519412839,933.2923898326817,166.7076101673174,3.165618519185586e-05,0.006670761016731762,189.38605141344456,0.00011445683092246053,152.69389611743043,1.0062995808531792e-07,8.050396646825434e-09,1.5365580366180914e-05,6.171311539725463e-06,0.003930749172401721
6062.400000000001,1076.324824831805,923.6751751681935,933.2835032482279,166.71649675177116,3.16549019666141e-05,0.006671649675177138,189.9104964901143,0.00011445683092246064,152.6496496636115,1.0062993254913562e-07,8.05039460393085e-09,1.536112394929841e-05,6.1711668926505e-06,0.0039296057037023725
6076.8,1076.3027080208112,923.6972919791873,933.2746168719056,166.72538312809348,3.16537905898324e-05,0.00667253831280937,190.4346376715987,0.00011445683092246074,152.60541604162393,1.0062991043273766e-07,8.050392834619013e-09,1.535666934781928e-05,6.171022458713879e-06,0.00392846257050079
6091.2,1076.2805976231987,923.7194023767997,933.2657307034395,166.7342692965596,3.1652828907669095e-05,0.006673426929655982,190.95847513405704,0.00011445683092246082,152.56119524639894,1.006298912952626e-07,8.050391303621008e-09,1.535221649352046e-05,6.170878210861849e-06,0.00392731977266145
6105.6,1076.2584936365574,923.7415063634413,933.2568447426037,166.7431552573954,3.165199881004206e-05,0.006674315525739565,191.48200905353445,0.00011445683092246086,152.51698727311611,1.0062987477631983e-07,8.050389982105586e-09,1.534776533055524e-05,6.170734126978513e-06,0.003926177310055252
6120.0,1076.236396058409,923.7636039415897,933.247958989145,166.7520410108541,3.1651279951242166e-05,0.006675204101085434,192.00523960598133,0.0001144568309224609,152.47279211681916,1.0062986047102972e-07,8.050388837682377e-09,1.5343315796343833e-05,6.17059018222154e-06,0.003925035182549592
6134.400000000001,1076.2143048864268,923.7856951135718,933.2390734428703,166.76092655712873,3.165065690677652e-05,0.0066760926557129004,192.52816696723139,0.00011445683092246093,152.428609772855,1.0062984807244485e-07,8.050387845795588e-09,1.533886784333638e-05,6.170446357756899e-06,0.003923893390019706
6148.8,1076.1922201183825,923.807779881616,933.2301881036257,166.76981189637337,3.165011745502498e-05,0.006676981189637361,193.05079131300673,0.00011445683092246094,152.3844402367664,1.00629837337355e-07,8.0503869869884e-09,1.5334421433769697e-05,6.170302638661096e-06,0.003922751932345897
6163.2,1076.17014175205,923.8298582479487,933.2213029712577,166.77869702874116,3.164964943038484e-05,0.006677869702874143,193.57311281892808,0.00011445683092246097,152.34028350410142,1.0062982802366465e-07,8.050386241893173e-09,1.5329976530094043e-05,6.170159010080386e-06,0.003921610809408606
6177.6,1076.1480697852871,923.8519302147116,933.2124180456468,166.7875819543521,3.164924340477774e-05,0.006678758195435238,194.09513166050633,0.00011445683092246098,152.29613957057552,1.0062981994375507e-07,8.050385595500405e-09,1.5325533103116007e-05,6.170015460503119e-06,0.003920470021092604
6192.0,1076.1260042160256,923.8739957839731,933.2035333267023,166.79646667329675,3.1648892350655844e-05,0.0066796466673297,194.61684801313595,0.000114456830922461,152.25200843205255,1.0062981295777805e-07,8.050385036622243e-09,1.5321091130963494e-05,6.169871981348122e-06,0.0039193295672865095
6206.400000000001,1076.1039450421856,923.8960549578134,933.194648814328,166.8053511856709,3.1648588807172425e-05,0.006680535118567115,195.13826205201855,0.00011445683092246101,152.20789008437225,1.0062980691726273e-07,8.050384553381018e-09,1.531665059047433e-05,6.169728563506269e-06,0.00391818944787831
6220.8,1076.081892261723,923.918107738276,933.1857645084433,166.81423549155573,3.1648326516707165e-05,0.0066814235491555974,195.6593739523476,0.00011445683092246101,152.1637845234469,1.0062980169768247e-07,8.050384135814597e-09,1.5312211462163347e-05,6.169585199337528e-06,0.003917049662757887
6235.2,1076.0598458726115,923.9401541273872,933.1768804089734,166.82311959102557,3.164809978144039e-05,0.006682311959102584,196.18018388933814,0.00011445683092246101,152.11969174522426,1.0062979718565066e-07,8.050383774852053e-09,1.5307773728265615e-05,6.169441881885657e-06,0.003915910211816026
6245.955896742093,1076.043382771504,923.9566172284947,933.1702446785604,166.8297553214386,3.164795010568572e-05,0.006682975532143884,196.5689993396611,0.00011445683092246101,152.08676554300928,1.0062979420710314e-07,8.050383536568251e-09,1.530445991821697e-05,6.16933485892623e-06,0.003915059331397386
6245.955896742093,1240.3925437668884,759.6074562331103,933.1702446785604,166.8297553214386,3.164795010568572e-05,0.006682975532143884,196.5689993396611,0.00011445683092246101,480.7850875337781,1.0062979420710314e-07,8.050383536568251e-09,4.838130441636816e-05,6.16933485892623e-06,0.012599162435334857
6249.6,1240.3749137667203,759.6250862332784,933.1679965158423,166.83200348415664,3.164790251957982e-05,0.006683200348415691,197.8850749049464,0.00011445683092246101,480.74982753344193,1.0062979326013963e-07,8.050383460811171e-09,4.837775575453805e-05,6.169298603726587e-06,0.01259820095657355
6264.0,1240.3052598915256,759.6947401084732,933.1591128289787,166.84088717102034,3.164772985587627e-05,0.0066840887171020595,203.083777577406,0.00011445683092246101,480.6105197830524,1.0062978982413194e-07,8.050383185930555e-09,4.836373559303537e-05,6.169155358908965e-06,0.012594402361572068
6278.400000000001,1240.2356262031647,759.7643737968339,933.1502293483721,166.84977065162687,3.164758093892257e-05,0.006684977065162709,208.2794675626649,0.00011445683092246101,480.4712524063308,1.0062978686068455e-07,8.050382948854765e-09,4.834971972233524e-05,6.169012146391863e-06,0.012590605002361097
6292.8,1240.1660126938168,759.8339873061818,933.1413460739677,166.85865392603117,3.164745175910324e-05,0.006685865392603141,213.47214708004304,0.00011445683092246101,480.332025387635,1.0062978429000615e-07,8.050382743200492e-09,4.833570810233947e-05,6.168868961280964e-06,0.012586808878348206
6307.2,1240.0964193587017,759.903580641297,933.1324630057368,166.86753699426228,3.164734024711231e-05,0.006686753699426252,218.66181749639833,0.00011445683092246101,480.1928387174047,1.0062978207091753e-07,8.050382565673403e-09,4.832170071214768e-05,6.168725801049794e-06,0.01258301398910698
6321.6,1240.0268461912692,759.9731538087298,933.123580143641,166.8764198563579,3.164724373311953e-05,0.006687641985635817,223.8484806891977,0.00011445683092246101,480.05369238253945,1.0062978015028907e-07,8.050382412023127e-09,4.8307697524789444e-05,6.16858266243941e-06,0.01257922033411464
6336.0,1239.957293188107,760.0427068118917,933.1146974876718,166.88530251232712,3.16471617028773e-05,0.006688530251232738,229.03213765975258,0.00011445683092246101,479.9145863762154,1.0062977851788726e-07,8.05038228143098e-09,4.829369853454203e-05,6.168439544821095e-06,0.012575427913019716
6350.400000000001,1239.8877603420128,760.1122396579862,933.105815037798,166.894184962201,3.164709207785406e-05,0.006689418496220125,234.21279049553118,0.00011445683092246101,479.7755206840267,1.0062977713234929e-07,8.050382170587943e-09,4.827970371999044e-05,6.1682964456577105e-06,0.01257163672526417
6364.8,1239.8182476459474,760.1817523540511,933.0969327939846,166.90306720601444,3.164703245000423e-05,0.006690306720601471,239.39044122621254,0.00011445683092246101,479.63649529189627,1.0062977594575507e-07,8.050382075660406e-09,4.826571305663073e-05,6.168153362010353e-06,0.012567846770299148
6379.2,1239.7487550928736,760.2512449071253,933.0880507561965,166.91194924380247,3.16469804112822e-05,0.006691194924380274,244.56509188147666,0.00011445683092246101,479.4975101857483,1.0062977491018452e-07,8.050381992814762e-09,4.8251726519985756e-05,6.168010290940392e-06,0.012564058047575969
6393.6,1239.6792826757521,760.3207173242466,933.0791689243989,166.92083107560003,3.16469335536424e-05,0.006692083107560027,249.7367444910034,0.00011445683092246101,479.3585653515055,1.0062977397771748e-07,8.0503819182174e-09,4.823774408560491e-05,6.167867229509468e-06,0.012560270556546129
6408.0,1239.6098303891317,760.390169610867,933.0702872985829,166.92971270141626,3.164689148592836e-05,0.006692971270141652,254.9054006654846,0.00011445683092246101,479.2196607782647,1.0062977314056997e-07,8.050381851245598e-09,4.8223765748617675e-05,6.1677241772399045e-06,0.012556484296747794
6422.400000000001,1239.5403982283428,760.4596017716556,933.0614058787514,166.93859412124772,3.164685481153114e-05,0.006693859412124798,260.07106180900666,0.00011445683092246101,479.08079645668727,1.0062977241074947e-07,8.050381792859958e-09,4.820979151379703e-05,6.167581134867285e-06,0.012552699267761975
6436.8,1239.4709861874562,760.5290138125425,933.0525246648876,166.9474753351114,3.16468225313385e-05,0.006694747533511163,265.23372965855776,0.00011445683092246101,478.9419723749137,1.0062977176837363e-07,8.050381741469891e-09,4.8195821370382274e-05,6.167438101172321e-06,0.012548915469101106
6451.2,1239.4015942605413,760.5984057394576,933.0436436569748,166.95635634302417,3.164679364613135e-05,0.006695635634302443,270.3934059511491,0.00011445683092246101,478.8031885210837,1.0062977119355801e-07,8.050381695484641e-09,4.818185530762268e-05,6.167295074935712e-06,0.012545132900277792
6465.6,1239.332222441668,760.6677775583307,933.034762854996,166.96523714500313,3.164676715669064e-05,0.006696523714500337,275.550092423792,0.00011445683092246101,478.6644448833372,1.0062977066641813e-07,8.050381653313452e-09,4.816789331477856e-05,6.167152054938263e-06,0.012541351560804808
6480.0,1239.262870724995,760.7371292750038,933.0258822589441,166.97411774105498,3.164674289592717e-05,0.006697411774105525,280.7037908082877,0.00011445683092246101,478.5257414499913,1.0062977018362894e-07,8.050381614690316e-09,4.815393538906327e-05,6.16700904097589e-06,0.012537571450199934
6494.400000000001,1239.1935391048012,760.8064608951975,933.0170018688264,166.98299813117268,3.164672183554017e-05,0.006698299813117297,285.8545028293103,0.00011445683092246101,478.3870782096037,1.0062976976452724e-07,8.05038158116218e-09,4.813998153855731e-05,6.166866034233527e-06,0.012533792567987673
6508.8,1239.1242275752477,760.8757724247508,933.0081216846362,166.9918783153628,3.164670383226523e-05,0.006699187831536307,291.0022302185121,0.00011445683092246101,478.24845515049685,1.0062976940626207e-07,8.050381552500967e-09,4.812603176069557e-05,6.16672303453609e-06,0.01253001491368629
6523.2,1239.054936130493,760.9450638695062,932.9992417063669,167.00075829363215,3.1646688715571926e-05,0.006700075829363241,296.14697470771677,0.00011445683092246101,478.1098722609868,1.0062976910543988e-07,8.05038152843519e-09,4.811208605265445e-05,6.166580041675249e-06,0.012526238486814039
6537.6,1238.9856647646936,761.014335235305,932.9903619340115,167.0096380659876,3.1646676314929795e-05,0.006700963806598784,301.28873802874824,0.00011445683092246101,477.97132952938864,1.006297688586671e-07,8.050381508693369e-09,4.8098144411612184e-05,6.166437055442701e-06,0.012522463286889335
6552.0,1238.916413472008,761.0835865279905,932.9814823675623,167.0185176324368,3.164666638992038e-05,0.006701851763243708,306.42752191003484,0.00011445683092246101,477.83282694401737,1.0062976866115942e-07,8.050381492892753e-09,4.808420683408429e-05,6.1662940755449195e-06,0.012518689313430741
6566.400000000001,1238.8471822465906,761.1528177534083,932.9726030070092,167.02739699298988,3.164665850628069e-05,0.006702739699299016,311.5633280705917,0.00011445683092246101,477.6943644931823,1.0062976850427498e-07,8.050381480341998e-09,4.807027331474569e-05,6.166151101451997e-06,0.01251491656595685
6580.8,1238.7779710825973,761.2220289174016,932.9637238523438,167.03627614765517,3.164665237412681e-05,0.006703627614765543,316.69615823644466,0.00011445683092246101,477.5559421651957,1.0062976838224512e-07,8.05038147057961e-09,4.805634384964849e-05,6.166008132810158e-06,0.012511145043986496
6595.2,1238.7087799741848,761.2912200258138,932.9548449035583,167.04515509644074,3.164664771663608e-05,0.006704515509644102,321.8260141342551,0.00011445683092246101,477.41755994837104,1.0062976828956106e-07,8.050381463164885e-09,4.80424184349722e-05,6.165865169281586e-06,0.012507374747038726
6609.6,1238.6396089155103,761.3603910844884,932.9459661606442,167.05403383935482,3.1646644256985856e-05,0.0067054033839355105,326.95289749068417,0.00011445683092246101,477.2792178310219,1.0062976822071401e-07,8.050381457657121e-09,4.802849706689941e-05,6.16572221052849e-06,0.012503605674632746
6624.0,1238.5704579007322,761.4295420992665,932.9370876235934,167.0629123764056,3.164664171134733e-05,0.00670629123764059,332.0768100307671,0.00011445683092246101,477.14091580146567,1.006297681700558e-07,8.050381453604464e-09,4.8014579741549605e-05,6.1655792562045746e-06,0.012499837826288041
6638.400000000001,1238.501326924021,761.4986730759776,932.9282092923972,167.07179070760182,3.1646639756346615e-05,0.006707179070760211,337.1977534703646,0.00011445683092246101,477.00265384804334,1.0062976813115129e-07,8.050381450492104e-09,4.800066645467242e-05,6.165436305915353e-06,0.012496071201524923
6652.8,1238.432215979542,761.5677840204565,932.9193311670471,167.08066883295194,3.1646638086735076e-05,0.006708066883295225,342.3157295295422,0.00011445683092246101,476.86443195908544,1.0062976809792602e-07,8.050381447834081e-09,4.798675720219199e-05,6.165293359288469e-06,0.01249230579986356
6667.2,1238.3631250614594,761.6368749385393,932.9104532475345,167.08954675246446,3.1646636401861685e-05,0.006708954675246474,347.4307399294325,0.00011445683092246101,476.7262501229201,1.0062976806439704e-07,8.050381445151763e-09,4.797285198007918e-05,6.165150415957215e-06,0.012488541620824248
6681.6,1238.294054163955,761.7059458360437,932.9015755338531,167.09842446614581,3.164663456112314e-05,0.006709842446614609,352.54278638930134,0.00011445683092246101,476.5881083279113,1.0062976802776635e-07,8.050381442221309e-09,4.79589507858297e-05,6.165007475750072e-06,0.012484778663928414
6696.0,1238.2250032812603,761.7749967187384,932.8926980260019,167.10730197399724,3.1646632853754144e-05,0.006710730197399753,357.6518706233979,0.00011445683092246101,476.45000656252193,1.006297679937897e-07,8.050381439503177e-09,4.794505362102616e-05,6.164864539019647e-06,0.012481016928700357
6710.400000000001,1238.1559724075757,761.8440275924229,932.8838207239758,167.11617927602333,3.1646631295947926e-05,0.0067116179276023626,362.7579943491586,0.00011445683092246101,476.31194481515286,1.0062976796278935e-07,8.050381437023148e-09,4.793116048465376e-05,6.164721605785594e-06,0.012477256414662845
6724.8,1238.086961537099,761.9130384628997,932.8749436277701,167.12505637222898,3.164662988165083e-05,0.006712505637222925,367.8611592842782,0.00011445683092246101,476.17392307419914,1.0062976793464484e-07,8.050381434771588e-09,4.7917271375486084e-05,6.1645786760404445e-06,0.012473497121338665
6739.2,1238.017970664035,761.9820293359638,932.8660667373804,167.13393326261874,3.164662862384001e-05,0.006713393326261899,372.96136714311683,0.00011445683092246101,476.0359413280711,1.0062976790961441e-07,8.050381432769154e-09,4.7903386292478614e-05,6.164435749799933e-06,0.012469739048251181
6753.6,1237.9489997825974,762.0510002174011,932.8571900528021,167.14280994719695,3.1646627557922805e-05,0.006714280994719722,378.0586196361032,0.00011445683092246101,475.8979995651963,1.0062976788840266e-07,8.050381431072213e-09,4.788950523480085e-05,6.164292827107134e-06,0.012465982194924402
6768.0,1237.8800488869929,762.1199511130054,932.8483135740308,167.15168642596825,3.16466266997583e-05,0.006715168642596848,383.1529184770913,0.00011445683092246101,475.76009777398747,1.0062976787132519e-07,8.050381429706015e-09,4.7875628201435334e-05,6.1641499079812935e-06,0.012462226560882089
6782.400000000001,1237.8111179714278,762.1888820285709,932.839437301062,167.16056269893716,3.164662606470592e-05,0.006716056269893737,388.2442653799588,0.00011445683092246101,475.62223594285695,1.0062976785868764e-07,8.050381428695011e-09,4.786175519135966e-05,6.164006992441043e-06,0.012458472145648164
6796.8,1237.74220703011,762.2577929698891,932.8305612338901,167.16943876610907,3.164662560183689e-05,0.006716943876610929,393.33266205371837,0.00011445683092246101,475.48441406022084,1.0062976784947655e-07,8.050381427958124e-09,4.784788620292441e-05,6.1638640804241955e-06,0.012454718948746824
6811.2,1237.6733160572473,762.3266839427514,932.8216853725096,167.17831462748964,3.164662523958443e-05,0.006717831462748988,398.4181102058699,0.00011445683092246101,475.34663211449595,1.0062976784226772e-07,8.050381427381419e-09,4.7834021234285566e-05,6.163721171843415e-06,0.012450966969702458
6825.6,1237.6044450470483,762.3955549529502,932.812809716915,167.18719028308408,3.164662494193094e-05,0.006718719028308434,403.5006115465212,0.00011445683092246101,475.20889009409814,1.0062976783634442e-07,8.050381426907553e-09,4.7820160283936005e-05,6.163578266654703e-06,0.012447216208039577
6840.0,1237.5355939937212,762.4644060062774,932.8039342671016,167.19606573289764,3.164662467420086e-05,0.006719606573289788,408.58016778553764,0.00011445683092246101,475.07118798744386,1.006297678310166e-07,8.050381426481327e-09,4.7806303350381716e-05,6.163435364815713e-06,0.012443466663282884
6854.400000000001,1237.4667628914872,762.5332371085116,932.7950590230641,167.20494097693503,3.164662443475036e-05,0.006720494097693527,413.65678062684054,0.00011445683092246101,474.9335257829756,1.0062976782625153e-07,8.050381426100123e-09,4.779245043244388e-05,6.163292466324358e-06,0.012439718334957963
6868.8,1237.397951734566,762.6020482654327,932.7861839847981,167.21381601520113,3.164662421831194e-05,0.006721381601520138,418.7304517750025,0.00011445683092246101,474.79590346913335,1.006297678219444e-07,8.050381425755552e-09,4.777860152890921e-05,6.163149571174138e-06,0.012435971222590486
6883.2,1237.329160517174,762.6708394828248,932.7773091522982,167.2226908477009,3.164662400988286e-05,0.006722269084770113,423.8011829363488,0.00011445683092246101,474.6583210343491,1.0062976781779666e-07,8.050381425423734e-09,4.776475663847174e-05,6.1630066793466875e-06,0.012432225325706089
6897.6,1237.2603892335285,762.73961076647,932.7684345255599,167.2315654744392,3.164662379797624e-05,0.006723156547443944,428.86897581647617,0.00011445683092246101,474.52077846705845,1.0062976781357972e-07,8.050381425086378e-09,4.7750915759859194e-05,6.162863790827925e-06,0.012428480643830654
6912.0,1237.1916378778612,762.8083621221375,932.7595601045784,167.2404398954206,3.164662360170613e-05,0.006724043989542084,433.9338321146361,0.00011445683092246101,474.38327575572373,1.0062976780967395e-07,8.050381424773916e-09,4.773707889209101e-05,6.162720905641074e-06,0.01242473717649096
6926.400000000001,1237.1229064443983,762.8770935556005,932.7506858893493,167.24931411064978,3.1646623429297385e-05,0.006724931411065003,438.9957535323389,0.00011445683092246101,474.2458128887978,1.0062976780624301e-07,8.050381424499442e-09,4.772324603408269e-05,6.162578023796084e-06,0.012420994923213712
6940.8,1237.0541949273636,762.9458050726349,932.7418118798676,167.25818812013145,3.164662328395056e-05,0.006725818812013171,444.0547417721354,0.00011445683092246101,474.10838985472867,1.0062976780335061e-07,8.050381424268048e-09,4.7709417184701776e-05,6.162435145296771e-06,0.012417253883525627
6955.2,1236.9855033209844,763.0144966790143,932.7329380761286,167.2670619238704,3.164662316681033e-05,0.006726706192387065,449.1107985350753,0.00011445683092246101,473.9710066419701,1.0062976780101952e-07,8.050381424081562e-09,4.7695592342796933e-05,6.162292270144457e-06,0.01241351405695375
6969.6,1236.916831619496,763.0831683805028,932.7240644781275,167.27593552187145,3.164662307080579e-05,0.00672759355218717,454.16392551620896,0.00011445683092246101,473.83366323899315,1.0062976779910902e-07,8.050381423928722e-09,4.7681771507141105e-05,6.162149398330441e-06,0.012409775443025767
6984.0,1236.8481798171297,763.1518201828693,932.7151910858597,167.28480891413943,3.164662299329919e-05,0.006728480891413966,459.21412441382296,0.00011445683092246101,473.6963596342604,1.0062976779756664e-07,8.050381423805332e-09,4.766795467654824e-05,6.162006529851433e-06,0.012406038041269291
6998.400000000001,1236.779547908115,763.2204520918839,932.70631789932,167.2936821006791,3.1646622932336154e-05,0.006729368210067934,464.26139692670426,0.00011445683092246101,473.5590958162312,1.0062976779635348e-07,8.050381423708279e-09,4.7654141849838456e-05,6.161863664704968e-06,0.012402301851212024
7012.8,1236.710935886687,763.2890641133122,932.6974449185037,167.30255508149529,3.1646622884886914e-05,0.006730255508149554,469.3057447510587,0.00011445683092246101,473.42187177337473,1.0062976779540925e-07,8.05038142363274e-09,4.764033302582271e-05,6.161720802887281e-06,0.012398566872382085
7027.2,1236.6423437470874,763.3576562529117,932.6885721434064,167.31142785659284,3.164662284589851e-05,0.0067311427856593066,474.347169578239,0.00011445683092246101,473.2846874941756,1.0062976779463338e-07,8.05038142357067e-09,4.762652820329452e-05,6.161577944392132e-06,0.012394833104308186
7041.6,1236.5737714835532,763.4262285164459,932.6796995740226,167.32030042597654,3.164662281179002e-05,0.006732030042597678,479.3856731031295,0.00011445683092246101,473.14754296710726,1.0062976779395462e-07,8.05038142351637e-09,4.7612727381060166e-05,6.161435089215081e-06,0.012391100546518896
7056.0,1236.5052190903207,763.4947809096786,932.670827210348,167.3291727896512,3.164662277904125e-05,0.006732917278965145,484.42125702075924,0.00011445683092246101,473.01043818064204,1.0062976779330292e-07,8.050381423464234e-09,4.759893055792647e-05,6.16129223735176e-06,0.012387369198542922
7070.400000000001,1236.4366865616432,763.5633134383557,932.6619550523775,167.33804494762163,3.164662274763696e-05,0.0067338044947621856,489.45392301610093,0.00011445683092246101,472.8733731232875,1.0062976779267797e-07,8.050381423414237e-09,4.758513773273678e-05,6.161149388802074e-06,0.012383639059910096
7084.8,1236.3681738917812,763.6318261082176,932.6530831001065,167.34691689989253,3.16466227188212e-05,0.006734691689989277,494.4836727705122,0.00011445683092246101,472.7363477835636,1.0062976779210454e-07,8.050381423368364e-09,4.7571348904347575e-05,6.161006543567464e-06,0.012379910130150738
7099.2,1236.299681074978,763.700318925021,932.6442113535303,167.3557886464687,3.1646622690463e-05,0.006735578864646897,499.5105079750365,0.00011445683092246101,472.5993621499571,1.0062976779154022e-07,8.050381423323218e-09,4.75575640715802e-05,6.1608637016452546e-06,0.012376182408794437
7113.6,1236.2312081054768,763.7687918945223,932.6353398126441,167.364660187355,3.164662266042929e-05,0.006736466018735526,504.5344303207236,0.00011445683092246101,472.4624162109544,1.0062976779094254e-07,8.050381423275403e-09,4.754378323325599e-05,6.160720863032771e-06,0.012372455895370942
7128.0,1236.1627549775203,763.8372450224788,932.626468477443,167.3735315225562,3.164662262658696e-05,0.006737353152255643,509.55544149862203,0.00011445683092246101,472.3255099550415,1.0062976779026907e-07,8.050381423221526e-09,4.7530006388196254e-05,6.1605780277273344e-06,0.012368730589410137
7142.400000000001,1236.094321685352,763.9056783146469,932.6175973479221,167.382402652077,3.164662258680296e-05,0.006738240265207728,514.5735431997817,0.00011445683092246101,472.1886433707051,1.0062976778947737e-07,8.05038142315819e-09,4.75162335352224e-05,6.1604351957262725e-06,0.01236500649044211
7156.8,1236.0259082232155,763.9740917767837,932.6087264240768,167.39127357592233,3.1646622538944184e-05,0.006739127357592258,519.5887371152515,0.00011445683092246101,472.05181644643187,1.0062976778852499e-07,8.050381423081999e-09,4.750246467315586e-05,6.160292367026908e-06,0.012361283597997087
7171.2,1235.9575145853535,764.0424854146455,932.5998557059022,167.40014429409692,3.164662248087759e-05,0.006740014429409717,524.6010249360809,0.00011445683092246101,471.91502917070795,1.0062976778736947e-07,8.050381422989558e-09,4.7488699800818025e-05,6.160149541626569e-06,0.012357561911605466
7185.6,1235.8891407660094,764.1108592339896,932.5909851933935,167.40901480660554,3.1646622410470055e-05,0.006740901480660581,529.6104083533194,0.00011445683092246101,471.77828153201983,1.0062976778596835e-07,8.050381422877468e-09,4.747493891703036e-05,6.160006719522575e-06,0.012353841430797805
7200.0,1235.8207867594265,764.1792132405725,932.582114886546,167.41788511345305,3.164662232558854e-05,0.006741788511345331,534.6168890580158,0.00011445683092246101,471.641573518854,1.0062976778427921e-07,8.050381422742337e-09,4.7461182020614325e-05,6.1598639007122565e-06,0.012350122155104816
