time (s),A left,A right,B left,B right,w,B crossed (mol),exposure integral,gate proxy,imbalance,P A (m/s),P B (m/s),J A (mol/m²/s),J B (mol/m²/s),error (V)
0.0,909.6767352479388,1090.3232647520613,1000.0,100.0,0.0,0.0,0.0,0.0,-180.64652950412244,1e-07,8e-09,-1.8064652950412243e-05,7.2000000000000005e-06,-0.0046539590236803555
14.4,909.7045208573994,1090.295479142601,999.9889239664088,100.01107603359087,0.0006700574190367451,1.1076033590871277e-06,0.7340251305776523,3.123505049770894e-08,-180.5909582852015,1.1333414263883123e-07,9.0667314111065e-09,-2.0467121425578247e-05,8.159857423152509e-06,-0.004652519515424786
28.8,909.7355212162024,1090.2644787837978,999.9765627525114,100.02343724748836,0.0012482886538389022,2.3437247488343394e-06,1.4675718874733878,5.449619197354932e-08,-180.5289575675954,1.2484094421139415e-07,9.987275536911532e-09,-2.253740552023732e-05,8.98807983472339e-06,-0.00465091346702528
43.2,909.769290239835,1090.230709760165,999.9630931042079,100.03690689579179,0.001746816717852948,3.6906895791760326e-06,2.200591913000671,7.178703843303843e-08,-180.46141952032997,1.3476165268527367e-07,1.0780932214821894e-08,-2.4319279140490174e-05,9.70204321185612e-06,-0.004649163991574815
57.6,909.8054406524697,1090.1945593475302,999.9486684364795,100.05133156352029,0.0021761685305109416,5.133156352026691e-06,2.93304365511567,8.461259651868987e-08,-180.38911869506057,1.4330575375716773e-07,1.1464460300573419e-08,-2.5850798624186854e-05,1.0316837293171785e-05,-0.004647291155159828
72.0,909.8436363168887,1090.1563636831113,999.9334218963323,100.06657810366742,0.00254548458328097,6.657810366739832e-06,3.6648914724323878,9.410247342216239e-08,-180.3127273662226,1.5065514320729131e-07,1.2052411456583306e-08,-2.716503976345554e-05,1.0845565457526176e-05,-0.004645312374216673
86.4,909.883585532621,1090.1164144673792,999.9174690327486,100.08253096725132,0.0028627016330318045,8.25309672513021e-06,4.3961048527811455,1.011039765498879e-07,-180.23282893475812,1.569677624973329e-07,1.2557420999786632e-08,-2.829074388645354e-05,1.129960614760538e-05,-0.004643242762743842
100.8,909.9250351988401,1090.07496480116,999.9009101175656,100.09908988243433,0.0031347114603142135,9.908988243432576e-06,5.1266577330580185,1.0625247532639845e-07,-180.14992960231984,1.6238075806025284e-07,1.2990460644820228e-08,-2.925288213332588e-05,1.1688840133902077e-05,-0.0046410954347232405
115.2,909.9677657728679,1090.0322342271324,999.883832146475,100.116167853525,0.0033674977098211894,1.1616785352499816e-05,5.856527912239941,1.1002339232019263e-07,-180.06446845426456,1.6701320442544166e-07,1.3361056354035333e-08,-3.0073143879710577e-05,1.2021846468156851e-05,-0.004638881765328929
129.6,910.0115868329434,1089.988413167057,999.866310598189,100.133689401811,0.0035662561745087138,1.3368940181097128e-05,6.585696535104562,1.1277260993408334e-07,-179.97682633411353,1.709684978727234e-07,1.3677479829817872e-08,-3.07703676502434e-05,1.2306074778642624e-05,-0.004636611620833005
144.0,910.0563332594655,1089.9436667405348,999.8484109464899,100.15158905351001,0.00373549816538383,1.5158905351000096e-05,7.314147648261256,1.1476607375933985e-07,-179.88733348106928,1.743364134911382e-07,1.3946913079291056e-08,-3.136091255157396e-05,1.2547993372655798e-05,-0.004634293556470835
158.4,910.1018619026144,1089.8981380973858,999.8301899786236,100.16981002137652,0.003879140634993908,1.6981002137652067e-05,8.041867813040579,1.1620222282309001e-07,-179.7962761947714,1.7719489863637876e-07,1.41755918909103e-08,-3.1858982935530874e-05,1.275321838669523e-05,-0.004631934989107473
172.8,910.1480486860952,1089.8519513139051,999.8116969403923,100.18830305960772,0.004000584450255045,1.883030596077245e-05,8.76884576930737,1.1722893620577955e-07,-179.70390262780995,1.7961163056007538e-07,1.436893044480603e-08,-3.227691096898996e-05,1.2926625973193332e-05,-0.004629542347308401
187.20000000000002,910.1947860964569,1089.8052139035433,999.7929745282531,100.20702547174679,0.004102782205432605,2.070254717467908e-05,9.495072144280348,1.1795611643762946e-07,-179.61042780708635,1.8164536588810884e-07,1.4531629271048708e-08,-3.262540187633796e-05,1.307244950913366e-05,-0.004627121201432672
201.6,910.2419809920807,1089.7580190079195,999.7740597548552,100.22594024514471,0.004188297385746819,2.259402451447222e-05,10.220539198630025,1.1846536313055952e-07,-179.51603801583883,1.833471179763617e-07,1.4667769438108937e-08,-3.291374820073904e-05,1.3194364415452898e-05,-0.00462467637716282
216.0,910.2895527088106,1089.7104472911897,999.7549846971466,100.24501530285322,0.004259355505142108,2.450153028532331e-05,10.945240607151286,1.188170641752563e-07,-179.4208945823791,1.8476117455232794e-07,1.4780893964186235e-08,-3.3150015222269774e-05,1.3295561477345457e-05,-0.004622212053664279
230.4,910.3374314112178,1089.6625685887825,999.7357771474202,100.26422285257976,0.004317888612121859,2.6422285257977445e-05,11.669171268043616,1.1905578363233894e-07,-179.32513717756467,1.85925983381225e-07,1.4874078670498001e-08,-3.3341202474711786e-05,1.337881066045657e-05,-0.004619731849017138
244.8,910.3855566610735,1089.6144433389263,999.716461178562,100.28353882143792,0.004365573933563145,2.835388214379326e-05,12.39232713747173,1.1921428835468203e-07,-179.22888667785287,1.868749212779066e-07,1.494999370223253e-08,-3.34933840886506e-05,1.3446516524819604e-05,-0.004617238894392966
259.2,910.4338761748307,1089.5661238251696,999.6970576346903,100.30294236530965,0.004403867420771029,3.0294236530966185e-05,13.11470508610597,1.19316567619997e-07,-179.13224765033885,1.8763696167334349e-07,1.501095693386748e-08,-3.36118306868265e-05,1.3500766330882518e-05,-0.00461473589843776
273.6,910.4823447444618,1089.5176552555383,999.6775845573363,100.32241544266346,0.004434032891778909,3.224154426634743e-05,13.836302774647384,1.1938009442876527e-07,-179.03531051107655,1.882372545464003e-07,1.5058980363712023e-08,-3.3701115317467335e-05,1.3543371831700765e-05,-0.004612225203190169
288.0,910.5309233004874,1089.469076699513,999.6580575555377,100.34194244446215,0.0044571673413900175,3.419424444621541e-05,14.557118545864567,1.1941751761235443e-07,-178.9381533990255,1.8869763009366135e-07,1.5095810407492907e-08,-3.3765205479732146e-05,1.3575905570119864e-05,-0.004609708832631859
302.40000000000003,910.5795781027311,1089.4204218972689,999.6384901255509,100.36150987444877,0.004474222809090405,3.61509874448791e-05,15.277151331455409,1.194378879581917e-07,-178.8408437945377,1.8903703390089907e-07,1.5122962712071926e-08,-3.380754265125342e-05,1.3599732240162059e-05,-0.004607188534619349
316.8,910.628280024073,1089.3717199759271,999.618893933911,100.38110606608895,0.00448602574221577,3.811060660889502e-05,15.996400569680743,1.1944769061243946e-07,-178.74343995185416,1.8927191227009382e-07,1.5141752981607505e-08,-3.3831112685422125e-05,1.3616036455621731e-05,-0.004604665817996734
331.2,910.6770039487753,1089.322996051225,999.5992790552648,100.40072094473503,0.004493293268679417,4.007209447350383e-05,16.71486613629057,1.1945145171012727e-07,-178.64599210244955,1.8941653604672042e-07,1.5153322883737635e-08,-3.383850500267577e-05,1.3625846087640177e-05,-0.004602141983771777
345.6,910.7257282362792,1089.2742717637211,999.579654184416,100.42034581558373,0.004496647707004156,4.20345815583728e-05,17.43254828301414,1.194523046742441e-07,-178.5485435274419,1.894832893693827e-07,1.5158663149550617e-08,-3.3831965339692096e-05,1.3630053073346038e-05,-0.004599618152899317
360.0,910.7744342606046,1089.2255657393957,999.5600268185365,100.43997318146353,0.004496629037584696,4.3997318146351866e-05,18.149447584804555,1.1945236006195772e-07,-178.45113147879113,1.8948291784793545e-07,1.5158633427834835e-08,-3.381344108586691e-05,1.3629431300699585e-05,-0.004597095290147113
374.40000000000003,910.8231060082675,1089.1768939917326,999.5404034162997,100.45959658370016,0.0044937057965398555,4.595965837001565e-05,18.865564893850106,1.1945299463876e-07,-178.35378798346517,1.8942474535114314e-07,1.5153979628091452e-08,-3.3784620871179664e-05,1.3624652230749238e-05,-0.004594574224929476
388.8,910.8717297323169,1089.128270267683,999.520789534848,100.47921046515188,0.004488284453445227,4.792104651518606e-05,19.58090130005809,1.1945506586662408e-07,-178.25654053536618,1.8931686062356003e-07,1.5145348849884804e-08,-3.37469686397719e-05,1.3616298345561841e-05,-0.0045920556692329965
403.2,910.9202936504387,1089.0797063495615,999.5011899493744,100.4988100506253,0.0044807176009858,4.9881005062529164e-05,20.29545809663117,1.1945906416542816e-07,-178.15941269912287,1.8916628025961742e-07,1.5133302420769394e-08,-3.370175339353112e-05,1.3604874891999187e-05,-0.0045895402332588354
417.6,910.9687876824017,1089.031212317598,999.4816087571737,100.51839124282608,0.00447131108233125,5.1839124282608865e-05,21.0092367501811,1.1946522517562208e-07,-178.06242463519618,1.8897909053839187e-07,1.511832724307135e-08,-3.365007506662032e-05,1.3590820101866237e-05,-0.0045870284390263786
432.0,911.0172032240051,1088.9827967759945,999.4620494672638,100.53795053273609,0.004460330131619485,5.379505327360737e-05,21.722238875045065,1.1947361079947161e-07,-177.9655935519894,1.8876056961922775e-07,1.510084556953822e-08,-3.3592886811497486e-05,1.35745139967466e-05,-0.00458452073208573
446.40000000000003,911.0655329498366,1088.9344670501634,999.4425150786257,100.55748492137418,0.004448004735817558,5.57484921374192e-05,22.434466210920363,1.1948416895858085e-07,-177.8689341003269,1.885152942427694e-07,1.5081223539421553e-08,-3.353101444857089e-05,1.3556286076041193e-05,-0.004582017491737122
460.8,911.1137706422595,1088.88622935774,999.4230081480739,100.57699185192604,0.0044345342872099645,5.769918519260386e-05,23.145920603515904,1.1949677605160528e-07,-177.7724587154804,1.882472323154783e-07,1.5059778585238263e-08,-3.346517333510681e-05,1.353642198764345e-05,-0.004579519039891371
475.2,911.1619110428696,1088.8380889571304,999.403530849243,100.59646915075693,0.004420091628081037,5.9646915075692e-05,23.856603987787047,1.1951126598604593e-07,-177.67617791426073,1.8795982339881264e-07,1.5036785871905013e-08,-3.339598302294046e-05,1.3515169326916253e-05,-0.004577025648766201
489.6,911.2099497243854,1088.7900502756147,999.3840850234811,100.61591497651877,0.004404826541343997,6.159149765187609e-05,24.566518373515123,1.1952745128129575e-07,-177.5801005512293,1.8765604817274555e-07,1.5012483853819644e-08,-3.332397990356248e-05,1.3492742641157051e-05,-0.004574537547523502
504.0,911.2578829787417,1088.7421170212583,999.3646722243346,100.63532777566522,0.004388868802616479,6.353277756652336e-05,25.275665832746522,1.1954513746796275e-07,-177.48423404251662,1.8733848917206795e-07,1.4987079133765437e-08,-3.3249628257386774e-05,1.3469327805089343e-05,-0.004572054928067358
518.4,911.3057077202436,1088.6942922797566,999.3452937560662,100.65470624393372,0.0043723308237880775,6.54706243933712e-05,25.984048488958116,1.1956413240967262e-07,-177.388584559513,1.8700938339338276e-07,1.4960750671470622e-08,-3.3173329819499466e-05,1.3445085810566465e-05,-0.00456957795006155
532.8000000000001,911.3534214017394,1088.6465785982602,999.3259507070136,100.67404929298625,0.004355309943322003,6.740492929862547e-05,26.69166850771298,1.195842522520287e-07,-177.29315719652084,1.8667066787210788e-07,1.493365342976863e-08,-3.3095432063029154e-05,1.342015604971969e-05,-0.004567106745272529
547.2,911.4010219417776,1088.5989780582222,999.3066439785943,100.69335602140562,0.004337890418290419,6.93356021405624e-05,27.39852808857234,1.1960532516561774e-07,-177.19795611644463,1.8632401932397937e-07,1.490592154591835e-08,-3.301623539961008e-05,1.3394659170409587e-05,-0.004564641421343392
561.6,911.4485076614228,1088.5514923385772,999.287374310477,100.7126256895229,0.004320145153959989,7.126256895228819e-05,28.10462945811152,1.1962719329188573e-07,-177.10298467715438,1.8597088856380377e-07,1.4877671085104302e-08,-3.293599942771213e-05,1.3368699555362836e-05,-0.004562182065067214
576.0,911.4958772294096,1088.5041227705901,999.2681423024477,100.73185769755227,0.004302137206804898,7.318576975522778e-05,28.809974863887334,1.196497134639734e-07,-177.0082455411805,1.8561253041541746e-07,1.4849002433233397e-08,-3.2854948359292044e-05,1.3342367476446588e-05,-0.004559728745228542
590.4,911.5431296147849,1088.456870385215,999.2489484332986,100.75105156670153,0.004283921083610357,7.510515667015171e-05,29.51456656925924,1.1967275718223486e-07,-176.9137407704302,1.852500295638461e-07,1.482000236510769e-08,-3.27732757079728e-05,1.3315740956607252e-05,-0.004557281515056865
604.8000000000001,911.5902640457175,1088.409735954282,999.2297930772684,100.77020692273153,0.004265543872709931,7.702069227315375e-05,30.218406848913034,1.1969621005331195e-07,-176.81947190856454,1.8488432306692763e-07,1.479074584535421e-08,-3.269114836886658e-05,1.3288887391133879e-05,-0.004554840414360457
619.2,911.6372799733687,1088.362720026631,999.2106765184716,100.78932348152847,0.004247046237231376,7.893234815284588e-05,30.921497984958403,1.1971997133754063e-07,-176.72544005326233,1.8451622012090438e-07,1.4761297609672351e-08,-3.260871019783144e-05,1.3261864971062829e-05,-0.004552405471398185
633.6,911.6841770415887,1088.315822958411,999.1915989630094,100.80840103699059,0.004228463249718333,8.084010369905883e-05,31.623842263691607,1.1974395234286554e-07,-176.63164591682232,1.8414641866939483e-07,1.4731713493551587e-08,-3.2526085019263466e-05,1.3234723879266756e-05,-0.0045499767044492895
648.0,911.730955059625,1088.2690449403744,999.1725605498832,100.82743945011688,0.004209825144219674,8.274394501168821e-05,32.32544197269571,1.1976807590393773e-07,-176.53808988074945,1.8377552036997152e-07,1.4702041629597722e-08,-3.244337933295554e-05,1.320750736815477e-05,-0.0045475541232272605
662.4,911.7776139791711,1088.2223860208285,999.1535613601799,100.84643863982015,0.004191157950181552,8.464386398201493e-05,33.026299398435185,1.1979227482608016e-07,-176.44477204165742,1.834040432086129e-07,1.4672323456689033e-08,-3.236068459546199e-05,1.3180252668000769e-05,-0.0045451377300688225
676.8000000000001,911.8241538740274,1088.175846125972,999.1346014252161,100.86539857478367,0.004172484054672163,8.653985747836656e-05,33.72641682414411,1.198164911317035e-07,-176.35169225194454,1.8303243268797604e-07,1.4642594615038083e-08,-3.227807924151471e-05,1.3152991792512294e-05,-0.004542727520987479
691.2,911.8705749225306,1088.129425077469,999.1156807335811,100.88431926641884,0.004153822689082143,8.843192664188278e-05,34.42579652802729,1.1984067494303334e-07,-176.2588501549384,1.8266107151273466e-07,1.4612885721018773e-08,-3.219563043290358e-05,1.3125752236154748e-05,-0.00454032348658381
705.6,911.9168773923707,1088.0831226076284,999.0967992372222,100.9032007627779,0.004135190350228903,9.03200762777873e-05,35.124440781730165,1.1986478358717677e-07,-176.16624521525773,1.8229028796955516e-07,1.4583223037564413e-08,-3.21133955708046e-05,1.3098557577465395e-05,-0.004537925612831865
720.0,911.9630616279532,1088.0369383720463,999.0779568565209,100.9220431434789,0.004116601151999088,9.220431434788862e-05,35.82235184909547,1.198887807121712e-07,-176.07387674409313,1.8192036292478186e-07,1.4553629033982548e-08,-3.203142355885873e-05,1.3071427982857254e-05,-0.004535533881733941
734.4,912.0091280383767,1087.990871961623,999.0591534851199,100.94084651488022,0.004098067159791958,9.408465148801889e-05,36.51953198498696,1.199126355278101e-07,-175.9817439232463,1.8155153647985996e-07,1.4524122918388797e-08,-3.194975600167063e-05,1.3044380685691001e-05,-0.0045331482719432065
748.8000000000001,912.055077088291,1087.9449229117085,999.040388993599,100.95961100640109,0.004079598646296919,9.596110064010581e-05,37.215983434438044,1.199363220874825e-07,-175.88984582341755,1.811840130613087e-07,1.4494721044904696e-08,-3.186842812302166e-05,1.301743035271542e-05,-0.00453076875923733
763.2,912.1009092887625,1087.8990907112372,999.021663233151,100.97833676684897,0.0040612043467307506,9.783367668489715e-05,37.91170843179821,1.1995981867324127e-07,-175.79818142247473,1.8081796649994196e-07,1.4465437319995357e-08,-3.1787469679199754e-05,1.299058944963842e-05,-0.004528395316991637
777.6,912.1466251903046,1087.853374809695,999.0029760383893,100.99702396161072,0.004042891654755606,9.970239616106935e-05,38.60670920012276,1.199831072381525e-07,-175.7067496193904,1.8045354392963657e-07,1.4436283514370927e-08,-3.170690566117632e-05,1.2963868521772967e-05,-0.004526027916540049
792.0,912.1922253764246,1087.8077746235747,998.984327229949,101.01567277005104,0.004024666804073704,0.00010156727700510161,39.30098795061816,1.2000617292497383e-07,-175.61554924715006,1.800908694010667e-07,1.4407269552085338e-08,-3.16267569442651e-05,1.2937276454127128e-05,-0.004523666527509402
806.4,912.237710457971,1087.7622895420286,998.9657166167685,101.03428338323161,0.004006535028007426,0.00010342833832315766,39.99454688217585,1.2002900362558286e-07,-175.52457908405756,1.7973004705734778e-07,1.4378403764587822e-08,-3.154704085849883e-05,1.2910820699946826e-05,-0.004521311118112207
820.8000000000001,912.2830810686057,1087.716918931394,998.94714399792,101.05285600208015,0.00398850068810436,0.00010528560020801008,40.68738818103096,1.200515896148557e-07,-175.43383786278832,1.7937116369327675e-07,1.4349693095462141e-08,-3.146777164862598e-05,1.2884507464908798e-05,-0.004518961655381119
835.2,912.3283378604118,1087.6716621395874,998.9286091643851,101.07139083561505,0.003970567398877749,0.0001071390835615016,41.379514020433746,1.2007392320865275e-07,-175.3433242791756,1.7901429123766722e-07,1.4321143299013378e-08,-3.138896091909307e-05,1.2858341885739857e-05,-0.004516618105396454
849.6,912.3734815005092,1087.6265184994902,998.9101119004272,101.08988809957273,0.003952738124856192,0.00010898880995726968,42.07092656043247,1.200959984836094e-07,-175.25303699898097,1.7865948868463824e-07,1.4292759094771059e-08,-3.131061798066793e-05,1.283232816919905e-05,-0.00451428043346152
864.0,912.4185126680541,1087.5814873319457,998.8916519848096,101.1083480151904,0.003935015266893837,0.00011083480151903616,42.76162794769794,1.2011781103149702e-07,-175.16297466389165,1.7830680381118737e-07,1.426454430489499e-08,-3.123275015837851e-05,1.280646971566964e-05,-0.00451194860425792
878.4,912.4634320517266,1087.5365679482732,998.8732291918163,101.12677080818384,0.003917400735042881,0.00011267708081837932,43.451620315399765,1.2013935775032496e-07,-175.07313589654655,1.7795627462735333e-07,1.4236501970188267e-08,-3.1155363051477786e-05,1.2780769223508122e-05,-0.004509622581975691
892.8000000000001,912.5082403467366,1087.491759653263,998.854843292467,101.14515670753299,0.0038998960345915587,0.0001145156707532947,44.14090578302743,1.2016063661128464e-07,-174.98351930652643,1.7760793108837203e-07,1.4208634487069763e-08,-3.1078460838594366e-05,1.2755228812187282e-05,-0.004507302330468409
907.2,912.5529382534662,1087.4470617465336,998.8364940550764,101.16350594492361,0.0038825023069928672,0.00011635059449235864,44.82948645639344,1.2018164652937677e-07,-174.89412349306735,1.7726179590915806e-07,1.4180943672732645e-08,-3.100204642433919e-05,1.2729850080923678e-05,-0.004504987813323432
921.6,912.5975264758368,1087.4024735241628,998.8181812459195,101.18181875408044,0.003865220378119518,0.0001181818754080401,45.517364427600036,1.2020238723496112e-07,-174.80494704832597,1.769178855245784e-07,1.4153430841966273e-08,-3.092612161102573e-05,1.2704634177762412e-05,-0.004502678993946463
936.0,912.6420057193609,1087.357994280639,998.7999046300283,101.20009536997178,0.003848050815460747,0.00012000953699717425,46.20454177497546,1.2022285910706827e-07,-174.7159885612782,1.7657621122766888e-07,1.4126096898213511e-08,-3.085068730104724e-05,1.2679581881425523e-05,-0.004500375835662468
950.4,912.686376690777,1087.3136233092227,998.7816639713469,101.2183360286532,0.0038309939411461493,0.00012183360286531503,46.89102056317554,1.2024306313916197e-07,-174.62724661844572,1.7623677942880838e-07,1.4098942354304671e-08,-3.0775743544555146e-05,1.2654693620001899e-05,-0.004498078301734487
964.8000000000001,912.7306400959887,1087.269359904011,998.763459033574,101.23654096642616,0.0038140498922705356,0.0001236540966426138,47.57680284310568,1.202630007689878e-07,-174.53871980802228,1.7589959285618366e-07,1.4071967428494693e-08,-3.070128975187064e-05,1.2629969557238129e-05,-0.004495786355470453
979.2,912.7747966399204,1087.2252033600796,998.7452895802298,101.25471041977026,0.003797218627741636,0.000125471041977023,48.26189065204204,1.2028267386336258e-07,-174.4504067201592,1.7556465069205855e-07,1.4045172055364685e-08,-3.06273247189123e-05,1.2605409602377554e-05,-0.004493499960230568
993.6,912.8188470250506,1087.1811529749493,998.7271553752573,101.27284462474285,0.003780499971949999,0.00012728446247428057,48.946286013616955,1.203020845937596e-07,-174.36230594989877,1.7523194944180496e-07,1.4018555955344397e-08,-3.055384678076919e-05,1.2581013472621124e-05,-0.004491219079503245
1008.0,912.8627919514737,1087.137208048526,998.7090561830054,101.29094381699464,0.0037638936157716853,0.00012909438169946116,49.629990937958304,1.203212354368116e-07,-174.27441609705227,1.7490148295385655e-07,1.3992118636308524e-08,-3.0480853816291892e-05,1.2556780694597276e-05,-0.004488943676901931
1022.4,912.9066321157318,1087.0933678842678,998.6909917687107,101.3090082312896,0.0037473991519176176,0.00013090082312895653,50.31300742170423,1.2034012907565055e-07,-174.18673576853598,1.745732431231606e-07,1.3965859449852848e-08,-3.0408343372150365e-05,1.2532710654913784e-05,-0.004486673716225571
1036.8,912.9503682108835,1087.0496317891163,998.6729618984764,101.32703810152384,0.0037310160756156667,0.00013270381015238097,50.99533744813947,1.2035876840112559e-07,-174.0992635782328,1.7424721990475177e-07,1.3939777592380143e-08,-3.033631266597167e-05,1.2508802601158419e-05,-0.004484409161455007
1051.2,912.9940009252665,1087.005999074733,998.6549663397831,101.34503366021724,0.0037147438219850178,0.00013450336602172227,51.67698298720644,1.2037715640698343e-07,-174.01199814946642,1.7392340205750185e-07,1.391387216460015e-08,-3.0264758716978916e-05,1.2485055695329445e-05,-0.004482149976817022
1065.6000000000001,913.0375309432579,1086.9624690567418,998.6370048611873,101.36299513881299,0.0036985817470939837,0.00013629951388129707,52.357945995702146,1.2039529624721186e-07,-173.9249381134839,1.736017767671703e-07,1.3888142141373623e-08,-3.019367828062094e-05,1.2461468986784593e-05,-0.004479896126745022
1080.0,913.0809589443198,1086.91904105568,998.6190772327169,101.38092276728335,0.0036825291574048456,0.00013809227672833266,53.03822841731751,1.204131911543472e-07,-173.83808211136022,1.7328233023235645e-07,1.3862586418588516e-08,-3.0123067951380216e-05,1.2438041454331945e-05,-0.0044776475759283505
1094.4,913.1242856027862,1086.8757143972132,998.6011832259649,101.39881677403535,0.003666585318228058,0.00013988167740353164,53.71783218274058,1.2043084441807108e-07,-173.75142879442694,1.7296504783273837e-07,1.383720382661907e-08,-3.0052924192434692e-05,1.2414772018320323e-05,-0.004475404289323349
1108.8,913.167511588062,1086.8324884119374,998.5833226140164,101.41667738598386,0.0036507494504604263,0.0001416677385983848,54.396759209795746,1.204482593974573e-07,-173.66497682387546,1.726499140641625e-07,1.3811993125132999e-08,-2.9983243324596868e-05,1.2391659535988222e-05,-0.004473166232143064
1123.2,913.2106375638948,1086.7893624361052,998.5654951717512,101.434504828249,0.003635020753702879,0.00014345048282489765,55.07501140350678,1.2046543945736298e-07,-173.5787248722104,1.723369129986873e-07,1.3786953039894985e-08,-2.99140216067252e-05,1.2368702834500345e-05,-0.004470933369894869
1137.6000000000001,913.2536641887972,1086.7463358112025,998.5477006756802,101.45229932432004,0.0036193983964769314,0.00014522993243200146,55.75259065624712,1.2048238799881692e-07,-173.49267162240528,1.7202602808989093e-07,1.3762082247191273e-08,-2.9845255201906113e-05,1.2345900696974484e-05,-0.004468705668358586
1152.0,913.2965921155835,1086.7034078844165,998.5299389041404,101.47006109585972,0.0036038815318758886,0.000147006109585968,56.4294988478265,1.2049910841713246e-07,-173.40681576883298,1.717172424843302e-07,1.3737379398746415e-08,-2.9776940231812266e-05,1.2323251884845452e-05,-0.0044664830936105415
1166.4,913.3394219914393,1086.6605780085606,998.5122096372742,101.48779036272595,0.0035884692977808585,0.00014877903627259333,57.105737845613255,1.2051560410256657e-07,-173.32115601712133,1.7141053902583908e-07,1.3712843122067127e-08,-2.970907277747632e-05,1.2300755138175247e-05,-0.004464265612019815
1180.8,913.3821544580261,1086.6178455419736,998.4945126569922,101.50548734300779,0.0035731608160937873,0.00015054873430077524,57.781309504659134,1.2053187844387665e-07,-173.23569108394747,1.7110590024026635e-07,1.3688472019221308e-08,-2.9641648876663514e-05,1.2278409174559071e-05,-0.004462053190242906
1195.2,913.4247901511521,1086.5752098488474,998.4768477471164,101.5231522528837,0.0035579552045361547,0.00015231522528836853,58.45621566779505,1.2054793479814184e-07,-173.15041969769527,1.708033085702695e-07,1.3664264685621559e-08,-2.9574664564697115e-05,1.2256212705979596e-05,-0.004459845795240721
1209.6000000000001,913.4673297010089,1086.5326702989908,998.459214693288,101.54078530671211,0.003542851571830678,0.00015407853067121006,59.13045816575421,1.205637765056435e-07,-173.06534059798184,1.705027462794305e-07,1.3640219702354441e-08,-2.950811585774092e-05,1.2234164431923572e-05,-0.0044576433942663096
1224.0,913.5097737319843,1086.4902262680152,998.4416132830521,101.55838671694795,0.003527849025464894,0.00015583867169479242,59.8040388172826,1.2057940687011465e-07,-172.98045253603095,1.702041956067514e-07,1.3616335648540112e-08,-2.9441998779586988e-05,1.2212263050469723e-05,-0.004455445954874506
1238.4,913.5521228628043,1086.4478771371953,998.4240433058079,101.57595669419206,0.0035129466702702034,0.0001575956694192042,60.476959429289934,1.2059482916432489e-07,-172.89575427439104,1.6990763873837707e-07,1.3592611099070166e-08,-2.9376309356652445e-05,1.2190507256256891e-05,-0.004453253444914605
1252.8,913.5943777064776,1086.405622293522,998.4065045528355,101.59349544716459,0.003498143611512339,0.00015934954471645592,61.14922179692542,1.2061004662284024e-07,-172.81124458704426,1.6961305786909555e-07,1.3569044629527645e-08,-2.9311043628572764e-05,1.216889574489583e-05,-0.004451065832533178
1267.2,913.6365388701458,1086.3634611298537,998.3889968173571,101.61100318264296,0.003483438959303348,0.0001611003182642945,61.82082770356741,1.20625062430215e-07,-172.72692225970786,1.6932043529013663e-07,1.354563482321093e-08,-2.9246197663339324e-05,1.2147427219267613e-05,-0.004448883086181858
1281.6000000000001,913.6786069553979,1086.3213930446016,998.3715198944273,101.62848010557276,0.003468831825529634,0.00016284801055727554,62.49177892117024,1.2063987973236548e-07,-172.6427860892037,1.6902975332803974e-07,1.352238026624318e-08,-2.918176754652363e-05,1.212610038513173e-05,-0.004446705174600985
1296.0,913.7205825584236,1086.2794174415758,998.3540735808806,101.64592641911932,0.0034543213230488106,0.00016459264191193024,63.16207721046912,1.206545016405842e-07,-172.55883488315214,1.6874099432867133e-07,1.3499279546293706e-08,-2.911774937838011e-05,1.2104913949975691e-05,-0.004444532066811684
1310.4,913.7624662695745,1086.237533730425,998.3366576754805,101.66334232451945,0.0034399065679936135,0.00016633423245194365,63.8317243203926,1.206689312200251e-07,-172.47506746085048,1.684541407030729e-07,1.3476331256245832e-08,-2.90541392818221e-05,1.2083866626305733e-05,-0.004442363732138567
1324.8,913.8042586736627,1086.195741326337,998.3192719788304,101.68072802116929,0.0034255866825482597,0.00016807280211692912,64.50072198869424,1.206831714888301e-07,-172.3914826526742,1.681691749827104e-07,1.3453533998616831e-08,-2.899093341174645e-05,1.2062957135604686e-05,-0.004440200140194242
1339.2,913.8459603502151,1086.1540396497844,998.3019162933158,101.6980837066841,0.0034113608021105126,0.00016980837066840886,65.16907194274452,1.206972254077456e-07,-172.30807929956927,1.6788607996199921e-07,1.3430886396959937e-08,-2.8928127979385988e-05,1.2042184218549938e-05,-0.0044380412608661275
1353.6000000000001,913.8875718730595,1086.1124281269404,998.284590423199,101.71540957680085,0.0033972280635461466,0.00017154095768008527,65.83677589823613,1.2071109589718985e-07,-172.22485625388083,1.6760483846456831e-07,1.3408387077165465e-08,-2.8865719212015195e-05,1.2021546618245671e-05,-0.004435887064337901
1368.0,913.9290938105577,1086.0709061894422,998.2672941745617,101.73270582543822,0.003383187610241647,0.00017327058254382045,66.50383555983244,1.207247858306443e-07,-172.14181237888454,1.673254334438088e-07,1.3386034675504703e-08,-2.8803703370099667e-05,1.2001043087430702e-05,-0.004433737521077353
1382.4,913.9705267260622,1086.0294732739376,998.2500273551756,101.74997264482441,0.003369238598307878,0.00017499726448244,67.17025262224185,1.2073829802877363e-07,-172.0589465478754,1.6704784810632678e-07,1.3363827848506144e-08,-2.874207676826409e-05,1.1980672397325472e-05,-0.004431592601812782
1396.8,914.0118711773574,1085.9881288226427,998.2327897746599,101.76721022534005,0.0033553801891548236,0.00017672102253400414,67.8360287689113,1.207516352662986e-07,-171.97625764528527,1.6677206576418098e-07,1.3341765261134478e-08,-2.8680835749897246e-05,1.1960433327033902e-05,-0.004429452277561894
1411.2,914.0531277168456,1085.9468722831543,998.2155812444272,101.78441875557264,0.003341611551257676,0.00017844187555726462,68.50116567242453,1.2076480027096383e-07,-171.89374456630878,1.6649806987002777e-07,1.3319845589602222e-08,-2.8619976693021986e-05,1.1940324666059161e-05,-0.004427316519622126
1425.6000000000001,914.0942968921946,1085.905703107805,998.1984015774806,101.80159842251916,0.0033279318623899534,0.00018015984225191754,69.16566499568745,1.2077779572691983e-07,-171.81140621561042,1.6622584406156006e-07,1.3298067524924806e-08,-2.855949601759341e-05,1.1920345217481406e-05,-0.004425185299537147
1440.0,914.1353792457348,1085.8646207542652,998.1812505886036,101.81874941139634,0.003314340307866394,0.00018187494113963273,69.82952839084048,1.207906242709965e-07,-171.72924150853032,1.6595537212654125e-07,1.32764297701233e-08,-2.8499390179556822e-05,1.1900493795451256e-05,-0.004423058589128054
1454.4,914.1763753145075,1085.8236246854924,998.1641280943437,101.83587190565598,0.0033008360807096184,0.00018358719056559908,70.49275749934931,1.2080328849299074e-07,-171.64724937098492,1.656866380061214e-07,1.3254931040489713e-08,-2.8439655671276828e-05,1.1880769225423453e-05,-0.004420936360490799
1468.8,914.2172856308921,1085.7827143691075,998.1470339128193,101.8529660871803,0.0032874183839891845,0.00018529660871803195,71.15535395316826,1.2081579093914272e-07,-171.56542873821536,1.6541962584138477e-07,1.3233570067310782e-08,-2.8380289029192347e-05,1.1861170347485596e-05,-0.0044188185859637625
1483.2,914.2581107222197,1085.7418892777803,998.1299678638379,101.8700321361617,0.003274086429334426,0.0001870032136161685,71.81731937402039,1.2082813411002843e-07,-171.48377855556055,1.6515431994375507e-07,1.3212345595500406e-08,-2.832128682872909e-05,1.1841696014235039e-05,-0.004416705238147758
1497.6000000000001,914.2988511106463,1085.7011488893534,998.1129297689363,101.88707023106335,0.0032608394364358408,0.00018870702310633416,72.47865537316058,1.2084032045988752e-07,-171.40229777870707,1.6489070478507323e-07,1.319125638280586e-08,-2.8262645682512e-05,1.1822345090064634e-05,-0.004414596289912489
1512.0,914.3395073137518,1085.6604926862476,998.0959194511902,101.90408054880949,0.0032476766341355497,0.00019040805488094935,73.13936355243362,1.2085235240197572e-07,-171.32098537249578,1.6462876501929745e-07,1.3170301201543797e-08,-2.8204362243763106e-05,1.180311645270977e-05,-0.004412491714365621
1526.4,914.3800798443865,1085.6199201556128,998.0789367352634,101.92106326473625,0.0032345972602211433,0.00019210632647362563,73.79944550400614,1.2086423230706375e-07,-171.23984031122632,1.6436848547840076e-07,1.3149478838272062e-08,-2.814643320551947e-05,1.1784008992951587e-05,-0.004410391484860687
1540.8,914.4205692103435,1085.5794307896558,998.0619814475123,101.93801855248735,0.0032216005609871524,0.00019380185524873502,74.4589028097963,1.2087596250024514e-07,-171.15886157931232,1.6410985116364432e-07,1.3128788093091546e-08,-2.8088855299119746e-05,1.1765021613990213e-05,-0.004408295575014007
1555.2,914.4609759148927,1085.5390240851073,998.0450534158126,101.95494658418714,0.0032086857911003287,0.00019549465841871505,75.11773704236343,1.208875452674056e-07,-171.07804817021452,1.6385284724289655e-07,1.3108227779431724e-08,-2.8031625293447056e-05,1.1746153231244254e-05,-0.004406203958677061
1569.6000000000001,914.5013004569249,1085.4986995430745,998.0281524695118,101.971847530488,0.0031958522134579582,0.0001971847530488019,75.77594976514442,1.2089898285713526e-07,-170.99739908614958,1.6359745904781337e-07,1.308779672382507e-08,-2.7974739994278958e-05,1.1727402772143753e-05,-0.004404116609928956
1584.0,914.5415433303978,1085.4584566696017,998.0112784396111,101.98872156038858,0.0031830990997317515,0.00019887215603886063,76.43354253154608,1.2091027747338828e-07,-170.91691333920392,1.6334367208466185e-07,1.3067493766772948e-08,-2.7918196246201492e-05,1.1708769176907199e-05,-0.00440203350310522
1598.4,914.5817050234467,1085.418294976553,997.9944311590674,102.00556884093226,0.003170425732243929,0.00020055688409322626,77.09051688289395,1.2092143127028435e-07,-170.83658995310623,1.6309147207165418e-07,1.3047317765732334e-08,-2.786199093915366e-05,1.1690251401221707e-05,-0.0043999546128436744
1612.8,914.6217860188899,1085.3782139811099,997.9776104626262,102.02238953737357,0.0031578314031299863,0.00020223895373735706,77.74687434932939,1.2093244635817256e-07,-170.75642796221996,1.6284084492228673e-07,1.3027267593782938e-08,-2.7806121005279484e-05,1.1671848415040176e-05,-0.004397879914058347
1627.2,914.6617868006288,1085.3382131993712,997.9608161846663,102.03918381533352,0.003145315402459272,0.00020391838153335158,78.40261646339077,1.2094332485490303e-07,-170.67642639874248,1.6259177650893952e-07,1.3007342120715162e-08,-2.7750583376368802e-05,1.1653559185577506e-05,-0.00439580938160815
1641.6000000000001,914.7017078493036,1085.2982921506964,997.9440481606632,102.05595183933647,0.003132877026417533,0.00020559518393364906,79.05774475080077,1.2095406885077198e-07,-170.5965843013928,1.6234425282570892e-07,1.2987540226056715e-08,-2.7695375013027676e-05,1.1635382689018603e-05,-0.004393742990521727
1656.0,914.7415496285328,1085.2584503714675,997.9273062318169,102.07269376818279,0.0031205156031175684,0.00020726937681827837,79.71226070168197,1.2096468029257633e-07,-170.5169007429347,1.6209826050203962e-07,1.296786084016317e-08,-2.764049299662866e-05,1.1617317947446714e-05,-0.004391680716709761
1670.4,914.7813126090541,1085.218687390946,997.9105902369328,102.08940976306693,0.003108230447317876,0.00020894097630669357,80.36616582104759,1.2097516118713524e-07,-170.43737478189178,1.6185378590162573e-07,1.2948302872130059e-08,-2.7585934367583455e-05,1.1599363964044698e-05,-0.004389622535715298
1684.8,914.8209972619663,1085.1790027380341,997.8939000146955,102.10609998530417,0.003096020873190946,0.00021060999853041732,81.01946161465781,1.2098551354432254e-07,-170.35800547606777,1.616108153764998e-07,1.2928865230119985e-08,-2.7531696170901533e-05,1.1581519741365673e-05,-0.0043875684230636645
1699.2,914.8606040386476,1085.1393959613524,997.877235410428,102.12276458957156,0.0030838862332905385,0.00021227645895715625,81.67214954693192,1.209957392080501e-07,-170.27879192270484,1.6136933604248172e-07,1.2909546883398537e-08,-2.747777559468278e-05,1.1563784337075693e-05,-0.004385518355301773
1713.6000000000001,914.900133393524,1085.0998666064763,997.8605962684276,102.13940373157199,0.003071825874239164,0.0002139403731571998,82.32423108867769,1.2100584004787673e-07,-170.1997332129523,1.6112933489735936e-07,1.289034679178875e-08,-2.742416981231101e-05,1.154615680055465e-05,-0.004383472308819725
1728.0,914.9395857852235,1085.0604142147765,997.8439824315766,102.15601756842297,0.003059839134469402,0.0002156017568422964,82.97570771951028,1.2101581796876304e-07,-170.12082842955306,1.608907987759411e-07,1.2871263902075288e-08,-2.737087597445562e-05,1.1528636169666388e-05,-0.004381430259790944
1742.4,914.9789616572772,1085.021038342723,997.827393747838,102.1726062521618,0.00304792538000459,0.00021726062521617898,83.62658088699934,1.2102567475443202e-07,-170.04207668544575,1.6065371506209136e-07,1.285229720496731e-08,-2.731789133638989e-05,1.1511221521946268e-05,-0.004379392185171189
1756.8,915.0182614482486,1084.9817385517517,997.8108300668454,102.18916993315425,0.003036083985946487,0.00021891699331542377,84.27685202817027,1.2103541214871504e-07,-169.96347710350312,1.604180713203351e-07,1.2833445705626808e-08,-2.7265213191841904e-05,1.149391194810907e-05,-0.004377358062174158
1771.2,915.0574856037823,1084.942514396218,997.7942912358508,102.20570876414887,0.003024314314455741,0.00022057087641488555,84.92652259507913,1.210450319523083e-07,-169.88502879243572,1.6018385485766925e-07,1.281470838861354e-08,-2.7212838794578482e-05,1.1476706520546628e-05,-0.004375327867647886
1785.6000000000001,915.096634559691,1084.9033654403095,997.7777771054147,102.22222289458495,0.0030126157451755967,0.00022222228945849304,85.57559401869986,1.2105453588961136e-07,-169.8067308806185,1.5995105332899438e-07,1.2796084266319551e-08,-2.7160765466708005e-05,1.1459604336852285e-05,-0.004373301578950149
1800.0,915.13570873789,1084.8642912621106,997.7612875307756,102.23871246922405,0.003000987682461273,0.00022387124692240437,86.22406770020652,1.2106392557717693e-07,-169.72858252422054,1.5971965488097935e-07,1.2777572390478348e-08,-2.7108990624206328e-05,1.1442604530156555e-05,-0.0043712791741588415
1814.4,915.1747085714966,1084.8252914285038,997.7448223634015,102.25517763659823,0.0029894295107489683,0.00022551776365982296,86.87194506479331,1.2107320271848734e-07,-169.65058285700718,1.5948964726390447e-07,1.2759171781112357e-08,-2.7057511617979873e-05,1.1425706205276557e-05,-0.004369260630772878
1828.8,915.2136344937821,1084.786365506218,997.7283814547083,102.27161854529135,0.002977940614211775,0.00022716185452913395,87.51922753798415,1.2108236901822006e-07,-169.57273101243595,1.5926101822281432e-07,1.2740881457825146e-08,-2.700632580386395e-05,1.1408908466836719e-05,-0.004367245926284027
1843.2,915.2524869195632,1084.7475130804369,997.7119646623364,102.28803533766329,0.002966520412445975,0.00022880353376632899,88.16591650555897,1.2109142603765609e-07,-169.49502616087364,1.590337562076749e-07,1.2722700496613994e-08,-2.695543066888186e-05,1.1392210470299072e-05,-0.004365235039140029
1857.6000000000001,915.2912662579595,1084.7087337420407,997.6955718458469,102.30442815415279,0.0029551683359824513,0.00023044281541527615,88.81201334102933,1.2110037529381215e-07,-169.41746748408127,1.588078498860508e-07,1.2704627990884063e-08,-2.6904823744286868e-05,1.1375611386935191e-05,-0.0043632279480842725
1872.0,915.3299729278759,1084.6700270721244,997.679202861501,102.32079713849858,0.0029438837965694935,0.000232079713849858,89.45751943898041,1.2110921837973866e-07,-169.34005414424848,1.5858328755173293e-07,1.2686663004138634e-08,-2.685450250038338e-05,1.1359110361330564e-05,-0.004361224631354441
1886.4,915.3686073470669,1084.6313926529333,997.662857565948,102.33714243405149,0.0029326662080595743,0.00023371424340514835,90.10243619148747,1.2111795687995332e-07,-169.26278530586637,1.5836005754038552e-07,1.2668804603230841e-08,-2.680446442048292e-05,1.1342706541253915e-05,-0.004359225067248573
1900.8,915.4071699116388,1084.5928300883613,997.6465358231382,102.35346417686142,0.0029215150238895006,0.00023534641768614063,90.74676494340801,1.2112659221845374e-07,-169.18566017672254,1.5813814897540107e-07,1.2651051918032086e-08,-2.675470713352813e-05,1.1326399131251468e-05,-0.004357229235185888
1915.2,915.4456610213489,1084.5543389786515,997.6302374957897,102.3697625042097,0.0029104296908194225,0.00023697625042097035,91.39050704756376,1.211351258463124e-07,-169.10867795730258,1.5791755084730652e-07,1.2633404067784522e-08,-2.6705228250043113e-05,1.1310187326485331e-05,-0.0043552371143974035
1929.6000000000001,915.4840810815651,1084.515918918435,997.6139624447299,102.38603755526975,0.0028994096453511635,0.00023860375552697417,92.03366386901293,1.211435592562006e-07,-169.03183783686995,1.5769825194248816e-07,1.2615860155399054e-08,-2.665602534950052e-05,1.1294070307613517e-05,-0.004353248683824483
1944.0,915.5224304941866,1084.4775695058136,997.5977105319547,102.40228946804493,0.0028884543300931394,0.00024022894680449108,92.67623676515696,1.2115189391610373e-07,-168.955139011627,1.5748024116885348e-07,1.259841929350828e-08,-2.6607096038268187e-05,1.1278047264191829e-05,-0.0043512639225887885
1958.4,915.5607096396651,1084.439290360335,997.581481626695,102.41851837330447,0.002877563225411757,0.0002418518373304457,93.31822704605432,1.2116013114136896e-07,-168.8785807206699,1.5726350818569396e-07,1.2581080654855517e-08,-2.655843806155345e-05,1.1262117439930373e-05,-0.004349282810922709
1972.8,915.5989189077466,1084.4010810922534,997.565275595047,102.43472440495245,0.0028667357953115024,0.00024347244049524445,93.95963604227894,1.2116827231348713e-07,-168.80216218450687,1.570480423266989e-07,1.2563843386135913e-08,-2.651004911159073e-05,1.1246280055297863e-05,-0.004347305328578327
1987.2,915.63705869086,1084.36294130914,997.5490923022014,102.4509076977981,0.0028559714990725265,0.0002450907697798087,94.60046509032837,1.2117631883304744e-07,-168.72588261828002,1.568338328315433e-07,1.2546706626523464e-08,-2.6461926868909927e-05,1.1230534324165189e-05,-0.004345331455169609
2001.6000000000001,915.6751293744189,1084.324870625581,997.532931615718,102.46706838428139,0.0028452698086018405,0.0002467068384281394,95.2407155110858,1.2118427205170052e-07,-168.64974125116214,1.5662086919117662e-07,1.252966953529413e-08,-2.641406906362405e-05,1.1214879478612674e-05,-0.004343361170674286
2016.0,915.7131313261721,1084.286868673828,997.5167934091221,102.48320659087744,0.0028346302275970257,0.0002483206590877448,95.88038858612232,1.2119213319788484e-07,-168.57373734765588,1.564091415291808e-07,1.2512731322334465e-08,-2.636647354291246e-05,1.1199314796322014e-05,-0.00434139445598502
2030.4,915.7510649252995,1084.2489350747005,997.500677552078,102.49932244792151,0.0028240522391825367,0.00024993224479215087,96.5194856224497,1.21199903579775e-07,-168.49787014940102,1.5619863955973247e-07,1.2495891164778598e-08,-2.6319138086048895e-05,1.1183839525710902e-05,-0.0043394312914035406
2044.8,915.7889305518111,1084.211069448189,997.4845839139706,102.51541608602884,0.0028135353249905477,0.00025154160860288346,97.15800792892499,1.2120758451132942e-07,-168.42213889637787,1.559893529673119e-07,1.2479148237384952e-08,-2.627206047181672e-05,1.1168452913213937e-05,-0.004337471657189343
2059.2000000000003,915.8267285739793,1084.1732714260208,997.4685123681506,102.53148763184882,0.002803078987653204,0.0002531487631848819,97.79595678802919,1.2121517722705417e-07,-168.34654285204158,1.5578127185429876e-07,1.2462501748343901e-08,-2.6225238557765244e-05,1.115315423543385e-05,-0.004335515534210027
2073.6,915.8644593498129,1084.135540650187,997.452462791437,102.54753720856243,0.002792682748168586,0.00025475372085624333,98.43333345917543,1.212226828919689e-07,-168.27108130037414,1.5557438668855487e-07,1.244595093508439e-08,-2.617867027072566e-05,1.1137942795369804e-05,-0.004333562903865024
2088.0,915.9021232473824,1084.0978767526174,997.4364350572489,102.56356494275059,0.0027823461095314726,0.0002563564942750586,99.07013922438922,1.2123010273920772e-07,-168.19575350523496,1.553686875796763e-07,1.2429495006374106e-08,-2.6132353478583097e-05,1.1122817870427819e-05,-0.004331613747033736
2102.4,915.9397206344963,1084.0602793655034,997.4204290390936,102.57957096090585,0.002772068575194114,0.0002579570960905843,99.70637536510176,1.2123743800020296e-07,-168.12055873100712,1.5516416464636289e-07,1.2413133171709031e-08,-2.608628605537651e-05,1.1107778738810926e-05,-0.0043296680446097795
2116.8,915.9772518625625,1084.0227481374372,997.4044446160234,102.59555538397608,0.002761849677393661,0.0002595555383976076,100.34204312549512,1.2124468979909653e-07,-168.04549627487472,1.5496080858013384e-07,1.2396864686410708e-08,-2.6040465981004456e-05,1.1092824720007159e-05,-0.00432772577833617
2131.2000000000003,916.0147172818329,1083.9852827181671,997.388481667481,102.61151833251863,0.0027516889503947767,0.0002611518332518608,100.97714374712766,1.2125185925247318e-07,-167.97056543633425,1.5475861011285605e-07,1.2380688809028485e-08,-2.5994891246797628e-05,1.1077955136537659e-05,-0.0043257869300163876
2145.6,916.0521172490028,1083.9478827509975,997.3725400707305,102.62745992926895,0.0027415859171542258,0.0002627459929268946,101.61167848619074,1.2125894751906571e-07,-167.89576550199467,1.545575597513691e-07,1.2364604780109527e-08,-2.5949559808576395e-05,1.1063169294896597e-05,-0.004323851481121091
2160.0,916.0894521191681,1083.9105478808317,997.356619703578,102.64338029642155,0.002731540103411054,0.00026433802964215497,102.24564859520763,1.2126595574745582e-07,-167.82109576166363,1.5435764805788e-07,1.23486118446304e-08,-2.5904469636266648e-05,1.1048466505690846e-05,-0.004321919413204342
2174.4,916.1267222292989,1083.8732777707012,997.3407204499598,102.65927955003957,0.002721551066433788,0.0002659279550039584,102.87905528513308,1.2127288497118988e-07,-167.74655554140224,1.541588662220324e-07,1.2332709297762591e-08,-2.5859618814913754e-05,1.103384612472208e-05,-0.004319990708758871
2188.8,916.1639279216101,1083.8360720783899,997.3248421920392,102.67515780796032,0.0027116183543678626,0.000267515780796031,103.5118997789498,1.2127973625709978e-07,-167.67214415677972,1.5396120525192048e-07,1.2316896420153639e-08,-2.581500540155156e-05,1.1019307494881844e-05,-0.00431806535000656
2203.2000000000003,916.2010695418534,1083.7989304581465,997.308984810782,102.69101518921738,0.0027017415092064393,0.0002691015189217376,104.14418330775159,1.2128651069446412e-07,-167.59786091629314,1.5376465603320814e-07,1.230117248265665e-08,-2.5770627435695273e-05,1.1004849950398954e-05,-0.004316143318986903
2217.6,916.2381474318508,1083.761852568149,997.2931481884849,102.70685181151447,0.002691920079728265,0.00027068518115144573,104.77590709353458,1.2129320934834817e-07,-167.52370513629808,1.5356920958659248e-07,1.2285536766927398e-08,-2.5726482984798678e-05,1.0990472835328681e-05,-0.004314224597943346
2232.0,916.2751619166257,1083.7248380833742,997.2773322131304,102.72266778686902,0.0026821536437234986,0.0002722667786869014,105.40707231939804,1.2129983318029513e-07,-167.44967616674842,1.5337485751009763e-07,1.2269988600807811e-08,-2.568257022218703e-05,1.0976175535309684e-05,-0.00431230916998926
2246.4,916.3121133299361,1083.687886670064,997.261536769744,102.73846323025525,0.0026724417638967816,0.00027384632302552544,106.03768018866701,1.2130638320567813e-07,-167.37577334012792,1.5318159110154596e-07,1.2254527288123678e-08,-2.5638887272092513e-05,1.0961957414545929e-05,-0.004310397017786583
2260.8,916.3490020070303,1083.6509979929697,997.2457617428477,102.75423825715163,0.0026627840003801756,0.0002754238257151616,106.66773190811574,1.2131286044905027e-07,-167.30199598593936,1.529894016075655e-07,1.223915212860524e-08,-2.5595432253640187e-05,1.09478178336893e-05,-0.004308488123920717
2275.2000000000003,916.3858282758965,1083.6141717241032,997.2300070194212,102.76999298057804,0.002653179925709534,0.0002769992980578016,107.2972286675472,1.2131926589157035e-07,-167.22834344820672,1.5279828052161972e-07,1.2223862441729578e-08,-2.5552203333364857e-05,1.0933756171238325e-05,-0.0043065824713533546
2289.6,916.4225924520597,1083.5774075479403,997.2142724906662,102.78572750933307,0.0026436291337182016,0.0002785727509333065,107.92617162762437,1.213256004398889e-07,-167.15481509588062,1.5260821976099223e-07,1.2208657580879378e-08,-2.550919875626017e-05,1.0919771836241264e-05,-0.004304680043691716
2304.0,916.4592948603713,1083.5407051396285,997.1985580446249,102.8014419553744,0.0026341312023015393,0.00028014419553743945,108.55456197081719,1.2133186505641473e-07,-167.08141027925717,1.5241921092580064e-07,1.219353687406405e-08,-2.5466416715134333e-05,1.090586421509082e-05,-0.004302780824060927
2318.4,916.4959358259848,1083.504064174015,997.1828635692377,102.81713643076172,0.0026246857088392315,0.0002817136430761704,109.1824008802999,1.21338060705361e-07,-167.00812834803014,1.5223124560590072e-07,1.2178499648472058e-08,-2.5423855404730766e-05,1.0892032693561386e-05,-0.004300884795571087
2332.8,916.5325156616003,1083.4674843383998,997.167188956663,102.83281104333622,0.0026152922512431686,0.00028328110433362087,109.80968950981085,1.213441882793559e-07,-166.93496867679949,1.5204431579973906e-07,1.2163545263979124e-08,-2.538151309551485e-05,1.0878276686881362e-05,-0.004298991941977271
2347.2000000000003,916.5690346749055,1083.4309653250943,997.1515341007578,102.84846589924159,0.0026059504356874723,0.00028484658992415884,110.4364290012433,1.2135024864222166e-07,-166.8619306501888,1.518584136701807e-07,1.2148673093614455e-08,-2.5339388090481375e-05,1.0864595622196614e-05,-0.004297102247294438
2361.6,916.6054931815598,1083.39450681844,997.1358988926779,102.86410110732153,0.002596659855204887,0.000286410110732151,111.06262051533051,1.2135624270359744e-07,-166.7890136368802,1.5167353111857726e-07,1.213388248948618e-08,-2.5297478650090156e-05,1.0850988907989062e-05,-0.00429521569512563
2376.0,916.6418914972223,1083.358108502778,997.1202832235796,102.87971677641966,0.002587420102828154,0.0002879716776419646,111.68826521280586,1.2136217137312247e-07,-166.71621700555556,1.5148966004628027e-07,1.2119172803702422e-08,-2.5255783038373503e-05,1.0837455952853869e-05,-0.0042933322690744445
2390.4,916.678229929516,1083.3217700704838,997.1046869873461,102.89531301265328,0.0025782307856129227,0.0002895313012653238,112.31336423529068,1.2136803551455634e-07,-166.64354014096784,1.5130679263369717e-07,1.2104543410695774e-08,-2.5214299571854613e-05,1.0823996185527762e-05,-0.0042914519531608184
2404.8,916.7145087717339,1083.285491228266,997.0891100827217,102.91088991727764,0.0025690915356213232,0.00029108899172776035,112.93791869032454,1.2137383590984356e-07,-166.57098245653208,1.5112492155886435e-07,1.2089993724709148e-08,-2.517302665772638e-05,1.0810609070571815e-05,-0.004289574732146752
2419.2000000000003,916.7507283285172,1083.2492716714823,997.0735524046012,102.92644759539829,0.0025600019651126206,0.0002926447595398264,113.56192971243671,1.2137957340571875e-07,-166.49854334296515,1.5094403910574115e-07,1.2075523128459292e-08,-2.513196263740947e-05,1.0797294044368444e-05,-0.004287700590207534
2433.6,916.7868889049479,1083.213111095052,997.0580138477291,102.94198615227027,0.0025509616855770643,0.00029419861522702565,114.18539843720444,1.2138524885143262e-07,-166.4262221901041,1.5076413754298357e-07,1.2061131003438686e-08,-2.5091105853028e-05,1.078405054230914e-05,-0.004285829511496207
2448.0,916.822990802471,1083.177009197529,997.0424943080847,102.95750569191476,0.0025419703145206207,0.0002957505691914762,114.80832599144422,1.213908630764648e-07,-166.354018395058,1.5058520925896035e-07,1.2046816740716829e-08,-2.505045467108875e-05,1.077087800848489e-05,-0.004283961480354472
2462.4,916.8590343050176,1083.1409656949825,997.0269936875885,102.973006312411,0.002533027498419519,0.0002973006312410984,115.43071345978196,1.2139641681508205e-07,-166.28193138996483,1.5040724721854842e-07,1.2032579777483873e-08,-2.501000756254815e-05,1.0757775928469382e-05,-0.004282096482030807
2476.8,916.8950197058564,1083.1049802941434,997.0115118849934,102.98848811500604,0.0025241328683048366,0.0002988488115006023,116.0525619493369,1.2140191085231272e-07,-166.209960588287,1.5023024407926624e-07,1.20184195263413e-08,-2.496976294758358e-05,1.0744743765875908e-05,-0.004280234501291005
2491.2000000000003,916.9309473001255,1083.0690526998746,996.9960487984181,103.00395120158136,0.002515286052114796,0.0003003951201581336,116.6738725717326,1.2140734598335015e-07,-166.13810539974918,1.5005419243708444e-07,1.2004335394966755e-08,-2.4929719238786582e-05,1.0731780980002281e-05,-0.0042783755228046755
2505.6,916.9668173818236,1083.0331826181762,996.9806043263676,103.01939567363168,0.0025064866796001193,0.00030193956736316696,117.29464643581439,1.21412722997446e-07,-166.06636523635257,1.4987908492404238e-07,1.199032679392339e-08,-2.4889874858286325e-05,1.0718887032837037e-05,-0.00427651953130082
2520.0,917.0026302280488,1082.9973697719513,996.9651783730825,103.03482162691675,0.002497734407390837,0.00030348216269167447,117.91488460922747,1.2141804259573982e-07,-165.99473954390248,1.4970491470707765e-07,1.1976393176566212e-08,-2.4850228325243492e-05,1.070606142486018e-05,-0.00427466651238348
2534.4,917.0383861203761,1082.9616138796239,996.9497708412839,103.05022915871558,0.002489028884996261,0.00030502291587155737,118.53458817053162,1.2142330550271327e-07,-165.92322775924777,1.495316748114256e-07,1.1962533984914047e-08,-2.481077813695794e-05,1.0693303646476814e-05,-0.004272816451425469
2548.8,917.0740853444414,1082.9259146555585,996.9343816323144,103.06561836768512,0.0024803697554675814,0.00030656183676850855,119.15375820818547,1.2142851246401823e-07,-165.85182931111706,1.4935935813380488e-07,1.194874865070439e-08,-2.477152277122581e-05,1.068061317896504e-05,-0.004270969333589996
2563.2000000000003,917.109728185795,1082.890271814205,996.9190106475462,103.08098935245314,0.00247175666199522,0.0003080989352453116,119.77239581043705,1.2143366422486917e-07,-165.7805436284101,1.4918795757370487e-07,1.1935036605896389e-08,-2.4732460709380974e-05,1.0667989503898931e-05,-0.004269125144045183
2577.6,917.1453149167066,1082.8546850832936,996.9036577928632,103.09634220713608,0.002463189269359093,0.000309634220713605,120.39050203288667,1.2143876146265063e-07,-165.70937016658695,1.4901746646024595e-07,1.1921397316819676e-08,-2.469359051094785e-05,1.0655432133777484e-05,-0.004267283868646762
2592.0,917.1808458068302,1082.8191541931699,996.8883229750378,103.11167702496158,0.0024546672465920166,0.0003111677024961565,121.00807792470339,1.2144380484138534e-07,-165.63830838633965,1.4884787820718113e-07,1.190783025657449e-08,-2.4654910753133393e-05,1.0642940587263984e-05,-0.0042654454933862655
2606.4,917.216321132703,1082.783678867297,996.8730060985038,103.12699390149565,0.002446190251536942,0.00031269939014956304,121.62512455197762,1.2144879506025246e-07,-165.5673577345941,1.4867918600558514e-07,1.1894334880446812e-08,-2.4616419977074974e-05,1.0630514367135116e-05,-0.004263610003899563
2620.8,917.2517411708618,1082.7482588291384,996.8577070676952,103.14229293230423,0.0024377579420368205,0.00031422929323042135,122.24164298079974,1.2145373281843103e-07,-165.49651765827662,1.4851138304653275e-07,1.188091064372262e-08,-2.457811672681559e-05,1.0618152976260136e-05,-0.004261777385822995
2635.2000000000003,917.2871061908452,1082.712893809155,996.8424257894255,103.15757421057381,0.002429369987357991,0.0003157574210573794,122.85763425989342,1.214586187803038e-07,-165.42578761830987,1.4834446274842402e-07,1.1867557019873923e-08,-2.4539999588973073e-05,1.0605855933909586e-05,-0.004259947625155451
2649.6,917.3224164503815,1082.6775835496185,996.8271621745238,103.17283782547554,0.002421026076043528,0.0003172837825475515,123.47309940867586,1.2146345355153508e-07,-165.35516709923695,1.481784189132662e-07,1.1854273513061297e-08,-2.4502067219903868e-05,1.0593622786963612e-05,-0.004258120708507308
2664.0,917.3576722168164,1082.6423277831839,996.8119161305491,103.18808386945024,0.0024127258809394222,0.0003188083869450217,124.08803947042863,1.214682377856038e-07,-165.28465556636752,1.480132450306945e-07,1.184105960245556e-08,-2.44643182241587e-05,1.058145305997842e-05,-0.004256296621991832
2678.4,917.3928737578291,1082.607126242171,996.796687564947,103.20331243505237,0.002404469074346352,0.0003203312435052328,124.70245548926215,1.2147297213764979e-07,-165.21425248434196,1.4784893457949242e-07,1.1827914766359394e-08,-2.4426751207157215e-05,1.056934627681981e-05,-0.004254475351705414
2692.8,917.4280213383886,1082.5719786616119,996.7814763860849,103.21852361391441,0.002396255332858726,0.00032185236139143833,125.3163485024853,1.2147765724984984e-07,-165.14395732322328,1.4768548112388867e-07,1.1814838489911093e-08,-2.4389364791983167e-05,1.0557301967571249e-05,-0.004252656883885176
2707.2000000000003,917.4631152082022,1082.536884791798,996.7662825075208,103.23371749247849,0.0023880843572455816,0.0003233717492478471,125.92971950911215,1.2148229369139655e-07,-165.07376958359578,1.4752287870918707e-07,1.1801830296734965e-08,-2.4352157688349093e-05,1.0545319696913832e-05,-0.004250841205558219
2721.6,917.4981556246032,1082.501844375397,996.7511058402191,103.24889415978019,0.0023799558361966874,0.0003248894159780174,126.54256952729142,1.2148688206795026e-07,-165.0036887507938,1.4736112114031409e-07,1.1788889691225128e-08,-2.4315128566604405e-05,1.0533399012366378e-05,-0.004249028303357576
2736.0,917.5331428468111,1082.4668571531893,996.7359462945026,103.26405370549662,0.002371869455413875,0.00032640537054966055,127.15489957990505,1.2149142299419207e-07,-164.9337143063782,1.472002021627361e-07,1.177601617301889e-08,-2.427827608934983e-05,1.052153945726593e-05,-0.004247218163819082
2750.4,917.5680771335162,1082.431922866484,996.7208037808743,103.27919621912491,0.0023638249014262163,0.00032791962191248866,127.76671068849419,1.2149591708235374e-07,-164.86384573296777,1.470401155383817e-07,1.1763209243070536e-08,-2.424159892467752e-05,1.0509740576214169e-05,-0.004245410773506374
2764.8,917.6029587295338,1082.3970412704664,996.7056782145589,103.29432178544042,0.0023558218824637164,0.00032943217854403985,128.37800383943002,1.215003648804119e-07,-164.79408254093255,1.4688085546102794e-07,1.1750468436882236e-08,-2.420509581852742e-05,1.0498001944872503e-05,-0.004243606119701388
2779.2000000000003,917.6377878815781,1082.3622121184223,996.6905695101347,103.3094304898647,0.0023478601037866904,0.00033094304898646733,128.98878002389668,1.2150476694513625e-07,-164.72442423684424,1.4672241606535514e-07,1.1737793285228411e-08,-2.416876550900433e-05,1.0486323134741835e-05,-0.00424180418958821
2793.6,917.6725648407602,1082.3274351592402,996.6754775806836,103.32452241931566,0.0023399392637780685,0.0003324522419315642,129.5990402442241,1.2150912385366e-07,-164.65487031848,1.4656479134918356e-07,1.1725183307934685e-08,-2.4132606712854898e-05,1.0474703707585577e-05,-0.004240004970123828
2808.0,917.7072898581914,1082.2927101418088,996.6604023392881,103.33959766071126,0.0023320590608207764,0.0003339597660711236,130.20878550274244,1.2151343618311643e-07,-164.5854202836174,1.4640797531033345e-07,1.1712638024826677e-08,-2.409661814932471e-05,1.0463143225247065e-05,-0.004238208448265669
2822.4,917.7419631761842,1082.2580368238164,996.6453437020264,103.35465629797284,0.002324219207051372,0.0003354656297972813,130.81801677926853,1.2151770447100612e-07,-164.5160736476322,1.462519622203223e-07,1.1700156977625784e-08,-2.4060798587749263e-05,1.0451641269278671e-05,-0.0042364146114267755
2836.8,917.7765850305433,1082.2234149694568,996.6303015871936,103.36969841280568,0.00231641942477777,0.0003369698412805649,131.42673503697,1.2152192922552e-07,-164.44682993891354,1.4609674655307762e-07,1.168773972424621e-08,-2.402514683504251e-05,1.0440197435825425e-05,-0.004234623447357224
2851.2000000000003,917.811155664587,1082.1888443354135,996.6152759105256,103.38472408947362,0.0023086594245646246,0.0003384724089473582,132.03494125823684,1.2152611098868825e-07,-164.3776886708265,1.4594232254883603e-07,1.1675385803906882e-08,-2.3989661659829913e-05,1.0428811304347421e-05,-0.004232834943418831
2865.6,917.8456753216467,1082.1543246783538,996.6002665877539,103.39973341224528,0.0023009389169545086,0.00033997334122452594,132.64263642549506,1.2153025030260483e-07,-164.30864935670706,1.4578868444739473e-07,1.1663094755791579e-08,-2.3954341833042593e-05,1.0417482454349517e-05,-0.004231049086973075
2880.0,917.8801442410295,1082.1198557589707,996.5852735359816,103.41472646401775,0.002293257618714724,0.0003414726464017727,133.24982151077083,1.2153434769178906e-07,-164.23971151794126,1.45635826612423e-07,1.165086612899384e-08,-2.3919186149501266e-05,1.0406210474295643e-05,-0.0042292658655900435
2894.4,917.9145626498715,1082.085437350129,996.5702966764586,103.42970332354072,0.002285615265434334,0.00034297033235407005,133.85649745464343,1.215384036276201e-07,-164.1708747002575,1.4548374378214326e-07,1.163869950257146e-08,-2.388419347138261e-05,1.0394994979582985e-05,-0.004227485267469878
2908.8,917.9489307832406,1082.05106921676,996.5553359277325,103.44466407226687,0.0022780115804356014,0.0003444664072266855,134.4626652181872,1.2154241861611032e-07,-164.10213843351937,1.4533243045066848e-07,1.1626594436053478e-08,-2.3849362620695425e-05,1.038383556817474e-05,-0.004225707280402727
2923.2000000000003,917.9832488770062,1082.0167511229943,996.5403912080775,103.45960879192182,0.002270446285802133,0.0003459608791921801,135.06832576454588,1.215463931667694e-07,-164.03350224598807,1.4518188108746245e-07,1.1614550486996996e-08,-2.3814692417437046e-05,1.0372731836339219e-05,-0.004223931892137654
2937.6,918.0175171657897,1081.9824828342107,996.5254624361934,103.47453756380592,0.00226291910552124,0.00034745375638059076,135.67348005360893,1.2155032778383092e-07,-163.96496566842097,1.4503209019987268e-07,1.1602567215989814e-08,-2.3780181690441456e-05,1.0361683383133745e-05,-0.004222159090488689
2952.0,918.051735871136,1081.9482641288646,996.5105495352385,103.48945046476092,0.0022554297835406163,0.0003489450464760892,136.27812901114376,1.2155422291620882e-07,-163.89652825772862,1.4488305269245827e-07,1.1590644215396662e-08,-2.374582933967547e-05,1.03506898361684e-05,-0.004220388863946708
2966.4,918.0859052191817,1081.914094780819,996.495652426805,103.50434757319424,0.0022479780567984486,0.0003504347573194219,136.88227357490058,1.215580790322437e-07,-163.82818956163726,1.4473476333028913e-07,1.1578781066423131e-08,-2.3711634243033314e-05,1.0339750813119475e-05,-0.004218621200765394
2980.8,918.1200254386345,1081.8799745613662,996.4807710316095,103.51922896838984,0.0022405636583092735,0.0003519228968389801,137.4859146893368,1.2156189661115042e-07,-163.75994912273177,1.4458721680035454e-07,1.1566977344028364e-08,-2.367759526702345e-05,1.0328865926133893e-05,-0.004216856089065803
2995.2000000000003,918.1540967581145,1081.845903241886,996.4659052703976,103.53409472960182,0.0022331863212196224,0.0003534094729601788,138.08905329868023,1.215656761317857e-07,-163.69180648377142,1.444404077922705e-07,1.1555232623381641e-08,-2.364371128076937e-05,1.0318034787616237e-05,-0.004215093516973865
3009.6,918.1881193959924,1081.811880604008,996.4510550674117,103.54894493258762,0.0022258457941844757,0.00035489449325876,138.6916903201592,1.215694180309221e-07,-163.62376120801548,1.4429433130427106e-07,1.1543546504341686e-08,-2.3609981209000322e-05,1.0307257032166164e-05,-0.004213333473146125
3024.0,918.2220935690522,1081.7779064309484,996.436220347436,103.56377965256341,0.002218541828259458,0.0003563779652563381,139.29382666682284,1.215731227388177e-07,-163.55581286189624,1.441489823823632e-07,1.1531918590589058e-08,-2.3576403986762577e-05,1.0296532297873826e-05,-0.004211575946321548
3038.4,918.2560194991241,1081.7439805008762,996.4214010335324,103.57859896646703,0.0022112741668641397,0.00035785989664669903,139.895463265014,1.2157679070645196e-07,-163.48796100175207,1.4400435592059637e-07,1.152034847364771e-08,-2.3542978524828883e-05,1.0285860212000663e-05,-0.0042098209249783625
3052.8,918.2898974080392,1081.7101025919612,996.406597048763,103.59340295123631,0.0022040425534180902,0.0003593402951236293,140.49660104107573,1.2158042238480445e-07,-163.420205183922,1.4386044681302e-07,1.15088357450416e-08,-2.3509703736034427e-05,1.0275240401874381e-05,-0.004208068397595166
3067.2000000000003,918.3237275122116,1081.6762724877888,996.3918083180391,103.60819168196021,0.002196846739471091,0.00036081916819601816,141.09724090694897,1.215840182032582e-07,-163.3525449755772,1.437172501154747e-07,1.1497380009237977e-08,-2.3476578563254356e-05,1.0264672506486836e-05,-0.0042063183529310825
3081.6,918.357510019527,1081.6424899804733,996.377034769183,103.62296523081636,0.002189686489374049,0.0003622965230816323,141.69738375189849,1.2158757855719267e-07,-163.28497996094632,1.435747611385436e-07,1.1485980891083488e-08,-2.3443601995404744e-05,1.0254156183154697e-05,-0.004204570780186771
3096.0,918.3912451449957,1081.6087548550047,996.362276327585,103.63772367241427,0.0021825615567846283,0.00036377236724142385,142.29703048413134,1.2159110387039176e-07,-163.21750971000904,1.434329749800141e-07,1.1474637998401128e-08,-2.3410772986535936e-05,1.0243691074002672e-05,-0.004202825668194672
3110.4,918.4249331038391,1081.5750668961614,996.3475329185635,103.65246708143583,0.002175471695042394,0.0003652467081435789,142.896182012418,1.2159459456748434e-07,-163.15013379232232,1.4329188673134365e-07,1.1463350938507492e-08,-2.337809049157301e-05,1.0233276820765045e-05,-0.004201083005776635
3124.8,918.4585741090589,1081.5414258909418,996.3328044681948,103.66719553180447,0.002168416660780787,0.0003667195531804437,143.49483923956885,1.2159805106451127e-07,-163.08285178188294,1.4315149154953766e-07,1.1452119323963013e-08,-2.3345553478728717e-05,1.0222913069937646e-05,-0.004199342781869682
3139.2000000000003,918.4921683623573,1081.5078316376432,996.3180909064148,103.68190909358452,0.0021613962273942973,0.00036819090935844863,144.0930030380656,1.216014737338122e-07,-163.01566327528587,1.430117849251465e-07,1.144094279401172e-08,-2.3313160975755287e-05,1.0212599491985637e-05,-0.004197604985995655
3153.6,918.5257160713479,1081.4742839286523,996.3033921611399,103.69660783885931,0.0021544101595083274,0.00036966078388592834,144.69067429625727,1.216048629705904e-07,-162.9485678573044,1.4287276217421572e-07,1.1429820973937257e-08,-2.3280911982105703e-05,1.0202335744925492e-05,-0.004195869607370955
3168.0,918.5592174449206,1081.4407825550797,996.2887081598515,103.7112918401479,0.0021474582198560415,0.00037112918401478566,145.2878539059171,1.2160821917498289e-07,-162.88156511015916,1.4273441857513523e-07,1.141875348601082e-08,-2.32488054926066e-05,1.0192121484135146e-05,-0.004194136635146294
3182.4,918.5926726914506,1081.4073273085498,996.2740388302057,103.72596116979366,0.0021405401719265765,0.00037259611697936277,145.8845427574261,1.2161154274519576e-07,-162.81465461709922,1.425967494213389e-07,1.1407739953707112e-08,-2.3216840506556335e-05,1.018195636613116e-05,-0.004192406058499299
3196.8,918.6260820086809,1081.3739179913193,996.2593841034931,103.74061589650633,0.002133655794852154,0.0003740615896506283,146.48074171236198,1.216148340394808e-07,-162.74783598263843,1.4245975031755785e-07,1.1396780025404628e-08,-2.318501607880953e-05,1.0171840069800129e-05,-0.004190677867157921
3211.2000000000003,918.6594455963766,1081.3405544036239,996.2447439103128,103.75525608968663,0.002126804864789933,0.0003755256089686588,147.0764516377804,1.2161809342368852e-07,-162.68110880724726,1.4232341680931968e-07,1.1385873344745574e-08,-2.3153331255776136e-05,1.0161772269842496e-05,-0.004188952050745838
3225.6,918.6927636573363,1081.3072363426643,996.2301181802274,103.76988181977204,0.002119987153434143,0.00037698818197720016,147.67167340895458,1.216213212750683e-07,-162.614472685328,1.4218774435333945e-07,1.1375019548267156e-08,-2.3121785070334518e-05,1.0151752634651305e-05,-0.004187228598730098
3240.0,918.7260363943584,1081.273963605642,996.2155068427994,103.78449315720003,0.0021132024324790116,0.0003784493157199984,148.26640790115766,1.2162451797086938e-07,-162.54792721128354,1.4205272840633232e-07,1.1364218272506586e-08,-2.3090376557156734e-05,1.0141780832677464e-05,-0.004185507500578075
3254.4,918.7592640029966,1081.240735997004,996.2009098300688,103.79909016993057,0.002106450484188942,0.0003799090169930531,148.8606559698569,1.216276838618869e-07,-162.4814719940075,1.4191836463535995e-07,1.1353469170828797e-08,-2.3059104788935583e-05,1.01318565475029e-05,-0.00418378874613224
3268.8,918.7924466749113,1081.2075533250893,996.1863270754069,103.81367292459251,0.0020997310965078205,0.0003813672924592466,149.4544184598776,1.2163081928470158e-07,-162.41510665017802,1.4178464882050564e-07,1.1342771905640451e-08,-2.302796885954046e-05,1.012197947086366e-05,-0.0041820723254367
3283.2000000000003,918.8255846070427,1081.1744153929578,996.1717585103794,103.82824148961994,0.0020930440496771613,0.0003828241489619915,150.04769623047733,1.216339245951712e-07,-162.34883078591508,1.416515765885755e-07,1.1332126127086041e-08,-2.2996967838136736e-05,1.0112149283566797e-05,-0.004180358228262787
3297.6,918.8586779963309,1081.1413220036695,996.1572040665524,103.84279593344704,0.0020863891239384777,0.00038427959334470026,150.64049014091364,1.2163700014915352e-07,-162.2826440073386,1.415191435663757e-07,1.1321531485310056e-08,-2.2966100795605593e-05,1.010236566647476e-05,-0.004178646444382142
3312.0,918.8917270361896,1081.1082729638108,996.1426636766981,103.85733632330133,0.0020797661046309023,0.000385733632330127,151.23280104071605,1.216400462899949e-07,-162.21654592762115,1.4138734548215495e-07,1.1310987638572397e-08,-2.293536682199043e-05,1.0092628307773796e-05,-0.004176936963749107
3326.4,918.9247319114029,1081.0752680885978,996.1281372765417,103.87186272345787,0.0020731747895670893,0.00038718627234578257,151.82462975560952,1.216430633304273e-07,-162.1505361771949,1.4125617831238508e-07,1.1300494264990807e-08,-2.290476505169469e-05,1.0082936913489187e-05,-0.004175229776764697
3340.8,918.9576928128391,1081.0423071871614,996.113624799726,103.88637520027336,0.0020666149677654685,0.00038863752002733353,152.41597712810196,1.2164605160476678e-07,-162.0846143743223,1.4112563785853282e-07,1.1290051028682625e-08,-2.2874294590630554e-05,1.007329117715897e-05,-0.00417352487351548
3355.2000000000003,918.990609931799,1081.0093900682018,996.0991261797469,103.9008738202524,0.0020600864276197088,0.00039008738202523426,153.00684400189343,1.2164901144886276e-07,-162.01878013640282,1.4099571990963222e-07,1.1279657592770578e-08,-2.2843954544212537e-05,1.0063690791483413e-05,-0.004171822244065994
3369.6,919.0234834583541,1080.9765165416466,996.0846413505208,103.9153586494787,0.002053588959330677,0.000391535864947864,153.59723121726861,1.216519431942876e-07,-161.95303308329244,1.4086642029068048e-07,1.1269313623254438e-08,-2.2813744025661553e-05,1.0054135451791994e-05,-0.0041701218785446
3384.0,919.0563135732507,1080.94368642675,996.0701702491571,103.92982975084239,0.0020471223668166874,0.00039298297508423335,154.18713958858726,1.2165484714014791e-07,-161.8873728534993,1.4073773509965207e-07,1.1259018807972166e-08,-2.278366219663439e-05,1.0044624873021217e-05,-0.004168423767562332
3398.4,919.0891004608709,1080.91089953913,996.0557128115207,103.94428718847875,0.0020406864486478492,0.0003944287188478691,154.77656994031682,1.2165772359820827e-07,-161.82179907825912,1.406096603280922e-07,1.1248772826247376e-08,-2.2753708202074797e-05,1.0035158762533283e-05,-0.00416672790154242
3412.8,919.1218443069837,1080.878155693017,996.0412689730015,103.95873102699795,0.002034281001354393,0.0003958731026997907,155.36552310077997,1.2166057288506102e-07,-161.75631138603342,1.4048219192695242e-07,1.1238575354156194e-08,-2.2723881181528626e-05,1.0025736824833062e-05,-0.0041650342708366385
3418.165926114861,919.1340347993421,1080.8659652006586,996.0358901760102,103.96410982398922,0.0020319018670725973,0.0003964109823989169,155.58486505857138,1.2166162774066733e-07,-161.7319304013165,1.404348471547447e-07,1.1234787772379575e-08,-2.271279892595069e-05,1.0022237129983763e-05,-0.004164403736580739
3418.165926114861,1068.6205447724712,931.3794552275294,996.0358901760102,103.96410982398922,0.0020319018670725973,0.0003964109823989169,155.58486505857138,1.2166162774066733e-07,137.24108954494181,1.404348471547447e-07,1.1234787772379575e-08,1.927343143359453e-05,1.0022237129983763e-05,0.003531627747937587
3427.2000000000003,1068.6032820443581,931.396717955643,996.0269124711197,103.97308752887986,0.0019146122098012163,0.0003973087528879807,155.85066960572436,1.2318542155509057e-07,137.20656408871514,1.3810078297504422e-07,1.1048062638003539e-08,1.8948333929967146e-05,9.855466534432508e-06,0.0035307365043080003
3441.6,1068.576336904093,931.4236630959083,996.0128951480333,103.98710485196614,0.0017480802303347176,0.00039871048519660857,156.27407950403204,1.2511460527804623e-07,137.15267380818477,1.347867965836609e-07,1.0782943726692872e-08,1.8486369545488996e-05,9.618663899521228e-06,0.0035293453793780786
3456.0,1068.55001206569,931.4499879343114,995.9991956222595,104.00080437773984,0.0016036922112967003,0.0004000804377739785,156.6971607162856,1.265648399306483e-07,137.10002413137863,1.3191347500480435e-07,1.0553078000384348e-08,1.8085340606412687e-05,9.41332859902077e-06,0.0035279862844093055
3470.4,1068.5242258207627,931.4757741792383,995.985771688791,104.01422831120833,0.0014784830443745674,0.00040142283112082865,157.1199205063503,1.276553773178689e-07,137.04845164152437,1.294218125830539e-07,1.0353745006644313e-08,1.773705902314709e-05,9.235245913314469e-06,0.0035266550006451086
3484.8,1068.4989074365417,931.5010925634595,995.9725867941328,104.02741320586665,0.0013698846078798942,0.0004027413205866599,157.5423651918719,1.2847574368333103e-07,136.99781487308223,1.272607036968099e-07,1.0180856295744792e-08,1.7434438325673734e-05,9.08076563598528e-06,0.003525347876038464
3499.2000000000003,1068.4739956807691,931.5260043192322,995.9596092800222,104.04039071997714,0.0012756726645025403,0.00040403907199771126,157.964500271665,1.2909315623875825e-07,136.94799136153688,1.2538588602360055e-07,1.0030870881888044e-08,1.7171345236018696e-05,8.946726518450295e-06,0.003524061749083693
3513.6,1068.44943754911,931.5505624508912,995.9468117303028,104.05318826969663,0.0011939209973603965,0.00040531882696965866,158.38633053557862,1.295580499633854e-07,136.8988750982187,1.2375902784747188e-07,9.90072222779775e-09,1.6942471695568023e-05,8.830391022627499e-06,0.003522793883105919
3528.0,1068.42518715436,931.5748128456411,995.934170400361,104.06582959963828,0.0011229613407214175,0.00040658295996382415,158.80786016036126,1.2990829254703813e-07,136.85037430871887,1.223469306803562e-07,9.787754454428497e-09,1.6743223259129627e-05,8.729388325436027e-06,0.0035215419089055285
3542.4,1068.401204763243,931.5987952367581,995.9216647219854,104.07833527801388,0.0010613486046433744,0.00040783352780138563,159.2290927927621,1.3017236707462545e-07,136.8024095264849,1.2112083723240314e-07,9.68966697859225e-09,1.6569622377257932e-05,8.64166485939102e-06,0.003520303775023919
3556.8,1068.3774559868702,931.6225440131309,995.909276886827,104.09072311317229,0.001007831617557272,0.0004090723113172256,159.65003161934627,1.3037159844379896e-07,136.75491197373935,1.2005584918938972e-07,9.604467935151177e-09,1.6418227087827517e-05,8.565442703691963e-06,0.0035190777059435486
3571.2000000000003,1068.3539110461982,931.6460889538031,995.8969914682964,104.10300853170288,0.0009613265674389572,0.0004103008531702859,160.07067942983153,1.3052203670254933e-07,136.70782209239508,1.1913039869203525e-07,9.53043189536282e-09,1.6286057350186848e-05,8.499181819071556e-06,0.003517862164160993
3585.6,1068.3305441570835,931.6694558429178,995.8847951047599,104.11520489523937,0.0009208947470277422,0.0004115204895239327,160.4910386700858,1.3063574622097233e-07,136.66108831416568,1.1832580546585207e-07,9.466064437268165e-09,1.61705333506136e-05,8.441548404119546e-06,0.003516655818435318
3600.0,1068.307332996515,931.6926670034858,995.8726762244141,104.12732377558501,0.0008857232258899237,0.00041273237755849745,160.91111148811922,1.3072179133767435e-07,136.61466599302923,1.1762589219520948e-07,9.410071375616758e-09,1.6069421974380607e-05,8.391387415418005e-06,0.003515457516228027
3614.4,1068.2842582356025,931.7157417643984,995.8606248044257,104.13937519557342,0.000855107928638004,0.0004139375195573373,161.33089977430842,1.3078698629714161e-07,136.56851647120402,1.1701664777989628e-07,9.361331822391703e-09,1.5980789989733846e-05,8.347698510666244e-06,0.0035142662595900225
3628.8,1068.2613031376536,931.738696862347,995.848632163544,104.15136783645521,0.0008284390642033021,0.0004151367836455177,161.7504051960038,1.308364572551861e-07,136.52260627530666,1.1648593737764571e-07,9.318874990211656e-09,1.5902963765218352e-05,8.30961533537786e-06,0.0035130811844094546
3643.2000000000003,1068.2384532105882,931.7615467894125,995.8366907826571,104.16330921734223,0.000805188517698128,0.0004163309217342196,162.16962922744895,1.3087406070226273e-07,136.47690642117573,1.1602325150219275e-07,9.28186012017542e-09,1.5834494437945296e-05,8.276387600573057e-06,0.0035119015424650134
3657.6,1068.2156959058618,931.7843040941391,995.8247941492856,104.17520585071365,0.0007848989236831618,0.00041752058507136055,162.58857317568746,1.3090269561903354e-07,136.43139181172273,1.1561948858129491e-07,9.249559086503592e-09,1.5774127747705648e-05,8.247365551424243e-06,0.003510726685880895
3672.0,1068.1930203562906,931.8069796437103,995.8129366221154,104.18706337788382,0.0007671741470813528,0.0004187063377883796,163.00723820311583,1.3092454735262327e-07,136.38604071258032,1.1526676552691891e-07,9.221341242153513e-09,1.572077777596181e-05,8.221986437518172e-06,0.0035095560535902443
3686.4,1068.170417150694,931.8295828493067,995.8011133145021,104.19888668549707,0.0007516710969509139,0.0004198886685497039,163.4256253468625,1.3094126396955688e-07,136.3408343013873,1.1495825482932318e-07,9.196660386345854e-09,1.567350437326141e-05,8.19976287801673e-06,0.0035083891596996114
3700.8,1068.1478781388332,931.8521218611675,995.7893199935932,104.21068000640597,0.0007380926373174513,0.00042106800064059465,163.84373553555645,1.3095408757256486e-07,136.29575627766576,1.1468804348261728e-07,9.175043478609382e-09,1.563149362246914e-05,8.180272786481864e-06,0.003507225583417717
3715.2000000000003,1068.1253962621818,931.8746037378191,995.7775529927765,104.2224470072227,0.0007261814343462338,0.0004222447007222688,164.2615696038701,1.3096395501289574e-07,136.25079252436262,1.1445101054349005e-07,9.156080843479204e-09,1.5594040891764703e-05,8.1631506268204e-06,0.0035060649603179802
3729.6,1068.102965407003,931.8970345929977,995.7658091356399,104.23419086435936,0.0007157146122593284,0.0004234190864359346,164.67912830514157,1.3097157386923355e-07,136.20593081400534,1.1424272078396064e-07,9.139417662716851e-09,1.5560536123103872e-05,8.148079818899078e-06,0.0035049069747528122
3744.0,1068.0805802775287,931.9194197224722,995.7540856703129,104.24591432968646,0.0007064991387373312,0.00042459143296864356,165.09641232226662,1.309774797137144e-07,136.16116055505654,1.1405933286087289e-07,9.124746628869832e-09,1.5530451134471948e-05,8.13478618105029e-06,0.0035037513533056953
3758.4,1068.0582362864054,931.9417637135952,995.7423802127237,104.25761978727547,0.0006983678367760447,0.0004257619787275451,165.51342227710447,1.3098207755784355e-07,136.11647257281027,1.1389751995184329e-07,9.111801596147463e-09,1.5503328650636186e-05,8.123032262985738e-06,0.003502597859134963
3772.8,1068.035929459342,931.9640705406587,995.7306906971971,104.26930930280206,0.0006911759122937494,0.0004269309302802029,165.93015873866173,1.3098567459135045e-07,136.07185891868335,1.1375440065464561e-07,9.100352052371649e-09,1.547877275725832e-05,8.112612411782549e-06,0.003501446287050662
3787.2000000000003,1068.0136563535857,931.9863436464149,995.7190153341992,104.28098466580003,0.0006847979841045378,0.0004280984665800004,166.34662223008706,1.3098850313876258e-07,136.02731270717084,1.136274798836803e-07,9.090198390694424e-09,1.5456440738265144e-05,8.103348551785689e-06,0.0035002964593055345
3801.6,1067.9914139853192,932.0085860146812,995.7073525726984,104.29264742730079,0.0006791254382071136,0.00042926474273007525,166.76281323489943,1.3099074055720948e-07,135.98282797063803,1.1351459622032157e-07,9.081167697625726e-09,1.5436035809984426e-05,8.095086425554945e-06,0.00349914822184651
3816.0,1067.9691997690475,932.0308002309531,995.6957010687261,104.30429893127334,0.0006740642177111731,0.00043042989312732743,167.1787322021854,1.309925215434442e-07,135.93839953809436,1.1341387793245234e-07,9.073110234596187e-09,1.541730105154637e-05,8.087692453764368e-06,0.0034980014411852495
3830.4,1067.9470114636895,932.0529885363113,995.6840596574101,104.31594034258914,0.0006695328570213045,0.0004315940342589101,167.59437955122033,1.3099394902544451e-07,135.89402292737816,1.1332370385472395e-07,9.065896308377917e-09,1.540001400984927e-05,8.081050942302002e-06,0.003496856001614942
3844.8,1067.9248471264166,932.0751528735838,995.6724273290187,104.3275726709806,0.0006654607976039895,0.00043275726709805513,168.00975567542443,1.3099510176427443e-07,135.84969425283282,1.1324266987231939e-07,9.059413589785552e-09,1.5383982078529073e-05,8.075061689474456e-06,0.003495711802827006
3859.2000000000003,1067.902705073026,932.0972949269744,995.6608032083851,104.33919679161397,0.0006617869416687471,0.00043391967916139217,168.42486094575804,1.3099603994797495e-07,135.8054101460516,1.1316956013920807e-07,9.053564811136645e-09,1.5369038530753405e-05,8.069637931260666e-06,0.003494568757865116
3873.6,1067.8805838425678,932.1194161574324,995.6491865365418,104.35081346345741,0.0006584583608584833,0.0004350813463457364,168.83969571375098,1.309968100189014e-07,135.76116768513543,1.1310332138108382e-07,9.048265710486706e-09,1.5355038979763083e-05,8.064704506889778e-06,0.0034934267912990666
3888.0,1067.8584821677732,932.1415178322274,995.637576655355,104.36242334464417,0.0006554292161340325,0.0004362423344644106,169.25426031403506,1.3099744774783686e-07,135.71696433554587,1.1304304140106725e-07,9.04344331208538e-09,1.5341858418210278e-05,8.06019632443562e-06,0.003492285837697902
3902.4,1067.836398949237,932.1636010507634,995.6259729941116,104.37402700588756,0.0006526598145962846,0.0004374027005887495,169.6685550665537,1.3099798072811812e-07,135.67279789847362,1.1298793031046606e-07,9.039034424837284e-09,1.5329388633978682e-05,8.056057020990777e-06,0.0034911458402971073
3916.8,1067.8143332324387,932.1856667675621,995.614375057573,104.38562494242612,0.0006501157696437919,0.00043856249424260385,170.08258027852915,1.309984304752328e-07,135.62866646487657,1.1293730381591146e-07,9.034984305272917e-09,1.5317535910690688e-05,8.052237769698351e-06,0.0034900067498121238
3931.2000000000003,1067.7922841884629,932.2077158115376,995.6027824159521,104.39721758404704,0.0006477672961991169,0.0004397217584046965,170.49633624611158,1.3099881377344066e-07,135.5845683769253,1.1289056919436243e-07,9.031245535548994e-09,1.530621909804305e-05,8.048696278644563e-06,0.003488868523443088
3945.6,1067.7702510977756,932.2297489022252,995.5911946964708,104.4088053035283,0.0006455886171087142,0.0004408805303528238,170.90982325576718,1.309991435751901e-07,135.5405021955504,1.1284721348046341e-07,9.027777078437072e-09,1.5295367986510494e-05,8.045395947668387e-06,0.00348773112403712
3960.0,1067.7482333343683,932.2517666656323,995.5796115751161,104.42038842488297,0.0006435573834594441,0.0004420388424882901,171.32304158563412,1.3099943024661676e-07,135.49646666873593,1.1280679193084294e-07,9.024543354467434e-09,1.528492172286449e-05,8.042305045052798e-06,0.0034865945192698237
3974.4,1067.7262303542127,932.2737696457878,995.5680327706268,104.43196722937239,0.0006416542517203559,0.00044319672293723224,171.73599150650975,1.3099968186801576e-07,135.45246070842495,1.1276891960923508e-07,9.021513568738807e-09,1.527482765250145e-05,8.03939610687294e-06,0.003485458681049159
3988.8,1067.7042416836427,932.2957583163575,995.5564580384473,104.4435419615518,0.0006398624586375366,0.00044435419615517326,172.14867328284393,1.3099990490675445e-07,135.40848336728527,1.1273326292688698e-07,9.01866103415096e-09,1.5265040157975175e-05,8.036645333251332e-06,0.003484323584915653
4003.2000000000003,1067.6822669103433,932.317733089657,995.5448871660344,104.45511283396479,0.0006381674911002742,0.0004455112833964724,172.56108717350907,1.3100010447642305e-07,135.36453382068623,1.1269953307289545e-07,9.015962645831637e-09,1.5255519756221503e-05,8.034032119460482e-06,0.0034831892095771653
4017.6,1067.6603056749618,932.3396943250387,995.5333199684873,104.46668003151186,0.0006365567789373214,0.0004466680031511775,172.97323343251742,1.3100028468723025e-07,135.32061134992307,1.126674799008527e-07,9.013398392068215e-09,1.5246232259438557e-05,8.031538619633563e-06,0.0034820555364758338
4032.0,1067.6383576638877,932.3616423361126,995.5217562847863,104.47824371521287,0.0006350194303112157,0.0004478243715212796,173.38511230963775,1.3100044885307005e-07,135.27671532777515,1.126368866631932e-07,9.010950933055455e-09,1.523714805254366e-05,8.029149370981808e-06,0.00348092254941531
4046.4,1067.6164226033338,932.3835773966671,995.5101959747047,104.48980402529429,0.0006335460146079274,0.0004489804025294219,173.79672405090153,1.3100059963799617e-07,135.23284520666675,1.1260756569069775e-07,9.00860525525582e-09,1.5228241500149687e-05,8.026850985455559e-06,0.0034797902342551122
4060.8,1067.594500253771,932.4054997462298,995.4986389159121,104.50136108408705,0.0006321283586317205,0.00045013610840869913,174.20806889907797,1.3100073922585366e-07,135.1890005075412,1.1257935433677124e-07,9.006348346941699e-09,1.5219490390572428e-05,8.024631860330212e-06,0.0034786585786234533
4075.2000000000003,1067.5725904056167,932.4274095943837,995.4870850017203,104.51291499827887,0.0006307593881962771,0.00045129149982788106,174.61914709404286,1.3100086938464888e-07,135.145180811233,1.1255211182510592e-07,9.004168946008474e-09,1.5210875503290054e-05,8.022481953240661e-06,0.003477527571694517
4089.6,1067.5506928749496,932.4493071250505,995.4755341388511,104.52446586114793,0.0006294329710244546,0.0004524465861147861,175.02995887314466,1.3100099157595984e-07,135.10138574989912,1.1252571612338664e-07,9.002057289870932e-09,1.5202380180769302e-05,8.020392559107592e-06,0.003476397203967276
4104.0,1067.5288075002384,932.4711924997621,995.4639862457282,104.53601375427091,0.0006281437966145192,0.00045360137542708177,175.4405044714842,1.3100110699973119e-07,135.0576150004763,1.1250006155262893e-07,9.000004924210315e-09,1.5193990000704843e-05,8.018356139539827e-06,0.003475267467096596
4118.400000000001,1067.506934139293,932.4930658607072,995.4524412508856,104.54755874911339,0.000626887264373396,0.00045475587491133147,175.85078412217487,1.3100121665024534e-07,135.01386827858573,1.1247505656103058e-07,8.998004524882447e-09,1.5185692471157463e-05,8.016366163990812e-06,0.0034741383537359068
4132.8,1067.4850726666468,932.5149273333536,995.4408990916007,104.55910090839835,0.0006256593873741503,0.0004559100908398268,176.2607980565672,1.3100132135606636e-07,134.9701453332932,1.1245062180874558e-07,8.996049744699647e-09,1.5177476768345581e-05,8.01441697310356e-06,0.003473009857401936
4147.2,1067.463222971421,932.5367770285793,995.4293597127787,104.57064028722043,0.0006244567139634281,0.00045706402872203444,176.67054650443094,1.310014218058437e-07,134.9264459428416,1.1242668860787221e-07,8.994135088629777e-09,1.5169333522982757e-05,8.012503667397203e-06,0.003471881972364564
4161.6,1067.4413849552313,932.5586150447689,995.4178230658591,104.58217693413998,0.0006232762508153703,0.0004582176934139901,177.08002969413437,1.3100151857954947e-07,134.88276991046246,1.1240319739122586e-07,8.992255791298069e-09,1.5161254610921011e-05,8.01062199802271e-06,0.003470754693538703
4176.0,1067.4195585306004,932.5804414693998,995.4062891079856,104.59371089201345,0.0006221154045218172,0.0004593710892013347,177.48924785278047,1.3100161216444045e-07,134.83911706120057,1.1238009654998417e-07,8.990407723998734e-09,1.5153232994052337e-05,8.008768283828102e-06,0.0034696280164023116
4190.400000000001,1067.3977436195216,932.6022563804785,995.3947578012562,104.6052421987429,0.0006209719288598767,0.00046052421987427956,177.8982012063297,1.3100170297060648e-07,134.79548723904315,1.1235734138431154e-07,8.988587310744923e-09,1.5145262576781781e-05,8.006939336489369e-06,0.0034685019369223333
4204.8,1067.3759401523228,932.6240598476779,995.3832291121265,104.61677088787255,0.000619843882838278,0.0004616770887872442,178.3068899796978,1.310017913393042e-07,134.75188030464483,1.1233489326848173e-07,8.986791461478539e-09,1.5137338091749503e-05,8.005132400941206e-06,0.0034673764514959304
4219.2,1067.354148066161,932.6458519338393,995.3717030106267,104.62829698937242,0.0006187295755708878,0.0004628296989372314,178.71531439688445,1.3100187756847055e-07,134.70829613232183,1.1231271855386066e-07,8.985017484308853e-09,1.5129454950379578e-05,8.00334507713379e-06,0.0034662515568729246
4233.6,1067.3323673043355,932.6676326956648,995.3601794699971,104.63982053000188,0.0006176275407004052,0.00046398205300017764,179.12347468103306,1.3100196190788235e-07,134.66473460867076,1.1229078805993806e-07,8.983263044795044e-09,1.5121609173090053e-05,8.001575283712235e-06,0.0034651272501201287
4248.0,1067.3105978156755,932.6894021843249,995.3486584663716,104.65134153362747,0.0006165365140429816,0.0004651341533627373,179.53137105448306,1.3100204456998337e-07,134.6211956313506,1.1226907662945532e-07,8.981526130356427e-09,1.5113797328284996e-05,7.999821226269802e-06,0.003464003528589905
4262.400000000001,1067.2888395533205,932.7111604466797,995.337139978137,104.6628600218621,0.0006154553886261266,0.00046628600218619854,179.939003738875,1.3100212573912984e-07,134.57767910664074,1.1224756223365991e-07,8.979804978692793e-09,1.510601641078417e-05,7.998081333544975e-06,0.003462880389857159
4276.8,1067.2670924748184,932.732907525182,995.3256239859849,104.67437601401416,0.0006143832182614607,0.0004674376014014052,180.3463729551429,1.310022055687644e-07,134.53418494963637,1.1222622604340307e-07,8.978098083472246e-09,1.5098263850722887e-05,7.996354262459314e-06,0.0034617578317243398
4291.2,1067.2453565409041,932.754643459096,995.3141104722727,104.68588952772619,0.0006133191726276959,0.00046858895277260987,180.75347892361893,1.310022841934499e-07,134.49071308180817,1.1220505153529114e-07,8.976404122823291e-09,1.509053739236234e-05,7.9946388343894e-06,0.00346063585215849
4305.6,1067.2236317155366,932.7763682844638,995.3025994210418,104.69740057895731,0.0006122625385030534,0.00046974005789571823,181.16032186403112,1.310023617264405e-07,134.44726343107277,1.1218402451621076e-07,8.974721961296861e-09,1.5082835096888914e-05,7.992934036893214e-06,0.0034595144492930384
4320.0,1067.2019179650733,932.798082034927,995.2910908175852,104.70890918241385,0.0006112126894576415,0.0004708909182413756,181.5669019955744,1.3100243826704482e-07,134.40383593014633,1.1216313252020706e-07,8.973050601616564e-09,1.5075155260657169e-05,7.991238980710465e-06,0.003458393621385316
4334.400000000001,1067.1802152583218,932.8197847416785,995.2795846484747,104.72041535152432,0.000610169087645032,0.00047204153515242403,181.9732195369074,1.310025138993485e-07,134.3604305166433,1.1214236484413613e-07,8.97138918753089e-09,1.5067496419612616e-05,7.989552902287152e-06,0.003457273366819106
4348.8,1067.1585235659416,932.8414764340584,995.2680809012476,104.73191909875148,0.0006091312618303017,0.0004731919098751363,182.37927470620357,1.3100258869681672e-07,134.3170471318831,1.12121712110423e-07,8.96973696883384e-09,1.5059857290043114e-05,7.987875132603244e-06,0.0034561536840738267
4363.2,1067.1368428604358,932.8631571395644,995.2565795644014,104.74342043559761,0.0006080988070173483,0.0004743420435597497,182.7850677211533,1.3100266272193986e-07,134.2736857208714,1.1210116625964523e-07,8.968093300771618e-09,1.5052236767290758e-05,7.986205096631996e-06,0.003455034571724067
4377.6,1067.115173115681,932.8848268843195,995.2450806271481,104.75491937285088,0.0006070713671365317,0.0004754919372850776,183.1905987990047,1.3100273602964819e-07,134.23034623136152,1.1208072020601698e-07,8.966457616481358e-09,1.5044633879114017e-05,7.984542288780306e-06,0.00345391602841535
4392.0,1067.093514306827,932.9064856931733,995.2335840793615,104.76641592063727,0.0006060486313839448,0.00047664159206371655,183.5958681565725,1.310028086678041e-07,134.18702861365375,1.120603677645405e-07,8.96482942116324e-09,1.5037047775676958e-05,7.982886267689245e-06,0.0034527980528589494
4406.400000000001,1067.0718664103474,932.9281335896529,995.222089911603,104.7779100883959,0.0006050303359606277,0.00047779100883958,184.0008760102354,1.3100288067650675e-07,134.14373282069448,1.1204010368561649e-07,8.96320829484932e-09,1.5029477734006246e-05,7.981236658691669e-06,0.0034516806438344627
4420.8,1067.050229403517,932.9497705964833,995.2105981148475,104.78940188515152,0.0006040162449090892,0.0004789401885151395,184.40562257598083,1.3100295209188776e-07,134.10045880703376,1.1201992327369087e-07,8.961593861895269e-09,1.5021923106530665e-05,7.979593126633485e-06,0.003450563800162882
4435.2,1067.028603264613,932.9713967353871,995.1991086805893,104.8008913194096,0.0006030061574883789,0.00048008913194094846,184.81010806938875,1.3100302294445081e-07,134.05720652922582,1.1199982253401874e-07,8.9599858027215e-09,1.501438334067959e-05,7.977955386324703e-06,0.003449447520716949
4449.6,1067.0069879725768,932.9930120274237,995.1876216006644,104.81237839933458,0.0006019998956501169,0.0004812378399334466,185.21433270566177,1.3100309326134412e-07,134.0139759451531,1.1197979792343732e-07,8.958383833874986e-09,1.5006857945254635e-05,7.976323184777303e-06,0.003448331804403714
4464.0,1066.9853835070203,933.01461649298,995.1761368672542,104.82386313274483,0.0006009973043850425,0.0004823863132744734,185.61829669962472,1.3100316306620527e-07,133.97076701404023,1.1195984635726234e-07,8.956787708580987e-09,1.4999346491256534e-05,7.974696301692388e-06,0.0034472166501648706
4478.400000000001,1066.9637898481699,933.0362101518305,995.1646544728545,104.83534552714453,0.0005999982494939447,0.0004835345527144416,186.02200026573115,1.310032323794721e-07,133.92757969633942,1.1193996516492949e-07,8.95519721319436e-09,1.4991848605831553e-05,7.973074546295882e-06,0.0034461020569738197
4492.8,1066.942206976679,933.0577930233214,995.1531744101788,104.84682558982006,0.0005990026107967463,0.00048468255898199443,186.42544361807936,1.310033012195557e-07,133.88441395335758,1.1192015195485524e-07,8.95361215638842e-09,1.4984363954046521e-05,7.971457747707754e-06,0.0034449880238260336
4507.2,1066.9206348737425,933.0793651262578,995.1416966722182,104.85830332778093,0.0005980102863060819,0.00048583033277808187,186.8286269704042,1.3100336960208705e-07,133.84126974748472,1.1190040469749103e-07,8.952032375799283e-09,1.4976892249969603e-05,7.96984576085585e-06,0.0034438745497449583
4521.6,1066.8990735208895,933.1009264791105,995.1302212521309,104.86977874786821,0.0005970211845966602,0.00048697787478681025,187.2315505360952,1.3100343754117252e-07,133.79814704177898,1.1188072157347353e-07,8.950457725877883e-09,1.4969433236227944e-05,7.968238455655741e-06,0.003442761633771294
4536.0,1066.877522900019,933.1224770999811,995.1187481432623,104.88125185673664,0.0005960352260683834,0.00048812518567365257,187.63421452819463,1.3100350504915068e-07,133.7550458000378,1.1186110099876082e-07,8.948888079900866e-09,1.4961986687331909e-05,7.966635718799281e-06,0.0034416492749648536
4550.400000000001,1066.8559829933356,933.1440170066644,995.1072773391118,104.89272266088724,0.0005950523406552954,0.0004892722660887123,188.03661915940367,1.310035721369486e-07,133.7119659866712,1.1184154157904037e-07,8.947323326323229e-09,1.4954552403513519e-05,7.965037450504924e-06,0.00344053747240125
4564.8,1066.834453783298,933.1655462167018,995.0958088333039,104.90419116669517,0.0005940724658720038,0.000490419116669505,188.43876464208776,1.3100363881438982e-07,133.6689075665961,1.1182204207085288e-07,8.945763365668231e-09,1.4947130205476852e-05,7.963443561746889e-06,0.0034394262251692207
4579.2,1066.8129352526412,933.1870647473587,995.084342619601,104.91565738039802,0.000593095547641673,0.0004915657380397917,188.8406511882762,1.3100370509004142e-07,133.62587050528248,1.118026013980693e-07,8.944208111845543e-09,1.4939719936572121e-05,7.96185397542736e-06,0.003438315532371774
4593.6,1066.7914273842603,933.2085726157395,995.0728786918422,104.92712130815673,0.0005921215360135371,0.0004927121308156613,189.24227900967134,1.31003770971904e-07,133.58285476852075,1.1178321856666938e-07,8.942657485333551e-09,1.4932321451349207e-05,7.960268620305117e-06,0.003437205393120208
4608.0,1066.7699301612465,933.2300698387536,995.0614170439625,104.93858295603661,0.0005911503864939214,0.0004938582956036508,189.6436483176471,1.3100383646718696e-07,133.53986032249293,1.1176389269122903e-07,8.941111415298323e-09,1.4924934619084814e-05,7.95868743288125e-06,0.0034360958065359467
4622.400000000001,1066.7484435669046,933.2515564330956,995.0499576700009,104.95004232999818,0.0005901820607278626,0.0004950042329998074,190.04475932325147,1.3100390158217086e-07,133.49688713380897,1.1174462300848446e-07,8.939569840678757e-09,1.4917559325573683e-05,7.957110358364203e-06,0.003434986771751479
4636.8,1066.7269675847308,933.2730324152694,995.0385005640904,104.96149943590864,0.000589216525650082,0.0004961499435908532,190.44561223720294,1.3100396632238165e-07,133.45393516946137,1.1172540886043664e-07,8.938032708834932e-09,1.4910195470842276e-05,7.955537349465396e-06,0.003433878287909166
4651.2,1066.7055021983895,933.2944978016104,995.0270457204443,104.97295427955477,0.0005882537525973528,0.0004972954279554679,190.84620726989544,1.3100403069270728e-07,133.41100439677905,1.1170624967668731e-07,8.936499974134986e-09,1.490284296676423e-05,7.953968365140248e-06,0.0034327703541600766
4665.6,1066.6840473915406,933.3159526084593,995.0155931332661,104.98440686673308,0.0005872937110142195,0.0004984406866732978,191.2465446314216,1.3100409469831055e-07,133.36809478308135,1.1168714484918296e-07,8.934971587934637e-09,1.4895501720297568e-05,7.952403361667234e-06,0.003431662969655045
4680.0,1066.6626031480348,933.337396851965,995.0041427968517,104.99585720314737,0.0005863363756021292,0.0004995857203147264,191.6466245315465,1.3100415834358967e-07,133.32520629606984,1.1166809387448237e-07,8.93344750995859e-09,1.4888171652504255e-05,7.950842302779591e-06,0.0034305561335547853
4694.400000000001,1066.641169451872,933.3588305481279,994.9926947055685,105.00730529443071,0.0005853817247930302,0.0005007305294430597,192.04644717971374,1.3100422163239962e-07,133.28233890374406,1.116490963233813e-07,8.931927705870504e-09,1.4880852694469671e-05,7.949285157501292e-06,0.0034294498450277203
4708.8,1066.6197462870614,933.3802537129387,994.9812488537806,105.01875114621852,0.00058442973565586,0.0005018751146218403,192.446012785067,1.3100428456879024e-07,133.23949257412266,1.116301517395516e-07,8.930412139164129e-09,1.4873544773750172e-05,7.94773189292844e-06,0.003428344103242776
4723.2,1066.5983336377355,933.4016663622646,994.9698052359103,105.03019476408888,0.0005834803880527453,0.0005030194764088766,192.845321556432,1.310043471564044e-07,133.196667275471,1.1161125972224963e-07,8.928900777779972e-09,1.4866247825420661e-05,7.946182480119052e-06,0.0034272389073752596
4737.6,1066.57693148815,933.42306851185,994.9583638464362,105.04163615356308,0.0005825336646036977,0.0005041636153562958,193.244373702317,1.310044093984834e-07,133.15386297629993,1.1159241992561358e-07,8.927393594049087e-09,1.4858961791968873e-05,7.94463689404248e-06,0.003426134256606829
4752.0,1066.5555398226134,933.4444601773868,994.9469246798578,105.0530753201415,0.0005815895482121453,0.0005053075320141392,193.64316943092837,1.310044712982333e-07,133.1110796452266,1.1157363200942169e-07,8.925890560753736e-09,1.4851686616713334e-05,7.943095110072699e-06,0.003425030150121905
4766.400000000001,1066.5341586255238,933.4658413744762,994.9354877307143,105.064512269285,0.0005806480233482806,0.0005064512269284896,194.04170895016176,1.3100453285863356e-07,133.06831725104757,1.1155489566463078e-07,8.924391653170462e-09,1.48444222472086e-05,7.941557105806635e-06,0.003423926587109547
4780.8,1066.5127878813814,933.4872121186183,994.9240529935909,105.07594700640846,0.0005797090764686876,0.0005075947006408347,194.43999246759444,1.3100459408237402e-07,133.02557576276308,1.1153621062172688e-07,8.92289684973815e-09,1.483716863635203e-05,7.94002286165849e-06,0.0034228235667640903
4795.2,1066.4914275747728,933.508572425227,994.9126204631043,105.08737953689503,0.0005787726940837039,0.0005087379536894918,194.8380201902506,1.3100465497212589e-07,132.9828551495458,1.115175766122657e-07,8.921406128981257e-09,1.4829925737257306e-05,7.938492358121307e-06,0.003421721088284323
4809.6,1066.4700776903203,933.5299223096795,994.901190133887,105.09880986611225,0.0005778388632233709,0.0005098809866112133,195.23579232500626,1.3100471553048413e-07,132.94015538064082,1.1149899337814507e-07,8.919919470251606e-09,1.4822693504475648e-05,7.936965576426747e-06,0.0034206191508709387
4824.0,1066.448738212648,933.5512617873516,994.8897620005749,105.11023799942438,0.0005769075715462587,0.0005110237999424284,195.6333090788388,1.3100477575995714e-07,132.89747642529653,1.1148046067377055e-07,8.918436853901644e-09,1.481547189427362e-05,7.935442498698923e-06,0.003419517753724703
4838.400000000001,1066.4274091263994,933.5725908736003,994.878336057811,105.12166394218836,0.0005759788068214489,0.0005121663942188241,196.03057065862077,1.3100483566303525e-07,132.85481825279908,1.1146197825574682e-07,8.916958260459746e-09,1.4808260863264688e-05,7.933923107220575e-06,0.0034184168960473935
4852.8,1066.4060904165026,933.5939095834972,994.8669123003498,105.13308769964941,0.0005750525584791661,0.0005133087699649303,196.42757726964743,1.310048952419376e-07,132.8121808330054,1.1144354591373541e-07,8.915483673098834e-09,1.4801060372566368e-05,7.932407386631326e-06,0.0034173165770555176
4867.2,1066.3847820678213,933.6152179321783,994.8554907229211,105.14450927707807,0.0005741288155745331,0.0005144509277077962,196.82432911757013,1.3100495449894449e-07,132.769564135643,1.114251634299332e-07,8.914013074394656e-09,1.479387038233502e-05,7.930895321040746e-06,0.003416216795962265
4881.6,1066.363484065154,933.6365159348458,994.8440713202286,105.15592867977067,0.0005732075667778683,0.0005155928679770551,197.22082640840574,1.3100501343639926e-07,132.72696813030814,1.1140683057887958e-07,8.912546446310366e-09,1.4786690851741588e-05,7.929386894014684e-06,0.003415117551977445
4896.0,1066.3421963933563,933.657803606643,994.832654086999,105.1673459130002,0.0005722888012120534,0.0005167345913000101,197.61706934786713,1.3100507205657592e-07,132.68439278671326,1.1138854714411987e-07,8.91108377152959e-09,1.4779521741211727e-05,7.927882089762192e-06,0.0034140188443138927
4910.400000000001,1066.3209190376529,933.6790809623468,994.8212390181067,105.17876098189274,0.0005713725108543166,0.0005178760981892612,198.01305813975085,1.3100513036131262e-07,132.64183807530605,1.113703129660009e-07,8.909625037280072e-09,1.477236301883245e-05,7.926380896539337e-06,0.0034129206722034082
4924.8,1066.2996519831079,933.7003480168918,994.8098261083614,105.1901738916378,0.0005704586864470938,0.0005190173891637687,198.4087929886824,1.3100518835263606e-07,132.5993039662161,1.1135212786029717e-07,8.908170228823774e-09,1.4765214649432504e-05,7.924883300853578e-06,0.0034118230348696194
4939.2,1066.2783952147395,933.7216047852602,994.7984153525555,105.20158464744387,0.0005695473183674305,0.0005201584647443754,198.80427409953268,1.3100524603262881e-07,132.5567904294793,1.1133399163551187e-07,8.90671933084095e-09,1.4758076596905947e-05,7.923389288696062e-06,0.0034107259315337424
4953.6,1066.2571487176608,933.7428512823388,994.7870067455166,105.21299325448275,0.0005686383973785608,0.0005212993254482636,199.19950167661116,1.3100530340330634e-07,132.51429743532196,1.1131590410783335e-07,8.905272328626668e-09,1.4750948826227207e-05,7.92189884660707e-06,0.0034096293614219093
4968.0,1066.2359124772754,933.7640875227241,994.7756002821843,105.22439971781495,0.000567731915418328,0.0005224399717814822,199.59447592252013,1.3100536046648043e-07,132.47182495455127,1.1129786511682472e-07,8.903829209345978e-09,1.4743831305571262e-05,7.920411962793814e-06,0.003408533323775282
4982.400000000001,1066.2146864788117,933.7853135211881,994.7641959574311,105.23580404256832,0.0005668278637136737,0.0005235804042568185,199.98919704089505,1.3100541722408617e-07,132.42937295762363,1.112798744879021e-07,8.902389959032169e-09,1.4736724001235934e-05,7.918928624456905e-06,0.0034074378178259516
4996.8,1066.1934707074795,933.8065292925204,994.7527937661218,105.2472062338775,0.0005659262334200682,0.000524720623387737,200.3836652354753,1.3100547367807097e-07,132.3869414149591,1.1126193204505936e-07,8.90095456360475e-09,1.4729626879364434e-05,7.917448818697055e-06,0.0034063428428051145
5011.2,1066.1722651486334,933.8277348513662,994.7413937031764,105.2586062968229,0.0005650270160006167,0.0005258606296822787,200.77788070909756,1.3100552983031674e-07,132.34453029726717,1.1124403761841227e-07,8.899523009472982e-09,1.4722539906980291e-05,7.915972533053008e-06,0.0034052483979514314
5025.6,1066.1510697878325,933.8489302121674,994.7299957635906,105.2700042364087,0.0005641302033510129,0.0005270004236408585,201.17184366332918,1.3100558568261274e-07,132.30213957566514,1.1122619104668516e-07,8.898095283734812e-09,1.4715463052328136e-05,7.914499755678823e-06,0.0034041544825141037
5040.0,1066.1298846104692,933.8701153895306,994.7185999422983,105.28140005770103,0.0005632357870152152,0.0005281400057700917,201.56555430076955,1.3100564123682363e-07,132.25976922093855,1.1120839216160277e-07,8.896671372928223e-09,1.4708396282725214e-05,7.913030474230734e-06,0.0034030610957337917
5054.400000000001,1066.1087096019332,933.8912903980665,994.707206234232,105.29279376576724,0.0005623437585304756,0.0005292793765767132,201.95901282403798,1.3100569649481535e-07,132.2174192038667,1.1119064079475647e-07,8.895251263580517e-09,1.470133956550688e-05,7.911564676356834e-06,0.003401968236851002
5068.8,1066.0875447478284,933.9124552521715,994.6958146344049,105.30418536559436,0.0005614541099189575,0.0005304185365594263,202.35221943441852,1.3100575145835544e-07,132.17508949565683,1.1117293678738725e-07,8.89383494299098e-09,1.4694292869367909e-05,7.910102350394628e-06,0.003400875905117299
5083.2,1066.0663900338511,933.9336099661487,994.6844251378649,105.31557486213435,0.0005605668334148272,0.0005315574862134242,202.74517433261167,1.310058061291686e-07,132.13278006770247,1.1115527998495506e-07,8.892422398796404e-09,1.4687256163615956e-05,7.908643484983712e-06,0.003399784099789068
5097.6,1066.0452454455683,933.9547545544314,994.6730377396112,105.32696226038811,0.000559681920956356,0.0005326962260387998,203.13787772013256,1.3100586050903932e-07,132.09049089113694,1.1113767022703148e-07,8.891013618162518e-09,1.4680229416785882e-05,7.907188068345164e-06,0.003398692820115993
5112.0,1066.0241109685544,933.9758890314454,994.6616524346458,105.33834756535359,0.0005587993644955689,0.0005338347565353477,203.5303297984454,1.310059145997493e-07,132.04822193710902,1.1112010735346182e-07,8.889608588276945e-09,1.4673212597485306e-05,7.905736088720895e-06,0.0033976020653481683
5126.400000000001,1066.002986588646,933.9970134113538,994.6502692180686,105.3497307819308,0.0005579191564360223,0.0005349730781930694,203.92253076734323,1.3100596840297883e-07,132.00597317729228,1.1110259121307684e-07,8.888207297046148e-09,1.4666205675601089e-05,7.904287534995148e-06,0.0033965118347492516
5140.8,1065.9818722916682,934.0181277083318,994.6388880849752,105.36111191502417,0.0005570412891610345,0.000536111191502405,204.31448082669394,1.3100602192041295e-07,131.9637445833364,1.1108512165430458e-07,8.886809732344368e-09,1.4659208620997501e-05,7.902842396024677e-06,0.003395422127582285
5155.2,1065.9607680633587,934.0392319366412,994.6275090304289,105.37249096957049,0.0005561657549044113,0.0005372490969570378,204.70618017691885,1.3100607515377e-07,131.92153612671757,1.1106769852259778e-07,8.885415881807823e-09,1.4652221403160259e-05,7.901400660455255e-06,0.0033943329431058624
5169.6,1065.9396738894827,934.060326110517,994.6161320495027,105.38386795049675,0.0005552925459288142,0.000538386795049663,205.09762901826568,1.3100612810476042e-07,131.87934777896567,1.110503216639834e-07,8.884025733118673e-09,1.4645243991690472e-05,7.899962316974948e-06,0.003393244280579958
5184.0,1065.918589756083,934.0814102439167,994.6047571373726,105.39524286262679,0.0005544216547980275,0.0005395242862626668,205.48882754917034,1.3100618077501002e-07,131.83717951216636,1.1103299093048074e-07,8.88263927443846e-09,1.463827635707453e-05,7.898527354701204e-06,0.0033921561392789095
5198.400000000001,1065.8975156491158,934.1024843508842,994.5933842891827,105.4066157108167,0.0005535530739816928,0.0005406615710816585,205.87977596863513,1.310062331661711e-07,131.7950312982316,1.1101570617223568e-07,8.881256493778855e-09,1.4631318469565085e-05,7.897095762618849e-06,0.0033910685184725953
5212.8,1065.8764515544847,934.1235484455152,994.5820135000575,105.41798649994176,0.0005526867958934626,0.0005417986499941643,206.27047447599932,1.3100628527991165e-07,131.75290310896946,1.109984672382799e-07,8.879877379062392e-09,1.4624370299289212e-05,7.89566752963435e-06,0.0033899814174282064
5227.2,1065.8553974581516,934.1446025418481,994.5706447651435,105.42935523485596,0.0005518228130007433,0.0005429355234855844,206.6609232702247,1.310063371178834e-07,131.71079491630348,1.1098127397871478e-07,8.878501918297184e-09,1.4617431816560591e-05,7.894242644731889e-06,0.0033888948354159456
5241.6,1065.8343533463456,934.1656466536541,994.5592780796851,105.44072192031433,0.0005509611180212345,0.0005440721920314198,207.0511225485155,1.310063886816627e-07,131.66870669269144,1.1096412624862256e-07,8.877130099889805e-09,1.4610502992440668e-05,7.892821097252915e-06,0.0033878087717198013
5256.0,1065.8133192051598,934.18668079484,994.5479134388771,105.45208656112221,0.0005501017035452599,0.0005452086561122088,207.44107250897034,1.3100643997286428e-07,131.62663841031986,1.1094702390055067e-07,8.875761912044054e-09,1.4603583797658897e-05,7.89140287635889e-06,0.0033867232256167778
5270.400000000001,1065.792295020661,934.207704979339,994.5365508379047,105.46344916209473,0.0005492445621385966,0.0005463449162094611,207.83077334986035,1.3100649099311022e-07,131.58459004132192,1.1092996678655807e-07,8.874397342924647e-09,1.4596674202906701e-05,7.88998797117758e-06,0.003385638196382515
5284.8,1065.7712807790024,934.2287192209975,994.5251902719846,105.47480972801475,0.0005483896864449592,0.0005474809728014646,208.22022526888102,1.3100654174399894e-07,131.54256155800488,1.1091295476025469e-07,8.873036380820374e-09,1.4589774179131012e-05,7.888576370948842e-06,0.003384553683297171
5299.2,1065.7502764665808,934.2497235334191,994.513831736424,105.48616826357542,0.0005475370693252,0.000548616826357532,208.60942846212498,1.3100659222706233e-07,131.50055293316166,1.1089598767957148e-07,8.871679014365719e-09,1.4582883697932733e-05,7.887168065222659e-06,0.0033834696856534243
5313.6,1065.7292820696389,934.270717930361,994.5024752264726,105.4975247735266,0.0005466867035029188,0.0005497524773526494,208.99838312669803,1.3100664244387436e-07,131.45856413927788,1.1087906539970808e-07,8.870325231976647e-09,1.4576002730550712e-05,7.885763043354916e-06,0.003382386202736055
5328.0,1065.7082975744063,934.2917024255935,994.4911207373763,105.50887926262307,0.0005458385816897747,0.0005508879262622963,209.3870894597942,1.3100669239601257e-07,131.4165951488128,1.1086218777562652e-07,8.86897502205012e-09,1.4569131248221173e-05,7.884361294685715e-06,0.0033813032338291683
5342.400000000001,1065.687322967234,934.3126770327661,994.4797682644245,105.520231735575,0.0005449926966916488,0.0005520231735574882,209.775547657803,1.3100674208502352e-07,131.37464593446782,1.1084535466416381e-07,8.867628373133105e-09,1.4562269222485033e-05,7.882962808690481e-06,0.0033802207782231398
5356.8,1065.6663582346664,934.3336417653335,994.4684178029792,105.53158219702037,0.0005441490414666856,0.0005531582197020273,210.16375791581385,1.3100679151240378e-07,131.33271646933292,1.1082856592518704e-07,8.866285274014963e-09,1.4555416625355362e-05,7.881567575062573e-06,0.003379138835218368
5371.2,1065.6454033630982,934.3545966369019,994.4570693483461,105.54293065165339,0.0005433076088545712,0.0005542930651653273,210.55172042992768,1.3100684067968876e-07,131.29080672619637,1.1081182141620596e-07,8.864945713296476e-09,1.4548573428532883e-05,7.880175583327875e-06,0.0033780574041074886
5385.6,1065.6244583389177,934.3755416610821,994.4457228958297,105.5542771041698,0.0005424683916914873,0.0005554277104169684,210.93943539627534,1.31006889588415e-07,131.2489166778356,1.1079512099466059e-07,8.863609679572848e-09,1.4541739603738923e-05,7.87878682300846e-06,0.0033769764841828725
5400.0,1065.603523148675,934.3964768513246,994.4343784407935,105.56562155920614,0.0005416313829292367,0.0005565621559206017,211.32690300991172,1.3100693824007957e-07,131.20704629735053,1.107784645202918e-07,8.862277161623345e-09,1.453491512306333e-05,7.877401283792226e-06,0.0033758960747452206
5414.400000000001,1065.582597779052,934.4174022209478,994.4230359786495,105.57696402135004,0.0005407965756148644,0.0005576964021349942,211.71412346500566,1.3100698663614687e-07,131.1651955581043,1.107618518547358e-07,8.860948148378863e-09,1.4528099958904198e-05,7.876018955503859e-06,0.0033748161751020376
5428.8,1065.5616822165948,934.438317783405,994.4116955047602,105.58830449523926,0.0005399639626978669,0.0005588304495239152,212.1010969566336,1.3100703477811463e-07,131.12336443318986,1.1074528285768754e-07,8.859622628615003e-09,1.4521294083405259e-05,7.874639827830272e-06,0.0033737367845538663
5443.2,1065.5407764478507,934.4592235521495,994.4003570144882,105.59964298551125,0.000539133537128155,0.000559964298551112,212.48782367986792,1.310070826674806e-07,131.08155289570118,1.1072875738885028e-07,8.858300591108022e-09,1.4514497468741841e-05,7.873263890460118e-06,0.003372657902401293
5457.6,1065.5198804595711,934.480119540429,994.3890205032719,105.61097949672764,0.0005383052920008916,0.0005610979496727524,212.874303828399,1.3100713030569263e-07,131.03976091914217,1.1071227531081774e-07,8.85698202486542e-09,1.4507710087543804e-05,7.871891133290064e-06,0.003371579527955503
5472.0,1065.4989942385657,934.5010057614344,994.3776859665705,105.62231403342902,0.0005374792204517327,0.0005622314033428904,213.26053759553153,1.3100717769418483e-07,130.99798847713134,1.1069583648698948e-07,8.85566691895916e-09,1.4500931912589064e-05,7.870521546275566e-06,0.0033705016605306256
5486.400000000001,1065.478117771534,934.5218822284659,994.3663533998032,105.63364660019629,0.0005366553155389796,0.0005633646600196173,213.64652517530666,1.3100722483441774e-07,130.95623554306815,1.1067944077922569e-07,8.854355262338055e-09,1.449416291645934e-05,7.869155119263043e-06,0.003369424299435172
5500.8,1065.4572510451792,934.5427489548209,994.3550227983901,105.64497720160942,0.0005358335703227056,0.000564497720160931,214.03226676174816,1.310072717278513e-07,130.91450209035827,1.1066308804942184e-07,8.853047043953747e-09,1.4487403071771535e-05,7.867791842102578e-06,0.003368347443977818
5515.2,1065.4363940464252,934.5636059535749,994.3436941578333,105.65630584216629,0.0005350139780194236,0.0005656305842166184,214.41776254737576,1.310073183758923e-07,130.87278809285033,1.1064677816258653e-07,8.851742253006922e-09,1.4480652351628807e-05,7.86643170486816e-06,0.0033672710934786795
5529.6,1065.4155467622281,934.5844532377723,994.3323674736461,105.66763252635332,0.0005341965318674516,0.0005667632526353216,214.8030127244993,1.310073647799402e-07,130.8310935244558,1.1063051098416229e-07,8.850440878732983e-09,1.4473910729227272e-05,7.865074697665932e-06,0.0033661952472595134
5544.0,1065.3947091794428,934.6052908205576,994.3210427413056,105.6789572586939,0.0005333812250346907,0.0005678957258693789,215.18801748610576,1.3100741094141837e-07,130.7894183588852,1.1061428637819034e-07,8.849142910255228e-09,1.4467178177586674e-05,7.863720810502873e-06,0.003365119904636897
5558.400000000001,1065.3738812849297,934.6261187150706,994.3097199562899,105.69028004370963,0.0005325680506922945,0.0005690280043709523,215.57277702514978,1.3100745686174894e-07,130.7477625698591,1.1059810420877666e-07,8.847848336702133e-09,1.4460454669765666e-05,7.862370033391705e-06,0.003364045064927678
5572.8,1065.35306306578,934.6469369342204,994.2983991141626,105.70160088583692,0.000531757002168472,0.0005701600885836814,215.95729153301582,1.310075025423003e-07,130.70612613155947,1.1058196434315259e-07,8.846557147452208e-09,1.4453740179311714e-05,7.861022356569942e-06,0.0033629707274606276
5587.2,1065.3322545090896,934.6677454909106,994.2870802104895,105.7129197895101,0.0005309480727952613,0.000571291978950998,216.3415612010503,1.3100754798443943e-07,130.66450901817893,1.105658666486257e-07,8.845269331890057e-09,1.4447034679812122e-05,7.859677770281644e-06,0.0033618968915647943
5601.6,1065.3114556018668,934.6885443981333,994.2757632408034,105.72423675919607,0.0005301412558445619,0.0005724236759195971,216.72558622120073,1.3100759318955394e-07,130.62291120373345,1.1054981099130678e-07,8.843984879304543e-09,1.4440338144706982e-05,7.858336264686306e-06,0.0033608235565646917
5616.0,1065.2906663311276,934.7093336688727,994.2644482006406,105.73555179935899,0.0005293365445934795,0.0005735551799358877,217.10936678536152,1.3100763815902974e-07,130.5813326622549,1.1053379723741024e-07,8.842703778992819e-09,1.44336505474805e-05,7.856997829951931e-06,0.0033597507217852504
5630.400000000001,1065.2698866841251,934.7301133158752,994.2531350856244,105.74686491437508,0.0005285339324788088,0.0005746864914374991,217.49290308380193,1.3100768289419803e-07,130.53977336824994,1.1051782525632829e-07,8.841426020506264e-09,1.4426971862112944e-05,7.855662456475052e-06,0.0033586783865636573
5644.8,1065.249116648095,934.750883351905,994.2418238913725,105.75817610862708,0.0005277334129257506,0.000575817610862698,217.87619530690904,1.3100772739639397e-07,130.49823329618994,1.1050189491722243e-07,8.840151593377794e-09,1.4420302062578757e-05,7.854330134636752e-06,0.003357606550236214
5659.2,1065.2283562101961,934.7716437898042,994.2305146134732,105.76948538652633,0.0005269349793072755,0.0005769485386526228,218.25924364560169,1.3100777166697062e-07,130.4567124203919,1.1048600608821479e-07,8.838880487057183e-09,1.4413641122727906e-05,7.853000854744804e-06,0.0033565352121352333
5673.6,1065.2076053575977,934.7923946424023,994.2192072475195,105.78079275248,0.0005261386250040688,0.0005780792752479875,218.6420482907198,1.310078157072785e-07,130.41521071519537,1.1047015863758097e-07,8.837612691006477e-09,1.4406989016461182e-05,7.851674607119034e-06,0.0033554643715936424
5688.0,1065.1868640777136,934.8131359222866,994.2079017891945,105.79209821080507,0.0005253443435606083,0.0005792098210804957,219.02460943142736,1.3100785951861254e-07,130.373728155427,1.104543524368561e-07,8.836348194948488e-09,1.4400345718186401e-05,7.850351382313611e-06,0.0033543940279569286
5702.400000000001,1065.1661323579178,934.8338676420824,994.1965982341666,105.80340176583302,0.0005245521284952129,0.0005803401765832902,219.40692725715627,1.3100790310227668e-07,130.33226471583544,1.1043858735705473e-07,8.83508698856438e-09,1.4393711202262575e-05,7.849031170846492e-06,0.00335332418056859
5716.8,1065.1454101855163,934.8545898144839,994.1852965780789,105.81470342192054,0.0005237619732802024,0.0005814703421920442,219.78900195780884,1.3100794645959033e-07,130.2908203710324,1.1042286326827602e-07,8.833829061462082e-09,1.4387085442942023e-05,7.84771396317118e-06,0.003352254828768598
5731.2,1065.1246975478277,934.8753024521723,994.1739968165798,105.82600318341979,0.0005229738713963071,0.0005826003183419687,220.17083372320113,1.3100798959187022e-07,130.24939509565547,1.1040718004078651e-07,8.832574403262922e-09,1.4380468414529569e-05,7.846399749754222e-06,0.0033511859718976128
5745.6,1065.1039944324152,934.896005567585,994.1626989454073,105.83730105459236,0.0005221878164890347,0.0005837301054592244,220.5524227414584,1.3100803250037785e-07,130.2079888648302,1.1039153754813179e-07,8.831323003850544e-09,1.4373860091838631e-05,7.845088521297843e-06,0.003350117609308877
5760.0,1065.0833008267978,934.9166991732022,994.1514029602837,105.84859703971597,0.000521403802174495,0.0005848597039715863,220.93376920100724,1.310080751863847e-07,130.16660165359554,1.1037593566327244e-07,8.830074853061796e-09,1.4367260449624073e-05,7.843780268463438e-06,0.003349049740353429
5774.400000000001,1065.062616718429,934.937383281571,994.1401088569067,105.85989114309287,0.0005206218220242454,0.0005859891143092769,221.3148732907318,1.3100811765117704e-07,130.1252334368579,1.1036037425828248e-07,8.828829940662599e-09,1.4360669462538012e-05,7.842474981850012e-06,0.0033479823643788953
5788.8,1065.0419420947753,934.9580579052249,994.1288166309791,105.87118336902034,0.0005198418696187271,0.0005871183369020244,221.69573519942332,1.3100815989603828e-07,130.08388418955042,1.1034485320541267e-07,8.827588256433013e-09,1.4354087105285843e-05,7.84117265207025e-06,0.0033469154807335916
5803.2,1065.0212769435452,934.9787230564551,994.1175262782934,105.8824737217061,0.0005190639386994768,0.0005882473721706,222.0763551141912,1.310082019221981e-07,130.0425538870901,1.1032937238011958e-07,8.826349790409567e-09,1.434751335307053e-05,7.839873269967265e-06,0.003345849088778342
5817.6,1065.0006212523992,934.9993787476006,994.1062377946241,105.89376220537547,0.000518288022976371,0.0005893762205375352,222.45673322247555,1.3100824373089675e-07,130.0012425047986,1.1031393165722978e-07,8.825114532578382e-09,1.4340948181029308e-05,7.838576826340101e-06,0.0033447831878715135
5832.0,1064.9799750089362,935.0200249910639,994.0949511757226,105.90504882427703,0.0005175141161173517,0.0005905048824276934,222.836869712154,1.3100828532338853e-07,129.9599500178723,1.102985309107353e-07,8.823882472858823e-09,1.4334391564203903e-05,7.837283311929111e-06,0.0033437177773682665
5846.400000000001,1064.959338200768,935.0406617992322,994.0836664173453,105.9163335826542,0.0005167422117997963,0.00059163335826541,223.21676477100496,1.310083267009245e-07,129.91867640153566,1.1028317001481595e-07,8.822653601185276e-09,1.4327843477690414e-05,7.83599271748911e-06,0.0033426528566244743
5860.8,1064.9387108157462,935.0612891842541,994.0723835153381,105.92761648466156,0.0005159723038598787,0.0005927616484661453,223.59641858513217,1.310083678647034e-07,129.8774216314921,1.1026784884681158e-07,8.821427907744926e-09,1.4321303897074987e-05,7.834705034002025e-06,0.003341588425008397
5875.2,1064.9180928416713,935.0819071583289,994.0611024655269,105.9388975344727,0.000515204386099774,0.0005938897534472597,223.97583134099798,1.310084088159351e-07,129.83618568334236,1.102525672833855e-07,8.82020538267084e-09,1.4314772797870837e-05,7.83342025240238e-06,0.0033405244818856565
5889.6,1064.897484266284,935.1025157337162,994.0498232637161,105.95017673628348,0.0005144384522818606,0.0005950176736283379,224.35500322548438,1.3100844955584265e-07,129.79496853256774,1.1023732520040903e-07,8.818986016032722e-09,1.4308250155501525e-05,7.832138363569033e-06,0.0033394610266187885
5904.0,1064.8768850773397,935.1231149226603,994.0385459057155,105.96145409428412,0.0005136744961785686,0.0005961454094284031,224.73393442536693,1.3100849008564592e-07,129.7537701546794,1.1022212247395351e-07,8.817769797916282e-09,1.4301735945446285e-05,7.830859358396165e-06,0.0033383980585711304
5918.400000000001,1064.8562952628322,935.1437047371683,994.0272703874227,105.97272961257698,0.0005129125117196881,0.0005972729612576869,225.11262512575476,1.3100853040651323e-07,129.71259052566393,1.1020695898322179e-07,8.816556718657743e-09,1.4295230143669287e-05,7.829583228002983e-06,0.0033373355771182805
5932.8,1064.835714810698,935.1642851893021,994.015996704715,105.98400329528462,0.0005121524927986315,0.0005984003295284526,225.49107551214226,1.31008570519625e-07,129.67142962139587,1.1019183460669277e-07,8.815346768535422e-09,1.4288732726054255e-05,7.82830996345789e-06,0.0033362735816329673
5947.2,1064.815143708819,935.1848562911811,994.0047248534486,105.99527514655097,0.0005113944332708468,0.0005995275146550856,225.8692857704259,1.3100861042617387e-07,129.630287417638,1.1017674922208985e-07,8.814139937767188e-09,1.428224366840053e-05,7.82703955577623e-06,0.003335212071485045
5961.6,1064.7945819450922,935.2054180549083,993.9934548294858,106.00654517051385,0.0005106383270024175,0.0006006545170513742,226.24725608638855,1.3100865012734916e-07,129.58916389018395,1.101617027073481e-07,8.812936216587849e-09,1.4275762946564254e-05,7.825771995989476e-06,0.0033341510460451647
5976.0,1064.7740295076485,935.2259704923517,993.9821866287755,106.01781337122414,0.0005098841680146755,0.0006017813371224034,226.62498664415554,1.310086896242899e-07,129.54805901529676,1.1014669494349204e-07,8.811735595479364e-09,1.4269290536879396e-05,7.824507275351089e-06,0.003333090504696118
5990.400000000001,1064.7534863845622,935.2465136154382,993.9709202472454,106.02907975275426,0.0005091319502904847,0.0006029079752754144,227.00247762826297,1.310087289181477e-07,129.506972769124,1.1013172581078064e-07,8.810538064862451e-09,1.4262826415593398e-05,7.823245385060739e-06,0.003332030446817719
6004.8,1064.7329525638518,935.2670474361486,993.9596556808028,106.0403443191968,0.0005083816677766589,0.00060403443191967,227.37972922363176,1.310087680100857e-07,129.4659051277032,1.1011679518875551e-07,8.809343615100442e-09,1.4256370558874145e-05,7.821986316267744e-06,0.0033309708717869416
6019.2,1064.7124280335536,935.2875719664469,993.9483929253616,106.05160707463814,0.0005076333144312256,0.0006051607074638013,227.75674161506205,1.310088069012635e-07,129.4248560671067,1.1010190295718138e-07,8.808152236574511e-09,1.424992294294775e-05,7.82073006013837e-06,0.0033299117789816943
6033.6,1064.6919127819353,935.3080872180647,993.9371319769213,106.0628680230784,0.0005068868843651734,0.000606286802307827,228.1335149857061,1.310088455927917e-07,129.3838255638707,1.1008704899886695e-07,8.806963919909356e-09,1.4243483544510687e-05,7.81947660805757e-06,0.003328853167791836
6048.0,1064.671406797205,935.3285932027952,993.9258728314591,106.0741271685405,0.0005061423716491214,0.0006074127168540392,228.51004951915107,1.3100888408579383e-07,129.3428135944098,1.100722331958175e-07,8.8057786556654e-09,1.4237052340167029e-05,7.818225951353794e-06,0.003327795037604122
6062.400000000001,1064.6509100675169,935.3490899324831,993.914615484933,106.08538451506666,0.0005053997703195012,0.0006085384515066545,228.88634539935236,1.3100892238140436e-07,129.30182013503372,1.1005745542935808e-07,8.804596434348646e-09,1.4230629306446349e-05,7.816978081307785e-06,0.0033267373878026027
6076.8,1064.6304225810447,935.3695774189556,993.9033599333073,106.09664006669234,0.0005046590744245613,0.0006096640066692222,229.26240281013722,1.3100896048075403e-07,129.26084516208914,1.1004271558104877e-07,8.803417246483903e-09,1.422421441993776e-05,7.815732989218062e-06,0.003325680217772285
6091.2,1064.6099443261905,935.3900556738097,993.8921061726318,106.10789382736787,0.000503920278163413,0.0006107893827367742,229.63822193369515,1.3100899838492576e-07,129.21988865238086,1.1002801353545191e-07,8.802241082836154e-09,1.421780765769375e-05,7.814490666598818e-06,0.0033246235269100252
6105.6,1064.5894752912934,935.410524708707,993.8808541989323,106.11914580106736,0.000503183375692979,0.0006119145801067235,230.0138029526737,1.3100903609501574e-07,129.17895058258637,1.1001334917629028e-07,8.801067934103223e-09,1.4211408996668821e-05,7.813251104905145e-06,0.0033235673146093866
6120.0,1064.569015464642,935.4309845353584,993.8696040082164,106.13039599178329,0.0005024483611377352,0.000613039599178316,230.3891460500727,1.310090736121306e-07,129.13803092928356,1.0999872238664092e-07,8.799897790931275e-09,1.4205018413747712e-05,7.812014295546889e-06,0.003322511580261385
6134.400000000001,1064.5485648345448,935.4514351654558,993.8583555964985,106.14164440350106,0.0005017152286345792,0.000614164440350094,230.764251408756,1.3100911093737294e-07,129.097129669089,1.0998413304982812e-07,8.79873064398625e-09,1.4198635885875997e-05,7.81078022995252e-06,0.003321456323258037
6148.8,1064.5281233895362,935.471876610464,993.8471089598777,106.15289104012192,0.0005009839724691421,0.0006152891040121784,231.13911920996077,1.310091480717987e-07,129.05624677907213,1.0996958105213592e-07,8.797566484170874e-09,1.4192261390455627e-05,7.80954889976312e-06,0.0033204015430030633
6163.2,1064.5076911180852,935.4923088819153,993.8358640944278,106.16413590557187,0.0005002545868831802,0.0006164135905571747,231.5137496354042,1.310091850164777e-07,129.0153822361699,1.0995506627897529e-07,8.796405302318023e-09,1.4185894904785393e-05,7.808320296558255e-06,0.0033193472388967733
6177.6,1064.4872680086123,935.5127319913883,993.8246209962052,106.17537900379443,0.0004995270660876731,0.0006175379003794311,231.88814286713995,1.3100922177248916e-07,128.97453601722407,1.0994058861514469e-07,8.795247089211576e-09,1.4179536406098793e-05,7.807094411874613e-06,0.003318293410337019
6192.0,1064.4668540495586,935.5331459504418,993.8133796612741,106.18662033872567,0.0004988014043066282,0.0006186620338725551,232.2622990870781,1.3100925834090857e-07,128.93370809911676,1.099261479457019e-07,8.794091835656152e-09,1.4173185871691453e-05,7.805871237268352e-06,0.0033172400567227267
6206.400000000001,1064.4464492295897,935.5535507704109,993.8021400857813,106.19785991421847,0.0004980775959105569,0.0006197859914218341,232.63621847551374,1.3100929472276558e-07,128.8928984591788,1.0991174415862008e-07,8.792939532689607e-09,1.4166843279308258e-05,7.804650764505036e-06,0.003316187177464383
6220.8,1064.426053537301,935.5739464626996,993.7909022658483,106.20909773415147,0.0004973556352245614,0.000620909773415134,233.00990121324256,1.3100933091910413e-07,128.85210707460135,1.0989737714096877e-07,8.791790171277501e-09,1.4160508606585955e-05,7.80343298528652e-06,0.0033151347719689106
6235.2,1064.4056669612435,935.5943330387568,993.7796661975798,106.2203338024199,0.0004966355165445814,0.0006220333802419773,233.38334748138175,1.3100936693097712e-07,128.8113339224867,1.0988304677923717e-07,8.790643742338975e-09,1.4154181831100548e-05,7.80221789127407e-06,0.0033140828396409252
6245.955896742093,1064.3904454085334,935.6095545914673,993.7712746998852,106.22872530011442,0.0004960988314330909,0.0006228725300114293,233.66213424801214,1.3100939370986539e-07,128.78089081706617,1.0987236674551851e-07,8.789789339641481e-09,1.414946126566727e-05,7.801312039192328e-06,0.0033132974205270045
6245.955896742093,1228.7396064039178,771.2603935960828,993.7712746998852,106.22872530011442,0.0004960988314330909,0.0006228725300114293,233.66213424801214,1.3100939370986539e-07,457.479212807835,1.0987236674551851e-07,8.789789339641481e-09,5.026432384807355e-05,7.801312039192328e-06,0.011965500708104105
6249.6,1228.6617905177573,771.3382094822431,993.7591953365645,106.24080466343491,0.03615696357799708,0.0006240804663434736,234.8534944959309,0.00034914362630047123,457.32358103551417,8.19523575202142e-07,6.556188601617137e-08,0.0003747874561544711,5.818737956656757e-05,0.0119612814419399
6264.0,1227.2617582183416,772.7382417816581,993.5412196410958,106.45878035890355,0.165020329040773,0.0006458780358903408,239.53623046053312,0.0015043143593620693,454.5235164366835,3.383904547911383e-06,2.7071236383291065e-07,0.0015380641944027675,0.0002401441840527467,0.011885397096377336
6278.400000000001,1224.3220462371755,775.6779537628245,993.079476598308,106.92052340169131,0.2765977655587638,0.000692052340169116,244.12943601042045,0.0023703592425316816,448.64409247435105,5.6042955346194004e-06,4.48343642769552e-07,0.002514334084087379,0.0003973037331490241,0.011726224454852564
6292.8,1220.1056289960559,779.8943710039439,992.4073864364669,107.59261356353235,0.373202820074172,0.000759261356353221,248.5775136599345,0.0030195736318872285,440.211257992112,7.526736119476024e-06,6.021388895580819e-07,0.0033133539757292077,0.0005327813848022952,0.011498308521364036
6307.2,1214.857796120226,785.1422038797741,991.5541457728422,108.4458542271572,0.4568343176872639,0.0008445854227157039,252.83755482685257,0.0035061265571638967,429.715592240452,9.191002921976553e-06,7.352802337581243e-07,0.003949517263900879,0.0006493320710414491,0.011215259273083573
6321.6,1208.8011165714227,791.1988834285777,990.5452294329131,109.45477056708609,0.5292128023474331,0.0009454770567085909,256.8785266073949,0.0038705564554226794,417.60223314284497,1.063133476671392e-05,8.505067813371136e-07,0.0044396691398689,0.000749373410236815,0.010889413387898731
6336.0,1202.1331649329609,797.866835067039,989.4028641750325,110.59713582496674,0.5918048199689522,0.0010597135824966554,260.67997196873335,0.004143105821511285,404.2663298659219,1.1876915917382151e-05,9.501532733905721e-07,0.004801437208046231,0.000835000139466201,0.010531675551275705
6350.400000000001,1195.0263556724003,804.9736443275998,988.1464949621667,111.85350503783273,0.6458272483814943,0.0011853505037832533,264.2304774334255,0.004346148691558064,390.0527113448005,1.2951962242791739e-05,1.036156979423339e-06,0.005051947990036401,0.0009079770975298444,0.01015149724869288
6364.8,1187.6294576319492,812.3705423680508,986.79329111179,113.20670888820938,0.6922137794183328,0.0013206708888209174,267.52609996926094,0.004495879545949136,375.2589152638984,1.3875054210424827e-05,1.1100043368339861e-06,0.005206737792231807,0.0009696848948681541,0.009756961893727744
6379.2,1180.070694571062,819.9293054289379,985.3587931836936,114.64120681630577,0.7315067485970848,0.0014641206816305556,270.5688899884651,0.004603380394873608,360.141389142124,1.465698429708199e-05,1.1725587437665593e-06,0.005278586685385406,0.0010209675192463948,0.009354963591352978
6393.6,1172.462784186864,827.5372158131357,983.8578990285174,116.14210097148181,0.7636113671791251,0.0016142100971481613,273.3656107652272,0.004675285337964012,344.9255683737282,1.5295866206864593e-05,1.2236692965491675e-06,0.005275935345171272,0.0010617971802130523,0.008951491864867113
6408.0,1164.9106907247858,835.0893092752135,982.3065167087237,117.69348329127568,0.7873520295656441,0.001769348329127547,275.92673446876506,0.004714940077726483,329.8213814495723,1.576830538835632e-05,1.2614644310685054e-06,0.005200724266306416,0.0010906785882943558,0.008552058257038359
6422.400000000001,1157.5224167708043,842.4775832291955,980.7241937112918,119.27580628870763,0.7999512082632897,0.0019275806288707438,278.2657785129915,0.004726957112339805,315.0448335416088,1.6019029044439465e-05,1.2815223235551572e-06,0.005046712338803628,0.0011039653390726334,0.00816227797600157
6436.8,1150.4195896399349,849.5804103600652,979.1372653437105,120.86273465628891,0.797160994124369,0.0020862734656288727,280.39898146772936,0.0047293012352087604,300.83917927986965,1.5963503783074945e-05,1.2770803026459955e-06,0.004802447376531361,0.001096085497403642,0.007788433600823948
6451.2,1143.7369454748762,856.2630545251235,977.5799678762811,122.42003212371826,0.77531048246357,0.002242003212371806,282.3451223482625,0.004764749388467071,287.4738909497527,1.5528678601025044e-05,1.2422942880820036e-06,0.004464089658744831,0.001062360303581982,0.007437450989480972
6465.6,1137.5993200862808,862.4006799137192,976.089841713397,123.91015828660231,0.7346616600887254,0.0023910158286602114,284.1250246799167,0.004881166347754333,275.1986401725617,1.4719767035765637e-05,1.177581362861251e-06,0.004050859871899602,0.0010035109130123944,0.00711570039864597
6480.0,1132.0873661152677,867.9126338847325,974.6985515487524,125.30144845124698,0.680222744197289,0.0025301448451246792,285.76039011554434,0.005087597802278696,264.17473223053526,1.3636432609526054e-05,1.0909146087620843e-06,0.0036024009332012844,0.0009266197084092629,0.0068272216568813805
6494.400000000001,1127.221822977981,872.778177022019,973.4253025748085,126.57469742519103,0.6188213907714081,0.0026574697425190822,287.27225264256674,0.005349497176929009,254.44364595596198,1.2414545676351024e-05,9.93163654108082e-07,0.0031588022647775784,0.0008410612414940346,0.006572929689060108
6508.8,1122.9747731838124,877.0252268161875,972.2767397009351,127.72326029906435,0.5561185897220083,0.002772326029906413,288.67973599107734,0.0056225333503063905,245.94954636762498,1.1166759935467968e-05,8.933407948374375e-07,0.002746459540524516,0.0007544740765715906,0.006351224413504832
6523.2,1119.2911124085404,880.70888759146,971.250592252522,128.7494077474776,0.49570563559469727,0.002874940774747734,289.9994591779908,0.005876057244650568,238.58222481708037,9.964542148334477e-06,7.971633718667582e-07,0.0023773626350332092,0.000671611085041779,0.006159119905574123
6537.6,1116.10592037826,883.8940796217403,970.3395225886179,129.6604774113817,0.43947579069376574,0.002966047741138141,291.24547819507706,0.006095756125555993,232.21184075651968,8.84556823480594e-06,7.076454587844753e-07,0.0020540456823416858,0.00059490270861494,0.005993148975394444
6552.0,1113.3545736904978,886.6454263095025,969.5338439114363,130.46615608856334,0.3882314817084977,0.0030466156088563034,292.42951434794963,0.006278269619348113,226.70914738099532,7.825806485999106e-06,6.260645188799285e-07,0.0017741819160095205,0.000525310508284521,0.005849884703415255
6566.400000000001,1110.9774946433074,889.0225053566927,968.8231421568646,131.17685784313502,0.34214844259507254,0.003117685784313473,293.5612834305657,0.0064258969896497185,221.9549892866147,6.908754007641945e-06,5.527003206113556e-07,0.0015334324217500242,0.000462967369899109,0.005726181724911048
6580.8,1108.9218510453152,891.078148954685,968.1971593127637,131.80284068723577,0.30106644045394215,0.003180284068723544,294.64882868824066,0.006543237069731147,217.84370209063013,6.091222165033449e-06,4.87297773202676e-07,0.0013269343866873899,0.00040757308898558924,0.005619259538961459
6595.2,1107.1417429988376,892.8582570011629,967.646238177502,132.35376182249738,0.2646582551426679,0.0032353761822497052,295.69881799004156,0.006635405811297701,214.2834859976747,5.3666992773390915e-06,4.293359421871273e-07,0.001149995029449422,0.00035862108233769465,0.005526708225438143
6609.6,1105.5977218706244,894.4022781293761,967.1615200994864,132.83847990051288,0.23252488514789071,0.003283847990051258,296.71679446692957,0.006707206601112822,211.19544374124825,4.7272452144430255e-06,3.7817961715544204e-07,0.0009983726507379871,0.0003155239679264123,0.005446460473974901
6624.0,1104.256066978354,895.7439330216462,966.7350073311084,133.26499266889118,0.2042481922088153,0.0033264992668890856,297.70738221938734,0.006762809446836637,208.51213395670788,4.164539024955425e-06,3.33163121996434e-07,0.0008683569190394432,0.0002776814721752779,0.005376751846291995
6638.400000000001,1103.0880215765737,896.9119784234267,966.3595531743765,133.6404468256229,0.179419325845886,0.0033640446825622576,298.67445300838534,0.006805681187971143,206.17604315314702,3.6704445843331317e-06,2.9363556674665053e-07,0.0007567577410107025,0.0002445159467334806,0.005316079541866893
6652.8,1102.0690760953614,897.9309239046389,966.0288152936173,133.9711847063821,0.15765336854785786,0.0033971184706381775,299.6212606832195,0.006838628978479568,204.1381521907225,3.237302034102372e-06,2.5898416272818974e-07,0.0006608568553249255,0.0002154897487992365,0.0052631640666911984
6667.2,1101.1783312711934,898.8216687288071,965.7371920000537,134.2628079999456,0.13859612074276348,0.003426280799994526,300.55054954251324,0.006863887123284213,202.3566625423863,2.8580628027809933e-06,2.2864502422247948e-07,0.0005783480501073002,0.0001901124806700759,0.005216915372049376
6681.6,1100.397947949905,899.6020520500955,965.4797525583192,134.52024744168014,0.12192642039309196,0.003452024744167981,301.46464187118977,0.006883213247132978,200.79589589980958,2.5263357658225303e-06,2.0210686126580243e-07,0.0005072778534420665,0.00016794261741810842,0.00517640372202256
6696.0,1099.7126787832237,900.2873212167767,965.2521675706462,134.74783242935328,0.10735595657947591,0.003474783242935293,302.365508911695,0.006897978546329382,199.42535756644702,2.236383535931571e-06,1.789106828745257e-07,0.00044599158630886866,0.00014858609773038266,0.00514083497494032
6710.400000000001,1099.1094726696517,900.8905273303488,965.050642638261,134.94935736173832,0.09462772080053664,0.003494935736173794,303.25482866153425,0.006909246288440577,198.21894533930288,1.983091643930679e-06,1.5864733151445434e-07,0.00039308633417112356,0.00013169335379583914,0.005109529756593648
6724.8,1098.577141874876,901.4228581251245,964.8718568907134,135.12814310928593,0.08351377268851241,0.0035128143109285537,304.134033166983,0.006917837235603139,197.15428374975136,1.7619240765013975e-06,1.409539261201118e-07,0.00034737087932407515,0.0001169556341309745,0.0050819059694043505
6739.2,1098.1060821792232,901.893917820777,964.7129070095523,135.2870929904472,0.07381271621019658,0.0035287092990446797,305.004347414556,0.006924382773200132,196.21216435844622,1.568873052582912e-06,1.2550984420663295e-07,0.00030783197725093556,0.00010410110469849759,0.00505746411296223
6753.6,1097.688037513752,902.3119624862478,964.5712568540399,135.42874314595932,0.06534711966578763,0.003542874314595896,305.86682146865536,0.006929367306913993,195.37607502750427,1.400407681349174e-06,1.1203261450793393e-07,0.0002736061562203695,9.289100361039672e-05,0.005035774956059835
6768.0,1097.3159017341363,902.6840982658637,964.4446924907738,135.55530750922554,0.05796101139937108,0.0035555307509225146,306.7223571536064,0.006933161699028224,194.63180346827266,1.2534241268474846e-06,1.0027393014779878e-07,0.0002439561983189709,8.311599628989167e-05,0.005016469166831218
6782.400000000001,1096.9835513584908,903.0164486415092,964.3312822806728,135.66871771932645,0.051517523635821696,0.0035668717719326065,307.5717303053188,0.00693604941064351,193.96710271698157,1.1251987203528518e-06,9.001589762822814e-08,0.00021825153576769782,7.459280457989914e-05,0.004999228572092723
6796.8,1096.6857041197045,903.3142958802956,964.2293416041273,135.77065839587195,0.04589671991439649,0.0035770658395871584,308.4156094064675,0.006938246810227357,193.37140823940888,1.0133447262964903e-06,8.106757810371922e-08,0.00019595189675593067,6.716113900668963e-05,0.00498377877255438
6811.2,1096.4177990720398,903.5822009279601,964.1374017815185,135.86259821848083,0.04099361851437964,0.0035862598218480463,309.25457125331576,0.006939918877783527,192.83559814407965,9.15773008436155e-07,7.32618406748924e-08,0.00017659363584598923,6.068093669366307e-05,0.004969882888422677
6825.6,1096.1758947374212,903.8241052625787,964.0541827582807,135.94581724171843,0.03671641194813034,0.0035945817241718097,310.0891141733612,0.006941191301934313,192.35178947484258,8.306565977677939e-07,6.645252782142351e-08,0.00015977828301971968,5.502989419864291e-05,0.00495733624982757
6840.0,1095.9565823753535,904.0434176246468,963.9785691402284,136.02143085977096,0.03298487421388985,0.0036021430859770583,310.9196692143587,0.006942159771616207,191.91316475070664,7.56398996856408e-07,6.051191974851264e-08,0.00014516292530097308,5.010127590683523e-05,0.0049459618784371195
6854.400000000001,1095.7569119810864,904.2430880189133,963.9095892013106,136.09041079868882,0.02972894376681724,0.003609041079868845,311.7466096426557,0.006942897096689015,191.5138239621731,6.916059809596631e-07,5.5328478476773046e-08,0.00013245210608869496,4.580197559490941e-05,0.004935606634269091
6868.8,1095.5743290096625,904.425670990337,963.8463965135128,136.15360348648656,0.026887467777562304,0.003615360348648618,312.57025902909163,0.006943458655030719,191.14865801932547,6.3506060877349e-07,5.0804848701879196e-08,0.00012139098312798847,4.205080712137388e-05,0.004926137922556376
6883.2,1095.4066201791945,904.5933798208057,963.7882538880095,136.21174611198973,0.024407092956660634,0.0036211746111989335,313.39089814774985,0.006943886552379656,190.81324035838884,5.857011498375467e-07,4.685609198700374e-08,0.00011175953428213652,3.8777000974636494e-05,0.004917440874310821
6897.6,1095.2518669703788,904.7481330296213,963.7345193463989,136.26548065360038,0.022241288239829394,0.003626548065360002,314.2087708748899,0.006944212795030197,190.50373394075757,5.42601635972605e-07,4.3408130877808396e-08,0.00010336763769514493,3.59188843289113e-05,0.004909415928150835
6912.0,1095.1084056663128,904.8915943336873,963.6846338731235,136.31536612687563,0.02034948546534442,0.0036315366126875256,315.024089242887,0.006944461708090078,190.21681133262553,5.04954760760354e-07,4.0396380860828317e-08,9.605088445906331e-05,3.342272405242207e-05,0.004901976752916075
6926.400000000001,1094.974792954575,905.0252070454253,963.6381107268503,136.3618892731488,0.01869632499967856,0.0036361889273148398,315.8370377788348,0.006944651780633661,189.94958590914962,4.720568674936034e-07,3.776454939948827e-08,8.966700650598028e-05,3.1241713732110314e-05,0.004895048459953161
6940.8,1094.8497763056912,905.1502236943091,963.5945261186367,136.40547388136264,0.017250994313348086,0.0036405473881362233,316.6477772311828,0.006944797065016784,189.69955261138205,4.4329478683562695e-07,3.546358294685016e-08,8.40928227376764e-05,2.9335087566742942e-05,0.004888566064020434
6955.2,1094.7322684260319,905.2677315739683,963.5535110844471,136.44648891555227,0.01598664877936291,0.0036446488915551894,317.45644777670117,0.006944908240778296,189.4645368520636,4.181343107093219e-07,3.345074485674575e-08,7.922162352049853e-05,2.7667345967794457e-05,0.004882473156186271
6969.6,1094.621325190608,905.3786748093924,963.5147443991781,136.48525560082123,0.014879904890224465,0.0036485255600820837,318.2631717850521,0.006944993426314835,189.24265038121575,3.9611010731546687e-07,3.168880858523735e-08,7.496092655116675e-05,2.620757916487783e-05,0.004876720757721641
6984.0,1094.5161265791658,905.4838734208345,963.4779464020946,136.52205359790491,0.013910397197930805,0.0036522053597904513,319.068056202527,0.006945058794473503,189.0322531583313,3.7681690423882306e-07,3.0145352339105845e-08,7.123054843641188e-05,2.4928876757482143e-05,0.004871266330144283
6998.400000000001,1094.4159601904626,905.5840398095378,963.442873617125,136.5571263828745,0.013060391209759535,0.0036557126382874105,319.87119460979346,0.006945109040181881,188.83192038092477,3.599017850742148e-07,2.8792142805937185e-08,6.796094522408683e-05,2.380781251856262e-05,0.004866072919272486
7012.8,1094.320206976534,905.6797930234658,963.4093140666146,136.59068593338472,0.01231444536262965,0.0036590685933384367,320.6726689996706,0.006945147735638607,188.64041395306833,3.450574627163301e-07,2.7604597017306407e-08,6.509178260440395e-05,2.282399503601993e-05,0.00486110841464074
7027.2,1094.228328890319,905.771671109681,963.3770831896696,136.6229168103297,0.011659115981229788,0.003662291681032931,321.47255131410566,0.006945177600085073,188.456657780638,3.320164080264728e-07,2.6561312642117826e-08,6.257070258500166e-05,2.1959675891375147e-05,0.004856344908320185
7041.6,1094.1398581856188,905.8601418143812,963.3460202879032,136.65397971209617,0.011082699877724245,0.0036653979712095797,322.27090477367386,0.006945200704558051,188.27971637123755,3.205457275667125e-07,2.5643658205337e-08,6.035225867027261e-05,2.1199408129598583e-05,0.004851758139565869
7056.0,1094.0543881431083,905.9456118568913,963.3159854305521,136.68401456944727,0.010575009850950825,0.003668401456944688,323.06778502835544,0.006945218627447896,188.108776286217,3.1044269603392145e-07,2.4835415682713717e-08,5.839699565793499e-05,2.052974861295643e-05,0.0048473270135235245
7070.400000000001,1093.9715650293447,906.0284349706552,963.2868567599029,136.71314324009657,0.010127178938151684,0.003671314324009622,323.86324115406313,0.0069452325726353905,187.94313005868946,3.0153086086921856e-07,2.4122468869537487e-08,5.667065380105214e-05,1.9938998672759525e-05,0.004843033183960093
7084.8,1093.8910811231794,906.1089188768203,963.2585281456779,136.74147185432153,0.00973148979461291,0.0036741471854321163,324.6573165158627,0.006945243459143949,187.78216224635912,2.936566469127969e-07,2.3492531753023755e-08,5.514348011530062e-05,1.9416978189340413e-05,0.004838860691411752
7099.2,1093.8126686657415,906.1873313342584,963.2309071432852,136.76909285671417,0.00938122600386759,0.0036769092856713806,325.45004951603994,0.00694525198923398,187.62533733148314,2.8668639747696503e-07,2.2934911798157202e-08,5.378963203496322e-05,1.8954828815207487e-05,0.004834795649275762
7113.6,1093.7360946114393,906.2639053885606,963.2039132170275,136.7960867829718,0.009070542547382704,0.003679608678297146,326.2414742424411,0.006945258700035086,187.47218922287868,2.8050379669291584e-07,2.2440303735433268e-08,5.258666085135021e-05,1.854484263451943e-05,0.004830825971479902
7128.0,1093.6611560662402,906.3388439337598,963.1774761920417,136.8225238079578,0.008794352849728956,0.003682252380795743,327.0316210313979,0.006945264003243672,187.32231213248042,2.750076217096062e-07,2.20006097367685e-08,5.151506355269795e-05,1.8180312811448143e-05,0.004826941135822464
7142.400000000001,1093.5876763389906,906.4123236610096,963.1515349104807,136.8484650895188,0.008548230630302548,0.0036848465089518445,327.82051695449474,0.006945268214422532,187.17535267798098,2.7010978954302076e-07,2.160878316344166e-08,5.055789511949013e-05,1.785540386304736e-05,0.004823131979126026
7156.8,1093.5155015019943,906.4844984980056,963.1260360588908,136.87396394110849,0.008328324204975687,0.0036873963941108146,328.60818624226573,0.006945271576077977,187.03100300398876,2.657336516790162e-07,2.1258692134321293e-08,4.9700431405438975e-05,1.756503842649697e-05,0.004819390518818457
7171.2,1093.4444974082924,906.5555025917079,963.1009331490203,136.89906685097898,0.008131281943541792,0.003689906685097865,329.3946506513138,0.006945274274896656,186.8889948165845,2.618125106764817e-07,2.0945000854118537e-08,4.892987695073396e-05,1.7304798795286805e-05,0.004815709798211139
7185.6,1093.3745471018622,906.6254528981377,963.0761856312268,136.92381436877284,0.007954187383441355,0.0036923814368772473,330.179929782824,0.006945276454830486,186.74909420372444,2.58288328930483e-07,2.066306631443864e-08,4.823511147116133e-05,1.707084123322682e-05,0.004812083752164121
7200.0,1093.3055485680281,906.694451431972,963.0517581230885,136.94824187691106,0.007794502743372071,0.0036948241876910725,330.96404135909074,0.006945278227137574,186.61109713605617,2.5511060459310426e-07,2.040884836744834e-08,4.7606469814161795e-05,1.685982139888413e-05,0.004808507090401976
