time_s,feedback_imbalance,open_loop_replay_imbalance
0.0,800.0,800.0
0.72,799.9802707838411,799.9802806231476
1.44,799.9442026831102,799.9442222902387
2.16,799.8919151199399,799.8919444233214
2.88,799.8235276363037,799.8235665643316
3.5999999999999996,799.739159876569,799.7392083575693
4.32,799.6389315702124,799.6389895324623
5.04,799.5229625150479,799.523029886615
5.76,799.3913725603807,799.391449269139
6.4799999999999995,799.244281590014,799.2443675642681
7.199999999999999,799.0818095068608,799.0819046752497
7.92,798.9040762176812,798.904180508517
8.64,798.7112016166554,798.7113149581363
9.36,798.5033055702203,798.5034278905275
10.08,798.2805079018281,798.2806391294575
10.799999999999999,798.0429283781151,798.0430684413029
11.52,797.7906866937992,797.7908355205815
12.24,797.5239024569527,797.5240599757483
12.959999999999999,797.242695175998,797.2428613152564
13.68,796.9471842456672,796.9473589338785
14.399999999999999,796.6374889335,796.6376720992886
15.12,796.313728366844,796.3139199388999
15.84,795.9760215198728,795.9762214269588
16.56,795.6244872008647,795.6246953718899
17.28,795.2592440399305,795.2594604038932
18.0,794.8804104767985,794.8806349627881
18.72,794.4881047488271,794.4883372861032
19.439999999999998,794.0824448794768,794.0826853974104
20.16,793.6635486667685,793.6637970948993
20.88,793.2315336719777,793.2317899401904
21.599999999999998,792.7865172090252,792.7867812473852
22.32,792.3286163336955,792.3288880723494
23.04,791.8579478332057,791.8582272022286
23.759999999999998,791.3746282159897,791.3749151451933
24.48,790.8787737007849,790.8790681204089
25.2,790.3705002075401,790.3708020482318
25.919999999999998,789.8499233480491,789.8502325406264
26.64,789.3171584163372,789.3174748918025
27.36,788.7723203794975,788.7726440690683
28.08,788.2155238688006,788.2158547038998
28.799999999999997,787.6468831711198,787.6472210832213
29.52,787.0665122201342,787.0668571408952
30.24,786.4745245880756,786.47487644942
30.959999999999997,785.8710334776051,785.8713922118322
31.68,785.256151713871,785.2565172538112
32.4,784.629991737384,784.6303640159838
33.12,783.992665596216,783.9930445464264
33.839999999999996,783.3442849383484,783.3446704933625
34.56,782.684961004777,782.6853530980521
35.28,782.0148046225876,782.0152031878711
36.0,781.3339261982387,781.3343311695792
36.72,780.6424357111323,780.6428470227731
37.44,779.9404427070875,779.9408602935222
38.16,779.2280562921982,779.2284800881847
38.879999999999995,778.5053851268361,778.5058150674021
39.6,777.772537419823,777.7729734402695
40.32,777.0296209227772,777.0300629586789
41.04,776.2767429246288,776.2771909118338
41.76,775.5140102462959,775.5144641209323
42.48,774.7415292355325,774.7419889340165
43.199999999999996,773.9594057619461,773.9598712209853
43.92,773.1677452121693,773.1682163687698
44.64,772.3666524852189,772.3671292766672
45.36,771.5562319879599,771.5567143518322
46.08,770.7365876307509,770.737075504922
46.8,769.907822823244,769.908316145896
47.519999999999996,769.070040470332,769.0705391799626
48.239999999999995,768.2233429682627,768.2238470036766
48.96,767.367832200894,767.3683415011808
49.68,766.5036095360329,766.5041240405914
50.4,765.6307758219812,765.631295470525
51.12,764.7494313841961,764.7499561167641
51.839999999999996,763.8596760220963,763.8602057790598
52.559999999999995,762.9616090060719,762.9621437280695
53.28,762.0553290744655,762.0558687024261
54.0,761.1409344307723,761.1414789059396
54.72,760.2185227409794,760.2190720049254
55.44,759.2881911310183,759.2887451256589
56.16,758.3500361843354,758.3505948519556
56.879999999999995,757.4041539395828,757.4047172228723
57.599999999999994,756.4506398884787,756.4512077305282
58.32,755.4895889739581,755.4901613180454
59.04,754.5210955878957,754.521672377604
59.76,753.5452535693694,753.5458347486122
60.48,752.562156202963,752.5627417159882
61.199999999999996,751.5718962171578,751.5724860085521
61.919999999999995,750.574565782832,750.5751597975266
62.64,749.5702565118676,749.5708546951437
63.36,748.5590594558723,748.5596617533554
64.08,747.5410651050112,747.5416714626479
64.8,746.5163633868807,746.5169737509553
65.52,745.4850436655391,745.4856579826741
66.24,744.4471947406171,744.4478129577722
66.96,743.402904846528,743.4035269109947
67.67999999999999,742.3522616517695,742.352887511164
68.39999999999999,741.295352258313,741.2959818605693
69.12,740.2322632010496,740.2328964944476
69.84,739.1630804473615,739.163717380553
70.56,738.0878893968345,738.0885299188111
71.28,737.0067748809663,737.0074189410606
72.0,735.9198211629936,735.9204687108756
72.72,734.8271119377961,734.8277629234711
73.44,733.728730331884,733.7293847056878
74.16,732.6247589034599,732.6254166160546
74.88,731.5152796425325,731.5159406449295
75.6,730.400373971152,730.4010382147131
76.32,729.2801227437116,729.2807901801383
77.03999999999999,728.1546062472969,728.1552768286294
77.75999999999999,727.0239042021147,727.0245778807348
78.48,725.8880957619966,725.8887724906249
79.2,724.7472595149617,724.7479392466611
79.92,723.6014734838528,723.6021561720288
80.64,722.4508151270459,722.4515007254355
81.36,721.2953613391952,721.296049801872
82.08,720.1351884520619,720.1358797334357
82.8,718.9703722353972,718.9710662902139
83.52,717.8009878978852,717.8016846812267
84.24,716.627110088143,716.6278095554269
84.96,715.448812895777,715.4495150027561
85.67999999999999,714.2661698524954,714.2668745552577
86.39999999999999,713.0792539332756,713.0799611882402
87.11999999999999,711.8881375575772,711.8888473214965
87.84,710.6928925906135,710.6936048205724
88.56,709.4935903446717,709.4943049980849
89.28,708.2903015804784,708.2910186150903
90.0,707.0830965086171,707.0838158824994
90.72,705.8720447909882,705.8727664625384
91.44,704.6572155423127,704.6579394702557
92.16,703.4386773316803,703.4394034750724
92.88,702.2164981841514,702.2172265023754
93.6,700.9907455823895,700.9914760351528
94.32,699.7614864683359,699.7622190156687
95.03999999999999,698.528787244926,698.5295218471797
95.75999999999999,697.292713777844,697.2934503956869
96.47999999999999,696.0533313973131,696.0540699917278
97.2,694.8107048999108,694.8114454322034
97.92,693.5648985504381,693.5656409822404
98.64,692.3159760838265,692.3167203770884
99.36,691.0640007070634,691.0647468240494
100.08,689.809035101152,689.809783004441
100.8,688.5511414231087,688.5518910755898
101.52,687.2903813079859,687.2911326728554
102.24,686.0268158709274,686.0275689116839
102.96,684.760505709218,684.7612603896907
103.67999999999999,683.491510904429,683.4922671887696
104.39999999999999,682.2198910245589,682.2206488772291
105.11999999999999,680.9457051261863,680.9464645119557
105.83999999999999,679.669011756658,679.6697726406005
106.56,678.3898689563033,678.3906313037911
107.28,677.1083342606676,677.1090980373662
108.0,675.8244647027742,675.8252298746328
108.72,674.5383168154046,674.5390833486459
109.44,673.2499466334009,673.2507144945079
110.16,671.9594096959373,671.9601788516885
110.88,670.6667610488284,670.6675314663647
111.6,669.3720552470188,669.3728268937787
112.32,668.0753463568994,668.076119200613
113.03999999999999,666.7766879586964,666.777461967385
113.75999999999999,665.4761331488814,665.4769082908548
114.47999999999999,664.1737345425977,664.1745107864516
115.19999999999999,662.8695442761012,662.8703215907135
115.92,661.5636140092137,661.5643923637425
116.64,660.2559949277932,660.2567742916722
117.36,658.9467377462142,658.9475180891495
118.08,657.6358927098369,657.6366740018289
118.8,656.3235095975458,656.3242918088773
119.52,655.0096377242604,655.0104208254913
120.24,653.6943259434591,653.6951099054244
120.96,652.3776226497156,652.3784074435245
121.67999999999999,651.0595757812465,651.0603613782802
122.39999999999999,649.7402328224642,649.7410191943767
123.11999999999999,648.4196408065427,648.4204279252597
123.83999999999999,647.0978463179883,647.0986341557066
124.56,645.7748954952166,645.7756840244056
125.28,644.450834033152,644.4516232265407
126.0,643.1257071858147,643.1264970163835
126.72,641.7995597689012,641.8003502098904
127.44,640.4724361623959,640.4732271873048
128.16,639.144380313176,639.1451718957636
128.88,637.8154357376271,637.8162278519094
129.6,636.4856455242516,636.486438144504
130.32,635.1550523362902,635.1558454370472
131.04,633.8236984143405,633.8244919703982
131.76,632.491625578979,632.4924195653975
132.48,631.1588752333956,631.1596696254934
133.2,629.8254883660516,629.8262831393675
133.92,628.4915055532495,628.4923006835638
134.64,627.1569669617792,627.157762425116
135.35999999999999,625.8219123515512,625.8227081241771
136.07999999999998,624.4863810782236,624.4871771366478
136.79999999999998,623.1504120958348,623.1512084168049
137.51999999999998,621.8140439594233,621.8148405199289
138.24,620.4773148276618,620.4781116049297
138.96,619.1402624654771,619.1410594369726
139.68,617.802924246673,617.8037213900998
140.4,616.4653371565628,616.4661344498519
141.12,615.1275377945792,615.1283352158861
141.84,613.7895623768824,613.790359904591
142.56,612.4514467389777,612.4522443516994
143.28,611.1132263383248,611.1140240148965
144.0,609.7749362569417,609.7757339764247
144.72,608.4366112040055,608.437408945685
145.44,607.0982855184503,607.0990832618329
146.16,605.759993171556,605.7607908963707
146.88,604.4217677695374,604.4225654557346
147.6,603.0836425561291,603.0844401838758
148.32,601.7456504151668,601.7464479648376
149.04,600.4078238731436,600.408621325326
149.76,599.0701951017824,599.0709924372746
150.48,597.7327959205924,597.7335931204035
151.2,596.3956577994231,596.3964548447709
151.92,595.0588118610106,595.0596087333201
152.64,593.7222888835133,593.7230855644175
153.35999999999999,592.3861193030473,592.3869157743848
154.07999999999998,591.0503332162085,591.0511294600238
154.79999999999998,589.7149603825911,589.7157563811338
155.51999999999998,588.3800302273086,588.380825963021
156.23999999999998,587.0455718434816,587.0463672990007
156.96,585.7116139947319,585.7124091528908
157.68,584.3781851176714,584.3789799614974
158.4,583.045313324378,583.0461078370931
159.12,581.7130264048659,581.7138205698843
159.84,580.3813518295445,580.3821456304725
160.56,579.05031675167,579.0511101723052
161.28,577.7199480097861,577.7207410341184
162.0,576.3902721301594,576.3910647423693
162.72,575.0613153292086,575.0621075136606
163.44,573.7331035159234,573.7338952571554
164.16,572.4056622942502,572.4064535769812
164.88,571.0790169654969,571.0798077746261
165.6,569.7531925307168,569.7539828513237
166.32,568.4282136930872,568.4290035104285
167.04,567.104104860272,567.1048941597825
167.76,565.7808901467783,565.781678914069
168.48,564.4585933763001,564.4593815971585
169.2,563.1372380840527,563.1380257444445
169.92,561.8168475191007,561.8176346051654
170.64,560.4974446466842,560.4982311447206
171.35999999999999,559.1790521505019,559.1798380469727
172.07999999999998,557.8616924350054,557.8624777165396
172.79999999999998,556.5453876276844,556.5461722810769
173.51999999999998,555.2301595813391,555.2309435935479
174.23999999999998,553.9160298763363,553.916813234484
174.95999999999998,552.6030198228619,552.603802514233
175.68,551.291150463154,551.291932475197
176.4,549.9804425737333,549.9812238940586
177.12,548.6709166676137,548.6716972839967
177.84,547.3625929965344,547.36337289689
178.56,546.055491553133,546.0562707255109
179.28,544.749632073107,544.7504105057056
180.0,543.4450340373978,543.4458117185651
180.72,542.1417166743504,542.1424935925824
181.44,540.8396989618586,540.8404751058007
182.16,539.5389996295007,539.5397749879481
182.88,538.2396371606617,538.2404117225615
183.6,536.9416297946469,536.9424035490991
184.32,535.6449955287777,535.6457684650412
185.04,534.3497521204835,534.3505242279786
185.76,533.0559170893742,533.0566883576898
186.48,531.7635077193074,531.764278138208
187.2,530.472541060445,530.4733106198734
187.92,529.1830339314411,529.1838026213776
188.64,527.89500292128,527.8957707317957
189.35999999999999,526.6084643913064,526.609231312603
190.07999999999998,525.323434477273,525.3242004996838
190.79999999999998,524.0399290913361,524.0406942053252
191.51999999999998,522.7579639240369,522.7587281202022
192.23999999999998,521.477554446276,521.4783177153495
192.95999999999998,520.1987159112701,520.199478244122
193.68,518.921463356501,518.9222247441439
194.4,517.6458116056509,517.6465720392459
195.12,516.3717752705273,516.3725347413908
195.84,515.0993687529749,515.1001272525875
196.56,513.828606246775,513.829363766793
197.28,512.5595017395765,512.560258271805
198.0,511.292069014939,511.2928245511439
198.72,510.0263216538849,510.0270761859226
199.44,508.76227303685846,508.76302655670156
200.16,507.4999363455979,507.5006888453334
200.88,506.2393245649656,506.2400760367983
201.6,504.98045048477127,504.98120092102664
202.32,503.7233267015846,503.7240760947112
203.04,502.4679656205333,502.4687139631082
203.76,501.2143794570901,501.2151267418272
204.48,499.9625802388549,499.9633264586099
205.2,498.71257980731343,498.71332495509824
205.92,497.4643898195977,497.4651338885915
206.64,496.2180217502274,496.2187647337926
207.35999999999999,494.97348689293017,494.9742287845459
208.07999999999998,493.7307963624344,493.73153715556725
208.79999999999998,492.48996109593566,492.4907007841606
209.51999999999998,491.2509918549191,491.25173043192046
210.23999999999998,490.01389922686144,490.0146366864274
210.95999999999998,488.7786936269159,488.77942996293393
211.67999999999998,487.545385299591,487.5461205060396
212.4,486.31398432041476,486.3147183913579
213.12,485.084500597595,485.0852335271723
213.84,483.8569438736678,483.8576756560834
214.56,482.6313237271338,482.6320543566472
215.28,481.4076495740443,481.40837904500245
216.0,480.1859306695758,480.18665897648924
216.72,478.9661761097873,478.9669032472587
217.44,477.7483948331512,477.7491207958768
218.16,476.53259562214214,476.53332040491705
218.88,475.31878710482147,475.3195107025463
219.6,474.1069777564113,474.10770016410135
220.32,472.8971759008614,472.8978971136581
221.04,471.6893897124038,471.6901097255926
221.76,470.4836272171067,470.48434602613537
222.48,469.27989629441356,469.28061389491734
223.2,468.0782046787931,468.078921066513
223.92,466.87855996136705,466.8792751319832
224.64,465.6809695911271,465.6816835404055
225.35999999999999,464.48544087659957,464.48615360039173
226.07999999999998,463.2919809873682,463.2926924816065
226.79999999999998,462.100596955589,462.10130721627974
227.51999999999998,460.9112956774968,460.9120047007145
228.23999999999998,459.72408391491024,459.72479169679144
228.95999999999998,458.53896829673124,458.53967483346753
229.67999999999998,457.35595532039815,457.35666060827054
230.39999999999998,456.17505135337865,456.1757553887857
231.12,454.9962626347178,454.99696541414545
231.84,453.81959527648644,453.82029679651674
232.56,452.6450552652616,452.645755522584
233.28,451.4726484636012,451.4733474550309
234.0,450.30238061152033,450.30307833401986
234.72,449.1342573279635,449.1349537786709
235.44,447.96828411227705,447.96897928853997
236.16,446.8044663458901,446.8051602451057
236.88,445.6428092936991,445.6435019132632
237.6,444.48331810541447,444.4840094428078
238.32,443.3259978171493,443.32668786992093
239.04,442.17085335291756,442.1715421186639
239.76,441.01788952613504,441.0185770024763
240.48,439.86711104113056,439.86779722568014
241.2,438.71852249448614,438.71920738497965
241.92,437.57212837661166,437.57281197096194
242.64,436.4279330733974,436.4286153696167
243.35999999999999,435.2859408676476,435.2866218638654
244.07999999999998,434.1461559406074,434.14683563509453
244.79999999999998,433.0085823734928,433.0092607646968
245.51999999999998,431.87322414903394,431.8739012356218
246.23999999999998,430.7400851531594,430.7407609339446
246.95999999999998,429.6091691769499,429.6098436504781
247.67999999999998,428.48047991738065,428.4811530823701
248.39999999999998,427.35402097910196,427.3546928346742
249.12,426.2297958769078,426.2304664219968
249.84,425.1078080364092,425.10847727015255
250.56,423.98806079612484,423.98872871780736
251.28,422.8705574091613,422.8712240181706
252.0,421.7553010448629,421.7559663407016
252.72,420.64229479054313,420.64295877283683
253.44,419.5315416532392,419.5322043217435
254.16,418.4230445615011,418.4237059160997
254.88,417.3168063671899,417.31746640790186
255.6,416.21282984732716,416.2134885743024
256.32,415.11111770595494,415.111775119478
257.03999999999996,414.01167257603163,414.01232867653306
257.76,412.91449702138016,412.91515180943526
258.48,411.81959353866455,411.8202470149912
259.2,410.72696455939285,410.7276167248606
259.92,409.6366124519543,409.6372633076094
260.64,408.54853952377255,408.54918907081014
261.36,407.46274802340963,407.4633962631859
262.08,406.3792401427328,406.3798870768024
262.8,405.29801801924066,405.29866364931104
263.52,404.21908373828353,404.2197280662467
264.24,403.14243933541445,403.14308236337723
264.96,402.0680867988867,402.0687285291159
265.68,400.99602807201416,400.99666850699253
266.4,399.9262650557529,399.92690419818825
267.12,398.8587996113604,398.85943746413875
267.84,397.79363356295175,397.7942701292078
268.56,396.7307687003855,396.73140398343236
269.28,395.6702067820463,395.670840785349
270.0,394.61194953759366,394.61258226489286
270.71999999999997,393.5559986709517,393.55663012637683
271.44,392.50235586343445,392.5029860515583
272.15999999999997,391.45102277734077,391.45165170281086
272.88,390.40200105866245,390.40262872638584
273.59999999999997,389.3552923405799,389.35591875576097
274.32,388.3108982469587,388.3115234150956
275.03999999999996,387.2688203958529,387.2694443227901
275.76,386.2290604032178,386.2296830951528
276.48,385.1916198867416,385.1922413501856
277.2,384.1565004697495,384.1571207114885
277.92,383.1237037851729,383.1243228122838
278.64,382.09323147954046,382.09384929956076
279.36,381.06508521749936,381.06570183835277
280.08,380.0392666861459,380.039882116156
280.8,379.0157775995708,379.01639184748416
281.52,377.9946197035938,377.9952327785662
282.24,376.9757947805738,376.97640669219106
282.96,375.9593046543931,375.9599154127079
283.68,374.945151195617,374.9457608111833
284.4,373.9333363268397,373.9339448107197
285.12,372.9238620282099,372.9244693919375
285.84,371.9167303429964,371.9173365986296
286.56,370.91194338345235,370.91254854359255
287.28,369.9095033368211,369.9101074146376
288.0,368.90941247153285,368.91001548077685
288.71999999999997,367.91167314357983,367.91227509859897
289.44,366.91628780308645,366.9168887188403
290.15999999999997,365.9232590010796,365.92385889315165
290.88,364.9325893964126,364.93318828105544
291.59999999999997,363.9442817629234,363.9448796570973
292.32,362.9583389968533,362.958935918208
293.03999999999996,361.9747641244061,361.9753600912792
293.76,360.993560309514,360.9941553409406
294.47999999999996,360.01473086165265,360.01532497753
295.2,359.03827924425184,359.0388724652754
295.92,358.0642090830788,358.0648014307072
296.64,357.0925241748711,357.0931156712768
297.36,356.1232284958819,356.12381916416535
298.08,355.15632621102804,355.1569160752874
298.8,354.1918216833311,354.1924107685223
299.52,353.2297194833036,353.2303078151585
300.24,352.2700243985064,352.2706120035239
300.96,351.31274144295867,351.3133283487774
301.68,350.3578758676233,350.35846210288645
302.4,349.40543317046865,349.4060187648063
303.12,348.45541910672307,348.4560040908136
303.84,347.507839699387,347.50842410499786
304.56,346.56270125002084,346.56328510990323
305.28,345.6200103495297,345.6205936973085
306.0,344.67977388854376,344.6803567590917
306.71999999999997,343.74199906883166,343.7425814981863
307.44,342.806693414474,342.80727543964696
308.15999999999997,341.87386478281326,341.87444644176963
308.88,340.9435213751532,340.9441027072245
309.59999999999997,340.01567174858644,340.01625279420705
310.32,339.09032482706766,339.0909056275936
311.03999999999996,338.16748991208067,338.1680705100289
311.76,337.2471766936919,337.2477571329157
312.47999999999996,336.329395261959,336.32997558731427
313.2,335.4141561175679,335.41473637470654
313.92,334.5014701815985,334.5020504175383
314.64,333.591348806596,333.59192906952757
315.36,332.68380378677057,332.6843841257237
316.08,331.77884736744693,331.7794278322411
316.8,330.87649225373434,330.8770728955917
317.52,329.9767516205437,329.9773324916035
318.24,329.0796391208967,329.08022027388307
318.96,328.18516889315947,328.1857503817259
319.68,327.2933555685096,327.29393744742123
320.4,326.4042142782671,326.40479660291686
321.12,325.5177606596567,325.5183434857705
321.84,324.63401086006775,324.6345942443161
322.56,323.75298154226687,323.7535655419808
323.28,322.87468988790545,322.8752745606916
324.0,321.999153599739,321.9997390033019
324.71999999999997,321.1263909024706,321.12697709498735
325.44,320.25642054354955,320.25700758352514
326.15999999999997,319.38926179219027,319.3898497383887
326.88,318.5249344375336,318.5255233486102
327.59999999999997,317.66345878497236,317.66404871933014
328.32,316.80485565135314,316.80544666697403
329.03999999999996,315.9491463584818,315.94973851303376
329.76,315.0963527256405,315.0969460763545
330.47999999999996,314.2464970603603,314.2470916638797
331.2,313.39960214781513,313.4001980598511
331.92,312.55569123800854,312.55628851337536
332.64,311.71478803190575,311.71538672432763
333.36,310.87691666578417,310.8775168276165
334.08,310.0421016933964,310.0427033757247
334.8,309.21036806712925,309.21097131952473
335.52,308.38174111730405,308.38234598742076
336.24,307.5562465289331,307.5568530627488
336.96,306.7339103179643,306.7345185594678
337.68,305.9147588054583,305.91536879621754
338.4,305.098818589188,305.0994303687033
339.12,304.28611651515473,304.2867301204741
339.84,303.4766796469132,303.47729511219484
340.56,302.67053523243794,302.6711525894076
341.28,301.86771067138636,301.86832994888414
342.0,301.06823348010516,301.0688547036856
342.71999999999997,300.2721312545176,300.27275444697517
343.44,299.47943163382956,299.48005681470477
344.15999999999997,298.69016226206406,298.6907894473124
344.88,297.9043507479805,297.90497995052226
345.59999999999997,297.1220246261572,297.12265585538324
346.32,296.34321131615866,296.34384457769255
347.03999999999996,295.5679380807269,295.56857337694777
347.76,294.7962319853573,294.79686931495695
348.47999999999996,294.0281198564179,294.02875921426596
349.2,293.26362823899547,293.26426961658325
349.91999999999996,292.5027833562042,292.5034267413193
350.64,291.7456110677191,291.74625644439794
351.36,290.9921368287038,290.99278417755477
352.08,290.24238565014684,290.2430349482048
352.8,289.49638205929944,289.4970332800387
353.52,288.75415006106266,288.7548031745728
354.24,288.01571310064594,288.0163680737116
354.96,287.2810940273332,287.28175082344245
355.68,286.5503150594584,286.55097363885716
356.4,285.82339775063895,285.8240580706151
357.12,285.1003629580125,285.10102497294946
357.84,284.38123081170795,284.38189447328074
358.56,283.6660206863643,283.66668594353706
359.28,282.9547511741846,282.9554179733048
360.0,282.2474400596525,282.24810834485095
360.71999999999997,281.5441042969454,281.5447740100829
361.44,280.8447599884845,280.8454310694815
362.15999999999997,280.1494223661929,280.15009475304396
362.88,279.4581057743469,279.45877940327716
363.59999999999997,278.7708236544229,278.7714984602374
364.32,278.0875885326325,278.088264448628
365.03999999999996,277.40841200856516,277.4090889669468
365.76,276.73330474678005,276.7339826786595
366.47999999999996,276.06227646979823,276.0629553053816
367.2,275.3953359531607,275.3960156220255
367.91999999999996,274.7324910228317,274.73317145387267
368.64,274.07374855370597,274.07442967551987
369.36,273.4191144707693,273.41979621164194
370.08,272.7685937514045,272.7692760395032
370.8,272.1221904295843,272.12287319315766
371.52,271.47990760187986,271.4805907692527
372.24,270.8417474345089,270.84243093437
372.96,270.2077111724128,270.2083949338184
373.68,269.5777991492582,269.57848310179133
374.4,268.95201079891785,268.9526948728177
375.12,268.3303446682032,268.33102879440213
375.84,267.7127984304957,267.7134825407875
376.56,267.0993689006615,267.10005292774036
377.28,266.49005205072,266.49073592827597
378.0,265.8848430264435,265.88552668924615
378.71999999999997,265.28373616473993,265.284419548693
379.44,264.6867250116949,264.6874080539005
380.15999999999997,264.09380234122875,264.0944849800575
380.88,263.50496017433636,263.50564234945233
381.59999999999997,262.92018979871364,262.9208714511346
382.32,262.339481788816,262.3401628609599
383.03999999999996,261.7628260262802,261.7635064619603
383.76,261.19021172046064,261.1908914649678
384.47999999999996,260.62162742936164,260.62230642943024
385.2,260.0570610805113,260.0577392843638
385.91999999999996,259.4964999919738,259.49717734937974
386.64,258.9399308935232,258.94060735573964
387.36,258.38733994760094,258.38801546739137
388.08,257.8387127702938,257.83938730193483
388.8,257.2940344521743,257.2947079514727
389.52,256.75328957905833,256.75396200331505
390.24,256.2164622524839,256.2171335605012
390.96,255.6835361100143,255.68420626209672
391.68,255.15449434532695,255.15516330324752
392.4,254.62931972795786,254.62998745495736
393.12,254.10799462279306,254.10866108356186
393.84,253.5905010092381,253.59116616988496
394.56,253.07682050000506,253.07748432805232
395.28,252.56693435959562,252.56759682394693
396.0,252.0608235223758,252.06148459329233
396.71999999999997,251.55846861026498,251.55912825935022
397.44,251.05984995006065,251.06050815022053
398.15999999999997,250.56494759031534,250.56560431573905
398.88,250.07374131782365,250.0743965439602
399.59999999999997,249.5862106737046,249.5868643772242
400.32,249.1023349690264,249.10298712780155
401.03999999999996,248.6220933000384,248.6227438931138
401.76,248.14546456297091,248.14611357052806
402.47999999999996,247.67242746837155,247.67307487172684
403.2,247.2029605550972,247.2036063366516
403.91999999999996,246.73704220385196,246.73768634702512
404.64,246.2746506502359,246.27529313945206
405.35999999999996,245.81576399737287,245.81640481810413
406.08,245.36036022831308,245.36099936699185
406.8,244.90841721788058,244.9090546618296
407.52,244.4599127440256,244.4605484814989
408.24,244.0148244989556,244.01545851911624
408.96,243.5731300998632,243.5737623927112
409.68,243.13480709920134,243.13543765552112
410.4,242.69983299449416,242.70046180591325
411.12,242.2681852380124,242.26881229693782
411.84,241.83984124595975,241.84046654552017
412.56,241.4147784072694,241.41540194130232
413.28,240.99297409206736,240.99359585514074
414.0,240.57440565991908,240.57502564726894
414.71999999999997,240.1590504676484,240.1596686751305
415.44,239.74688587678713,239.74750230089512
416.15999999999997,239.33788926082025,239.33850389866507
416.88,238.93203801211405,238.93265086137734
417.59999999999997,238.5293095485107,238.52992060741238
418.32,238.12968131959974,238.13029058691896
419.03999999999996,237.73313081282652,237.7337382878617
419.76,237.33963555926482,237.3402412417981
420.47999999999996,236.94917313911026,236.94977702939593
421.2,236.5617211869329,236.56232328569854
421.91999999999996,236.17725739673415,236.17785770514516
422.64,235.7957595267203,235.79635804635242
423.35999999999996,235.41720540382948,235.4178021366689
424.08,235.0415729280803,235.04216787650685
424.8,234.66884007669807,234.66943324345982
425.52,234.2989849080161,234.29957629621168
426.24,233.93198556516575,233.93257517824765
426.96,233.5678202796222,233.56840812137128
427.68,233.206467374534,233.20705344903362
428.4,232.847905267873,232.84848957948222
429.12,232.49211247536277,232.4926950287393
429.84,232.13906761333192,232.13964841341235
430.56,231.7887494013628,231.7893284533418
431.28,231.4411366647779,231.44171397409315
432.0,231.09620833697454,231.09678390930074
432.71999999999997,230.7539434616284,230.75451730286858
433.44,230.41432119476246,230.41489331103105
434.15999999999997,230.0773208066713,230.07789120428038
434.88,229.74292168371824,229.74349036916618
435.59999999999997,229.41110332999938,229.41167030997383
436.32,229.08184536892134,229.08241065028236
437.03999999999996,228.75512754463614,228.7556911344094
437.76,228.43092972337843,228.43149162874613
438.47999999999996,228.1092318947011,228.10979212298938
439.2,227.79001417259872,227.7905727312716
439.91999999999996,227.47325679654125,227.47381369319498
440.64,227.15894013241927,227.15949537477204
441.35999999999996,226.84704467339304,226.847598269279
442.08,226.537551040665,226.5381029980234
442.8,226.23043998415585,226.23099031103044
443.52,225.9256923831182,225.92624108765057
444.24,225.62328924667418,225.62383633709305
444.96,225.32321171427373,225.3237571988882
445.68,225.02544105608342,225.02598494328058
446.4,224.72995867331633,224.73050097155723
447.12,224.43674609849904,224.43728681631262
447.84,224.1457849956838,224.1463241416549
448.56,223.85705716058396,223.8575947433541
449.28,223.57054452067268,223.5710805489362
450.0,223.2862291352228,223.28676361772452
450.71999999999997,223.00409319531127,223.00462614083264
451.44,222.72411902374802,222.72465044110837
452.15999999999997,222.44628907497986,222.44681897303394
452.88,222.17058593494573,222.17111432258196
453.59999999999997,221.89699232091152,221.89751920703134
454.32,221.62549108122107,221.6260164747434
455.03999999999996,221.35606519503892,221.35658910490145
455.76,221.0886977720486,221.08922020721442
456.47999999999996,220.82337205212093,220.82389302158734
457.2,220.56007140496854,220.56059091775953
457.91999999999996,220.29877932980992,220.2992973949134
458.64,220.03947945485152,220.0399960812543
459.35999999999996,219.7821555368713,219.78267073356238
460.08,219.52679146073933,219.5273052367194
460.79999999999995,219.273371238918,219.27388360321092
461.52,219.0218790109799,219.02238997260537
462.24,218.77229904308058,218.7728086110118
462.96,218.52461572731954,218.52512391051678
463.68,218.27881358118577,218.2793203886015
464.4,218.0348772469573,218.03538268754173
465.12,217.79279149107356,217.79329557378938
465.84,217.5525412035638,217.5530439373391
466.56,217.3141113973603,217.31461279107847
467.28,217.07748720760185,217.07798727012536
468.0,216.8426538909788,216.84315263115104
468.71999999999997,216.60959682503744,216.6100942516918
469.44,216.37830150748243,216.37879762944837
470.15999999999997,216.14875355552056,216.14924838157467
470.88,215.9209387050779,215.92143224395687
471.59999999999997,215.6948428100725,215.69533507048334
472.32,215.47045184168144,215.47094283230547
473.03999999999996,215.247751887591,215.24824161709205
473.76,215.0267291512513,215.02721762827514
474.47999999999996,214.80736995115797,214.80785718428973
475.2,214.58966072002272,214.59014671780778
475.91999999999996,214.37358800401796,214.37407277496683
476.64,214.15913846200112,214.15962201459357
477.35999999999996,213.94629886473126,213.9467812074237
478.08,213.73505609410233,213.7355372353174
478.79999999999995,213.52539714237128,213.52587709047145
479.52,213.31730911132126,213.31778787462875
480.24,213.11077921148797,213.11125679828575
480.96,212.90579476136008,212.90627117989706
481.68,212.70234318658208,212.70281844507943
482.4,212.50041201918202,212.50088612581396
483.12,212.29998889676222,212.30046185964707
483.84,212.1010615616765,212.10153338889145
484.56,211.90361786024755,211.90408855982702
485.28,211.70764574196005,211.70811532190172
486.0,211.51313325866386,211.51360172693265
486.71999999999997,211.32006856380212,211.32053592830835
487.44,211.12843991158798,211.128906180191
488.15999999999997,210.93823565620596,210.9387008367213
488.88,210.74944425102433,210.7499083512236
489.59999999999997,210.56205424779705,210.56251727541388
490.32,210.37605429588086,210.3765162586086
491.03999999999996,210.19143314146504,210.19189404693654
491.76,210.0081796267533,210.00863948255204
492.47999999999996,209.82628268919018,209.82674150285158
493.2,209.6457313606752,209.6461891396932
493.91999999999996,209.46651476678858,209.4669715186183
494.64,209.28862212601086,209.28907785807658
495.35999999999996,209.1120427489608,209.11249746865468
496.08,208.936766037658,208.93721975230721
496.79999999999995,208.7627814847067,208.76323420159153
497.52,208.5900786725531,208.59053039890676
498.24,208.41864727272673,208.41909801573584
498.96,208.24847704509375,208.2489268118919
499.68,208.0795578371044,208.08000663476824
500.4,207.91187958304022,207.91232741859233
501.12,207.74543230324832,207.74587918368462
501.84,207.58020610344613,207.58065203572076
502.56,207.41619117397795,207.41663616499858
503.28,207.25337778908067,207.25382184570896
504.0,207.0917563061647,207.09219943521168
504.71999999999997,206.931317165093,206.93175937331537
505.44,206.7720508874579,206.772492181562
506.15999999999997,206.61394807584838,206.61438846251707
506.88,206.45699941319094,206.457438899063
507.59999999999997,206.30119566202734,206.30163425369813
508.32,206.1465276638245,206.1469653678401
509.03999999999996,205.9929863382813,205.99342316113405
509.76,205.8405626826476,205.84099863076565
510.47999999999996,205.6892477710186,205.68968285077943
511.2,205.53903275363962,205.5394669714015
511.91999999999996,205.38990885628982,205.39034221836826
512.64,205.24186737959144,205.24229989225827
513.36,205.09489969834885,205.09533136783068
514.0799999999999,204.94899726089034,204.94942809336746
514.8,204.80415158841652,204.80458159002154
515.52,204.66035427434724,204.66078345116938
516.24,204.51759698367925,204.51802534176892
516.96,204.37587145235693,204.37629899772256
517.68,204.2351694866377,204.23559622524482
518.4,204.0954829624642,204.09590890023512
519.12,203.95680382484306,203.95722896765608
519.84,203.81912408722735,203.81954844091595
520.56,203.68243583090145,203.68285940125705
521.28,203.54673120437246,203.54715399714834
522.0,203.41200242277682,203.41242444368376
522.72,203.27824176727722,203.27866302198507
523.4399999999999,203.14544158447336,203.14586207860975
524.16,203.0135942858127,203.01401402496398
524.88,202.88269234701113,202.88311133672048
525.6,202.7527283074711,202.7531465532416
526.3199999999999,202.6236947697106,202.62411227700667
527.04,202.49558439879866,202.49600117304513
527.76,202.36838992179253,202.36880596837386
528.48,202.24210412717844,202.24251945143962
529.1999999999999,202.1167198643202,202.1171344715665
529.92,201.9922300429114,201.99264393840767
530.64,201.86862763242914,201.86904082140288
531.36,201.74590566159986,201.74631814923973
532.0799999999999,201.624057217864,201.62446900932034
532.8,201.5030754468471,201.50348654723254
533.52,201.3829535518372,201.3833639662257
534.24,201.2636847932647,201.26409452669157
534.96,201.14526248818743,201.14567154564904
535.68,201.0276800097787,201.02808839623472
536.4,200.9109307868223,200.9113385071967
537.12,200.7950083032141,200.79541536239435
537.84,200.67990609746505,200.68031250030126
538.56,200.56561776220656,200.5660235135138
539.28,200.45213694370807,200.45254204826358
540.0,200.33945734138797,200.33986180393418
540.72,200.22757270733962,200.2279765325833
541.4399999999999,200.1164768458533,200.11688003846814
542.16,200.00616361295226,200.00656617757576
542.88,199.89662691592196,199.89702885715755
543.6,199.78786071285208,199.78826203526836
544.3199999999999,199.67985901217844,199.68025972030935
545.04,199.57261587223036,199.5730159705753
545.76,199.46612540078434,199.46652489380642
546.48,199.36038175461795,199.36078064674382
547.1999999999999,199.25537913906862,199.25577743468955
547.92,199.15111180759118,199.15150951107054
548.64,199.0475740613375,199.04797117700684
549.36,198.9447602487253,198.94515678088348
550.0799999999999,198.84266476501273,198.8430607179267
550.8,198.74128205188072,198.741677429784
551.52,198.6406065970133,198.64100140410812
552.24,198.5406329336896,198.541027174145
552.96,198.4413556403723,198.44174931832555
553.68,198.3427693403063,198.34316245986128
554.4,198.24486870111446,198.2452612663439
555.12,198.1476484344015,198.1480404493485
555.84,198.05110329536456,198.05149476404043
556.56,197.95522808240048,197.9556190087861
557.28,197.86001763672198,197.8604080247675
558.0,197.76546684197422,197.76585669559998
558.72,197.67157062385616,197.6719599469542
559.4399999999999,197.5783239497464,197.57871274618114
560.16,197.4857218283322,197.486110101941
560.88,197.39375930923927,197.39414706383573
561.6,197.3024314826813,197.3028187220444
562.3199999999999,197.2117334790895,197.21212020696274
563.04,197.1216604687471,197.12204668884561
563.76,197.03220766144318,197.03259337745334
564.48,196.94337030612155,196.94375552170092
565.1999999999999,196.85514369053146,196.85552840931123
565.92,196.76752314088503,196.76790736647075
566.64,196.6805040215146,196.68088775748905
567.36,196.59408173453778,196.59446498446152
568.0799999999999,196.5082517195217,196.50863448693528
568.8,196.4230094531755,196.42339174157763
569.52,196.33835044898672,196.33873226184866
570.24,196.2542702569117,196.2546515976761
570.9599999999999,196.17076446305055,196.1711453351342
571.68,196.08782868933088,196.0882090961246
572.4,196.00545859319163,196.0058385380613
573.12,195.92364986727034,195.92402935355798
573.84,195.84239823909297,195.84277727011823
574.56,195.76169947076744,195.7620780498293
575.28,195.68154935868586,195.68192748905804
576.0,195.60194373322565,195.60232141815024
576.72,195.52287845843864,195.52325570113257
577.4399999999999,195.4443494317618,195.4447262354176
578.16,195.36635258372576,195.36672895151128
578.88,195.28888387766438,195.2892598127238
579.6,195.21193930942866,195.21231481488235
580.3199999999999,195.1355149071029,195.1358899860475
581.04,195.05960673072184,195.05998138623156
581.76,194.98421087199392,194.98458510711995
582.48,194.90932345402587,194.90969727179535
583.1999999999999,194.83494063104717,194.83531403446398
583.92,194.76105858814003,194.76143158018496
584.64,194.68767354097156,194.688046124602
585.36,194.61478173552598,194.6151539136778
586.0799999999999,194.54237944784427,194.5427512234307
586.8,194.4704629837613,194.4708343596741
587.52,194.39902867864885,194.39939965775807
588.24,194.32807289715925,194.32844348231387
588.9599999999999,194.25759203297173,194.2579622270002
589.68,194.18758250854592,194.1879523142526
590.4,194.118040774865,194.11841019503444
591.12,194.0489633111955,194.04933234859098
591.84,193.98034662484292,193.9807152822054
592.56,193.91218725090596,193.91255553095712
593.28,193.84448175204204,193.84484965748223
594.0,193.77722671822778,193.77759425173687
594.72,193.71041876652384,193.71078593076194
595.4399999999999,193.6440545408443,193.64442133845074
596.16,193.57813071172347,193.57849714531818
596.88,193.51264397609089,193.51301004827292
597.6,193.44759105704145,193.44795677039076
598.3199999999999,193.38296870361376,193.383334060691
599.04,193.31877369056872,193.3191386939142
599.76,193.2550028181662,193.25536747030253
600.48,193.19165291195202,193.19201721538184
601.1999999999999,193.12872082253818,193.12908477974625
601.92,193.06620342539247,193.06656703884383
602.64,193.00409762062225,193.00446089276537
603.36,192.94240033277117,192.94276326603452
604.0799999999999,192.88110851060583,192.8814711073998
604.8,192.82021912691255,192.82058138962884
605.52,192.75972917829176,192.76009110930465
606.24,192.69963568495746,192.69999728662322
606.9599999999999,192.6399356905372,192.6402969651936
607.68,192.58062626187166,192.5809872118397
608.4,192.5217044888209,192.52206511640344
609.12,192.46316748406787,192.4635277915505
609.84,192.40501238292688,192.4053723725774
610.56,192.3472363431497,192.3475960172204
611.28,192.28983654474166,192.2901959054662
612.0,192.23281018976763,192.2331692393645
612.72,192.17615450217295,192.1765132428423
613.4399999999999,192.11986672759303,192.12022516151967
614.16,192.06394413317582,192.06430226252752
614.88,192.0083840073978,192.00874183432683
615.6,191.95318365988817,191.95354118652963
616.3199999999999,191.89834042124778,191.8986976497219
617.04,191.84385164287676,191.84420857528733
617.76,191.78971469679846,191.79007133523362
618.48,191.7359269754878,191.73628332201991
619.1999999999999,191.68248589170048,191.68284194838571
619.92,191.62938887830137,191.6297446471815
620.64,191.57663338810096,191.5769888712012
621.36,191.52421689368362,191.52457209301554
622.0799999999999,191.47213688724867,191.47249180480756
622.8,191.4203908804427,191.42074551820926
623.52,191.3689764041992,191.3693307641399
624.24,191.31789100857918,191.31824509264558
624.9599999999999,191.26713226261234,191.26748607274058
625.68,191.21669775413727,191.2170512922498
626.4,191.1665850896485,191.16693835765315
627.12,191.11679189414053,191.11714489393063
627.84,191.06731581095403,191.06766854440943
628.56,191.01815450162678,191.01850697061218
629.28,190.96930564573927,190.96965785210654
630.0,190.92076694076957,190.92111888635623
630.72,190.8725361019434,190.87288778857334
631.4399999999999,190.824610862089,190.82496229157223
632.16,190.77698897149105,190.77734014562418
632.88,190.72966819774774,190.73001911831395
633.6,190.68264632562796,190.68299699439746
634.3199999999999,190.63592115693086,190.63627157566037
635.04,190.58949051034529,190.58984068077874
635.76,190.54335222131192,190.54370214517985
636.48,190.49750414188486,190.4978538209054
637.1999999999999,190.45194414059665,190.4522935764751
637.92,190.4066701023238,190.40701929675194
638.64,190.36167992815012,190.36202888280843
639.36,190.31697153523874,190.3173202517942
640.0799999999999,190.2725428566971,190.27289133680463
640.8,190.22839184144937,190.22874008675078
641.52,190.18451645410425,190.1848644662305
642.24,190.14091467483115,190.14126245540047
642.9599999999999,190.09758449923186,190.09793204984965
643.68,190.05452393821224,190.05487126047373
644.4,190.01173101786344,190.0120781133507
645.12,189.96920377933293,189.9695506496175
645.84,189.9269402787071,189.92728692534783
646.56,189.88493858688605,189.88528501143105
647.28,189.84319678946656,189.84354299345182
648.0,189.80171298662185,189.80205897157163
648.72,189.7604852929827,189.7608310604104
649.4399999999999,189.71951183752196,189.71985738892968
650.16,189.67879076343877,189.67913610031684
650.88,189.63832022804115,189.63866535187023
651.6,189.59809840263608,189.59844331488526
652.3199999999999,189.5581234724143,189.55846817454153
653.04,189.51839363633792,189.51873812979102
653.76,189.47890710703166,189.47925139324738
654.48,189.4396621106705,189.44000619107564
655.1999999999999,189.400656886874,189.4010007628837
655.92,189.36188968859597,189.36223336161407
656.64,189.32335878201457,189.3237022534368
657.36,189.28506244643347,189.28540571764373
658.0799999999999,189.24699897417042,189.24734204654288
658.8,189.2091666704565,189.20950954535456
659.52,189.17156385332999,189.17190653210776
660.24,189.134188853536,189.1345313375378
660.9599999999999,189.09704001442446,189.0973823049848
661.68,189.06011569185,189.06045779029301
662.4,189.02341425407042,189.02375616171102
663.12,188.9869340816491,188.9872757997925
663.84,188.9506735673582,188.95101509729878
664.56,188.9146311160772,188.914972459101
665.28,188.87880514470135,188.87914630208405
666.0,188.84319408204215,188.8435350550509
666.72,188.80779636873592,188.80813715862791
667.4399999999999,188.77261045714727,188.77295106517093
668.16,188.73763481127799,188.73797523867216
668.88,188.7028679066733,188.70320815466783
669.6,188.66830823033104,188.66864830014688
670.3199999999999,188.63395428060983,188.63429417345986
671.04,188.59980456714288,188.60014428422934
671.76,188.56585761074393,188.56619715326062
672.48,188.53211194332061,188.53245131245328
673.1999999999999,188.49856610778852,188.49890530471362
673.92,188.46521865798184,188.46555768386756
674.64,188.432068158569,188.43240701457478
675.36,188.39911318496672,188.39945187224308
676.0799999999999,188.36635232325375,188.36669084294374
676.8,188.33378417008976,188.33412252332766
677.52,188.3014073326301,188.30174552054183
678.24,188.26922042844342,188.269558452147
678.9599999999999,188.2372220854312,188.23755994603596
679.68,188.20541094174553,188.20574864035194
680.4,188.17378564570708,188.17412318340865
681.12,188.14234485572786,188.14268223361017
681.8399999999999,188.11108724023188,188.11142445937202
682.56,188.08001147757557,188.08034853904246
683.28,188.0491162559698,188.04945316082515
684.0,188.0184002734037,188.01873702270154
684.72,187.98786223756838,187.98819883235493
685.4399999999999,187.9575008657796,187.95783730709408
686.16,187.92731488490585,187.9276511737785
686.88,187.8973030312892,187.89763916874364
687.6,187.86746405067527,187.86780003772714
688.3199999999999,187.83779669813748,187.83813253579524
689.04,187.80829973800599,187.8086354272705
689.76,187.77897194379386,187.7793074856594
690.48,187.74981209812813,187.75014749358087
691.1999999999999,187.7208189926762,187.7211542426958
691.92,187.6919914280778,187.6923265336361
692.64,187.66332821387334,187.6636631759357
693.36,187.63482816843668,187.6351629879609
694.0799999999999,187.6064901189045,187.6068247968422
694.8,187.5783129011105,187.57864743840605
695.52,187.55029535951746,187.55062975710774
696.24,187.52243634714853,187.52277060596415
696.9599999999999,187.49473472552359,187.49506884648795
697.68,187.46718936459104,187.46752334862154
698.4,187.4397991426656,187.44013299067194
699.12,187.41256294636014,187.4128966592462
699.8399999999999,187.3854796705241,187.3858132491872
700.56,187.35854821817952,187.35888166351026
701.28,187.3317675004571,187.33210081333968
702.0,187.30513643653455,187.30546961784668
702.72,187.27865395357423,187.27898700418712
703.4399999999999,187.25231898666107,187.25265190743997
704.16,187.22613047874313,187.22646327054653
704.88,187.20008738056936,187.20042004424963
705.6,187.17418865063007,187.17452118703392
706.3199999999999,187.14843325509912,187.14876566506612
707.04,187.1228201677717,187.12315245213622
707.76,187.09734837000917,187.0976805295988
708.48,187.07201685067764,187.07234888631496
709.1999999999999,187.04682460609456,187.0471565185949
709.92,187.02177063996646,187.0221024301407
710.64,186.9968539633378,186.9971856319897
711.36,186.97207359453023,186.97240514245837
712.0799999999999,186.94742855908942,186.94775998708639
712.8,186.92291788972932,186.92324919858174
713.52,186.89854062627637,186.8988718167657
714.24,186.8742958156165,186.87462688851832
714.9599999999999,186.85018251164104,186.85051346772485
715.68,186.82619977519164,186.82653061522197
716.4,186.80234667400953,186.8026773987449
717.12,186.778622282681,186.77895289287477
717.8399999999999,186.75502568258617,186.75535617898632
718.56,186.7315559618471,186.73188634519616
719.28,186.7082122152765,186.70854248631164
720.0,186.68499354432697,186.68532370377963
720.72,186.66189905703993,186.66222910563621
721.4399999999999,186.63892786799545,186.6392578064564
722.16,186.61607909826307,186.61640892730452
722.88,186.5933518753527,186.59368159568504
723.6,186.57074533316404,186.5710749454933
724.3199999999999,186.54825861194104,186.54858811696747
725.04,186.52589085822137,186.52622025663996
725.76,186.503641224788,186.5039705172901
726.48,186.4815088706257,186.48183805789657
727.1999999999999,186.45949296086906,186.4598220435904
727.92,186.4375926667609,186.4379216456084
728.64,186.41580716560202,186.41613604124723
729.36,186.3941356407089,186.39446441381705
730.0799999999999,186.37257728136422,186.37290595259643
730.8,186.35113128277487,186.35145985278714
731.52,186.32979684602503,186.33012531546922
732.24,186.3085731780344,186.30890154755687
732.9599999999999,186.2874594915104,186.28778776175426
733.68,186.26645500490952,186.2667831765117
734.4,186.24555894238927,186.2458870159826
735.12,186.22477053376724,186.22509850998028
735.8399999999999,186.20408901447865,186.20441689393533
736.56,186.18351362553278,186.1838414088533
737.28,186.16304361347272,186.16337130127286
738.0,186.14267823033356,186.14300582322386
738.72,186.12241673359938,186.12274423218634
739.4399999999999,186.10225838616418,186.10258579104936
740.16,186.0822024562899,186.0825297680704
740.88,186.06224821756598,186.06257543683503
741.6,186.0423949488702,186.0427220762168
742.3199999999999,186.02264193432904,186.02296897033767
743.04,186.00298846327735,186.00331540852866
743.76,185.98343383022075,185.98376068529043
744.48,185.9639773347941,185.96430410025502
745.1999999999999,185.94461828172712,185.94494495814706
745.92,185.92535598080212,185.92568256874563
746.64,185.90618974681934,185.90651624684656
747.36,185.8871188995571,185.88744531222466
748.0799999999999,185.86814276373696,185.86846908959672
748.8,185.84926066898424,185.84958690858429
749.52,185.83047194979258,185.83079810367724
750.24,185.81177594548808,185.81210201419708
750.9599999999999,185.79317200019193,185.79349798426122
751.68,185.77465946278403,185.7749853627468
752.4,185.75623768687092,185.7565635032553
753.12,185.73790603074713,185.73823176407748
753.8399999999999,185.7196638573605,185.71998950815802
754.56,185.70151053427833,185.70183610306103
755.28,185.68344543365447,185.68377092093561
756.0,185.6654679321921,185.66579333848165
756.72,185.64757741111123,185.64790273691597
757.4399999999999,185.6297732561154,185.63009850193853
758.16,185.61205485735866,185.61238002369925
758.88,185.59442160941137,185.59474669676476
759.6,185.57687291122784,185.57719792008572
760.3199999999999,185.5594081661127,185.55973309696395
761.04,185.54202678169133,185.54235163502034
761.76,185.5247281698745,185.52505294616256
762.48,185.50751174682784,185.50783644655345
763.1999999999999,185.49037693294179,185.49070155657913
763.92,185.47332315279778,185.47364770081788
764.64,185.4563498351381,185.45667430800893
765.36,185.43945641283506,185.43978081102165
766.0799999999999,185.4226423228613,185.42296664682482
766.8,185.40590700625785,185.40623125645638
767.52,185.38924990810426,185.3895740849932
768.24,185.3726704774905,185.37299458152108
768.9599999999999,185.35616816748586,185.3564921991053
769.68,185.3397424351068,185.3400663947608
770.4,185.323392741293,185.3237166294234
771.12,185.30711855087554,185.30744236792034
771.8399999999999,185.29091933254676,185.2912430789418
772.56,185.27479455883486,185.27511823501223
773.28,185.25874370607278,185.25906731246204
774.0,185.24276625437278,185.24308979139948
774.72,185.22686168759446,185.2271851556827
775.4399999999999,185.2110294933226,185.21135289289202
776.16,185.1952691628344,185.1955924943026
776.88,185.17958019107573,185.17990345485705
777.6,185.16396207663263,185.16428527313843
778.3199999999999,185.14841432170488,185.14873745134335
779.04,185.1329364320785,185.1332594952554
779.76,185.11752791710114,185.11785091421865
780.48,185.1021882896539,185.10251122111148
781.1999999999999,185.0869170661265,185.0872399323204
781.92,185.0717137663895,185.07203656771446
782.64,185.0565779137728,185.05690065061935
783.36,185.04150903503535,185.04183170779217
784.0799999999999,185.02650666034333,185.02682926939605
784.8,185.01157032324375,185.01189286897514
785.52,184.99669956063974,184.99702204342984
786.24,184.98189391276503,184.98221633299187
786.9599999999999,184.96715292316185,184.96747528120017
787.68,184.9524761386541,184.95279843487617
788.4,184.9378631093249,184.9381853441001
789.12,184.92331338849147,184.92363556218677
789.8399999999999,184.90882653268295,184.90914864566193
790.56,184.8944021016141,184.89472415423867
791.28,184.88003965816506,184.88036165079407
792.0,184.86573876835575,184.86606070134604
792.72,184.85149900132478,184.8518208750302
793.4399999999999,184.83731992930552,184.83764174407702
794.16,184.82320112760237,184.8235228837892
794.88,184.80914217457064,184.80946387251916
795.6,184.79514265159253,184.79546429164668
796.3199999999999,184.78120214305488,184.78152372555675
797.04,184.76732023632906,184.76764176161737
797.76,184.75349652174577,184.75381799015813
798.48,184.73973059257833,184.74005200444822
799.1999999999999,184.72602204501527,184.72634340067495
799.92,184.71237047814407,184.7126917779225
800.64,184.69877549392595,184.69909673815076
801.36,184.68523669717774,184.6855578861742
802.0799999999999,184.67175369555116,184.67207482964108
802.8,184.6583260995086,184.65864717901272
803.52,184.64495352230654,184.64527454754295
804.24,184.63163557997336,184.63195655125787
804.9599999999999,184.6183718912896,184.61869280893518
805.68,184.60516207776573,184.60548294208468
806.4,184.59200576362696,184.59232657492782
807.12,184.57890257578777,184.57922333437836
807.8399999999999,184.56585214383767,184.56617285002227
808.56,184.55285410001716,184.55317475409862
809.28,184.5399080792016,184.54022868148013
810.0,184.5270137188803,184.52733426965375
810.7199999999999,184.51417065913722,184.51449115870213
811.4399999999999,184.50137854263335,184.50169899128403
812.16,184.48863701458765,184.48895741261614
812.88,184.47594572275875,184.47626607045422
813.6,184.46330431742376,184.4636246150745
814.3199999999999,184.45071245136342,184.45103269925553
815.04,184.4381697798425,184.43848997825987
815.76,184.42567596059143,184.42599610981603
816.48,184.41323065378913,184.4135507541006
817.1999999999999,184.4008335220443,184.40115357372028
817.92,184.38848423037848,184.3888042336945
818.64,184.37618244620762,184.37650240143745
819.36,184.3639278393265,184.3642477467412
820.0799999999999,184.35172008188886,184.35203994175797
820.8,184.33955884839202,184.33987866098326
821.52,184.32744381566,184.32776358123868
822.24,184.31537466282452,184.3156943816551
822.9599999999999,184.30335107131214,184.30367074365594
823.68,184.2913727248225,184.2916923509405
824.4,184.27943930931792,184.27975888946747
825.12,184.26755051299983,184.26787004743832
825.8399999999999,184.2557060262991,184.2560255152815
826.56,184.24390554185652,184.24422498563567
827.28,184.23214875450583,184.2324681533343
828.0,184.22043536126114,184.22075471538935
828.7199999999999,184.20876506129878,184.20908437097546
829.4399999999999,184.19713755594114,184.19745682141456
830.16,184.1855525486444,184.18587177016013
830.88,184.17400974498048,184.1743289227818
831.6,184.16250885262298,184.16282798695002
832.3199999999999,184.1510495813294,184.1513686724208
833.04,184.1396316429283,184.13995069102066
833.76,184.1282547513033,184.12857375663162
834.48,184.11691862237933,184.11723758517644
835.1999999999999,184.1056229741049,184.10594189460366
835.92,184.0943675264433,184.09468640487302
836.64,184.08315200135166,184.08347083794095
837.36,184.07197612277048,184.07229491774615
838.0799999999999,184.06083961660738,184.06115837019522
838.8,184.04974221072462,184.05006092314835
839.52,184.03868363492268,184.03900230640537
840.24,184.0276636209279,184.02798225169147
840.9599999999999,184.01668190237922,184.0170004926437
841.68,184.00573821481134,184.00605676479682
842.4,183.9948322956451,183.99515080556955
843.12,183.9839638841695,183.9842823542514
843.8399999999999,183.97313272153235,183.97345115198854
844.56,183.9623385507283,183.96265694177092
845.28,183.9515811165785,183.95189946841876
846.0,183.94086016572226,183.9411784785693
846.7199999999999,183.93017544660233,183.93049372066378
847.4399999999999,183.91952670945238,183.91984494493434
848.16,183.9089137062831,183.90923190339115
848.88,183.8983361908729,183.89865434980965
849.6,183.88779391875028,183.8881120397177
850.3199999999999,183.87728664718384,183.8776047303829
851.04,183.86681413517067,183.86713218080038
851.76,183.8563761434217,183.8566941516799
852.48,183.84597243435041,183.8462904054338
853.1999999999999,183.83560277206118,183.83592070616461
853.92,183.82526692233614,183.82558481965305
854.64,183.8149646526224,183.81528251334552
855.36,183.80469573202197,183.80501355634266
856.0799999999999,183.7944599312799,183.79477771938693
856.8,183.784257022769,183.78457477485122
857.52,183.77408678048346,183.7744044967268
858.24,183.76394898002013,183.76426666061175
858.9599999999999,183.7538433985751,183.7541610436996
859.68,183.7437698149257,183.7440874247676
860.4,183.73372800942298,183.73404558416527
861.12,183.72371776397927,183.72403530380353
861.8399999999999,183.71373886205583,183.71405636714286
862.56,183.70379108865427,183.7041085591827
863.28,183.6938742303014,183.69419166645008
864.0,183.68398807504377,183.6843054769887
864.7199999999999,183.67413241243105,183.67444978034803
865.4399999999999,183.6643070335091,183.66462436757243
866.16,183.6545117308085,183.6548290311907
866.88,183.64474629833342,183.64506356520496
867.6,183.63501053155017,183.63532776508043
868.3199999999999,183.6253042273786,183.6256214277347
869.04,183.6156271841794,183.61594435152745
869.76,183.60597920174735,183.60629633625
870.48,183.59636008129598,183.59667718311508
871.1999999999999,183.5867696254528,183.58708669474655
871.92,183.5772076382392,183.5775246751694
872.64,183.56767392507084,183.56799092979955
873.36,183.55816829274534,183.5584852654341
874.0799999999999,183.5486905494322,183.549007490241
874.8,183.53924050466128,183.53955741374975
875.52,183.52981796931476,183.53013484684115
876.24,183.52042275561644,183.5207396017379
876.9599999999999,183.5110546771225,183.51137149199496
877.68,183.501713548711,183.5020303324898
878.4,183.49239918657418,183.4927159394131
879.12,183.4831114082084,183.48342813025928
879.8399999999999,183.47385003240265,183.4741667238172
880.56,183.4646148792334,183.46493154016073
881.28,183.45540577005113,183.45572240063976
882.0,183.44622252747467,183.4465391278709
882.7199999999999,183.43706497538062,183.43738154572839
883.4399999999999,183.42793293889326,183.42824947933522
884.16,183.41882624437756,183.41914275505417
884.88,183.40974471943014,183.41006120047868
885.6,183.40068819286307,183.4010046444244
886.3199999999999,183.3916564947043,183.3919729169203
887.04,183.38264945618778,183.38296584919988
887.76,183.37366690974454,183.37398327369252
888.48,183.36470868899175,183.36502502401518
889.1999999999999,183.35577462872607,183.35609093496373
889.92,183.34686456491602,183.34718084250449
890.64,183.33797833468952,183.33829458376587
891.36,183.32911577633035,183.32943199703016
892.0799999999999,183.32027672926733,183.32059292172497
892.8,183.3114610340666,183.31177719841554
893.52,183.30266853242358,183.30298466879614
894.24,183.29389906715494,183.2942151756822
894.9599999999999,183.28515248219117,183.28546856300235
895.68,183.27642862256664,183.2767446757902
896.4,183.26772733441476,183.26804336017685
897.12,183.25904846495712,183.2593644633826
897.8399999999999,183.2503918624975,183.25070783370953
898.56,183.24175737641428,183.2420733205335
899.28,183.2331448571481,183.23346077429662
900.0,183.22455415619697,183.2248700464997
900.7199999999999,183.21598512611388,183.21630098969442
901.4399999999999,183.20743762049585,183.20775345747612
902.16,183.1989114939737,183.19922730447618
902.88,183.19040660220924,183.19072238635462
903.6,183.1819228018844,183.18223855979284
904.3199999999999,183.17345995069502,183.17377568248622
905.04,183.16501790734435,183.16533361313705
905.76,183.15659653153534,183.15691221144698
906.48,183.14819568396285,183.14851133811032
907.1999999999999,183.13981522630775,183.14013085480673
907.92,183.13145502122893,183.13177062419422
908.64,183.123114932357,183.123430509902
909.36,183.1147948242873,183.115110376524
910.0799999999999,183.10649456257192,183.10681008961146
910.8,183.0982140137147,183.0985295156664
911.52,183.0899530451636,183.0902685221348
912.24,183.08171152530258,183.0820269773998
912.9599999999999,183.07348932344541,183.07380475077514
913.68,183.06528630982655,183.0656017124983
914.4,183.0571023556023,183.0574177337241
915.12,183.0489373328396,183.04925268651812
915.8399999999999,183.04079111450767,183.0411064438502
916.56,183.0326635744758,183.03297887958794
917.28,183.0245545875032,183.02486986849044
918.0,183.01646402923495,183.0167792862017
918.7199999999999,183.00839177619446,183.00870700924452
919.4399999999999,183.00033770577807,183.00065291501423
920.16,182.9923016962474,182.99261688177225
920.88,182.98428362672587,182.98459878864026
921.5999999999999,182.97628337718936,182.97659851559385
922.3199999999999,182.9683008284619,182.96861594345629
923.04,182.9603358622105,182.9606509538929
923.76,182.95238836093745,182.95270342940478
924.48,182.94445820797455,182.9447732533227
925.1999999999999,182.93654528747788,182.93686030980172
925.92,182.9286494844223,182.9289644838147
926.64,182.9207706845923,182.92108566114686
927.36,182.912908774578,182.91322372839
928.0799999999999,182.90506364177247,182.90537857293648
928.8,182.89723517436425,182.89755008297385
929.52,182.88942326132985,182.8897381474789
930.24,182.88162779243135,182.88194265621232
930.9599999999999,182.8738486582073,182.87416349971284
931.68,182.8660857499708,182.86640056929187
932.4,182.85833895980022,182.858653757028
933.12,182.8506081805367,182.8509229557614
933.8399999999999,182.84289330577747,182.84320805908854
934.56,182.83519422987104,182.8355089613568
935.28,182.82751084791016,182.82782555765897
936.0,182.8198430557294,182.82015774382822
936.7199999999999,182.8121907498978,182.8125054164326
937.4399999999999,182.80455382771345,182.8048684727698
938.16,182.7969321872,182.79724681086216
938.88,182.78932572710062,182.78964032945134
939.5999999999999,182.78173434687267,182.78204892799334
940.3199999999999,182.77415794668048,182.77447250665318
941.04,182.76659642739196,182.76691096630026
941.76,182.75904969057683,182.75936420850286
942.48,182.75151763849658,182.75183213552364
943.1999999999999,182.7440001741054,182.74431465031438
943.92,182.73649720103845,182.7368116565111
944.64,182.72900862361269,182.7293230584295
945.36,182.721534346819,182.72184876105973
946.0799999999999,182.71407427631664,182.71438867006182
946.8,182.70662831843265,182.7069426917609
947.52,182.6991963801529,182.69951073314235
948.24,182.69177836911877,182.6920927018474
948.9599999999999,182.68437419362328,182.68468850616807
949.68,182.67698376260546,182.67729805504283
950.4,182.66960698564685,182.66992125805191
951.12,182.66224377296464,182.66255802541272
951.8399999999999,182.65489403541073,182.6552082679754
952.56,182.64755768446412,182.64787189721832
953.28,182.6402346322285,182.64054882524343
954.0,182.63292479142387,182.63323896477206
954.7199999999999,182.62562807538689,182.62594222914052
955.4399999999999,182.61834439806364,182.6186585322955
956.16,182.61107367400723,182.61138778878998
956.88,182.60381581837407,182.6041299137788
957.5999999999999,182.59657074691677,182.59688482301436
958.3199999999999,182.58933837598067,182.5896524328425
959.04,182.5821186225021,182.58243266019832
959.76,182.5749114040018,182.57522542260156
960.48,182.56771663858046,182.56803063815318
961.1999999999999,182.56053424491552,182.5608482255305
961.92,182.55336414225883,182.55367810398363
962.64,182.54620625042855,182.5465201933312
963.36,182.53906048980923,182.53937441395624
964.0799999999999,182.53192678134474,182.5322406868024
964.8,182.5248050465358,182.52511893336973
965.52,182.51769520743585,182.51800907571086
966.24,182.5105971866468,182.51091103642716
966.9599999999999,182.50351090731624,182.50382473866463
967.68,182.49643629313164,182.49675010611028
968.4,182.48937326831458,182.48968706298808
969.12,182.48232175762303,182.4826355340551
969.8399999999999,182.47528168634472,182.47559544459818
970.56,182.46825298029205,182.46856672042966
971.28,182.46123556579948,182.46154928788377
972.0,182.4542293697201,182.4545430738132
972.7199999999999,182.44723431942157,182.44754800558505
973.4399999999999,182.44025034278297,182.44056401107756
974.16,182.43327736818912,182.43359101867605
974.88,182.4263153245305,182.42662895726974
975.5999999999999,182.4193641411964,182.41967775624786
976.3199999999999,182.41242374807393,182.41273734549628
977.04,182.40549407554158,182.40580765539403
977.76,182.39857505446867,182.39888861680953
978.48,182.39166661621107,182.39198016109748
979.1999999999999,182.38476869260637,182.3850822200951
979.92,182.37788121597146,182.3781947261189
980.64,182.37100411909967,182.37131761196133
981.36,182.36413733525637,182.3644508108871
982.0799999999999,182.3572807981741,182.35759425663022
982.8,182.35043444205382,182.3507478833904
983.52,182.3435982015567,182.3439116258298
984.24,182.33677201180558,182.33708541906987
984.9599999999999,182.32995580837746,182.330269198688
985.68,182.3231495273036,182.32346290071428
986.4,182.31635310506283,182.31666646162827
987.12,182.3095664785825,182.30987981835602
987.8399999999999,182.30278958523195,182.3031029082665
988.56,182.2960223628197,182.29633566916897
989.28,182.28926474959405,182.28957803930933
990.0,182.28251668423343,182.28282995736754
990.7199999999999,182.27577810585,182.2760913624541
991.4399999999999,182.2690489539816,182.26936219410732
992.16,182.26232916859328,182.26264239229008
992.88,182.25561869006822,182.25593189738694
993.5999999999999,182.2489174592115,182.2492306502011
994.3199999999999,182.24222541724214,182.24253859195153
995.04,182.2355425057932,182.23585566426985
995.76,182.22886866690385,182.22918180919748
996.48,182.2222038430234,182.22251696918295
997.1999999999999,182.21554797700435,182.21586108707862
997.92,182.2089010121009,182.20921410613812
998.64,182.20226289196557,182.2025759700134
999.36,182.19563356064577,182.19594662275202
1000.0799999999999,182.18901296258161,182.1893260087941
1000.8,182.18240104260428,182.1827140729698
1001.52,182.17579774593116,182.17611076049633
1002.24,182.16920301816435,182.1695160169755
1002.9599999999999,182.16261680528737,182.1629297883907
1003.68,182.15603905366333,182.15635202110442
1004.4,182.14946971003144,182.14978266185534
1005.12,182.142908721504,182.14322165775593
1005.8399999999999,182.1363560355652,182.13666895628958
1006.56,182.12981160006746,182.13012450530817
1007.28,182.12327536322937,182.12358825302925
1008.0,182.11674727363163,182.1170601480336
1008.7199999999999,182.11022728021624,182.11054013926255
1009.4399999999999,182.10371533228135,182.10402817601562
1010.16,182.09721137948327,182.09752420794783
1010.88,182.0907153718291,182.0910281850672
1011.5999999999999,182.0842272596784,182.08454005773217
1012.3199999999999,182.07774699373772,182.07805977664933
1013.04,182.07127452505927,182.07158729287084
1013.76,182.06480980503886,182.06512255779197
1014.48,182.05835278541326,182.05866552314862
1015.1999999999999,182.05190341825585,182.05221614101507
1015.92,182.04546165597765,182.04577436380148
1016.64,182.03902745132268,182.03934014425147
1017.36,182.03260075736569,182.0329134354398
1018.0799999999999,182.0261815275113,182.0264941907702
1018.8,182.01976971549004,182.02008236397268
1019.52,182.01336527535557,182.01367790910157
1020.24,182.00696816148547,182.00728078053302
1020.9599999999999,182.00057832857522,182.00089093296285
1021.68,181.99419573163902,181.9945083214041
1022.4,181.98782032600536,181.98813290118505
1023.12,181.98145206731465,181.98176462794672
1023.8399999999999,181.9750909115187,181.975403457641
1024.56,181.96873681487762,181.96904934652792
1025.28,181.96238973395896,181.96270225117414
1026.0,181.95604962563266,181.95636212845014
1026.72,181.94971644707232,181.95002893552856
1027.44,181.9433901557502,181.94370262988176
1028.1599999999999,181.93707070943663,181.93738316927985
1028.8799999999999,181.93075806619754,181.9310705117885
1029.6,181.9244521843923,181.924764615767
1030.32,181.91815302267185,181.9184654398659
1031.04,181.91186053997706,181.9121729430253
1031.76,181.90557469553448,181.90588708447248
1032.48,181.8992954488582,181.89960782372012
1033.2,181.8930227597442,181.8933351205641
1033.92,181.88675658826946,181.88706893508166
1034.6399999999999,181.88049689479112,181.8808092276292
1035.36,181.87424363994353,181.8745559588406
1036.08,181.86799678463672,181.86830908962492
1036.8,181.86175629005163,181.86206858116472
1037.52,181.85552211764264,181.85583439491407
1038.24,181.849294229134,181.8496064925965
1038.96,181.84307258651745,181.84338483620323
1039.68,181.83685715204922,181.83716938799122
1040.3999999999999,181.83064788825072,181.83096011048136
1041.12,181.82444475790487,181.8247569664565
1041.84,181.81824772405525,181.81855991895964
1042.56,181.8120567500033,181.8123689312921
1043.28,181.80587179930694,181.8061839670118
1044.0,181.79969283577896,181.80000498993115
1044.72,181.7935198234852,181.79383196411564
1045.44,181.78735272674237,181.78766485388172
1046.1599999999999,181.7811915101163,181.7815036237952
1046.8799999999999,181.7750361384209,181.77534823866947
1047.6,181.768886576716,181.76919866356366
1048.32,181.76274279030395,181.7630548637811
1049.04,181.75660474473227,181.75691680486727
1049.76,181.75047240578658,181.7507844526085
1050.48,181.74434573949168,181.7446577730299
1051.2,181.7382247121102,181.7385367323939
1051.92,181.73210929014067,181.7324212971985
1052.6399999999999,181.725999440314,181.7263114341755
1053.36,181.71989512959613,181.7202071102891
1054.08,181.7137963251804,181.714108292734
1054.8,181.70770299449202,181.70801494893405
1055.52,181.70161510518142,181.7019270465402
1056.24,181.69553262512568,181.69584455342937
1056.96,181.68945552242633,181.68976743770259
1057.68,181.6833837654076,181.68369566768334
1058.3999999999999,181.67731732261302,181.67762921191635
1059.12,181.67125616280805,181.6715680391656
1059.84,181.66520025497448,181.66551211841303
1060.56,181.65914956831068,181.65946141885698
1061.28,181.65310407223024,181.65341590991056
1062.0,181.64706373635977,181.6473755612002
1062.72,181.6410285305377,181.64134034256406
1063.44,181.63499842481326,181.63531022405078
1064.1599999999999,181.62897338944344,181.6292851759177
1064.8799999999999,181.622953394893,181.6232651686295
1065.6,181.61693841183217,181.61725017285684
1066.32,181.6109284111368,181.61124015947476
1067.04,181.60492336388438,181.6052350995612
1067.76,181.59892324135512,181.59923496439583
1068.48,181.59292801502886,181.59323972545826
1069.2,181.58693765658404,181.58724935442697
1069.92,181.5809521378966,181.58126382317764
1070.6399999999999,181.5749714310383,181.5752831037819
1071.36,181.56899550827586,181.56930716850604
1072.08,181.56302434206827,181.5633359898093
1072.8,181.55705790506693,181.55736954034282
1073.52,181.55109617011408,181.55140779294823
1074.24,181.54513911024048,181.54545072065622
1074.96,181.53918669866437,181.5394982966852
1075.68,181.5332389087913,181.53355049444008
1076.3999999999999,181.52729571421173,181.52760728751082
1077.12,181.5213570886989,181.52166864967134
1077.84,181.51542300620986,181.5157345548779
1078.56,181.509493440882,181.5098049772681
1079.28,181.50356836703259,181.5038798911595
1080.0,181.4976477591581,181.49795927104822
1080.72,181.49173159193242,181.49204309160788
1081.44,181.48581984020564,181.48613132768835
1082.1599999999999,181.479912479002,181.48022395431428
1082.8799999999999,181.47400948352038,181.47432094668412
1083.6,181.46811082913223,181.46842228016862
1084.32,181.46221649137897,181.46252793030996
1085.04,181.4563264459731,181.45663787282027
1085.76,181.45044066879643,181.45075208358045
1086.48,181.4445591358966,181.44487053863926
1087.2,181.4386818234899,181.43899321421168
1087.92,181.4328087079566,181.433120086678
1088.6399999999999,181.42693976584144,181.42725113258285
1089.36,181.42107497385155,181.4213863286335
1090.08,181.41521430885678,181.4155256516994
1090.8,181.40935774788795,181.40966907881034
1091.52,181.4035052681329,181.40381658715572
1092.24,181.39765684693987,181.39796815408351
1092.96,181.39181246181533,181.39212375709883
1093.68,181.38597209041995,181.38628337386305
1094.3999999999999,181.3801357105698,181.38044698219252
1095.12,181.3743033002362,181.3746145600577
1095.84,181.3684748375416,181.36878608558186
1096.56,181.36265030076197,181.36296153704012
1097.28,181.35682966832348,181.35714089285833
1098.0,181.35101291880164,181.35132413161207
1098.72,181.34520003092052,181.34551123202556
1099.44,181.33939098355188,181.3397021729705
1100.1599999999999,181.3335857557148,181.33389693346524
1100.8799999999999,181.32778432657233,181.32809549267358
1101.6,181.32198667543366,181.32229782990373
1102.32,181.31619278175071,181.31650392460753
1103.04,181.3104026251176,181.31071375637907
1103.76,181.30461618527,181.3049273049541
1104.48,181.2988334420844,181.29914455020867
1105.2,181.2930543755765,181.29336547215823
1105.92,181.28727896589987,181.28759005095688
1106.6399999999999,181.28150719334644,181.28181826689604
1107.36,181.275739038344,181.27605010040378
1108.08,181.26997448145642,181.2702855320437
1108.8,181.26421350338137,181.26452454251384
1109.52,181.25845608495217,181.25876711264627
1110.24,181.25270220713207,181.25301322340533
1110.96,181.24695185101825,181.24726285588747
1111.68,181.24120499783805,181.24151599131986
1112.3999999999999,181.23546162894786,181.2357726110596
1113.12,181.22972172583513,181.23003269659273
1113.84,181.22398527011387,181.22429622953354
1114.56,181.21825224352494,181.21856319162336
1115.28,181.21252262793655,181.21283356472992
1116.0,181.20679640534195,181.20710733084633
1116.72,181.2010735578591,181.20138447209018
1117.44,181.195354067729,181.19566497070278
1118.1599999999999,181.18963791731653,181.1899488090482
1118.8799999999999,181.183925089107,181.1842359696123
1119.6,181.17821556570811,181.17852643500214
1120.32,181.17250932984643,181.17282018794495
1121.04,181.16680636436877,181.1671172112872
1121.76,181.16110665224005,181.16141748799396
1122.48,181.155410176543,181.15572100114784
1123.2,181.14971692047789,181.15002773394855
1123.9199999999998,181.14402686736025,181.1443376697116
1124.6399999999999,181.13834000062025,181.13865079186772
1125.36,181.13265630380363,181.1329670839621
1126.08,181.1269757605694,181.1272865296534
1126.8,181.12129835468932,181.12160911271323
1127.52,181.11562407004567,181.11593481702496
1128.24,181.10995289063533,181.11026362658336
1128.96,181.1042848005617,181.10459552549347
1129.68,181.09861978404047,181.0989304979701
1130.3999999999999,181.09295782539516,181.0932685283367
1131.12,181.08729890905784,181.08760960102506
1131.84,181.08164301956765,181.08195370057416
1132.56,181.07599014156983,181.07630081162952
1133.28,181.07034025981568,181.0706509189426
1134.0,181.06469335916233,181.0650040073698
1134.72,181.05904942457016,181.059360061872
1135.44,181.05340844110356,181.05371906751358
1136.1599999999999,181.04777039393014,181.04808100946187
1136.8799999999999,181.04213526831973,181.04244587298618
1137.6,181.03650304964242,181.03681364345746
1138.32,181.03087372337018,181.03118430634726
1139.04,181.02524727507534,181.02555784722708
1139.76,181.0196236904278,181.01993425176778
1140.48,181.01400295519807,181.01431350573884
1141.2,181.00838505525314,181.00869559500762
1141.9199999999998,181.00276997655703,181.00308050553866
1142.6399999999999,180.99715770517184,180.99746822339304
1143.36,180.9915482272545,180.9918587347277
1144.08,180.9859415290572,180.98625202579473
1144.8,180.98033759692623,180.9806480829407
1145.52,180.97473641730255,180.97504689260612
1146.24,180.9691379767196,180.96944844132452
1146.96,180.96354226180347,180.96385271572203
1147.68,180.95794925927225,180.9582597025167
1148.3999999999999,180.95235895593544,180.9526693885177
1149.12,180.9467713386921,180.94708176062477
1149.84,180.94118639453245,180.94149680582768
1150.56,180.9356041105358,180.9359145112054
1151.28,180.9300244738696,180.93033486392568
1152.0,180.9244474717898,180.9247578512442
1152.72,180.91887309163974,180.91918346050414
1153.44,180.9133013208492,180.91361167913547
1154.1599999999999,180.90773214693445,180.9080424946544
1154.8799999999999,180.9021655574977,180.9024758946627
1155.6,180.89660154022533,180.89691186684712
1156.32,180.8910400828895,180.8913503989788
1157.04,180.8854811733437,180.8857914789127
1157.76,180.87992479952777,180.88023509458694
1158.48,180.8743709494621,180.8746812340224
1159.2,180.8688196112497,180.86912988532185
1159.9199999999998,180.86327077307476,180.86358103666953
1160.6399999999999,180.85772442320297,180.85803467633065
1161.36,180.8521805499795,180.85249079265066
1162.08,180.84663914182966,180.84694937405482
1162.8,180.84110018725767,180.84141040904754
1163.52,180.83556367484675,180.83587388621189
1164.24,180.83002959325756,180.83033979420898
1164.96,180.82449793122964,180.82480812177755
1165.68,180.81896867757814,180.81927885773317
1166.3999999999999,180.81344182119562,180.81375199096797
1167.12,180.80791735104924,180.80822751045
1167.84,180.8023952561838,180.8027054052225
1168.56,180.79687552571613,180.79718566440377
1169.28,180.79135814883978,180.7916682771863
1170.0,180.78584311482086,180.78615323283637
1170.72,180.78033041299943,180.78064052069357
1171.44,180.7748200327867,180.77513013017017
1172.1599999999999,180.76931196366866,180.76962205075077
1172.8799999999999,180.7638061952008,180.76411627199167
1173.6,180.75830271701113,180.75861278352033
1174.32,180.75280151879804,180.753111575035
1175.04,180.74730259032992,180.7476126363042
1175.76,180.741805921445,180.74211595716605
1176.48,180.73631150205108,180.7366215275281
1177.2,180.7308193221237,180.73112933736638
1177.9199999999998,180.72532937170774,180.72563937672547
1178.6399999999999,180.71984164091555,180.72015163571754
1179.36,180.7143561199266,180.71466610452225
1180.08,180.7088727989875,180.70918277338592
1180.8,180.70339166841052,180.70370163262135
1181.52,180.6979127185749,180.69822267260722
1182.24,180.6924359399244,180.69274588378764
1182.96,180.6869613229685,180.68727125667166
1183.68,180.68148885828055,180.6817987818329
1184.3999999999999,180.6760185364983,180.67632844990905
1185.12,180.67055034832367,180.67086025160134
1185.84,180.6650842845205,180.66539417767424
1186.56,180.65962033591643,180.6599302189549
1187.28,180.6541584934006,180.65446836633282
1188.0,180.64869874792498,180.64900861075927
1188.72,180.64324109050187,180.64355094324688
1189.44,180.6377855122049,180.63809535486934
1190.1599999999999,180.63233200416937,180.63264183676097
1190.8799999999999,180.6268805575886,180.62719038011596
1191.6,180.62143116371703,180.6217409761884
1192.32,180.6159838138684,180.61629361629159
1193.04,180.61053849941436,180.6108482917977
1193.76,180.60509521178574,180.60540499413742
1194.48,180.5996539424708,180.5999637147993
1195.2,180.5942146830157,180.59452444532965
1195.9199999999998,180.5887774250249,180.58908717733192
1196.6399999999999,180.58334216015828,180.5836519024664
1197.36,180.5779088801321,180.57821861244994
1198.08,180.5724775767195,180.57278729905516
1198.8,180.56704824174938,180.5673579541105
1199.52,180.56162086710492,180.56193056949962
1200.24,180.5561954447246,180.55650513716088
1200.96,180.5507719666017,180.55108164908725
1201.68,180.54535042478267,180.54566009732574
1202.3999999999999,180.53993081136935,180.54024047397695
1203.12,180.53451311851484,180.53482277119505
1203.84,180.52909733842637,180.52940698118692
1204.56,180.52368346336414,180.52399309621208
1205.28,180.5182714856394,180.51858110858225
1206.0,180.5128613976159,180.51317101066115
1206.72,180.50745319170892,180.50776279486362
1207.44,180.50204686038455,180.50235645365598
1208.1599999999999,180.49664239615925,180.496951979555
1208.8799999999999,180.49123979160117,180.49154936512804
1209.6,180.4858390393273,180.48614860299244
1210.32,180.48044013200388,180.48074968581523
1211.04,180.47504306234805,180.47535260631273
1211.76,180.46964782312534,180.46995735725037
1212.48,180.46425440714927,180.464563931442
1213.2,180.45886280728234,180.45917232175012
1213.9199999999998,180.45347301643528,180.45378252108483
1214.6399999999999,180.4480850275654,180.44839452240413
1215.36,180.44269883367872,180.44300831871314
1216.08,180.43731442782644,180.437623903064
1216.8,180.43193180310823,180.43224126855563
1217.52,180.42655095266866,180.4268604083329
1218.24,180.4211718696996,180.421481315587
1218.96,180.4157945474367,180.4161039835546
1219.68,180.41041897916318,180.41072840551772
1220.3999999999999,180.40504515820533,180.40535457480345
1221.12,180.39967307793518,180.39998248478355
1221.84,180.39430273176924,180.3946121288741
1222.56,180.38893411316735,180.38924350053534
1223.28,180.38356721563378,180.38387659327125
1224.0,180.3782020327161,180.37851140062926
1224.72,180.37283855800456,180.37314791619994
1225.44,180.36747678513188,180.36778613361665
1226.1599999999999,180.3621167077755,180.36242604655536
1226.8799999999999,180.35675831965273,180.35706764873433
1227.6,180.35140161452375,180.35171093391375
1228.32,180.3460465861906,180.34635589589536
1229.04,180.34069322849666,180.34100252852232
1229.76,180.33534153532594,180.3356508256789
1230.48,180.3299915006038,180.33030078129016
1231.2,180.32464311829574,180.32495238932157
1231.9199999999998,180.31929638240717,180.31960564377886
1232.6399999999999,180.31395128698398,180.31426053870769
1233.36,180.30860782611148,180.30891706819347
1234.08,180.3032659939148,180.30357522636075
1234.8,180.29792578455738,180.29823500737336
1235.52,180.29258719224197,180.29289640543388
1236.24,180.28725021121,180.28755941478346
1236.96,180.28191483574096,180.28222402970144
1237.68,180.2765810601519,180.27689024450535
1238.3999999999999,180.27124887879825,180.27155805355025
1239.12,180.26591828607195,180.2662274512288
1239.84,180.2605892764043,180.2608984319708
1240.56,180.25526184426042,180.25557099024317
1241.28,180.2499359841446,180.25024512054927
1242.0,180.2446116905969,180.24492081742903
1242.72,180.23928895819301,180.23959807545856
1243.44,180.23396778154574,180.23427688924997
1244.1599999999999,180.22864815530215,180.22895725345077
1244.8799999999999,180.22333007414557,180.22363916274415
1245.6,180.2180135327942,180.2183226118484
1246.32,180.21269852600142,180.21300759551673
1247.04,180.2073850485549,180.20769410853697
1247.76,180.20207309527734,180.2023821457315
1248.48,180.1967626610251,180.1970717019568
1249.2,180.19145374068876,180.1917627721033
1249.9199999999998,180.18614632919252,180.18645535109528
1250.6399999999999,180.18084042149405,180.1811494338903
1251.36,180.1755360125843,180.17584501547935
1252.08,180.17023309748743,180.17054209088627
1252.8,180.16493167125964,180.16524065516782
1253.52,180.15963172899092,180.15994070341318
1254.24,180.15433326580262,180.154642230744
1254.96,180.1490362768484,180.14934523231386
1255.68,180.14374075731268,180.14404970330838
1256.3999999999999,180.13844670241394,180.1387556389446
1257.12,180.13315410740097,180.13346303447122
1257.84,180.12786296755246,180.12817188516803
1258.56,180.12257327818054,180.1228821863458
1259.28,180.11728503462564,180.11759393334606
1260.0,180.11199823226002,180.11230712154097
1260.72,180.10671286648665,180.10702174633292
1261.44,180.10142893273814,180.10173780315455
1262.1599999999999,180.09614642647682,180.09645528746822
1262.8799999999999,180.09086534319488,180.09117419476615
1263.6,180.08558567841396,180.08589452057006
1264.32,180.08030742768506,180.08061626043093
1265.04,180.075030586588,180.07533940992866
1265.76,180.0697551507326,180.0700639646723
1266.48,180.06448111575548,180.06478992029938
1267.2,180.05920847732398,180.059517272476
1267.9199999999998,180.05393723113127,180.05424601689649
1268.6399999999999,180.04866737290058,180.04897614928322
1269.36,180.0433988983815,180.04370766538656
1270.08,180.0381318033526,180.0384405609845
1270.8,180.03286608361907,180.03317483188246
1271.52,180.0276017350135,180.0279104739133
1272.24,180.02233875339653,180.02264748293678
1272.96,180.01707713465396,180.01738585483974
1273.68,180.01181687470023,180.01212558553576
1274.3999999999999,180.00655796947444,180.00686667096483
1275.12,180.00130041494447,180.00160910709337
1275.84,179.9960442071016,179.996352889914
1276.56,179.99078934196473,179.9910980154453
1277.28,179.98553581557894,179.98584447973158
1278.0,179.98028362401328,179.98059227884286
1278.72,179.97503276336386,179.97534140887464
1279.44,179.96978322975122,179.97009186594758
1280.1599999999999,179.96453501932137,179.96484364620744
1280.8799999999999,179.95928812824502,179.95959674582505
1281.6,179.95404255271706,179.95435116099569
1282.32,179.94879828895841,179.94910688793942
1283.04,179.943555333213,179.9438639229007
1283.76,179.9383136817495,179.93862226214813
1284.48,179.9330733308609,179.9333819019744
1285.2,179.92783427686345,179.92814283869603
1285.9199999999998,179.92259651609743,179.9229050686533
1286.6399999999999,179.9173600449268,179.91766858821003
1287.36,179.9121248597387,179.91243339375347
1288.08,179.90689095694347,179.90719948169402
1288.8,179.90165833297465,179.9019668484652
1289.52,179.89642698428872,179.89673549052335
1290.24,179.89119690736504,179.89150540434767
1290.96,179.88596809870512,179.88627658643978
1291.68,179.8807405548332,179.8810490333239
1292.3999999999999,179.87551427229562,179.87582274154633
1293.12,179.87028924766093,179.87059770767559
1293.84,179.86506547751912,179.8653739283022
1294.56,179.8598429584831,179.8601514000383
1295.28,179.85462168718664,179.85493011951777
1296.0,179.84940166028503,179.84971008339613
1296.72,179.84418287445567,179.84449128835
1297.44,179.83896532639517,179.83927373107736
1298.1599999999999,179.8337490128239,179.8340574082971
1298.8799999999999,179.82853393048117,179.82884231674922
1299.6,179.82332007612763,179.82362845319423
1300.32,179.8181074465441,179.81841581441347
1301.04,179.81289603853304,179.81320439720855
1301.76,179.80768584891564,179.80799419840153
1302.48,179.80247687453505,179.80278521483456
1303.2,179.79726911225248,179.79757744336993
1303.9199999999998,179.7920625589511,179.79237088088976
1304.6399999999999,179.78685721153238,179.78716552429597
1305.36,179.78165306691744,179.78196137051
1306.08,179.77645012204823,179.77675841647286
1306.8,179.77124837388374,179.77155665914492
1307.52,179.766047819405,179.7663560955057
1308.24,179.7608484556098,179.76115672255386
1308.96,179.75565027951575,179.75595853730692
1309.68,179.75045328815963,179.75076153680132
1310.3999999999999,179.74525747859627,179.7455657180921
1311.12,179.74006284789937,179.7403710782529
1311.84,179.73486939316092,179.73517761437574
1312.56,179.7296771114917,179.72998532357087
1313.28,179.7244860000195,179.72479420296688
1314.0,179.7192960558915,179.71960424971022
1314.72,179.7141072762721,179.71441546096537
1315.44,179.70891965834255,179.70922783391444
1316.1599999999999,179.70373319930377,179.70404136575746
1316.8799999999999,179.69854789637316,179.69885605371175
1317.6,179.69336374678517,179.6936718950122
1318.32,179.68818074779142,179.68848888691082
1319.04,179.68299889666287,179.683307026677
1319.76,179.67781819068387,179.67812631159714
1320.48,179.6726386271589,179.6729467389744
1321.2,179.66746020340838,179.6677683061289
1321.9199999999998,179.66228291676816,179.66259101039753
1322.6399999999999,179.65710676459184,179.65741484913357
1323.36,179.65193174424996,179.65223981970692
1324.08,179.64675785312807,179.64706591950372
1324.8,179.64158508862886,179.64189314592645
1325.52,179.6364134481704,179.6367214963936
1326.24,179.6312429291885,179.63155096833972
1326.96,179.6260735291321,179.6263815592154
1327.68,179.62090524546863,179.62121326648676
1328.3999999999999,179.61573807567981,179.61604608763574
1329.12,179.61057201726294,179.61088002015993
1329.84,179.60540706773088,179.60571506157223
1330.56,179.60024322461243,179.60055120940086
1331.28,179.59508048545035,179.5953884611895
1332.0,179.58991884780437,179.59022681449676
1332.72,179.58475830924715,179.58506626689643
1333.44,179.5795988673674,179.57990681597707
1334.1599999999999,179.57444051976984,179.57474845934226
1334.8799999999999,179.56928326407115,179.56959119461004
1335.6,179.56412709790573,179.5644350194134
1336.32,179.55897201891958,179.55927993139957
1337.04,179.5538180247745,179.55412592823035
1337.76,179.548665113148,179.54897300758174
1338.48,179.54351328172856,179.54382116714405
1339.2,179.53836252822157,179.53867040462163
1339.9199999999998,179.53321285034542,179.53352071773287
1340.6399999999999,179.52806424583252,179.52837210421023
1341.36,179.52291671242847,179.5232245617997
1342.08,179.51777024789374,179.51807808826126
1342.8,179.51262485000166,179.51293268136837
1343.52,179.50748051653898,179.50778833890809
1344.24,179.50233724530676,179.50264505868088
1344.96,179.49719503411848,179.4975028385005
1345.68,179.49205388080145,179.4923616761942
1346.3999999999999,179.48691378319575,179.4872215696021
1347.12,179.48177473915462,179.48208251657758
1347.84,179.4766367465444,179.47694451498685
1348.56,179.47149980324434,179.47180756270916
1349.28,179.46636390714673,179.4666716576365
1350.0,179.46122905615596,179.46153679767355
1350.72,179.45609524818917,179.45640298073766
1351.44,179.45096248117648,179.45127020475866
1352.1599999999999,179.44583075306014,179.4461384676789
1352.8799999999999,179.44070006179504,179.44100776745293
1353.6,179.4355704053478,179.4358781020478
1354.32,179.43044178169748,179.43074946944256
1355.04,179.42531418883573,179.42562186762845
1355.76,179.42018762476619,179.4204952946088
1356.48,179.41506208750275,179.4153697483987
1357.2,179.4099375750734,179.41024522702523
1357.9199999999998,179.4048140855166,179.4051217285272
1358.6399999999999,179.39969161688327,179.3999992509551
1359.36,179.39457016723554,179.39487779237103
1360.08,179.38944973464675,179.38975735084867
1360.8,179.38433031720206,179.38463792447308
1361.52,179.37921191299768,179.3795195113407
1362.24,179.3740945201422,179.37440210955927
1362.96,179.36897813675353,179.36928571724772
1363.6799999999998,179.36386276096175,179.3641703325362
1364.3999999999999,179.358748390909,179.35905595356581
1365.12,179.35363502474684,179.35394257848864
1365.84,179.34852266063797,179.34883020546778
1366.56,179.34341129675727,179.34371883267698
1367.28,179.33830093128813,179.3386084583009
1368.0,179.3331915624268,179.3334990805348
1368.72,179.32808318837806,179.32839069758458
1369.44,179.32297580735974,179.3232833076666
1370.1599999999999,179.3178694175973,179.31817690900772
1370.8799999999999,179.31276401732896,179.31307149984522
1371.6,179.30765960480198,179.3079670784266
1372.32,179.30255617827459,179.30286364300972
1373.04,179.29745373601372,179.29776119186252
1373.76,179.29235227629863,179.29265972326303
1374.48,179.2872517974164,179.28755923549932
1375.2,179.28215229766613,179.28245972686955
1375.9199999999998,179.27705377535494,179.2773611956815
1376.6399999999999,179.27195622880015,179.27226364025307
1377.36,179.2668596563317,179.26716705891164
1378.08,179.26176405628348,179.26207144999452
1378.8,179.256669427004,179.25697681184843
1379.52,179.25157576685,179.2518831428298
1380.24,179.24648307418647,179.24679044130446
1380.96,179.24139134738925,179.24169870564762
1381.6799999999998,179.23630058484264,179.23660793424403
1382.3999999999999,179.23121078494069,179.23151812548747
1383.12,179.22612194608678,179.2264292777811
1383.84,179.2210340666927,179.22134138953734
1384.56,179.21594714518028,179.21625445917743
1385.28,179.21086117997993,179.21116848513182
1386.0,179.20577616953096,179.20608346584007
1386.72,179.20069211228144,179.2009993997503
1387.44,179.19560900668876,179.19591628531975
1388.1599999999999,179.19052685121926,179.19083412101438
1388.8799999999999,179.18544564434683,179.18575290530887
1389.6,179.18036538455533,179.18067263668652
1390.32,179.17528607033705,179.17559331363927
1391.04,179.17020770019178,179.17051493466764
1391.76,179.16513027262909,179.16543749828065
1392.48,179.1600537861657,179.16036100299564
1393.2,179.154978239328,179.15528544733843
1393.9199999999998,179.14990363064987,179.15021082984305
1394.6399999999999,179.14482995867377,179.14513714905192
1395.36,179.13975722194982,179.1400644035155
1396.08,179.13468541903774,179.1349925917926
1396.8,179.129614548503,179.1299217124499
1397.52,179.12454460892127,179.12485176406224
1398.24,179.11947559887494,179.11978274521232
1398.96,179.11440751695443,179.1147146544909
1399.6799999999998,179.10934036175968,179.10964749049654
1400.3999999999999,179.1042741318953,179.10458125183558
1401.12,179.0992088259767,179.0995159371222
1401.84,179.09414444262507,179.09445154497814
1402.56,179.08908098046993,179.08938807403288
1403.28,179.08401843814875,179.0843255229236
1404.0,179.07895681430568,179.07926389029478
1404.72,179.0738961075932,179.07420317479858
1405.44,179.06883631667074,179.06914337509457
1406.1599999999999,179.06377744020517,179.06408448984962
1406.8799999999999,179.05871947687115,179.0590265177381
1407.6,179.05366242534956,179.05396945744144
1408.32,179.04860628432994,179.04891330764855
1409.04,179.04355105250715,179.04385806705542
1409.76,179.0384967285853,179.0388037343651
1410.48,179.03344331127448,179.0337503082878
1411.2,179.02839079929186,179.02869778754084
1411.9199999999998,179.02333919136174,179.0236461708484
1412.6399999999999,179.01828848621506,179.01859545694168
1413.36,179.01323868258987,179.01354564455877
1414.08,179.008189779232,179.0084967324446
1414.8,179.0031417748919,179.00344871935093
1415.52,178.99809466832903,178.9984016040361
1416.24,178.99304845830738,178.99335538526552
1416.96,178.98800314360074,178.98831006181086
1417.6799999999998,178.98295872298547,178.9832656324507
1418.3999999999999,178.97791519524844,178.97822209596998
1419.12,178.9728725591799,178.97317945116035
1419.84,178.96783081357887,178.96813769681978
1420.56,178.96278995724913,178.9630968317528
1421.28,178.95774998900174,178.95805685477023
1422.0,178.9527109076538,178.95301776468935
1422.72,178.94767271202943,178.94797956033364
1423.44,178.94263540095733,178.94294224053286
1424.1599999999999,178.93759897327504,178.937905804123
1424.8799999999999,178.93256342782286,178.93287024994626
1425.6,178.92752876345082,178.92783557685095
1426.32,178.92249497901253,178.92280178369145
1427.04,178.91746207336803,178.91776886932817
1427.76,178.91243004538455,178.91273683262762
1428.48,178.9073988939341,178.90770567246216
1429.2,178.90236861789504,178.90267538771013
1429.9199999999998,178.89733921615198,178.89764597725582
1430.6399999999999,178.89231068759443,178.89261743998918
1431.36,178.88728303111782,178.88758977480617
1432.08,178.8822562456254,178.8825629806084
1432.8,178.8772303300235,178.87753705630317
1433.52,178.87220528322518,178.8725120008036
1434.24,178.86718110414904,178.86748781302833
1434.96,178.8621577917197,178.86246449190168
1435.6799999999998,178.85713534486695,178.85744203635358
1436.3999999999999,178.8521137625262,178.8524204453192
1437.12,178.8470930436382,178.84739971773968
1437.84,178.8420731871497,178.8423798525612
1438.56,178.83705419201146,178.83736084873564
1439.28,178.83203605718154,178.83234270522007
1440.0,178.82701878162231,178.827325420977
1440.72,178.8220023643014,178.82230899497415
1441.44,178.81698680419265,178.8172934261847
1442.1599999999999,178.81197210027267,178.8122787135869
1442.8799999999999,178.80695825152645,178.80726485616424
1443.6,178.80194525694208,178.8022518529054
1444.32,178.79693311551318,178.7972397028042
1445.04,178.79192182623922,178.79222840485946
1445.76,178.78691138812349,178.78721795807516
1446.48,178.78190180017543,178.7822083614603
1447.2,178.77689306140894,178.77719961402877
1447.9199999999998,178.77188517084278,178.77219171479953
1448.6399999999999,178.7668781275013,178.7671846627965
1449.36,178.76187193041233,178.76217845704824
1450.08,178.75686657861024,178.75717309658845
1450.8,178.75186207113302,178.7521685804555
1451.52,178.74685840702375,178.74716490769254
1452.24,178.74185558533145,178.74216207734761
1452.96,178.7368536051074,178.73716008847333
1453.6799999999998,178.73185246540947,178.73215894012708
1454.3999999999999,178.72685216530022,178.72715863137086
1455.12,178.72185270384546,178.72215916127135
1455.84,178.7168540801166,178.71716052889983
1456.56,178.71185629318995,178.712162733332
1457.28,178.7068593421459,178.7071657736484
1458.0,178.70186322606878,178.70216964893376
1458.72,178.69686794404856,178.6971743582774
1459.44,178.69187349517813,178.69217990077314
1460.1599999999999,178.68687987855617,178.6871862755191
1460.8799999999999,178.68188709328547,178.68219348161793
1461.6,178.6768951384728,178.6772015181765
1462.32,178.6719040132292,178.67221038430608
1463.04,178.66691371667025,178.66722007912216
1463.76,178.66192424791586,178.66223060174457
1464.48,178.65693560609043,178.65724195129732
1465.2,178.6519477903214,178.65225412690873
1465.9199999999998,178.64696079974192,178.6472671277111
1466.6399999999999,178.64197463348796,178.6422809528411
1467.36,178.6369892907013,178.63729560143935
1468.08,178.63200477052555,178.6323110726507
1468.8,178.62702107210976,178.62732736562398
1469.52,178.62203819460728,178.622344479512
1470.24,178.61705613717447,178.6173624134718
1470.96,178.612074898973,178.6123811666642
1471.6799999999998,178.6070944791669,178.60740073825397
1472.3999999999999,178.60211487692538,178.60242112741
1473.12,178.59713609142102,178.59744233330497
1473.84,178.5921581218305,178.5924643551153
1474.56,178.5871809673339,178.58748719202154
1475.28,178.58220462711574,178.58251084320779
1476.0,178.57722910036375,178.57753530786212
1476.72,178.57225438627017,178.57256058517646
1477.44,178.56728048403056,178.56758667434616
1478.1599999999999,178.5623073928433,178.5626135745706
1478.8799999999999,178.55733511191283,178.5576412850528
1479.6,178.55236364044458,178.55266980499928
1480.32,178.54739297764945,178.5476991336204
1481.04,178.54242312274107,178.54272927013005
1481.76,178.53745407493716,178.53776021374574
1482.48,178.53248583345908,178.5327919636886
1483.2,178.52751839753023,178.5278245191832
1483.9199999999998,178.52255176638027,178.52285787945775
1484.6399999999999,178.51758593924023,178.5178920437439
1485.36,178.51262091534534,178.51292701127682
1486.08,178.50765669393354,178.50796278129505
1486.8,178.50269327424837,178.50299935304065
1487.52,178.4977306555336,178.49803672575908
1488.24,178.49276883703885,178.49307489869915
1488.96,178.48780781801668,178.4881138711131
1489.6799999999998,178.48284759772207,178.4831536422563
1490.3999999999999,178.4778881754139,178.47819421138777
1491.12,178.4729295503546,178.47323557776963
1491.84,178.46797172180936,178.46827774066725
1492.56,178.463014689047,178.46332069934934
1493.28,178.4580584513394,178.45836445308777
1494.0,178.45310300796166,178.45340900115764
1494.72,178.44814835819204,178.4484543428373
1495.44,178.44319450131184,178.44350047740812
1496.1599999999999,178.43824143660606,178.43854740415486
1496.8799999999999,178.43328916336236,178.43359512236515
1497.6,178.42833768087132,178.42864363132978
1498.32,178.4233869884266,178.42369293034275
1499.04,178.4184370853261,178.418743018701
1499.76,178.41348797086903,178.41379389570454
1500.48,178.40853964435905,178.40884556065646
1501.2,178.40359210510144,178.40389801286273
1501.9199999999998,178.39864535240565,178.39895125163233
1502.6399999999999,178.39369938558377,178.39400527627734
1503.36,178.38875420395073,178.38906008611264
1504.08,178.3838098068237,178.38411568045603
1504.8,178.3788661935247,178.37917205862828
1505.52,178.37392336337598,178.374229219953
1506.24,178.3689813157048,178.36928716375664
1506.96,178.36404004984036,178.3643458893686
1507.6799999999998,178.35909956511466,178.35940539612093
1508.3999999999999,178.35415986086275,178.35446568334865
1509.12,178.3492209364224,178.34952675038946
1509.84,178.34428279113445,178.34458859658392
1510.56,178.33934542434145,178.3396512212753
1511.28,178.33440883539015,178.33471462380945
1512.0,178.32947302362834,178.32977880353528
1512.72,178.32453798840822,178.32484375980403
1513.44,178.3196037290835,178.31990949196984
1514.1599999999999,178.31467024501114,178.31497599938945
1514.8799999999999,178.30973753555077,178.3100432814222
1515.6,178.30480560006333,178.3051113374301
1516.32,178.29987443791458,178.30018016677778
1517.04,178.29494404847105,178.29524976883243
1517.76,178.29001443110258,178.29032014296385
1518.48,178.28508558518183,178.28539128854433
1519.2,178.28015751008365,178.28046320494872
1519.9199999999998,178.27523020518447,178.27553589155445
1520.6399999999999,178.27030366986617,178.27060934774138
1521.36,178.26537790350915,178.2656835728919
1522.08,178.26045290549905,178.26075856639082
1522.8,178.25552867522322,178.2558343276255
1523.52,178.25060521207104,178.2509108559857
1524.24,178.24568251543576,178.24598815086355
1524.96,178.24076058471042,178.2410662116536
1525.6799999999998,178.23583941929337,178.2361450377529
1526.3999999999999,178.23091901858288,178.23122462856068
1527.12,178.22599938198175,178.22630498347877
1527.84,178.22108050889278,178.2213861019111
1528.56,178.21616239872333,178.21646798326412
1529.28,178.21124505088187,178.21155062694646
1530.0,178.20632846477906,178.20663403236915
1530.72,178.20141263982862,178.20171819894549
1531.44,178.19649757544562,178.19680312609088
1532.1599999999999,178.1915832710481,178.19188881322327
1532.8799999999999,178.1866697260566,178.18697525976265
1533.6,178.18175693989224,178.18206246513117
1534.32,178.17684491197986,178.1771504287534
1535.04,178.1719336417467,178.172239150056
1535.76,178.16702312862105,178.16732862846766
1536.48,178.16211337203424,178.16241886341956
1537.2,178.15720437141908,178.15750985434477
1537.9199999999998,178.15229612621147,178.15260160067857
1538.6399999999999,178.14738863584785,178.14769410185832
1539.36,178.1424818997691,178.1427873573237
1540.08,178.1375759174149,178.13788136651618
1540.8,178.1326706882311,178.13297612887956
1541.52,178.12776621166176,178.12807164385958
1542.24,178.12286248715566,178.123167910904
1542.96,178.1179595141624,178.11826492946273
1543.6799999999998,178.11305729213404,178.11336269898766
1544.3999999999999,178.10815582052396,178.10846121893272
1545.12,178.10325509878908,178.10356048875374
1545.84,178.0983551263862,178.09866050790873
1546.56,178.0934559027761,178.09376127585747
1547.28,178.0885574274198,178.0888627920619
1548.0,178.0836596997815,178.08396505598566
1548.72,178.0787627193272,178.0790680670945
1549.44,178.07386648552438,178.07417182485617
1550.1599999999999,178.06897099784226,178.0692763287402
1550.8799999999999,178.06407625575218,178.06438157821793
1551.6,178.0591822587278,178.05948757276283
1552.32,178.05428900624463,178.05459431185005
1553.04,178.04939649777953,178.04970179495675
1553.76,178.04450473281133,178.04481002156177
1554.48,178.03961371082073,178.03991899114595
1555.2,178.03472343129056,178.03502870319187
1555.9199999999998,178.02983389370502,178.03013915718395
1556.6399999999999,178.0249450975507,178.02525035260842
1557.36,178.02005704231522,178.02036228895324
1558.08,178.01516972748834,178.0154749657082
1558.8,178.01028315256235,178.01058838236492
1559.52,178.0053973170294,178.00570253841664
1560.24,178.00051222038553,178.00081743335846
1560.96,177.99562786212664,177.9959330666872
1561.6799999999998,177.99074424175217,177.99104943790135
1562.3999999999999,177.98586135876167,177.9861665465011
1563.12,177.98097921265742,177.98128439198845
1563.84,177.97609780294317,177.976402973867
1564.56,177.97121712912372,177.97152229164206
1565.28,177.9663371907062,177.9666423448206
1566.0,177.96145798719908,177.96176313291122
1566.72,177.9565795181137,177.95688465542418
1567.44,177.95170178296087,177.9520069118715
1568.1599999999999,177.9468247812547,177.94712990176654
1568.8799999999999,177.94194851250995,177.94225362462458
1569.6,177.9370729762437,177.93737807996237
1570.32,177.9321981719736,177.9325032672982
1571.04,177.92732409922053,177.92762918615205
1571.76,177.922450757506,177.92275583604547
1572.48,177.9175781463524,177.91788321650145
1573.2,177.91270626528433,177.9130113270447
1573.9199999999998,177.90783511382892,177.9081401672013
1574.6399999999999,177.90296469151303,177.90326973649908
1575.36,177.898094997866,177.8984000344672
1576.08,177.8932260324192,177.89353106063643
1576.8,177.8883577947039,177.88866281453906
1577.52,177.88349028425432,177.88379529570875
1578.24,177.87862350060618,177.8789285036808
1578.96,177.87375744329552,177.87406243799197
1579.6799999999998,177.86889211186042,177.86919709818034
1580.3999999999999,177.86402750584125,177.86433248378563
1581.12,177.8591636247785,177.8594685943489
1581.84,177.85430046821443,177.8546054294127
1582.56,177.84943803569377,177.84974298852092
1583.28,177.8445763267614,177.8448812712191
1584.0,177.83971534096497,177.84002027705387
1584.72,177.8348550778511,177.83516000557356
1585.44,177.82999553697107,177.83030045632762
1586.1599999999999,177.825136717875,177.82544162886722
1586.8799999999999,177.8202786201149,177.82058352274456
1587.6,177.81542124324562,177.81572613751342
1588.32,177.81056458682144,177.8108694727289
1589.04,177.80570865039897,177.8060135279474
1589.76,177.8008534335362,177.80115830272672
1590.48,177.79599893579154,177.79630379662598
1591.2,177.7911451567262,177.79145000920562
1591.9199999999998,177.78629209590213,177.7865969400274
1592.6399999999999,177.7814397528815,177.7817445886544
1593.36,177.77658812722893,177.77689295465098
1594.08,177.77173721851068,177.77204203758274
1594.8,177.76688702629303,177.7671918370167
1595.52,177.76203755014467,177.76234235252107
1596.24,177.7571887896346,177.75749358366534
1596.96,177.75234074433388,177.75264553002032
1597.6799999999998,177.7474934138146,177.74779819115793
1598.3999999999999,177.74264679764997,177.7429515666514
1599.12,177.7378008954139,177.73810565607533
1599.84,177.73295570668301,177.73326045900538
1600.56,177.72811123103384,177.7284159750185
1601.28,177.72326746804436,177.72357220369284
1602.0,177.71842441729416,177.7187291446078
1602.72,177.71358207836374,177.71388679734383
1603.4399999999998,177.70874045083485,177.70904516148283
1604.1599999999999,177.7038995342907,177.70420423660767
1604.8799999999999,177.69905932831546,177.69936402230243
1605.6,177.69421983249356,177.69452451815246
1606.32,177.68938104641245,177.68968572374422
1607.04,177.68454296965967,177.68484763866525
1607.76,177.67970560182323,177.6800102625043
1608.48,177.6748689424934,177.67517359485132
1609.2,177.67003299126145,177.6703376352973
1609.9199999999998,177.66519774771928,177.66550238343447
1610.6399999999999,177.66036321146032,177.660667838856
1611.36,177.6555293820786,177.6558340011563
1612.08,177.6506962591708,177.65100086993095
1612.8,177.64586384233144,177.64616844477646
1613.52,177.64103213115993,177.64133672529056
1614.24,177.63620112525393,177.63650571107203
1614.96,177.6313708242144,177.63167540172066
1615.6799999999998,177.62654122764138,177.62684579683744
1616.3999999999999,177.62171233513698,177.62201689602435
1617.12,177.61688414630476,177.61718869888446
1617.84,177.61205666074807,177.61236120502187
1618.56,177.60722987807287,177.6075344140417
1619.28,177.60240379788502,177.60270832555017
1620.0,177.5975784197916,177.5978829391545
1620.72,177.59275374340098,177.59305825446296
1621.4399999999998,177.58792976832297,177.58823427108484
1622.1599999999999,177.58310649416717,177.5834109886304
1622.8799999999999,177.5782839205449,177.57858840671102
1623.6,177.57346204706892,177.57376652493886
1624.32,177.56864087335248,177.56894534292732
1625.04,177.56382039900916,177.56412486029066
1625.76,177.55900062365458,177.55930507664425
1626.48,177.55418154690562,177.55448599160425
1627.2,177.54936316837916,177.5496676047879
1627.9199999999998,177.54454548769297,177.54484991581344
1628.6399999999999,177.53972850446712,177.5400329243
1629.36,177.53491221832053,177.5352166298677
1630.08,177.53009662887519,177.53040103213763
1630.8,177.52528173575251,177.52558613073177
1631.52,177.5204675385761,177.52077192527307
1632.24,177.5156540369694,177.51595841538543
1632.96,177.51084123055705,177.51114560069365
1633.6799999999998,177.506029118965,177.50633348082343
1634.3999999999999,177.50121770182,177.50152205540147
1635.12,177.49640697874918,177.49671132405533
1635.84,177.4915969493818,177.4919012864134
1636.56,177.48678761334645,177.4870919421051
1637.28,177.48197897027399,177.48228329076073
1638.0,177.47717101979515,177.4774753320113
1638.72,177.47236376154206,177.47266806548893
1639.4399999999998,177.46755719514783,177.46786149082658
1640.1599999999999,177.46275132024596,177.4630556076579
1640.8799999999999,177.4579461364715,177.45825041561764
1641.6,177.45314164345928,177.4534459143413
1642.32,177.4483378408463,177.4486421034652
1643.04,177.44353472826947,177.44383898262657
1643.76,177.43873230536724,177.43903655146352
1644.48,177.43393057177786,177.43423480961496
1645.2,177.42912952714187,177.42943375672058
1645.9199999999998,177.42432917109898,177.42463339242104
1646.6399999999999,177.41952950329141,177.41983371635777
1647.36,177.4147305233612,177.4150347281729
1648.08,177.40993223095063,177.4102364275096
1648.8,177.40513462570505,177.40543881401163
1649.52,177.40033770726768,177.40064188732373
1650.24,177.39554147528486,177.39584564709133
1650.96,177.39074592940221,177.3910500929608
1651.6799999999998,177.38595106926743,177.3862552245791
1652.3999999999999,177.38115689452854,177.38146104159424
1653.12,177.3763634048329,177.3766675436547
1653.84,177.37157059983144,177.37187473041004
1654.56,177.3667784791736,177.36708260151036
1655.28,177.36198704251115,177.3622911566067
1656.0,177.35719628949448,177.35750039535083
1656.72,177.35240621977755,177.3527103173952
1657.4399999999998,177.3476168330127,177.3479209223931
1658.1599999999999,177.34282812885408,177.34313220999854
1658.8799999999999,177.33804010695667,177.33834417986637
1659.6,177.333252766976,177.33355683165195
1660.32,177.32846610856814,177.32877016501163
1661.04,177.32368013139012,177.32398417960243
1661.76,177.31889483509985,177.31919887508198
1662.48,177.3141102193556,177.3144142511088
1663.2,177.30932628381652,177.30963030734205
1663.9199999999998,177.3045430281427,177.30484704344164
1664.6399999999999,177.29976045199487,177.30006445906815
1665.36,177.2949785550336,177.29528255388294
1666.08,177.29019733692144,177.29050132754801
1666.8,177.2854167973211,177.2857207797261
1667.52,177.28063693589638,177.28094091008063
1668.24,177.27585775231069,177.27616171827577
1668.96,177.27107924622896,177.27138320397634
1669.6799999999998,177.2663014173171,177.26660536684784
1670.3999999999999,177.26152426524095,177.26182820655646
1671.12,177.25674778966743,177.2570517227691
1671.84,177.2519719902641,177.25227591515323
1672.56,177.2471968666989,177.24750078337718
1673.28,177.2424224186418,177.2427263271097
1674.0,177.23764864576162,177.2379525460205
1674.72,177.23287554772833,177.23317943977972
1675.4399999999998,177.22810312421325,177.2284070080582
1676.1599999999999,177.22333137488772,177.22363525052754
1676.8799999999999,177.21856029942455,177.21886416685984
1677.6,177.21378989749496,177.214093756728
1678.32,177.20902016877426,177.2093240198054
1679.04,177.2042511129357,177.20455495576624
1679.76,177.19948272965394,177.19978656428518
1680.48,177.19471501860482,177.19501884503762
1681.2,177.18994797946345,177.19025179769957
1681.9199999999998,177.1851816119074,177.18548542194765
1682.6399999999999,177.18041591561325,177.18071971745908
1683.36,177.17565089025925,177.17595468391175
1684.08,177.17088653552435,177.17119032098412
1684.8,177.16612285108647,177.16642662835528
1685.52,177.16135983662582,177.16166360570494
1686.24,177.15659749182305,177.1569012527134
1686.96,177.15183581635858,177.15213956906155
1687.6799999999998,177.14707480991444,177.1473785544309
1688.3999999999999,177.14231447217196,177.14261820850354
1689.12,177.13755480281452,177.13785853096218
1689.84,177.13279580152494,177.13309952149007
1690.56,177.12803746798727,177.12834117977104
1691.28,177.12327980188581,177.1235835054896
1692.0,177.11852280290566,177.11882649833066
1692.72,177.11376647073223,177.11407015797997
1693.4399999999998,177.1090108050522,177.10931448412356
1694.1599999999999,177.1042558055526,177.10455947644826
1694.8799999999999,177.09950147191967,177.09980513464131
1695.6,177.09474780384164,177.0950514583906
1696.32,177.08999480100726,177.0902984473845
1697.04,177.08524246310515,177.08554610131208
1697.76,177.0804907898256,177.08079441986283
1698.48,177.0757397808577,177.0760434027268
1699.2,177.07098943589256,177.0712930495947
1699.9199999999998,177.06623975462117,177.06654336015762
1700.6399999999999,177.061490736736,177.06179433410728
1701.36,177.05674238192842,177.05704597113606
1702.08,177.05199468989144,177.05229827093663
1702.8,177.0472476603187,177.04755123320237
1703.52,177.04250129290335,177.04280485762715
1704.24,177.03775558734048,177.03805914390526
1704.96,177.03301054332508,177.03331409173174
1705.6799999999998,177.02826616055188,177.02856970080197
1706.3999999999999,177.02352243871746,177.02382597081188
1707.12,177.01877937751806,177.01908290145795
1707.84,177.01403697665035,177.01434049243719
1708.56,177.00929523581215,177.00959874344707
1709.28,177.0045541547014,177.0048576541856
1710.0,176.99981373301682,177.00011722435133
1710.72,176.99507397045716,176.9953774536432
1711.4399999999998,176.9903348667217,176.99063834176073
1712.1599999999999,176.98559642151088,176.98589988840394
1712.8799999999999,176.9808586345248,176.98116209327338
1713.6,176.9761215054648,176.97642495607002
1714.32,176.9713850340321,176.9716884764953
1715.04,176.96664921992908,176.96695265425123
1715.76,176.96191406285845,176.96221748904026
1716.48,176.95717956252236,176.95748298056537
1717.2,176.9524457186244,176.95274912852997
1717.9199999999998,176.94771253086935,176.9480159326379
1718.6399999999999,176.94297999896037,176.9432833925936
1719.36,176.9382481226031,176.93855150810188
1720.08,176.93351690150234,176.9338202788681
1720.8,176.9287863353644,176.92908970459794
1721.52,176.92405642389485,176.92435978499782
1722.24,176.91932716680105,176.91963051977433
1722.96,176.91459856379026,176.91490190863468
1723.6799999999998,176.90987061456963,176.9101739512865
1724.3999999999999,176.90514331884754,176.90544664743786
1725.12,176.90041667633204,176.90071999679728
1725.84,176.89569068673256,176.89599399907385
1726.56,176.89096534975863,176.89126865397697
1727.28,176.88624066511977,176.88654396121643
1728.0,176.88151663252654,176.88181992050272
1728.72,176.87679325168983,176.87709653154653
1729.4399999999998,176.87207052232054,176.87237379405906
1730.1599999999999,176.8673484441307,176.86765170775203
1730.8799999999999,176.86262701683177,176.86293027233745
1731.6,176.85790624013703,176.8582094875279
1732.32,176.85318611375897,176.8534893530363
1733.04,176.84846663741098,176.84876986857608
1733.76,176.8437478108068,176.84405103386104
1734.48,176.83902963366097,176.83933284860538
1735.2,176.83431210568824,176.83461531252377
1735.9199999999998,176.82959522660337,176.82989842533127
1736.6399999999999,176.8248789961217,176.82518218674343
1737.36,176.82016341396013,176.82046659647614
1738.08,176.81544847983366,176.8157516542457
1738.8,176.81073419346012,176.81103735976887
1739.52,176.80602055455597,176.8063237127629
1740.24,176.80130756283916,176.80161071294515
1740.96,176.79659521802773,176.79689836003374
1741.6799999999998,176.7918835198393,176.79218665374697
1742.3999999999999,176.78717246799317,176.78747559380363
1743.12,176.78246206220877,176.78276517992288
1743.84,176.7777523022056,176.77805541182437
1744.56,176.77304318770337,176.77334628922793
1745.28,176.76833471842235,176.76863781185406
1746.0,176.7636268940837,176.7639299794234
1746.72,176.7589197144083,176.75922279165718
1747.4399999999998,176.75421317911753,176.75451624827693
1748.1599999999999,176.74950728793362,176.74981034900458
1748.8799999999999,176.74480204057886,176.74510509356236
1749.6,176.7400974367755,176.74040048167305
1750.32,176.73539347624717,176.73569651305968
1751.04,176.73069015871715,176.7309931874457
1751.76,176.72598748390897,176.72629050455498
1752.48,176.72128545154726,176.72158846411173
1753.2,176.71658406135634,176.71688706584047
1753.9199999999998,176.71188331306143,176.7121863094662
1754.6399999999999,176.7071832063873,176.70748619471422
1755.36,176.70248374106006,176.70278672131028
1756.08,176.6977849168062,176.6980878889804
1756.8,176.6930867333516,176.693389697451
1757.52,176.68838919042332,176.68869214644894
1758.24,176.68369228774782,176.68399523570136
1758.96,176.6789960250535,176.67929896493567
1759.6799999999998,176.67430040206818,176.67460333387987
1760.3999999999999,176.6696054185195,176.6699083422621
1761.12,176.66491107413663,176.66521398981098
1761.84,176.6602173686481,176.66052027625554
1762.56,176.65552430178332,176.65582720132497
1763.28,176.65083187327218,176.65113476474892
1764.0,176.64614008284445,176.6464429662574
1764.72,176.64144893023013,176.64175180558078
1765.4399999999998,176.63675841516056,176.63706128244976
1766.1599999999999,176.63206853736654,176.6323713965953
1766.8799999999999,176.6273792965793,176.62768214774886
1767.6,176.62269069253045,176.62299353564208
1768.32,176.61800272495282,176.618305560007
1769.04,176.6133153935773,176.61361822057617
1769.76,176.60862869813832,176.60893151708217
1770.48,176.60394263836758,176.6042454492581
1771.2,176.59925721399975,176.59956001683744
1771.9199999999998,176.59457242476742,176.59487521955387
1772.6399999999999,176.5898882704049,176.59019105714137
1773.36,176.585204750647,176.5855075293345
1774.08,176.5805218652282,176.58082463586783
1774.8,176.57583961388343,176.5761423764765
1775.52,176.5711579963487,176.57146075089585
1776.24,176.5664770123584,176.56677975886157
1776.96,176.5617966616502,176.5620994001097
1777.6799999999998,176.5571169439594,176.55741967437652
1778.3999999999999,176.5524378590228,176.5527405813988
1779.12,176.5477594065776,176.54806212091344
1779.84,176.54308158636093,176.5433842926577
1780.56,176.5384043981103,176.53870709636922
1781.28,176.53372784156375,176.53403053178593
1782.0,176.5290519164596,176.52935459864608
1782.72,176.5243766225359,176.5246792966882
1783.4399999999998,176.51970195953277,176.52000462565113
1784.1599999999999,176.51502792718793,176.515330585274
1784.8799999999999,176.5103545252416,176.51065717529633
1785.6,176.50568175343324,176.5059843954579
1786.32,176.50100961150338,176.50131224549872
1787.04,176.49633809919192,176.49664072515927
1787.76,176.49166721623965,176.49196983418014
1788.48,176.48699696238737,176.4872995723024
1789.2,176.48232733737723,176.4826299392672
1789.9199999999998,176.47765834095003,176.47796093481628
1790.6399999999999,176.47298997284747,176.47329255869144
1791.36,176.46832223281206,176.46862481063482
1792.08,176.46365512058674,176.46395769038895
1792.8,176.45898863591367,176.45929119769653
1793.52,176.45432277853536,176.4546253323007
1794.24,176.449657548196,176.44996009394472
1794.96,176.4449929446397,176.44529548237227
1795.6799999999998,176.44032896760916,176.44063149732722
1796.3999999999999,176.43566561684952,176.4359681385538
1797.12,176.43100289210463,176.43130540579656
1797.84,176.4263407931196,176.42664329880017
1798.56,176.4216793196398,176.42198181730976
1799.28,176.41701847141007,176.4173209610707
1800.0,176.41235824817602,176.4126607298285
1800.72,176.4076986496833,176.40800112332911
1801.4399999999998,176.403039675679,176.40334214131877
1802.1599999999999,176.39838132590899,176.39868378354396
1802.8799999999999,176.39372360011998,176.3940260497513
1803.6,176.38906649805938,176.3893689396878
1804.32,176.38441001947433,176.38471245310086
1805.04,176.379754164112,176.38005658973796
1805.76,176.37509893172057,176.37540134934696
1806.48,176.3704443220479,176.37074673167598
1807.2,176.36579033484304,176.36609273647332
1807.9199999999998,176.3611369698533,176.36143936348768
1808.6399999999999,176.3564842268288,176.35678661246794
1809.36,176.35183210551804,176.35213448316333
1810.08,176.34718060567104,176.3474829753232
1810.8,176.3425297270369,176.34283208869726
1811.52,176.33787946936627,176.3381818230356
1812.24,176.3332298324085,176.33353217808835
1812.96,176.32858081591485,176.32888315360597
1813.6799999999998,176.3239324196354,176.32423474933933
1814.3999999999999,176.3192846433218,176.31958696503935
1815.12,176.31463748672536,176.31493980045732
1815.84,176.30999094959702,176.31029325534482
1816.56,176.30534503168906,176.30564732945356
1817.28,176.3006997327526,176.3010020225356
1818.0,176.29605505254165,176.29635733434333
1818.72,176.29141099080732,176.29171326462912
1819.4399999999998,176.28676754730293,176.28706981314588
1820.1599999999999,176.28212472178132,176.28242697964666
1820.8799999999999,176.27748251399635,176.27778476388477
1821.6,176.27284092370053,176.2731431656137
1822.32,176.26819995064898,176.26850218458733
1823.04,176.26355959459465,176.2638618205597
1823.76,176.25891985529233,176.259222073285
1824.48,176.2542807324969,176.2545829425179
1825.2,176.24964222596213,176.24994442801315
1825.9199999999998,176.24500433544415,176.24530652952575
1826.6399999999999,176.2403670606975,176.24066924681102
1827.36,176.235730401478,176.23603257962444
1828.08,176.23109435754134,176.23139652772176
1828.8,176.2264589286434,176.22676109085896
1829.52,176.2218241145406,176.22212626879238
1830.24,176.21718991498926,176.2174920612784
1830.96,176.21255632974658,176.2128584680738
1831.6799999999998,176.2079233585688,176.20822548893545
1832.3999999999999,176.20329100121342,176.2035931236206
1833.12,176.19865925743784,176.1989613718867
1833.84,176.1940281269999,176.19433023349134
1834.56,176.18939760965748,176.1896997081924
1835.28,176.18476770516793,176.18506979574812
1836.0,176.18013841329082,176.1804404959167
1836.72,176.17550973378354,176.1758118084569
1837.4399999999998,176.17088166640656,176.17118373312738
1838.1599999999999,176.16625421091726,176.16655626968728
1838.8799999999999,176.1616273670753,176.1619294178958
1839.6,176.1570011346413,176.15730317751255
1840.32,176.15237551337384,176.15267754829716
1841.04,176.1477505030324,176.14805253000964
1841.76,176.1431261033788,176.1434281224101
1842.48,176.13850231417223,176.13880432525912
1843.1999999999998,176.13387913517374,176.13418113831713
1843.9199999999998,176.12925656614402,176.1295585613451
1844.6399999999999,176.12463460684467,176.1249365941041
1845.36,176.12001325703625,176.12031523635537
1846.08,176.1153925164806,176.11569448786045
1846.8,176.1107723849392,176.1110743483811
1847.52,176.10615286217467,176.10645481767926
1848.24,176.10153394794872,176.1018358955171
1848.96,176.09691564202353,176.09721758165705
1849.6799999999998,176.09229794416217,176.0925998758617
1850.3999999999999,176.08768085412726,176.08798277789387
1851.12,176.08306437168164,176.08336628751658
1851.84,176.07844849658943,176.07875040449318
1852.56,176.07383322861256,176.074135128587
1853.28,176.06921856751615,176.06952045956183
1854.0,176.0646045130635,176.06490639718155
1854.72,176.05999106501872,176.06029294121026
1855.4399999999998,176.05537822314568,176.05568009141228
1856.1599999999999,176.05076598721007,176.05106784755213
1856.8799999999999,176.046154356976,176.04645620939453
1857.6,176.04154333220833,176.04184517670453
1858.32,176.0369329126721,176.03723474924715
1859.04,176.03232309813313,176.03262492678786
1859.76,176.02771388835663,176.02801570909224
1860.48,176.0231052831084,176.023407095926
1861.1999999999998,176.01849728215484,176.01879908705513
1861.9199999999998,176.0138898852614,176.0141916822459
1862.6399999999999,176.00928309219512,176.00958488126463
1863.36,176.00467690272217,176.0049786838779
1864.08,176.00007131660993,176.00037308985264
1864.8,175.9954663336248,175.99576809895578
1865.52,175.99086195353436,175.99116371095448
1866.24,175.98625817610593,175.98655992561623
1866.96,175.9816550011069,175.98195674270858
1867.6799999999998,175.97705242830534,175.97735416199936
1868.3999999999999,175.97245045746888,175.97275218325657
1869.12,175.9678490883664,175.96815080624845
1869.84,175.96324832076573,175.9635500307433
1870.56,175.95864815443588,175.9589498565099
1871.28,175.95404858914537,175.95435028331687
1872.0,175.9494496246631,175.94975131093335
1872.72,175.9448512607587,175.94515293912843
1873.4399999999998,175.94025349720073,175.94055516767156
1874.1599999999999,175.93565633375977,175.9359579963323
1874.8799999999999,175.9310597702048,175.9313614248804
1875.6,175.92646380630674,175.9267654530859
1876.32,175.92186844183448,175.92217008071884
1877.04,175.9172736765595,175.9175753075497
1877.76,175.91267951025156,175.91298113334895
1878.48,175.90808594268185,175.90838755788732
1879.1999999999998,175.90349297362116,175.9037945809358
1879.9199999999998,175.89890060284074,175.8992022022654
1880.6399999999999,175.8943088301113,175.89461042164757
1881.36,175.88971765520557,175.89001923885368
1882.08,175.8851270778939,175.88542865365545
1882.8,175.88053709794895,175.88083866582477
1883.52,175.87594771514262,175.8762492751337
1884.24,175.87135892924687,175.87166048135438
1884.96,175.86677074003455,175.8670722842594
1885.6799999999998,175.86218314727773,175.86248468362126
1886.3999999999999,175.85759615075028,175.8578976792128
1887.12,175.8530097502238,175.85331127080696
1887.84,175.84842394547218,175.848725458177
1888.56,175.8438387362687,175.84414024109614
1889.28,175.83925412238705,175.83955561933803
1890.0,175.8346701036005,175.83497159267637
1890.72,175.83008667968363,175.83038816088495
1891.4399999999998,175.82550385040997,175.82580532373794
1892.1599999999999,175.82092161555386,175.82122308100958
1892.8799999999999,175.81633997488996,175.81664143247428
1893.6,175.81175892819203,175.81206037790668
1894.32,175.80717847523636,175.80747991708162
1895.04,175.80259861579668,175.80290004977402
1895.76,175.79801934964894,175.79832077575907
1896.48,175.7934406765679,175.79374209481207
1897.1999999999998,175.78886259632952,175.78916400670852
1897.9199999999998,175.7842851087088,175.78458651122412
1898.6399999999999,175.7797082134823,175.78000960813472
1899.36,175.77513191042613,175.77543329721635
1900.08,175.77055619931616,175.77085757824528
1900.8,175.76598107992834,175.7662824509978
1901.52,175.76140655204017,175.76170791525058
1902.24,175.75683261542724,175.75713397078033
1902.96,175.75225926986752,175.75256061736383
1903.6799999999998,175.74768651513796,175.74798785477833
1904.3999999999999,175.7431143510156,175.743415682801
1905.12,175.73854277727742,175.73884410120928
1905.84,175.7339717937017,175.7342731097807
1906.56,175.72940140006563,175.7297027082931
1907.28,175.72483159614762,175.72513289652449
1908.0,175.72026238172566,175.72056367425276
1908.72,175.71569375657782,175.7159950412564
1909.4399999999998,175.71112572048298,175.7114269973138
1910.1599999999999,175.7065582732189,175.70685954220346
1910.8799999999999,175.70199141456533,175.70229267570429
1911.6,175.69742514430084,175.69772639759518
1912.32,175.6928594622043,175.6931607076553
1913.04,175.6882943680555,175.68859560566386
1913.76,175.68372986163365,175.68403109140036
1914.48,175.6791659427181,175.67946716464445
1915.1999999999998,175.67460261108897,175.67490382517587
1915.9199999999998,175.67003986652617,175.67034107277456
1916.6399999999999,175.66547770880936,175.6657789072206
1917.36,175.66091613771948,175.6612173282944
1918.08,175.65635515303632,175.65665633577626
1918.8,175.65179475454158,175.6520959294469
1919.52,175.64723494201507,175.64753610908699
1920.24,175.64267571523771,175.6429768744775
1920.96,175.6381170739911,175.6384182253995
1921.6799999999998,175.63355901805573,175.63386016163435
1922.3999999999999,175.62900154721444,175.62930268296336
1923.12,175.62444466124737,175.6247457891681
1923.84,175.61988835993668,175.62018948003038
1924.56,175.61533264306433,175.61563375533203
1925.28,175.61077751041262,175.6110786148552
1926.0,175.60622296176416,175.606524058382
1926.72,175.6016689969,175.60197008569486
1927.4399999999998,175.59711561560357,175.59741669657635
1928.1599999999999,175.59256281765738,175.59286389080916
1928.8799999999999,175.58801060284486,175.5883116681761
1929.6,175.58345897094773,175.58376002846018
1930.32,175.57890792175033,175.57920897144461
1931.04,175.5743574550355,175.57465849691266
1931.76,175.5698075705866,175.57010860464786
1932.48,175.56525826818802,175.56555929443388
1933.1999999999998,175.56070954762265,175.56101056605442
1933.9199999999998,175.55616140867482,175.55646241929347
1934.6399999999999,175.5516138511282,175.5519148539352
1935.36,175.54706687476778,175.54736786976372
1936.08,175.54252047937825,175.5428214665636
1936.8,175.53797466474214,175.53827564411932
1937.52,175.53342943064683,175.53373040221564
1938.24,175.52888477687554,175.52918574063742
1938.96,175.52434070321374,175.52464165916967
1939.6799999999998,175.51979720944666,175.5200981575976
1940.3999999999999,175.51525429535934,175.51555523570656
1941.12,175.51071196073792,175.51101289328196
1941.84,175.50617020536743,175.50647113010945
1942.56,175.50162902903378,175.50192994597492
1943.28,175.49708843152303,175.4973893406642
1944.0,175.49254841262132,175.49284931396338
1944.72,175.48800897211459,175.4883098656588
1945.4399999999998,175.48347010978944,175.4837709955367
1946.1599999999999,175.47893182543237,175.47923270338376
1946.8799999999999,175.47439411883,175.47469498898658
1947.6,175.4698569897697,175.47015785213202
1948.32,175.46532043803757,175.4656212926071
1949.04,175.4607844634213,175.46108531019885
1949.76,175.4562490657081,175.45654990469464
1950.48,175.45171424468504,175.45201507588192
1951.1999999999998,175.44718000014018,175.44748082354818
1951.9199999999998,175.4426463318615,175.44294714748116
1952.6399999999999,175.43811323963575,175.4384140474688
1953.36,175.43358072325225,175.43388152329905
1954.08,175.42904878249817,175.42934957476007
1954.8,175.42451741716218,175.4248182016402
1955.52,175.41998662703293,175.42028740372785
1956.24,175.41545641189862,175.41575718081168
1956.96,175.41092677154802,175.41122753268039
1957.6799999999998,175.4063977057707,175.40669845912288
1958.3999999999999,175.40186921435532,175.40216995992822
1959.12,175.39734129709018,175.39764203488548
1959.84,175.39281395376577,175.39311468378406
1960.56,175.38828718417074,175.38858790641342
1961.28,175.3837609880959,175.38406170256312
1962.0,175.37923536532924,175.3795360720229
1962.72,175.37471031566247,175.3750110145827
1963.4399999999998,175.37018583888414,175.3704865300325
1964.1599999999999,175.36566193478507,175.36596261816254
1964.8799999999999,175.36113860315584,175.36143927876313
1965.6,175.35661584378636,175.35691651162466
1966.32,175.3520936564679,175.35239431653773
1967.04,175.34757204099014,175.3478726932932
1967.76,175.3430509971447,175.34335164168175
1968.48,175.33853052472261,175.33883116149457
1969.1999999999998,175.33401062351504,175.33431125252275
1969.9199999999998,175.32949129331269,175.32979191455755
1970.6399999999999,175.3249725339076,175.32527314739045
1971.36,175.32045434509155,175.320754950813
1972.08,175.3159367266553,175.31623732461696
1972.8,175.3114196783921,175.31172026859412
1973.52,175.30690320009262,175.30720378253653
1974.24,175.30238729154928,175.3026878662363
1974.96,175.29787195255494,175.29817251948572
1975.6799999999998,175.29335718290133,175.29365774207713
1976.3999999999999,175.28884298238165,175.28914353380307
1977.12,175.28432935078808,175.2846298944563
1977.84,175.2798162879136,175.2801168238295
1978.56,175.27530379355096,175.27560432171578
1979.28,175.27079186749347,175.2710923879081
1980.0,175.26628050953434,175.26658102219977
1980.72,175.26176971946722,175.26207022438413
1981.4399999999998,175.2572594970851,175.25755999425456
1982.1599999999999,175.25274984218163,175.25305033160484
1982.8799999999999,175.24824075455092,175.24854123622868
1983.6,175.24373223398663,175.2440327079199
1984.32,175.23922428028288,175.23952474647265
1985.04,175.23471689323378,175.23501735168102
1985.76,175.2302100726332,175.23051052333932
1986.48,175.22570381827688,175.22600426124202
1987.1999999999998,175.22119812995777,175.2214985651836
1987.9199999999998,175.21669300747135,175.21699343495885
1988.6399999999999,175.2121884506131,175.21248887036256
1989.36,175.2076844591769,175.2079848711897
1990.08,175.20318103295835,175.20348143723535
1990.8,175.19867817175236,175.19897856829476
1991.52,175.19417587535463,175.19447626416326
1992.24,175.1896741435604,175.18997452463637
1992.96,175.1851729761654,175.18547334950972
1993.6799999999998,175.180672372966,175.18097273857902
1994.3999999999999,175.17617233375654,175.1764726916402
1995.12,175.17167285833477,175.17197320848922
1995.84,175.1671739464956,175.1674742889223
1996.56,175.162675598036,175.16297593273563
1997.28,175.1581778127519,175.1584781397257
1998.0,175.15368059044,175.153980909689
1998.72,175.14918393089704,175.14948424242223
1999.4399999999998,175.14468783392,175.14498813772215
2000.1599999999999,175.14019229930557,175.14049259538564
2000.8799999999999,175.1356973268505,175.13599761520985
2001.6,175.13120291635266,175.13150319699187
2002.32,175.12670906760866,175.12700934052904
2003.04,175.1222157804168,175.12251604561882
2003.76,175.1177230545734,175.11802331205877
2004.48,175.1132308898773,175.11353113964657
2005.1999999999998,175.10873928612568,175.10903952818003
2005.9199999999998,175.10424824311713,175.10454847745714
2006.6399999999999,175.0997577606488,175.1000579872759
2007.36,175.0952678385197,175.09556805743458
2008.08,175.09077847652748,175.0910786877315
2008.8,175.08628967447146,175.08658987796508
2009.52,175.08180143214997,175.08210162793395
2010.24,175.07731374936054,175.0776139374367
2010.96,175.07282662590353,175.07312680627228
2011.6799999999998,175.06834006157703,175.06864023423967
2012.3999999999999,175.06385405618073,175.06415422113784
2013.12,175.05936860951306,175.05966876676607
2013.84,175.05488372137404,175.05518387092366
2014.56,175.05039939156302,175.05069953341007
2015.28,175.04591561987922,175.04621575402493
2016.0,175.04143240612302,175.04173253256786
2016.72,175.0369497500933,175.0372498688388
2017.4399999999998,175.03246765159076,175.03276776263766
2018.1599999999999,175.0279861104151,175.02828621376446
2018.8799999999999,175.0235051263669,175.0238052220195
2019.6,175.01902469924607,175.01932478720303
2020.32,175.01454482885322,175.0148449091155
2021.04,175.0100655149887,175.0103655875575
2021.76,175.0055867574539,175.00588682232976
2022.48,175.00110855604896,175.00140861323305
2023.1999999999998,174.99663091057505,174.9969309600683
2023.9199999999998,174.9921538208332,174.9924538626366
2024.6399999999999,174.98767728662483,174.9879773207392
2025.36,174.98320130775062,174.98350133417728
2026.08,174.97872588401287,174.9790259027523
2026.8,174.97425101521242,174.97455102626586
2027.52,174.9697767011511,174.97007670451958
2028.24,174.9653029416312,174.9656029373153
2028.96,174.96082973645355,174.9611297244549
2029.6799999999998,174.95635708542147,174.9566570657404
2030.3999999999999,174.95188498833636,174.9521849609739
2031.12,174.94741344500028,174.9477134099578
2031.84,174.94294245521644,174.94324241249447
2032.56,174.93847201878623,174.93877196838633
2033.28,174.93400213551354,174.93430207743612
2034.0,174.9295328052002,174.92983273944648
2034.72,174.92506402764957,174.92536395422042
2035.4399999999998,174.92059580266437,174.9208957215608
2036.1599999999999,174.91612813004747,174.91642804127082
2036.8799999999999,174.911661009603,174.91196091315365
2037.6,174.90719444113336,174.90749433701268
2038.32,174.9027284244429,174.9030283126514
2039.04,174.89826295933415,174.8985628398733
2039.76,174.8937980456111,174.8940979184821
2040.48,174.88933368307892,174.88963354828172
2041.1999999999998,174.88486987153965,174.885169729076
2041.9199999999998,174.88040661079856,174.88070646066905
2042.6399999999999,174.87594390065897,174.87624374286503
2043.36,174.87148174092624,174.87178157546822
2044.08,174.86702013140416,174.86731995828305
2044.8,174.8625590718966,174.86285889111403
2045.52,174.8580985622093,174.85839837376582
2046.24,174.8536386021467,174.85393840604314
2046.96,174.8491791915136,174.84947898775087
2047.6799999999998,174.8447203301149,174.84502011869404
2048.4,174.84026201775578,174.84056179867773
2049.12,174.83580425424168,174.8361040275072
2049.84,174.8313470393772,174.83164680498774
2050.56,174.82689037296916,174.8271901309248
2051.2799999999997,174.8224342548217,174.822734005124
2052.0,174.8179786847411,174.818278427391
2052.72,174.81352366253373,174.81382339753162
2053.44,174.80906918800463,174.80936891535177
2054.16,174.8046152609603,174.80491498065746
2054.88,174.80016188120646,174.80046159325485
2055.6,174.79570904854972,174.79600875295017
2056.3199999999997,174.7912567627966,174.79155645954984
2057.04,174.78680502375312,174.78710471286035
2057.7599999999998,174.7823538312258,174.78265351268826
2058.48,174.77790318502196,174.77820285884033
2059.2,174.77345308494864,174.77375275112337
2059.92,174.76900353081146,174.76930318934436
2060.64,174.76455452241885,174.7648541733103
2061.36,174.7601060595773,174.76040570282842
2062.08,174.7556581420938,174.75595777770593
2062.7999999999997,174.75121076977678,174.7515103977503
2063.52,174.74676394243295,174.74706356276903
2064.24,174.74231765986997,174.74261727256967
2064.96,174.73787192189593,174.73817152696006
2065.68,174.73342672831825,174.73372632574797
2066.4,174.7289820789456,174.7292816687414
2067.12,174.72453797358526,174.72483755574842
2067.84,174.7200944120458,174.7203939865772
2068.56,174.71565139413553,174.7159509610361
2069.2799999999997,174.7112089196629,174.71150847893344
2070.0,174.7067669884359,174.7070665400777
2070.72,174.7023256002641,174.70262514427768
2071.44,174.69788475495488,174.698184291342
2072.16,174.69344445231877,174.69374398107956
2072.88,174.68900469216396,174.68930421329924
2073.6,174.68456547429912,174.68486498781024
2074.3199999999997,174.68012679853393,174.68042630442164
2075.04,174.6756886646773,174.67598816294282
2075.7599999999998,174.67125107253946,174.67155056318313
2076.48,174.66681402192887,174.6671135049521
2077.2,174.662377512656,174.66267698805936
2077.92,174.65794154452976,174.65824101231468
2078.64,174.6535061173612,174.65380557752786
2079.36,174.64907123095895,174.64937068350883
2080.08,174.6446368851341,174.64493633006774
2080.7999999999997,174.640203079696,174.6405025170147
2081.52,174.63576981445556,174.63606924416
2082.24,174.6313370892227,174.6316365113141
2082.96,174.6269049038084,174.62720431828745
2083.68,174.62247325802286,174.62277266489065
2084.4,174.61804215167695,174.61834155093445
2085.12,174.61361158458203,174.61391097622968
2085.84,174.6091815565477,174.60948094058722
2086.56,174.60475206738647,174.60505144381818
2087.2799999999997,174.60032311690838,174.6006224857337
2088.0,174.59589470492506,174.59619406614507
2088.72,174.59146683124845,174.59176618486362
2089.44,174.58703949568962,174.58733884170078
2090.16,174.58261269806007,174.58291203646826
2090.88,174.57818643817131,174.57848576897769
2091.6,174.57376071583508,174.57406003904083
2092.3199999999997,174.56933553086424,174.56963484646968
2093.04,174.56491088306973,174.56521019107615
2093.7599999999998,174.5604867722643,174.56078607267247
2094.48,174.55606319825972,174.5563624910708
2095.2,174.55164016086871,174.55193944608348
2095.92,174.54721765990337,174.54751693752291
2096.64,174.54279569517666,174.5430949652018
2097.36,174.53837426650114,174.53867352893263
2098.08,174.5339533736892,174.53425262852824
2098.7999999999997,174.5295330165543,174.52983226380147
2099.52,174.52511319490895,174.52541243456537
2100.24,174.5206939085664,174.52099314063292
2100.96,174.5162751573398,174.51657438181738
2101.68,174.5118569410422,174.512156157932
2102.4,174.5074392594879,174.50773846879017
2103.12,174.50302211248936,174.50332131420544
2103.84,174.4986054998608,174.49890469399134
2104.56,174.49418942141563,174.49448860796167
2105.2799999999997,174.48977387696743,174.49007305593022
2106.0,174.48535886633078,174.4856580377109
2106.72,174.4809443893189,174.48124355311776
2107.44,174.47653044574713,174.47682960196485
2108.16,174.47211703542848,174.4724161840665
2108.88,174.46770415817775,174.46800329923704
2109.6,174.46329181380986,174.46359094729092
2110.3199999999997,174.45888000213813,174.45917912804265
2111.04,174.45446872297885,174.4547678413069
2111.7599999999998,174.45005797614522,174.45035708689844
2112.48,174.4456477614533,174.44594686463213
2113.2,174.44123807871722,174.44153717432292
2113.92,174.43682892775257,174.43712801578585
2114.64,174.43242030837428,174.43271938883618
2115.36,174.42801222039782,174.42831129328917
2116.08,174.42360466363846,174.42390372896014
2116.7999999999997,174.41919763791157,174.4194966956646
2117.52,174.41479114303297,174.41509019321816
2118.24,174.41038517881793,174.41068422143647
2118.96,174.40597974508285,174.40627878013532
2119.68,174.40157484164297,174.4018738691307
2120.4,174.3971704683147,174.3974694882385
2121.12,174.3927666249142,174.39306563727484
2121.84,174.38836331125754,174.38866231605596
2122.56,174.3839605271611,174.38425952439815
2123.2799999999997,174.37955827244105,174.37985726211775
2124.0,174.37515654691447,174.37545552903137
2124.72,174.3707553503972,174.3710543249556
2125.44,174.36635468270617,174.3666536497071
2126.16,174.3619545436586,174.36225350310272
2126.88,174.35755493307136,174.3578538849594
2127.6,174.35315585076103,174.3534547950941
2128.3199999999997,174.34875729654505,174.349056233324
2129.04,174.3443592702405,174.34465819946624
2129.7599999999998,174.33996177166443,174.34026069333822
2130.48,174.33556480063532,174.33586371475735
2131.2,174.33116835696933,174.33146726354113
2131.92,174.326772440485,174.32707133950717
2132.64,174.322377051,174.3226759424732
2133.36,174.3179821883316,174.3182810722571
2134.08,174.31358785229816,174.31388672867675
2134.7999999999997,174.30919404271742,174.30949291155017
2135.52,174.3048007594076,174.30509962069553
2136.24,174.30040800218683,174.30070685593103
2136.96,174.29601577087442,174.29631461707498
2137.68,174.29162406528712,174.29192290394582
2138.4,174.28723288524486,174.28753171636208
2139.12,174.28284223056562,174.28314105414242
2139.84,174.27845210106807,174.2787509171055
2140.56,174.27406249657167,174.27436130507022
2141.2799999999997,174.26967341689453,174.26997221785547
2142.0,174.26528486185623,174.2655836552803
2142.72,174.26089683127532,174.26119561716376
2143.44,174.25650932497172,174.2568081033251
2144.16,174.25212234276432,174.25242111358372
2144.88,174.24773588447295,174.24803464775903
2145.6,174.24334994991636,174.24364870567047
2146.3199999999997,174.23896453891484,174.2392632871377
2147.04,174.23457965128807,174.23487839198046
2147.7599999999998,174.23019528685563,174.23049402001857
2148.48,174.2258114454379,174.2261101710719
2149.2,174.221428126854,174.2217268449605
2149.92,174.21704533092486,174.21734404150448
2150.64,174.2126630574703,174.21296176052405
2151.36,174.20828130631116,174.2085800018395
2152.08,174.20390007726655,174.20419876527126
2152.7999999999997,174.19951937015855,174.19981805063983
2153.52,174.19513918480675,174.19543785776582
2154.24,174.19075952103253,174.1910581864699
2154.96,174.18638037865605,174.1866790365729
2155.68,174.1820017574986,174.18230040789572
2156.4,174.17762365738088,174.17792230025927
2157.12,174.17324607812418,174.17354471348477
2157.84,174.1688690195499,174.16916764739335
2158.56,174.16449248147887,174.1647911018063
2159.2799999999997,174.16011646373272,174.16041507654495
2160.0,174.1557409661325,174.15603957143085
2160.72,174.15136598850086,174.15166458628556
2161.44,174.1469915306585,174.14729012093073
2162.16,174.1426175924272,174.14291617518816
2162.88,174.13824417362957,174.13854274887964
2163.6,174.13387127408657,174.13416984182723
2164.3199999999997,174.12949889362142,174.12979745385297
2165.04,174.1251270320555,174.12542558477898
2165.7599999999998,174.12075568921068,174.12105423442753
2166.48,174.1163848649104,174.11668340262094
2167.2,174.11201455897617,174.11231308918173
2167.92,174.10764477123098,174.10794329393232
2168.64,174.1032755014977,174.10357401669546
2169.36,174.09890674959865,174.09920525729382
2170.08,174.09453851535693,174.0948370155502
2170.7999999999997,174.09017079859495,174.09046929128763
2171.52,174.08580359913617,174.08610208432904
2172.24,174.08143691680357,174.08173539449757
2172.96,174.07707075142048,174.0773692216164
2173.68,174.0727051028099,174.0730035655089
2174.4,174.06833997079582,174.0686384259984
2175.12,174.06397535520148,174.06427380290842
2175.84,174.05961125584997,174.05990969606256
2176.56,174.05524767256554,174.0555461052845
2177.2799999999997,174.05088460517186,174.05118303039797
2178.0,174.04652205349248,174.04682047122694
2178.72,174.042160017352,174.0424584275953
2179.44,174.0377984965736,174.0380968993271
2180.16,174.03343749098235,174.03373588624657
2180.88,174.02907700040225,174.02937538817795
2181.6,174.02471702465732,174.0250154049455
2182.3199999999997,174.02035756357202,174.02065593637383
2183.04,174.01599861697116,174.01629698228726
2183.7599999999998,174.01164018467932,174.01193854251056
2184.48,174.00728226652097,174.0075806168684
2185.2,174.00292486232115,174.00322320518563
2185.92,173.99856797190455,173.99886630728713
2186.64,173.99421159509632,173.9945099229979
2187.36,173.98985573172195,173.99015405214305
2188.08,173.98550038160636,173.9857986945478
2188.7999999999997,173.98114554457413,173.98144385003732
2189.52,173.97679122045145,173.97708951843717
2190.24,173.9724374090639,173.9727356995726
2190.96,173.96808411023665,173.9683823932694
2191.68,173.96373132379517,173.96402959935307
2192.4,173.95937904956565,173.9596773176494
2193.12,173.9550272873737,173.95532554798424
2193.84,173.95067603704524,173.95097429018355
2194.56,173.94632529840635,173.94662354407328
2195.2799999999997,173.9419750712833,173.94227330947965
2196.0,173.93762535550195,173.9379235862288
2196.72,173.9332761508888,173.933574374147
2197.44,173.92892745727067,173.92922567306078
2198.16,173.92457927447333,173.92487748279655
2198.88,173.92023160232384,173.92052980318084
2199.6,173.9158844406486,173.91618263404044
2200.3199999999997,173.91153778927458,173.91183597520202
2201.04,173.9071916480284,173.90748982649248
2201.7599999999998,173.90284601673716,173.90314418773875
2202.48,173.89850089522815,173.89879905876796
2203.2,173.89415628332824,173.89445443940707
2203.92,173.88981218086474,173.89011032948346
2204.64,173.88546858766472,173.88576672882436
2205.36,173.88112550355595,173.88142363725726
2206.08,173.87678292836563,173.87708105460956
2206.7999999999997,173.87244086192175,173.87273898070896
2207.52,173.86809930405093,173.86839741538301
2208.24,173.86375825458254,173.86405635845958
2208.96,173.85941771334296,173.85971580976653
2209.68,173.85507768016134,173.8553757691318
2210.4,173.8507381548651,173.85103623638344
2211.12,173.84639913728256,173.84669721134952
2211.84,173.84206062724184,173.8423586938584
2212.56,173.83772262457103,173.83802068373825
2213.2799999999997,173.83338512909904,173.83368318081762
2214.0,173.8290481406541,173.82934618492493
2214.72,173.82471165906486,173.82500969588878
2215.44,173.82037568415967,173.8206737135379
2216.16,173.81604021576754,173.816338237701
2216.88,173.81170525371806,173.81200326820698
2217.6,173.80737079783898,173.80766880488474
2218.3199999999997,173.8030368479599,173.80333484756335
2219.04,173.7987034039104,173.79900139607193
2219.7599999999998,173.79437046551868,173.79466845023975
2220.48,173.79003803261503,173.79033600989607
2221.2,173.785706105028,173.78600407487033
2221.92,173.78137468258763,173.78167264499197
2222.64,173.7770437651236,173.77734172009065
2223.36,173.77271335246496,173.77301129999597
2224.08,173.7683834444423,173.76868138453764
2224.7999999999997,173.76405404088473,173.76435197354564
2225.52,173.75972514162277,173.76002306684987
2226.24,173.75539674648599,173.7556946642803
2226.96,173.751068855305,173.75136676566706
2227.68,173.74674146790937,173.7470393708404
2228.4,173.7424145841295,173.7427124796306
2229.12,173.73808820379645,173.73838609186802
2229.8399999999997,173.73376232674002,173.73406020738315
2230.56,173.72943695279105,173.72973482600656
2231.2799999999997,173.7251120817806,173.7254099475689
2232.0,173.72078771353836,173.7210855719009
2232.72,173.71646384789585,173.71676169883335
2233.44,173.7121404846839,173.71243832819724
2234.16,173.70781762373338,173.70811545982352
2234.88,173.70349526487564,173.70379309354325
2235.6,173.69917340794143,173.6994712291877
2236.3199999999997,173.69485205276294,173.69514986658817
2237.04,173.69053119916998,173.69082900557586
2237.7599999999998,173.6862108469951,173.68650864598231
2238.48,173.68189099607014,173.68218878763903
2239.2,173.67757164622606,173.6778694303777
2239.92,173.6732527972946,173.67355057402995
2240.64,173.6689344491075,173.66923221842762
2241.36,173.66461660149707,173.66491436340257
2242.08,173.66029925429484,173.66059700878677
2242.7999999999997,173.6559824073331,173.65628015441234
2243.52,173.6516660604441,173.6519638001114
2244.24,173.64735021345984,173.64764794571607
2244.96,173.64303486621247,173.64333259105885
2245.68,173.63872001853485,173.63901773597203
2246.4,173.63440567025964,173.6347033802882
2247.12,173.6300918212188,173.63038952383988
2247.8399999999997,173.62577847124555,173.62607616645965
2248.56,173.621465620172,173.6217633079805
2249.2799999999997,173.61715326783167,173.61745094823507
2250.0,173.61284141405702,173.61313908705637
2250.72,173.60853005868103,173.6088277242774
2251.44,173.6042192015376,173.6045168597313
2252.16,173.59990884245894,173.60020649325122
2252.88,173.59559898127884,173.59589662467044
2253.6,173.59128961783063,173.59158725382235
2254.3199999999997,173.58698075194764,173.5872783805404
2255.04,173.58267238346366,173.5829700046581
2255.7599999999998,173.5783645122117,173.57866212600908
2256.48,173.5740571380262,173.57435474442707
2257.2,173.56975026074088,173.57004785974587
2257.92,173.56544388018892,173.5657414717993
2258.64,173.56113799620505,173.5614355804214
2259.36,173.5568326086228,173.5571301854462
2260.08,173.5525277172767,173.55282528670782
2260.7999999999997,173.5482233220008,173.5485208840405
2261.52,173.54391942262953,173.54421697727858
2262.24,173.53961601899687,173.5399135662564
2262.96,173.53531311093786,173.53561065080848
2263.68,173.5310106982871,173.5313082307694
2264.4,173.52670878087872,173.52700630597374
2265.12,173.52240735854764,173.52270487625637
2265.8399999999997,173.51810643112867,173.51840394145194
2266.56,173.51380599845697,173.5141035013955
2267.2799999999997,173.50950606036736,173.509803555922
2268.0,173.50520661669498,173.50550410486653
2268.72,173.50090766727487,173.50120514806423
2269.44,173.49660921194243,173.49690668535035
2270.16,173.4923112505328,173.49260871656026
2270.88,173.48801378288147,173.48831124152937
2271.6,173.48371680882417,173.48401426009312
2272.3199999999997,173.47942032819606,173.47971777208718
2273.04,173.4751243408332,173.47542177734718
2273.7599999999998,173.4708288465713,173.47112627570894
2274.48,173.46653384524586,173.46683126700822
2275.2,173.4622393366932,173.462536751081
2275.92,173.45794532074967,173.4582427277632
2276.64,173.45365179725013,173.45394919689107
2277.36,173.44935876603188,173.4496561583007
2278.08,173.44506622693098,173.44536361182833
2278.7999999999997,173.44077417978315,173.44107155731038
2279.52,173.43648262442593,173.43677999458325
2280.24,173.43219156069472,173.43248892348345
2280.96,173.42790098842647,173.42819834384755
2281.68,173.4236109074584,173.4239082555123
2282.4,173.41932131762678,173.41961865831442
2283.12,173.41503221876837,173.41532955209078
2283.8399999999997,173.41074361072037,173.4110409366783
2284.56,173.40645549331964,173.40675281191403
2285.2799999999997,173.4021678664035,173.4024651776351
2286.0,173.39788072980878,173.3981780336786
2286.72,173.39359408337316,173.39389137988186
2287.44,173.3893079269336,173.38960521608223
2288.16,173.38502226032767,173.38531954211714
2288.88,173.3807370833929,173.3810343578241
2289.6,173.37645239596714,173.37674966304075
2290.3199999999997,173.3721681978875,173.37246545760476
2291.04,173.3678844889929,173.36818174135388
2291.7599999999998,173.36360126911939,173.363898514126
2292.48,173.35931853810644,173.35961577575898
2293.2,173.35503629579193,173.3553335260909
2293.92,173.35075454201296,173.3510517649599
2294.64,173.34647327660878,173.34677049220403
2295.36,173.34219249941748,173.34248970766168
2296.08,173.33791221027684,173.33820941117116
2296.7999999999997,173.33363240902554,173.3339296025709
2297.52,173.3293530955027,173.32965028169934
2298.24,173.3250742695459,173.3253714483952
2298.96,173.32079593099434,173.32109310249712
2299.68,173.31651807968706,173.31681524384385
2300.4,173.31224071546228,173.31253787227416
2301.12,173.30796383815937,173.30826098762705
2301.8399999999997,173.30368744761734,173.30398458974153
2302.56,173.29941154367498,173.2997086784567
2303.2799999999997,173.29513612617177,173.29543325361172
2304.0,173.2908611949464,173.29115831504583
2304.72,173.28658674983933,173.28688386259833
2305.44,173.28231279068905,173.28260989610868
2306.16,173.27803931733524,173.27833641541642
2306.88,173.2737663296174,173.27406342036102
2307.6,173.2694938273752,173.26979091078223
2308.3199999999997,173.26522181044868,173.2655188865198
2309.04,173.26095027867734,173.26124734741347
2309.7599999999998,173.25667923190144,173.2569762933032
2310.48,173.2524086699608,173.252705724029
2311.2,173.2481385926949,173.24843563943097
2311.92,173.2438689999451,173.2441660393491
2312.64,173.2395998915506,173.23989692362377
2313.36,173.23533126735174,173.23562829209527
2314.08,173.2310631271897,173.2313601446039
2314.7999999999997,173.22679547090434,173.22709248099025
2315.52,173.22252829833621,173.22282530109484
2316.24,173.21826160932665,173.2185586047583
2316.96,173.213995403715,173.21429239182135
2317.68,173.2097296813431,173.21002666212476
2318.4,173.20546444205172,173.20576141550944
2319.12,173.2011996856818,173.20149665181634
2319.8399999999997,173.19693541207403,173.1972323708865
2320.56,173.19267162106985,173.19296857256103
2321.2799999999997,173.1884083125102,173.18870525668115
2322.0,173.18414548623696,173.18444242308811
2322.72,173.1798831420906,173.18018007162334
2323.44,173.17562127991346,173.1759182021282
2324.16,173.17135989954693,173.17165681444428
2324.88,173.16709900083197,173.16739590841314
2325.6,173.16283858361078,173.1631354838765
2326.3199999999997,173.15857864772477,173.15887554067604
2327.04,173.15431919301625,173.15461607865367
2327.7599999999998,173.1500602193271,173.15035709765135
2328.48,173.14580172649892,173.14609859751098
2329.2,173.14154371437394,173.14184057807472
2329.92,173.13728618279458,173.13758303918468
2330.64,173.13302913160283,173.13332598068314
2331.36,173.12877256064087,173.1290694024124
2332.08,173.12451646975137,173.1248133042149
2332.7999999999997,173.12026085877721,173.12055768593305
2333.52,173.11600572756015,173.11630254740945
2334.24,173.11175107594283,173.11204788848679
2334.96,173.1074969037686,173.10779370900767
2335.68,173.10324321088012,173.10354000881495
2336.4,173.09898999711947,173.09928678775154
2337.12,173.09473726233125,173.09503404566036
2337.8399999999997,173.09048500635674,173.09078178238445
2338.56,173.0862332290401,173.08652999776695
2339.2799999999997,173.08198193022417,173.08227869165103
2340.0,173.077731109752,173.07802786387995
2340.72,173.07348076746734,173.07377751429703
2341.44,173.0692309032138,173.0695276427458
2342.16,173.064981516834,173.06527824906968
2342.88,173.06073260817243,173.06102933311232
2343.6,173.05648417707243,173.05678089471735
2344.3199999999997,173.0522362233777,173.05253293372854
2345.04,173.0479887469321,173.04828544998958
2345.7599999999998,173.0437417475796,173.04403844334456
2346.48,173.03949522516427,173.03979191363737
2347.2,173.03524917952927,173.0355458607121
2347.92,173.0310036105202,173.03130028441288
2348.64,173.02675851798006,173.02705518458387
2349.36,173.02251390175377,173.02281056106943
2350.08,173.0182697616856,173.01856641371393
2350.7999999999997,173.01402609761976,173.0143227423618
2351.52,173.00978290940134,173.01007954685753
2352.24,173.00554019687445,173.00583682704578
2352.96,173.0012979598838,173.00159458277125
2353.68,172.99705619827444,172.99735281387862
2354.4,172.99281491189083,172.99311152021284
2355.12,172.98857410057838,172.98887070161874
2355.8399999999997,172.98433376418188,172.98463035794134
2356.56,172.98009390254617,172.9803904890257
2357.2799999999997,172.97585451551674,172.97615109471698
2358.0,172.9716156029383,172.97191217486036
2358.72,172.9673771646569,172.96767372930128
2359.44,172.96313920051762,172.963435757885
2360.16,172.95890171036535,172.95919826045704
2360.88,172.95466469404664,172.95496123686286
2361.6,172.95042815140584,172.9507246869482
2362.3199999999997,172.94619208228994,172.94648861055865
2363.04,172.9419564865441,172.94225300754002
2363.7599999999998,172.9377213640139,172.9380178777381
2364.48,172.93348671454612,172.9337832209989
2365.2,172.92925253798546,172.92954903716836
2365.92,172.92501883417958,172.92531532609257
2366.64,172.92078560297364,172.9210820876177
2367.36,172.91655284421358,172.91684932158995
2368.08,172.9123205577465,172.91261702785567
2368.7999999999997,172.90808874341815,172.9083852062612
2369.52,172.9038574010757,172.904153856653
2370.24,172.899626530565,172.89992297887767
2370.96,172.8953961317327,172.89569257278177
2371.68,172.8911662044262,172.89146263821195
2372.4,172.88693674849173,172.88723317501507
2373.12,172.88270776377578,172.8830041830379
2373.8399999999997,172.8784792501259,172.87877566212745
2374.56,172.87425120738874,172.87454761213067
2375.2799999999997,172.8700236354117,172.87032003289454
2376.0,172.86579653404158,172.86609292426633
2376.72,172.86156990312566,172.86186628609323
2377.44,172.8573437425116,172.85764011822252
2378.16,172.85311805204628,172.8534144205016
2378.88,172.84889283157725,172.84918919277789
2379.6,172.84466808095215,172.844964434899
2380.3199999999997,172.84044380001853,172.84074014671242
2381.04,172.83621998862407,172.83651632806593
2381.7599999999998,172.83199664661686,172.83229297880715
2382.48,172.82777377384423,172.82807009878408
2383.2,172.8235513701544,172.82384768784453
2383.92,172.81932943539573,172.81962574583653
2384.64,172.8151079694153,172.81540427260808
2385.36,172.8108869720619,172.8111832680074
2386.08,172.80666644318376,172.80696273188258
2386.7999999999997,172.80244638262877,172.802742664082
2387.52,172.79822679024585,172.79852306445395
2388.24,172.7940076658831,172.79430393284693
2388.96,172.78978900938898,172.79008526910945
2389.68,172.7855708206124,172.78586707309003
2390.4,172.7813530994016,172.78164934463737
2391.12,172.77713584560524,172.77743208360025
2391.8399999999997,172.77291905907305,172.7732152898274
2392.56,172.76870273965267,172.76899896316772
2393.2799999999997,172.76448688719404,172.76478310347028
2394.0,172.7602715015454,172.76056771058398
2394.72,172.75605658255643,172.756352784358
2395.44,172.75184213007628,172.7521383246415
2396.16,172.74762814395388,172.74792433128368
2396.88,172.74341462403902,172.74371080413403
2397.6,172.73920157018063,172.73949774304182
2398.3199999999997,172.7349889822283,172.73528514785662
2399.04,172.73077686003194,172.7310730184279
2399.7599999999998,172.72656520344106,172.72686135460538
2400.48,172.722354012305,172.7226501562387
2401.2,172.71814328647372,172.7184394231777
2401.92,172.71393302579747,172.7142291552722
2402.64,172.70972323012552,172.71001935237214
2403.36,172.70551389930847,172.7058100143275
2404.08,172.70130503319592,172.70160114098843
2404.7999999999997,172.6970966316386,172.697392732205
2405.52,172.692888694486,172.69318478782745
2406.24,172.68868122158892,172.68897730770612
2406.96,172.68447421279745,172.68477029169136
2407.68,172.68026766796208,172.68056373963364
2408.4,172.67606158693366,172.67635765138343
2409.12,172.67185596956256,172.6721520267914
2409.8399999999997,172.66765081569918,172.66794686570813
2410.56,172.66344612519458,172.66374216798442
2411.2799999999997,172.65924189789996,172.6595379334711
2412.0,172.65503813366536,172.65533416201905
2412.72,172.65083483234253,172.65113085347926
2413.44,172.64663199378163,172.64692800770266
2414.16,172.64242961783475,172.64272562454045
2414.88,172.63822770435297,172.63852370384384
2415.6,172.6340262531868,172.634322245464
2416.3199999999997,172.62982526418818,172.6301212492523
2417.04,172.625624737208,172.62592071506018
2417.7599999999998,172.62142467209867,172.62172064273904
2418.48,172.6172250687107,172.6175210321405
2419.2,172.61302592689594,172.6133218831162
2419.92,172.60882724650673,172.60912319551778
2420.64,172.60462902739414,172.604924969197
2421.36,172.60043126941048,172.60072720400572
2422.08,172.59623397240773,172.59652989979588
2422.7999999999997,172.59203713623697,172.59233305641945
2423.52,172.58784076075176,172.58813667372854
2424.24,172.5836448458026,172.58394075157523
2424.96,172.5794493912431,172.5797452898117
2425.68,172.57525439692438,172.57555028829026
2426.4,172.57105986269949,172.57135574686325
2427.12,172.5668657884206,172.56716166538314
2427.8399999999997,172.56267217394054,172.56296804370243
2428.56,172.55847901911181,172.55877488167357
2429.2799999999997,172.5542863237862,172.55458217914935
2430.0,172.55009408781814,172.55038993598237
2430.72,172.5459023110585,172.54619815202548
2431.44,172.54171099336122,172.54200682713156
2432.16,172.5375201345788,172.53781596115343
2432.88,172.5333297345651,172.5336255539442
2433.6,172.52913979317168,172.52943560535692
2434.3199999999997,172.5249503102532,172.5252461152447
2435.04,172.52076128566205,172.52105708346085
2435.7599999999998,172.5165727192517,172.5168685098585
2436.48,172.51238461087553,172.51268039429118
2437.2,172.50819696038673,172.50849273661223
2437.92,172.50400976763922,172.50430553667516
2438.64,172.49982303248657,172.5001187943336
2439.36,172.4956367547819,172.49593250944116
2440.08,172.49145093437937,172.4917466818516
2440.7999999999997,172.48726557113275,172.48756131141866
2441.52,172.48308066489585,172.4833763979962
2442.24,172.47889621552235,172.4791919414382
2442.96,172.4747122228663,172.47500794159865
2443.68,172.47052868678236,172.47082439833164
2444.4,172.4663456071238,172.46664131149132
2445.12,172.46216298374566,172.4624586809319
2445.8399999999997,172.45798081650184,172.45827650650764
2446.56,172.4537991052465,172.45409478807298
2447.2799999999997,172.44961784983434,172.44991352548226
2448.0,172.4454370501204,172.44573271859008
2448.72,172.4412567059585,172.44155236725098
2449.44,172.4370768172032,172.4373724713196
2450.16,172.43289738370981,172.4331930306507
2450.88,172.42871840533337,172.429014045099
2451.6,172.424539881928,172.42483551451937
2452.3199999999997,172.42036181334856,172.4206574387668
2453.04,172.4161841994504,172.41647981769628
2453.7599999999998,172.41200704008884,172.41230265116286
2454.48,172.4078303351189,172.4081259390217
2455.2,172.40365408439527,172.40394968112798
2455.92,172.39947828777383,172.399773877337
2456.64,172.39530294510962,172.39559852750415
2457.36,172.39112805625837,172.39142363148483
2458.08,172.38695362107535,172.38724918913454
2458.7999999999997,172.38277963941596,172.3830752003088
2459.52,172.37860611113615,172.37890166486338
2460.24,172.37443303609143,172.3747285826539
2460.96,172.3702604141381,172.37055595353607
2461.68,172.36608824513098,172.36638377736583
2462.4,172.36191652892683,172.36221205399912
2463.12,172.35774526538137,172.35804078329187
2463.8399999999997,172.3535744543508,172.35386996510013
2464.56,172.34940409569094,172.3496995992801
2465.2799999999997,172.34523418925824,172.34552968568795
2466.0,172.34106473490908,172.3413602241799
2466.72,172.33689573249944,172.33719121461237
2467.44,172.33272718188596,172.3330226568417
2468.16,172.32855908292527,172.32885455072437
2468.88,172.3243914354731,172.324686896117
2469.6,172.32022423938736,172.3205196928761
2470.3199999999997,172.31605749452365,172.31635294085845
2471.04,172.31189120073896,172.31218663992075
2471.7599999999998,172.30772535789083,172.30802078991988
2472.48,172.30355996583523,172.3038553907127
2473.2,172.2993950244297,172.2996904421562
2473.92,172.2952305335309,172.29552594410737
2474.64,172.2910664929966,172.29136189642333
2475.36,172.28690290268275,172.2871982989613
2476.08,172.2827397624477,172.2830351515785
2476.7999999999997,172.27857707214855,172.27887245413217
2477.52,172.2744148316424,172.27471020647985
2478.24,172.27025304078643,172.27054840847887
2478.96,172.2660916994388,172.26638705998678
2479.68,172.2619308074569,172.26222616086113
2480.4,172.25777036469833,172.25806571095964
2481.12,172.25361037102073,172.25390571014003
2481.8399999999997,172.24945082628176,172.2497461582601
2482.56,172.2452917303401,172.2455870551776
2483.2799999999997,172.24113308305266,172.24142840075066
2484.0,172.23697488427808,172.23727019483715
2484.72,172.23281713387416,172.23311243729512
2485.44,172.22865983169936,172.22895512798283
2486.16,172.22450297761168,172.22479826675837
2486.88,172.220346571469,172.2206418534801
2487.6,172.21619061313072,172.2164858880063
2488.3199999999997,172.21203510245402,172.21233037019547
2489.04,172.20788003929806,172.20817529990603
2489.7599999999998,172.20372542352152,172.20402067699655
2490.48,172.19957125498308,172.19986650132563
2491.2,172.1954175335403,172.19571277275196
2491.92,172.19126425905358,172.19155949113434
2492.64,172.18711143138057,172.18740665633158
2493.36,172.18295905038065,172.18325426820252
2494.08,172.17880711591295,172.1791023266062
2494.7999999999997,172.1746556278357,172.1749508314016
2495.52,172.17050458600852,172.17079978244774
2496.24,172.1663539902911,172.16664917960395
2496.96,172.1622038405418,172.16249902272932
2497.68,172.1580541366202,172.15834931168322
2498.4,172.15390487838602,172.15420004632506
2499.12,172.14975606569783,172.15005122651422
2499.8399999999997,172.14560769841637,172.14590285211023
2500.56,172.14145977640044,172.1417549229726
2501.2799999999997,172.13731229950974,172.13760743896106
2502.0,172.13316526760377,172.13346039993522
2502.72,172.1290186805429,172.12931380575495
2503.44,172.1248725381863,172.12516765628004
2504.16,172.12072684039447,172.12102195137044
2504.88,172.1165815870272,172.11687669088607
2505.6,172.11243677794437,172.11273187468709
2506.3199999999997,172.1082924130062,172.10858750263347
2507.04,172.10414849207268,172.10444357458542
2507.7599999999998,172.1000050150045,172.10030009040324
2508.48,172.09586198166164,172.09615704994724
2509.2,172.09171939190446,172.09201445307778
2509.92,172.08757724559348,172.08787229965532
2510.64,172.08343554258965,172.08373058954038
2511.36,172.0792942827527,172.0795893225935
2512.08,172.07515346594346,172.0754484986754
2512.7999999999997,172.07101309202358,172.07130811764677
2513.52,172.06687316085254,172.06716817936837
2514.24,172.0627336722922,172.06302868370108
2514.96,172.05859462620288,172.0588896305058
2515.68,172.05445602244583,172.0547510196435
2516.4,172.05031786088193,172.0506128509753
2517.12,172.04618014137247,172.04647512436227
2517.8399999999997,172.04204286377887,172.0423378396656
2518.56,172.03790602796175,172.03820099674655
2519.2799999999997,172.03376963378287,172.03406459546645
2520.0,172.02963368110375,172.02992863568664
2520.72,172.02549816978603,172.02579311726862
2521.44,172.0213630996899,172.02165804007387
2522.16,172.01722847067856,172.01752340396402
2522.88,172.01309428261277,172.01338920880067
2523.6,172.00896053535462,172.00925545444557
2524.3199999999997,172.00482722876563,172.0051221407605
2525.04,172.00069436270792,172.0009892676073
2525.7599999999998,171.9965619370431,171.9968568348479
2526.48,171.99242995163343,171.99272484234427
2527.2,171.98829840634085,171.9885932899585
2527.92,171.98416730102724,171.98446217755262
2528.64,171.9800366355554,171.98033150498887
2529.36,171.9759064097866,171.97620127212952
2530.08,171.97177662358422,171.97207147883682
2530.7999999999997,171.96764727681,171.9679421249732
2531.52,171.9635183693266,171.96381321040107
2532.24,171.9593899009966,171.95968473498294
2532.96,171.95526187168207,171.95555669858146
2533.68,171.95113428124614,171.95142910105915
2534.4,171.9470071295516,171.94730194227878
2535.12,171.9428804164611,171.94317522210318
2535.8399999999997,171.93875414183697,171.9390489403951
2536.56,171.93462830554313,171.9349230970175
2537.2799999999997,171.93050290744168,171.93079769183333
2538.0,171.92637794739574,171.92667272470555
2538.72,171.92225342526888,171.9225481954974
2539.44,171.91812934092343,171.91842410407202
2540.16,171.9140056942241,171.91430045029253
2540.88,171.909882485033,171.9101772340223
2541.6,171.90575971321323,171.90605445512475
2542.3199999999997,171.9016373786293,171.9019321134632
2543.04,171.89751548114373,171.89781020890123
2543.7599999999998,171.89339402062126,171.89368874130236
2544.48,171.8892729969242,171.88956771053023
2545.2,171.8851524099167,171.8854471164485
2545.92,171.8810322594627,171.88132695892097
2546.64,171.87691254542574,171.87720723781138
2547.36,171.87279326766998,171.87308795298364
2548.08,171.86867442605967,171.86896910430178
2548.7999999999997,171.8645560204584,171.86485069162973
2549.52,171.86043805072973,171.8607327148316
2550.24,171.85632051673838,171.85661517377156
2550.96,171.85220341834884,171.85249806831374
2551.68,171.8480867554248,171.8483813983225
2552.4,171.84397052783083,171.8442651636621
2553.12,171.83985473543157,171.84014936419698
2553.8399999999997,171.83573937809103,171.83603399979157
2554.56,171.8316244556744,171.83191907031045
2555.2799999999997,171.8275099680459,171.82780457561825
2556.0,171.8233959150699,171.8236905155795
2556.72,171.8192822966114,171.81957689005907
2557.44,171.8151691125354,171.81546369892163
2558.16,171.8110563627066,171.8113509420321
2558.88,171.80694404698977,171.80723861925534
2559.6,171.8028321652498,171.80312673045643
2560.3199999999997,171.79872071735213,171.79901527550038
2561.04,171.79460970316154,171.7949042542522
2561.7599999999998,171.79049912254357,171.79079366657714
2562.48,171.78638897536325,171.7866835123405
2563.2,171.78227926148566,171.78257379140751
2563.92,171.7781699807765,171.77846450364356
2564.64,171.77406113310064,171.77435564891402
2565.36,171.76995271832448,171.77024722708447
2566.08,171.76584473631317,171.7661392380204
2566.7999999999997,171.761737186932,171.76203168158747
2567.52,171.75763007004707,171.75792455765136
2568.24,171.75352338552375,171.75381786607778
2568.96,171.74941713322812,171.7497116067326
2569.68,171.74531131302604,171.74560577948168
2570.4,171.74120592478334,171.74150038419097
2571.12,171.73710096836624,171.73739542072644
2571.8399999999997,171.7329964436408,171.73329088895417
2572.56,171.72889235047285,171.7291867887403
2573.2799999999997,171.7247886887285,171.725083119951
2574.0,171.7206854582746,171.72097988245264
2574.72,171.71658265897702,171.71687707611136
2575.44,171.71248029070227,171.71277470079366
2576.16,171.70837835331702,171.70867275636596
2576.88,171.70427684668687,171.70457124269478
2577.6,171.70017577067983,171.7004701596467
2578.3199999999997,171.6960751251611,171.69636950708832
2579.04,171.6919749099984,171.69226928488635
2579.7599999999998,171.6878751250582,171.6881694929076
2580.48,171.68377577020726,171.68407013101884
2581.2,171.6796768453122,171.67997119908702
2581.92,171.67557835024058,171.67587269697907
2582.64,171.67148028485883,171.67177462456195
2583.36,171.66738264903427,171.6676769817028
2584.08,171.66328544263422,171.6635797682688
2584.7999999999997,171.65918866552568,171.65948298412707
2585.52,171.65509231757585,171.65538662914489
2586.24,171.65099639865207,171.6512907031896
2586.96,171.646900908622,171.64719520612866
2587.68,171.64280584735275,171.64310013782938
2588.4,171.6387112147121,171.63900549815943
2589.12,171.63461701056758,171.6349112869863
2589.8399999999997,171.63052323478644,171.63081750417766
2590.56,171.62642988723735,171.62672414960122
2591.2799999999997,171.62233696778708,171.6226312231247
2592.0,171.61824447630397,171.61853872461603
2592.72,171.61415241265627,171.614446653943
2593.44,171.61006077671095,171.61035501097365
2594.16,171.6059695683366,171.6062637955759
2594.88,171.60187878740135,171.60217300761795
2595.6,171.59778843377353,171.59808264696784
2596.3199999999997,171.59369850732037,171.59399271349386
2597.04,171.5896090079117,171.5899032070642
2597.7599999999998,171.58551993541448,171.58581412754722
2598.48,171.58143128969743,171.58172547481132
2599.2,171.5773430706298,171.57763724872495
2599.92,171.57325527807916,171.5735494491566
2600.64,171.56916791191452,171.56946207597488
2601.36,171.5650809720039,171.56537512904845
2602.08,171.56099445821712,171.5612886082459
2602.7999999999997,171.5569083704222,171.5572025134361
2603.52,171.55282270848807,171.55311684448785
2604.24,171.5487374722834,171.54903160126997
2604.96,171.54465266167733,171.54494678365148
2605.68,171.54056827653926,171.54086239150138
2606.4,171.53648431673764,171.53677842468875
2607.12,171.5324007821423,171.53269488308268
2607.8399999999997,171.52831767262148,171.52861176655242
2608.56,171.52423498804535,171.5245290749672
2609.2799999999997,171.52015272828294,171.52044680819628
2610.0,171.51607089320294,171.51636496610914
2610.72,171.51198948267597,171.51228354857514
2611.44,171.50790849657074,171.50820255546384
2612.16,171.50382793475683,171.50412198664475
2612.88,171.49974779710396,171.50004184198752
2613.6,171.49566808348254,171.49596212136186
2614.3199999999997,171.4915887937609,171.49188282463746
2615.04,171.48750992781004,171.48780395168416
2615.7599999999998,171.4834314854994,171.48372550237184
2616.48,171.47935346669874,171.47964747657042
2617.2,171.47527587127854,171.47556987414984
2617.92,171.4711986991083,171.47149269498024
2618.64,171.4671219500584,171.46741593893168
2619.36,171.46304562399882,171.46333960587435
2620.08,171.45896972080004,171.4592636956785
2620.7999999999997,171.45489424033224,171.4551882082144
2621.52,171.4508191824658,171.45111314335236
2622.24,171.44674454707103,171.4470385009629
2622.96,171.44267033401877,171.44296428091644
2623.68,171.43859654317907,171.43889048308353
2624.4,171.4345231744229,171.43481710733474
2625.12,171.4304502276209,171.43074415354076
2625.8399999999997,171.42637770264366,171.42667162157232
2626.56,171.42230559936206,171.42259951130015
2627.2799999999997,171.4182339176466,171.41852782259514
2628.0,171.41416265736905,171.4144565553282
2628.72,171.41009181839934,171.41038570937027
2629.44,171.40602140060923,171.40631528459238
2630.16,171.40195140386902,171.40224528086557
2630.88,171.3978818280509,171.39817569806107
2631.6,171.3938126730252,171.39410653605003
2632.3199999999997,171.38974393866397,171.39003779470372
2633.04,171.38567562483763,171.38596947389348
2633.7599999999998,171.38160773141817,171.38190157349067
2634.48,171.377540258277,171.37783409336674
2635.2,171.37347320528534,171.37376703339322
2635.92,171.36940657231457,171.3697003934416
2636.64,171.3653403592375,171.3656341733836
2637.36,171.3612745659243,171.36156837309088
2638.08,171.35720919224786,171.35750299243512
2638.7999999999997,171.3531442380796,171.35343803128822
2639.52,171.3490797032906,171.349373489522
2640.24,171.34501558775423,171.3453093670084
2640.96,171.34095189134132,171.34124566361936
2641.68,171.33688861392443,171.33718237922696
2642.4,171.33282575537567,171.33311951370334
2643.12,171.3287633155669,171.32905706692054
2643.8399999999997,171.32470129437024,171.32499503875096
2644.56,171.32063969165915,171.3209334290667
2645.2799999999997,171.31657850730392,171.31687223774023
2646.0,171.31251774117936,171.31281146464394
2646.72,171.308457393156,171.30875110965022
2647.44,171.30439746310742,171.30469117263164
2648.16,171.30033795090537,171.3006316534608
2648.88,171.2962788564231,171.29657255201028
2649.6,171.29222017953327,171.29251386815284
2650.3199999999997,171.28816192010834,171.28845560176123
2651.04,171.28410407802164,171.28439775270823
2651.7599999999998,171.28004665314552,171.28034032086674
2652.48,171.2759896453532,171.27628330610972
2653.2,171.2719330545176,171.27222670831011
2653.92,171.2678768805115,171.26817052734106
2654.64,171.26382112320834,171.26411476307553
2655.36,171.2597657824814,171.26005941538685
2656.08,171.25571085820332,171.25600448414815
2656.7999999999997,171.25165635024848,171.25194996923275
2657.52,171.247602258489,171.24789587051401
2658.24,171.24354858279912,171.2438421878653
2658.96,171.23949532305187,171.2397889211602
2659.68,171.23544247912082,171.2357360702721
2660.4,171.23139005087978,171.23168363507466
2661.12,171.22733803820245,171.2276316154415
2661.8399999999997,171.2232864409625,171.22358001124633
2662.56,171.21923525903367,171.21952882236292
2663.2799999999997,171.21518449228938,171.2154780486651
2664.0,171.2111341406038,171.2114276900267
2664.72,171.2070842038512,171.20737774632173
2665.44,171.20303468190525,171.2033282174241
2666.16,171.1989855746399,171.19927910320794
2666.88,171.19493688192938,171.1952304035473
2667.6,171.1908886036481,171.19118211831642
2668.3199999999997,171.18684073967017,171.18713424738945
2669.04,171.1827932898692,171.18308679064074
2669.7599999999998,171.1787462541206,171.1790397479446
2670.48,171.17469963229803,171.17499311917547
2671.2,171.17065342427622,171.17094690420782
2671.92,171.16660762993,171.1669011029161
2672.64,171.16256224913354,171.16285571517494
2673.36,171.1585172817612,171.158810740859
2674.08,171.15447272768847,171.15476617984297
2674.7999999999997,171.15042858678942,171.1507220320015
2675.52,171.14638485893897,171.14667829720952
2676.24,171.14234154401254,171.14263497534193
2676.96,171.13829864188438,171.13859206627347
2677.68,171.13425615242977,171.13454956987934
2678.4,171.1302140755239,171.13050748603445
2679.12,171.12617241104158,171.12646581461394
2679.8399999999997,171.12213115885788,171.122424555493
2680.56,171.118090318849,171.1183837085468
2681.2799999999997,171.11404989088874,171.11434327365066
2682.0,171.11000987485318,171.1103032506799
2682.72,171.10597027061783,171.10626363950982
2683.44,171.101931078058,171.102224440016
2684.16,171.09789229704893,171.09818565207385
2684.88,171.0938539274665,171.09414727555907
2685.6,171.08981596918636,171.0901093103471
2686.3199999999997,171.08577842208422,171.08607175631377
2687.04,171.08174128603548,171.08203461333468
2687.7599999999998,171.077704560916,171.07799788128574
2688.48,171.0736682466021,171.07396156004273
2689.2,171.06963234296927,171.06992564948158
2689.92,171.06559684989304,171.06589014947826
2690.64,171.0615617672505,171.0618550599088
2691.36,171.05752709491674,171.05782038064925
2692.08,171.0534928327686,171.0537861115757
2692.7999999999997,171.04945898068183,171.0497522525645
2693.52,171.04542553853298,171.0457188034918
2694.24,171.04139250619824,171.04168576423388
2694.96,171.0373598835539,171.03765313466715
2695.68,171.03332767047652,171.03362091466806
2696.4,171.0292958668424,171.02958910411303
2697.12,171.0252644725283,171.02555770287867
2697.8399999999997,171.02123348741043,171.0215267108415
2698.56,171.0172029113661,171.0174961278782
2699.2799999999997,171.01317274427151,171.01346595386545
2700.0,171.00914298600355,171.00943618868
2700.72,171.00511363643886,171.00540683219876
2701.44,171.001084695455,171.00137788429853
2702.16,170.99705616292795,170.99734934485627
2702.88,170.99302803873547,170.99332121374903
2703.6,170.98900032275424,170.98929349085378
2704.3199999999997,170.98497301486157,170.98526617604765
2705.04,170.98094611493434,170.98123926920778
2705.7599999999998,170.97691962284978,170.9772127702114
2706.48,170.97289353848555,170.9731866789358
2707.2,170.96886786171854,170.96916099525825
2707.92,170.9648425924264,170.9651357190562
2708.64,170.96081773048627,170.96111085020712
2709.3599999999997,170.95679327577636,170.9570863885884
2710.08,170.95276922817322,170.95306233407774
2710.7999999999997,170.94874558755544,170.94903868655265
2711.52,170.94472235379988,170.9450154458908
2712.24,170.94069952678444,170.94099261196996
2712.96,170.93667710638772,170.93697018466793
2713.68,170.93265509248647,170.93294816386245
2714.4,170.92863348495905,170.92892654943148
2715.12,170.92461228368347,170.924905341253
2715.8399999999997,170.92059148853753,170.92088453920496
2716.56,170.91657109939968,170.9168641431654
2717.2799999999997,170.91255111614748,170.91284415301254
2718.0,170.90853153865942,170.90882456862448
2718.72,170.90451236681383,170.90480538987947
2719.44,170.90049360048909,170.9007866166558
2720.16,170.89647523956307,170.89676824883173
2720.88,170.89245728391427,170.89275028628578
2721.6,170.88843973342148,170.88873272889631
2722.3199999999997,170.88442258796294,170.8847155765419
2723.04,170.8804058474176,170.88069882910105
2723.7599999999998,170.8763895116631,170.87668248645244
2724.48,170.87237358057916,170.87266654847468
2725.2,170.86835805404428,170.86865101504657
2725.92,170.86434293193668,170.86463588604687
2726.64,170.86032821413596,170.86062116135443
2727.3599999999997,170.8563139005205,170.85660684084814
2728.08,170.85229999096953,170.85259292440693
2728.7999999999997,170.848286485362,170.84857941190984
2729.52,170.84427338357648,170.84456630323595
2730.24,170.84026068549315,170.8405535982643
2730.96,170.83624839099036,170.83654129687415
2731.68,170.8322364999476,170.8325293989447
2732.4,170.82822501224382,170.82851790435527
2733.12,170.82421392775916,170.82450681298516
2733.8399999999997,170.82020324637244,170.8204961247137
2734.56,170.8161929679626,170.8164858394205
2735.2799999999997,170.8121830924107,170.81247595698497
2736.0,170.8081736195951,170.8084664772867
2736.72,170.80416454939518,170.80445740020528
2737.44,170.80015588169135,170.80044872562036
2738.16,170.7961476163631,170.79644045341172
2738.88,170.79213975329026,170.79243258345915
2739.6,170.78813229235266,170.78842511564244
2740.3199999999997,170.78412523343036,170.7844180498415
2741.04,170.78011857640286,170.78041138593628
2741.7599999999998,170.77611232115032,170.7764051238068
2742.48,170.77210646755282,170.77239926333306
2743.2,170.7681010154904,170.7683938043952
2743.92,170.76409596484393,170.76438874687346
2744.64,170.76009131549245,170.76038409064796
2745.3599999999997,170.75608706731725,170.756379835599
2746.08,170.75208322019841,170.75237598160692
2746.7999999999997,170.74807977401554,170.74837252855212
2747.52,170.74407672865038,170.74436947631503
2748.24,170.7400740839821,170.74036682477615
2748.96,170.73607183989247,170.736364573816
2749.68,170.7320699962612,170.7323627233152
2750.4,170.72806855296903,170.7283612731544
2751.12,170.72406750989694,170.72436022321432
2751.8399999999997,170.7200668669259,170.72035957337576
2752.56,170.71606662393617,170.71635932351944
2753.2799999999997,170.71206678080932,170.71235947352633
2754.0,170.70806733742575,170.70836002327732
2754.72,170.70406829366652,170.70436097265343
2755.44,170.70006964941274,170.70036232153566
2756.16,170.69607140454548,170.6963640698051
2756.88,170.6920735589456,170.69236621734294
2757.6,170.68807611249508,170.68836876403032
2758.3199999999997,170.68407906507446,170.68437170974852
2759.04,170.68008241656537,170.6803750543788
2759.7599999999998,170.67608616684902,170.67637879780264
2760.48,170.67209031580717,170.67238293990138
2761.2,170.66809486332056,170.66838748055648
2761.92,170.66409980927108,170.6643924196495
2762.64,170.66010515354083,170.66039775706196
2763.3599999999997,170.65611089601066,170.65640349267557
2764.08,170.65211703656257,170.65240962637193
2764.7999999999997,170.64812357507833,170.64841615803286
2765.52,170.64413051143993,170.6444230875401
2766.24,170.64013784552867,170.64043041477558
2766.96,170.63614557722678,170.63643813962105
2767.68,170.63215370641637,170.63244626195856
2768.4,170.6281622329791,170.62845478167011
2769.12,170.62417115679807,170.6244636986378
2769.8399999999997,170.62018047775382,170.6204730127437
2770.56,170.61619019572925,170.61648272386998
2771.2799999999997,170.61220031060714,170.61249283189883
2772.0,170.6082108222688,170.60850333671257
2772.72,170.60422173059703,170.60451423819356
2773.44,170.6002330354744,170.60052553622413
2774.16,170.5962447367832,170.59653723068666
2774.88,170.59225683440525,170.59254932146374
2775.6,170.58826932822421,170.58856180843793
2776.3199999999997,170.5842822181222,170.58457469149175
2777.04,170.58029550398135,170.58058797050785
2777.7599999999998,170.5763091856851,170.57660164536895
2778.48,170.57232326311578,170.57261571595785
2779.2,170.56833773615688,170.56863018215728
2779.92,170.5643526046905,170.56464504385016
2780.64,170.56036786859931,170.56066030091938
2781.3599999999997,170.55638352776737,170.55667595324792
2782.08,170.552399582077,170.55269200071876
2782.7999999999997,170.54841603141108,170.54870844321505
2783.52,170.5444328756529,170.54472528061984
2784.24,170.54045011468622,170.54074251281634
2784.96,170.53646774839353,170.53676013968774
2785.68,170.5324857766584,170.53277816111742
2786.4,170.5285041993643,170.52879657698873
2787.12,170.52452301639448,170.52481538718487
2787.8399999999997,170.52054222763218,170.52083459158948
2788.56,170.5165618329611,170.516854190086
2789.2799999999997,170.51258183226525,170.51287418255794
2790.0,170.50860222542713,170.50889456888893
2790.72,170.50462301233142,170.50491534896267
2791.44,170.50064419286105,170.50093652266276
2792.16,170.49666576690038,170.49695808987306
2792.88,170.49268773433334,170.49298005047729
2793.6,170.4887100950433,170.4890024043594
2794.3199999999997,170.48473284891395,170.48502515140328
2795.04,170.48075599583,170.4810482914929
2795.7599999999998,170.47677953567506,170.47707182451225
2796.48,170.47280346833338,170.4730957503454
2797.2,170.46882779368877,170.46912006887652
2797.92,170.46485251162562,170.46514477998977
2798.64,170.46087762202808,170.46116988356943
2799.3599999999997,170.45690312478064,170.4571953794997
2800.08,170.45292901976745,170.45322126766493
2800.7999999999997,170.44895530687302,170.4492475479496
2801.52,170.44498198598126,170.44527422023802
2802.24,170.44100905697758,170.44130128441478
2802.96,170.4370365197458,170.43732874036436
2803.68,170.43306437417118,170.4333565879714
2804.4,170.42909262013768,170.42938482712054
2805.12,170.42512125753024,170.42541345769646
2805.8399999999997,170.4211502862338,170.42144247958393
2806.56,170.41717970613297,170.41747189266775
2807.2799999999997,170.41320951711282,170.41350169683278
2808.0,170.40923971905806,170.40953189196392
2808.72,170.40527031185366,170.40556247794612
2809.44,170.40130129538477,170.40159345466438
2810.16,170.39733266953624,170.39762482200382
2810.88,170.39336443419336,170.39365657984953
2811.6,170.38939658924107,170.38968872808664
2812.3199999999997,170.38542913456513,170.3857212666004
2813.04,170.38146207005013,170.38175419527607
2813.7599999999998,170.37749539558195,170.37778751399904
2814.48,170.3735291110455,170.37382122265456
2815.2,170.36956321632647,170.36985532112814
2815.92,170.36559771131033,170.36588980930523
2816.64,170.3616325958826,170.36192468707137
2817.3599999999997,170.35766786992906,170.3579599543121
2818.08,170.35370353333462,170.3539956109131
2818.7999999999997,170.34973958598596,170.35003165676005
2819.52,170.345776027768,170.34606809173872
2820.24,170.34181285856664,170.34210491573475
2820.96,170.3378500782684,170.33814212863413
2821.68,170.3338876867582,170.33417973032266
2822.4,170.32992568392262,170.3302177206863
2823.12,170.32596406964785,170.32625609961107
2823.8399999999997,170.32200284381895,170.32229486698301
2824.56,170.3180420063229,170.31833402268816
2825.2799999999997,170.3140815570457,170.3143735666127
2826.0,170.3101214958732,170.3104134986428
2826.72,170.30616182269182,170.30645381866475
2827.44,170.30220253738787,170.30249452656486
2828.16,170.298243639848,170.2985356222294
2828.88,170.2942851299581,170.29457710554482
2829.6,170.29032700760513,170.29061897639755
2830.3199999999997,170.2863692726753,170.2866612346741
2831.04,170.2824119250547,170.28270388026107
2831.7599999999998,170.27845496463067,170.27874691304496
2832.48,170.27449839128974,170.27479033291252
2833.2,170.27054220491846,170.27083413975035
2833.92,170.26658640540336,170.2668783334453
2834.64,170.26263099263122,170.26292291388415
2835.3599999999997,170.25867596648936,170.25896788095378
2836.08,170.25472132686468,170.255013234541
2836.7999999999997,170.25076707364417,170.2510589745329
2837.52,170.24681320671402,170.24710510081638
2838.24,170.24285972596215,170.24315161327857
2838.96,170.2389066312753,170.23919851180656
2839.68,170.23495392254085,170.23524579628744
2840.4,170.23100159964577,170.23129346660852
2841.12,170.2270496624775,170.22734152265699
2841.8399999999997,170.22309811092327,170.22338996432026
2842.56,170.21914694487054,170.21943879148557
2843.2799999999997,170.215196164207,170.2154880040404
2844.0,170.21124576881948,170.2115376018722
2844.72,170.20729575859548,170.2075875848685
2845.44,170.2033461334231,170.2036379529168
2846.16,170.19939689319017,170.19968870590483
2846.88,170.1954480377833,170.1957398437202
2847.6,170.1914995670911,170.19179136625056
2848.3199999999997,170.18755148100104,170.1878432733837
2849.04,170.18360377940076,170.18389556500748
2849.7599999999998,170.17965646217863,170.17994824100975
2850.48,170.17570952922188,170.17600130127843
2851.2,170.1717629804192,170.17205474570142
2851.92,170.16781681565783,170.1681085741668
2852.64,170.16387103482657,170.16416278656266
2853.3599999999997,170.1599256378131,170.160217382777
2854.08,170.15598062450545,170.15627236269813
2854.7999999999997,170.1520359947923,170.15232772621417
2855.52,170.14809174856214,170.14838347321336
2856.24,170.1441478857023,170.1444396035841
2856.96,170.14020440610193,170.14049611721467
2857.68,170.13626130964872,170.13655301399356
2858.4,170.13231859623215,170.13261029380922
2859.12,170.1283762657398,170.12866795655012
2859.8399999999997,170.12443431806105,170.12472600210486
2860.56,170.12049275308368,170.12078443036202
2861.2799999999997,170.11655157069686,170.11684324121026
2862.0,170.1126107707894,170.11290243453834
2862.72,170.10867035324952,170.108962010235
2863.44,170.1047303179663,170.10502196818902
2864.16,170.10079066482922,170.10108230828928
2864.88,170.09685139372607,170.09714303042466
2865.6,170.09291250454658,170.09320413448424
2866.3199999999997,170.08897399717955,170.08926562035685
2867.04,170.08503587151415,170.08532748793172
2867.7599999999998,170.0810981274393,170.08138973709782
2868.48,170.07716076484394,170.0774523677444
2869.2,170.0732237836179,170.07351537976058
2869.92,170.06928718364964,170.0695787730357
2870.64,170.06535096482924,170.06564254745896
2871.3599999999997,170.06141512704573,170.06170670291988
2872.08,170.05747967018863,170.0577712393077
2872.7999999999997,170.05354459414718,170.05383615651192
2873.52,170.0496098988108,170.0499014544221
2874.24,170.04567558406927,170.0459671329277
2874.96,170.04174164981225,170.04203319191836
2875.68,170.03780809592945,170.03809963128379
2876.4,170.03387492230968,170.03416645091363
2877.12,170.02994212884403,170.0302336506976
2877.8399999999997,170.02600971542176,170.02630123052555
2878.56,170.0220776819324,170.0223691902873
2879.2799999999997,170.0181460282662,170.0184375298727
2880.0,170.0142147543129,170.01450624917175
2880.72,170.01028385996233,170.0105753480745
2881.44,170.00635334510525,170.00664482647082
2882.16,170.00242320963093,170.0027146842509
2882.88,169.9984934534299,169.9987849213049
2883.6,169.99456407639252,169.99485553752297
2884.3199999999997,169.99063507840867,169.99092653279533
2885.04,169.98670645936875,169.9869979070123
2885.7599999999998,169.98277821916338,169.9830696600642
2886.48,169.9788503576823,169.97914179184139
2887.2,169.97492287481646,169.9752143022343
2887.92,169.97099577045628,169.97128719113348
2888.64,169.96706904449195,169.96736045842937
2889.3599999999997,169.96314269681454,169.96343410401258
2890.08,169.95921672731447,169.95950812777374
2890.7999999999997,169.95529113588236,169.95558252960353
2891.52,169.9513659224085,169.95165730939263
2892.24,169.9474410867848,169.9477324670318
2892.96,169.94351662890085,169.9438080024119
2893.68,169.93959254864785,169.93988391542382
2894.4,169.93566884591712,169.9359602059584
2895.12,169.93174552059986,169.9320368739066
2895.8399999999997,169.92782257258614,169.9281139191595
2896.56,169.92390000176772,169.92419134160815
2897.2799999999997,169.91997780803536,169.92026914114356
2898.0,169.91605599128002,169.91634731765706
2898.72,169.9121345513936,169.9124258710397
2899.44,169.9082134882667,169.90850480118274
2900.16,169.90429280179126,169.90458410797754
2900.88,169.9003724918581,169.90066379131542
2901.6,169.89645255835876,169.89674385108782
2902.3199999999997,169.89253300118457,169.8928242871861
2903.04,169.8886138202273,169.8889050995018
2903.7599999999998,169.88469501537838,169.88498628792644
2904.48,169.880776586529,169.88106785235166
2905.2,169.87685853357152,169.877149792669
2905.92,169.87294085639712,169.87323210877028
2906.64,169.8690235548978,169.86931480054704
2907.3599999999997,169.86510662896467,169.8653978678913
2908.08,169.8611900784905,169.86148131069464
2908.7999999999997,169.8572739033666,169.85756512884907
2909.52,169.85335810348522,169.8536493222465
2910.24,169.8494426787379,169.84973389077885
2910.96,169.84552762901694,169.8458188343382
2911.68,169.84161295421438,169.8419041528166
2912.4,169.83769865422187,169.83798984610613
2913.12,169.83378472893241,169.83407591409895
2913.8399999999997,169.8298711782378,169.83016235668725
2914.56,169.82595800203046,169.82624917376342
2915.2799999999997,169.8220452002023,169.8223363652196
2916.0,169.8181327726462,169.81842393094823
2916.72,169.81422071925442,169.8145118708416
2917.44,169.81030903991882,169.8106001847923
2918.16,169.80639773453254,169.80668887269272
2918.88,169.8024868029877,169.80277793443543
2919.6,169.79857624517706,169.79886736991304
2920.3199999999997,169.7946660609939,169.79495717901813
2921.04,169.7907562503301,169.79104736164342
2921.7599999999998,169.7868468130779,169.78713791768166
2922.48,169.78293774913175,169.78322884702553
2923.2,169.77902905838266,169.77932014956792
2923.92,169.77512074072467,169.7754118252018
2924.64,169.77121279605024,169.77150387381988
2925.3599999999997,169.76730522425237,169.76759629531526
2926.08,169.76339802522455,169.76368908958094
2926.7999999999997,169.75949119885922,169.7597822565099
2927.52,169.75558474504965,169.75587579599534
2928.24,169.75167866368895,169.7519697079303
2928.96,169.7477729546706,169.7480639922081
2929.68,169.74386761788764,169.744158648722
2930.4,169.73996265323308,169.74025367736516
2931.12,169.73605806060084,169.736349078031
2931.8399999999997,169.7321538398836,169.73244485061286
2932.56,169.72824999097554,169.7285409950043
2933.2799999999997,169.72434651377,169.72463751109862
2934.0,169.72044340816024,169.7207343987895
2934.72,169.71654067403983,169.71683165797037
2935.44,169.71263831130216,169.71292928853495
2936.16,169.7087363198416,169.7090272903769
2936.88,169.70483469955116,169.70512566338994
2937.6,169.70093345032535,169.70122440746775
2938.3199999999997,169.69703257205708,169.6973235225042
2939.04,169.69313206464074,169.69342300839318
2939.7599999999998,169.68923192797047,169.68952286502855
2940.48,169.68533216193953,169.6856230923042
2941.2,169.68143276644275,169.68172369011424
2941.92,169.67753374137317,169.67782465835265
2942.64,169.6736350866256,169.67392599691345
2943.3599999999997,169.66973680209378,169.67002770569087
2944.08,169.6658388876723,169.66612978457903
2944.7999999999997,169.6619413432552,169.66223223347222
2945.52,169.65804416873618,169.65833505226462
2946.24,169.65414736401044,169.65443824085062
2946.96,169.650250928972,169.65054179912457
2947.68,169.64635486351506,169.6466457269809
2948.4,169.64245916753464,169.64275002431395
2949.12,169.6385638409247,169.63885469101834
2949.8399999999997,169.63466888358005,169.63495972698863
2950.56,169.6307742953951,169.63106513211935
2951.2799999999997,169.62688007626468,169.62717090630517
2952.0,169.62298622608353,169.62327704944073
2952.72,169.61909274474624,169.61938356142085
2953.44,169.6151996321472,169.61549044214024
2954.16,169.61130688818218,169.61159769149376
2954.88,169.60741451274532,169.60770530937626
2955.6,169.60352250573158,169.60381329568267
2956.3199999999997,169.599630867036,169.59992165030798
2957.04,169.59573959655415,169.59603037314713
2957.7599999999998,169.59184869418038,169.5921394640952
2958.48,169.58795815980977,169.5882489230473
2959.2,169.58406799333818,169.58435874989863
2959.92,169.58017819465977,169.5804689445443
2960.64,169.5762887636712,169.57657950687957
2961.3599999999997,169.57239970026615,169.57269043679977
2962.08,169.56851100434073,169.56880173420012
2962.7999999999997,169.5646226757907,169.56491339897613
2963.52,169.56073471451043,169.56102543102313
2964.24,169.5568471203967,169.55713783023657
2964.96,169.55295989334422,169.55325059651213
2965.68,169.54907303324808,169.54936372974512
2966.4,169.54518654000515,169.5454772298313
2967.12,169.54130041351027,169.54159109666628
2967.8399999999997,169.53741465365897,169.5377053301458
2968.56,169.53352926034745,169.5338199301655
2969.2799999999997,169.5296442334709,169.52993489662128
2970.0,169.5257595729264,169.52605022940887
2970.72,169.5218752786085,169.5221659284242
2971.44,169.51799135041392,169.51828199356322
2972.16,169.514107788238,169.5143984247218
2972.88,169.51022459197713,169.51051522179603
2973.6,169.50634176152755,169.50663238468198
2974.3199999999997,169.50245929678476,169.5027499132757
2975.04,169.49857719764543,169.49886780747332
2975.7599999999998,169.49469546400564,169.4949860671711
2976.48,169.4908140957615,169.49110469226528
2977.2,169.48693309280952,169.4872236826521
2977.92,169.48305245504605,169.48334303822784
2978.64,169.47917218236705,169.47946275888899
2979.3599999999997,169.47529227466907,169.47558284453189
2980.08,169.47141273184855,169.471703295053
2980.7999999999997,169.46753355380258,169.46782411034891
2981.52,169.46365474042716,169.46394529031608
2982.24,169.45977629161882,169.46006683485115
2982.96,169.45589820727434,169.45618874385076
2983.68,169.4520204872905,169.4523110172116
2984.4,169.44814313156394,169.4484336548304
2985.12,169.44426613999167,169.44455665660394
2985.8399999999997,169.44038951247012,169.44068002242904
2986.56,169.43651324889663,169.43680375220256
2987.2799999999997,169.4326373491673,169.43292784582144
2988.0,169.42876181318013,169.4290523031826
2988.72,169.4248866408317,169.42517712418308
2989.44,169.42101183201862,169.4213023087199
2990.16,169.41713738663873,169.41742785669015
2990.88,169.41326330458855,169.41355376799098
2991.6,169.4093895857659,169.4096800425196
2992.3199999999997,169.4055162300674,169.4058066801732
2993.04,169.40164323739032,169.40193368084903
2993.7599999999998,169.3977706076323,169.39806104444443
2994.48,169.3938983406905,169.3941887708568
2995.2,169.3900264364628,169.3903168599835
2995.92,169.38615489484573,169.38644531172193
2996.64,169.3822837157378,169.38257412596968
2997.3599999999997,169.37841289903588,169.3787033026242
2998.08,169.37454244463754,169.37483284158316
2998.7999999999997,169.37067235244092,169.37096274274407
2999.52,169.36680262234313,169.36709300600472
3000.24,169.3629332542423,169.3632236312627
3000.96,169.3590642480359,169.35935461841592
3001.68,169.35519560362218,169.35548596736209
3002.4,169.35132732089824,169.35161767799906
3003.12,169.34745939976267,169.34774975022472
3003.8399999999997,169.34359184011282,169.34388218393704
3004.56,169.33972464184683,169.34001497903395
3005.2799999999997,169.33585780486305,169.33614813541354
3006.0,169.33199132905975,169.3322816529738
3006.72,169.32812521433425,169.3284155316129
3007.44,169.32425946058515,169.32454977122896
3008.16,169.3203940677106,169.32068437172026
3008.88,169.3165290356095,169.31681933298498
3009.6,169.31266436417866,169.31295465492136
3010.3199999999997,169.30880005331733,169.3090903374278
3011.04,169.30493610292388,169.30522638040264
3011.7599999999998,169.3010725128969,169.30136278374434
3012.48,169.2972092831344,169.2974995473514
3013.2,169.29334641353523,169.29363667112224
3013.92,169.28948390399762,169.28977415495544
3014.64,169.2856217544205,169.28591199874964
3015.3599999999997,169.28175996470213,169.28205020240338
3016.08,169.27789853474155,169.27818876581543
3016.7999999999997,169.27403746443758,169.27432768888454
3017.52,169.27017675368847,169.2704669715094
3018.24,169.2663164023935,169.26660661358883
3018.96,169.26245641045125,169.26274661502174
3019.68,169.25859677776043,169.258886975707
3020.4,169.25473750422066,169.25502769554356
3021.12,169.25087858973052,169.25116877443043
3021.8399999999997,169.24702003418895,169.24731021226663
3022.56,169.2431618374951,169.24345200895124
3023.2799999999997,169.2393039995486,169.2395941643834
3024.0,169.2354465202477,169.2357366784622
3024.72,169.23158939949212,169.2318795510869
3025.44,169.22773263718136,169.22802278215673
3026.16,169.22387623321424,169.22416637157102
3026.88,169.22002018749015,169.2203103192291
3027.6,169.2161644999087,169.2164546250303
3028.3199999999997,169.21230917036928,169.21259928887412
3029.04,169.2084541987714,169.20874431065994
3029.7599999999998,169.20459958501453,169.20488969028733
3030.48,169.20074532899753,169.20103542765585
3031.2,169.19689143062135,169.19718152266503
3031.92,169.19303788978482,169.19332797521457
3032.64,169.18918470638744,169.1894747852041
3033.3599999999997,169.18533188032916,169.1856219525335
3034.08,169.1814794115097,169.18176947710234
3034.7999999999997,169.17762729982928,169.1779173588105
3035.52,169.17377554518725,169.17406559755793
3036.24,169.16992414748404,169.17021419324442
3036.96,169.1660731066188,169.16636314576988
3037.68,169.1622224224924,169.1625124550344
3038.4,169.15837209500432,169.158662120938
3039.12,169.15452212405455,169.15481214338067
3039.8399999999997,169.15067250954337,169.1509625222626
3040.56,169.1468232513712,169.14711325748394
3041.2799999999997,169.14297434943808,169.1432643489448
3042.0,169.139125803644,169.13941579654553
3042.72,169.13527761388934,169.13556760018636
3043.44,169.13142978007477,169.13171975976766
3044.16,169.12758230210022,169.12787227518976
3044.88,169.12373517986634,169.12402514635312
3045.6,169.11988841327332,169.12017837315813
3046.3199999999997,169.116042002222,169.11633195550536
3047.04,169.11219594661281,169.11248589329526
3047.7599999999998,169.1083502463465,169.10864018642852
3048.48,169.10450490132314,169.1047948348057
3049.2,169.10065991144438,169.1009498383275
3049.92,169.09681527660973,169.09710519689463
3050.64,169.09297099672096,169.0932609104078
3051.3599999999997,169.08912707167838,169.08941697876787
3052.08,169.08528350138272,169.08557340187568
3052.7999999999997,169.08144028573508,169.08173017963207
3053.52,169.07759742463622,169.07788731193793
3054.24,169.07375491798734,169.07404479869433
3054.96,169.0699127656893,169.07020263980226
3055.68,169.06607096764355,169.0663608351627
3056.4,169.06222952375026,169.0625193846768
3057.12,169.0583884339112,169.0586782882457
3057.8399999999997,169.05454769802805,169.05483754577054
3058.56,169.05070731600108,169.05099715715258
3059.2799999999997,169.04686728773174,169.04715712229307
3060.0,169.0430276131218,169.04331744109334
3060.72,169.03918829207237,169.03947811345466
3061.44,169.03534932448463,169.03563913927857
3062.16,169.0315107102606,169.03180051846638
3062.88,169.0276724493009,169.02796225091953
3063.6,169.02383454150777,169.02412433653967
3064.3199999999997,169.01999698678276,169.02028677522827
3065.04,169.01615978502696,169.01644956688696
3065.7599999999998,169.01232293614237,169.01261271141743
3066.48,169.00848644003065,169.0087762087213
3067.2,169.00465029659335,169.00494005870027
3067.92,169.00081450573225,169.00110426125616
3068.64,168.99697906734934,168.9972688162908
3069.3599999999997,168.99314398134675,168.99343372370603
3070.08,168.98930924762567,168.98959898340374
3070.7999999999997,168.98547486608845,168.9857645952859
3071.52,168.9816408366371,168.98193055925438
3072.24,168.9778071591735,168.97809687521132
3072.96,168.97397383359998,168.97426354305873
3073.68,168.97014085981812,168.9704305626987
3074.4,168.96630823773035,168.96659793403344
3075.12,168.96247596723924,168.96276565696508
3075.8399999999997,168.95864404824692,168.9589337313959
3076.56,168.95481248065494,168.95510215722808
3077.2799999999997,168.9509812643662,168.95127093436406
3078.0,168.94715039928292,168.94744006270608
3078.72,168.9433198853078,168.94360954215662
3079.44,168.9394897223426,168.9397793726181
3080.16,168.93565991029072,168.93594955399297
3080.88,168.93183044905345,168.9321200861838
3081.6,168.9280013385345,168.92829096909307
3082.3199999999997,168.92417257863644,168.92446220262352
3083.04,168.92034416926083,168.92063378667766
3083.7599999999998,168.91651611031125,168.91680572115823
3084.48,168.91268840169027,168.91297800596794
3085.2,168.9088610433007,168.9091506410096
3085.92,168.90503403504533,168.90532362618603
3086.64,168.90120737682685,168.90149696140006
3087.3599999999997,168.89738106854804,168.8976706465546
3088.08,168.8935551101124,168.89384468155257
3088.7999999999997,168.8897295014225,168.89001906629693
3089.52,168.88590424238123,168.88619380069073
3090.24,168.8820793328921,168.88236888463706
3090.96,168.87825477285764,168.87854431803893
3091.68,168.8744305621816,168.87472010079958
3092.4,168.87060670076676,168.87089623282213
3093.12,168.86678318851625,168.86707271400982
3093.8399999999997,168.86296002533368,168.86324954426593
3094.56,168.8591372111223,168.85942672349375
3095.2799999999997,168.85531474578522,168.85560425159667
3096.0,168.8514926292262,168.851782128478
3096.72,168.8476708613481,168.84796035404122
3097.44,168.84384944205522,168.84413892818984
3098.16,168.84002837125024,168.8403178508273
3098.88,168.83620764883733,168.83649712185718
3099.6,168.83238727471974,168.8326767411831
3100.3199999999997,168.82856724880116,168.8288567087087
3101.04,168.82474757098555,168.82503702433758
3101.7599999999998,168.82092824117592,168.82121768797356
3102.48,168.817109259277,168.81739869952034
3103.2,168.81329062519194,168.81358005888174
3103.92,168.80947233882478,168.80976176596155
3104.64,168.80565440007933,168.80594382066374
3105.3599999999997,168.80183680885943,168.80212622289216
3106.08,168.79801956506924,168.7983089725508
3106.7999999999997,168.79420266861268,168.79449206954368
3107.52,168.79038611939382,168.79067551377477
3108.24,168.78656991731714,168.78685930514828
3108.96,168.78275406228556,168.78304344356815
3109.68,168.77893855420427,168.77922792893875
3110.4,168.77512339297755,168.77541276116423
3111.12,168.77130857850875,168.77159794014872
3111.8399999999997,168.7674941107034,168.7677834657966
3112.56,168.76367998946466,168.76396933801223
3113.2799999999997,168.7598662146977,168.7601555566999
3114.0,168.75605278630678,168.75634212176408
3114.72,168.75223970419574,168.75252903310917
3115.44,168.74842696826988,168.74871629063972
3116.16,168.74461457843336,168.74490389426023
3116.88,168.74080253459067,168.74109184387527
3117.6,168.73699083664644,168.7372801393894
3118.3199999999997,168.7331794845054,168.7334687807074
3119.04,168.72936847807273,168.72965776773387
3119.7599999999998,168.72555781725214,168.72584710037356
3120.48,168.72174750194904,168.72203677853122
3121.2,168.7179375320684,168.7182268021117
3121.92,168.71412790751435,168.71441717101982
3122.64,168.7103186281928,168.7106078851605
3123.3599999999997,168.706509694008,168.7067989444387
3124.08,168.7027011048649,168.70299034875936
3124.7999999999997,168.69889286066893,168.69918209802742
3125.52,168.6950849613246,168.6953741921481
3126.24,168.69127740673764,168.69156663102635
3126.96,168.68747019681223,168.68775941456738
3127.68,168.68366333145457,168.68395254267634
3128.4,168.6798568105695,168.68014601525846
3129.12,168.6760506340621,168.67633983221896
3129.8399999999997,168.6722448018379,168.6725339934632
3130.56,168.66843931380197,168.66872849889643
3131.2799999999997,168.66463416985994,168.66492334842408
3132.0,168.660829369917,168.6611185419516
3132.72,168.657024913879,168.65731407938435
3133.44,168.65322080165106,168.65350996062787
3134.16,168.64941703313843,168.64970618558772
3134.88,168.64561360824757,168.64590275416944
3135.6,168.64181052688355,168.64209966627868
3136.3199999999997,168.63800778895222,168.63829692182105
3137.04,168.63420539435856,168.6344945207023
3137.7599999999998,168.63040334300956,168.63069246282805
3138.48,168.62660163481007,168.62689074810422
3139.2,168.6228002696664,168.62308937643652
3139.92,168.61899924748377,168.6192883477309
3140.64,168.6151985681687,168.61548766189313
3141.3599999999997,168.61139823162705,168.6116873188292
3142.08,168.60759823776402,168.6078873184451
3142.7999999999997,168.60379858648685,168.60408766064683
3143.52,168.5999992777006,168.60028834534046
3144.24,168.5962003113118,168.59648937243205
3144.96,168.59240168722658,168.59269074182768
3145.68,168.58860340535125,168.58889245343366
3146.4,168.58480546559144,168.58509450715604
3147.12,168.58100786785405,168.5812969029012
3147.8399999999997,168.57721061204484,168.57749964057533
3148.56,168.5734136980709,168.5737027200848
3149.2799999999997,168.56961712583757,168.569906141336
3150.0,168.56582089525193,168.5661099042353
3150.72,168.56202500622032,168.56231400868919
3151.44,168.55822945864907,168.5585184546041
3152.16,168.55443425244482,168.5547232418866
3152.88,168.55063938751402,168.55092837044322
3153.6,168.54684486376345,168.54713384018055
3154.3199999999997,168.54305068109943,168.54333965100528
3155.04,168.53925683942907,168.53954580282405
3155.7599999999998,168.53546333865916,168.5357522955436
3156.48,168.53167017869623,168.53195912907066
3157.2,168.52787735944673,168.5281663033121
3157.92,168.5240848808179,168.5243738181747
3158.64,168.52029274271672,168.52058167356535
3159.3599999999997,168.51650094504976,168.51678986939095
3160.08,168.51270948772378,168.51299840555848
3160.7999999999997,168.5089183706467,168.50920728197494
3161.52,168.50512759372475,168.50541649854736
3162.24,168.50133715686536,168.5016260551828
3162.96,168.49754705997532,168.49783595178837
3163.68,168.49375730296208,168.49404618827123
3164.4,168.48996788573254,168.49025676453851
3165.12,168.48617880819438,168.4864676804976
3165.8399999999997,168.48239007025427,168.4826789360556
3166.56,168.47860167182,168.47889053111987
3167.2799999999997,168.4748136127987,168.47510246559781
3168.0,168.47102589309816,168.47131473939672
3168.72,168.46723851262516,168.46752735242407
3169.44,168.46345147128727,168.4637403045873
3170.16,168.45966476899252,168.45995359579393
3170.88,168.4558784056478,168.4561672259515
3171.6,168.4520923811615,168.4523811949676
3172.3199999999997,168.44830669544024,168.44859550274978
3173.04,168.4445213483923,168.44481014920575
3173.7599999999998,168.44073633992537,168.44102513424315
3174.48,168.43695166994746,168.43724045776983
3175.2,168.43316733836514,168.43345611969343
3175.92,168.42938334508756,168.4296721199218
3176.64,168.42559969002173,168.4258884583629
3177.3599999999997,168.421816373076,168.42210513492444
3178.08,168.418033394158,168.41832214951447
3178.7999999999997,168.41425075317625,168.4145395020409
3179.52,168.4104684500379,168.41075719241172
3180.24,168.4066864846517,168.40697522053503
3180.96,168.40290485692526,168.40319358631882
3181.68,168.399123566767,168.39941228967132
3182.4,168.39534261408505,168.3956313305006
3183.12,168.39156199878755,168.39185070871486
3183.8399999999997,168.38778172078253,168.3880704242224
3184.56,168.38400177997858,168.3842904769314
3185.2799999999997,168.38022217628395,168.38051086675023
3186.0,168.37644290960623,168.37673159358724
3186.72,168.37266397985525,168.37295265735077
3187.44,168.36888538693847,168.3691740579493
3188.16,168.3651071307646,168.36539579529122
3188.88,168.3613292112417,168.3616178692851
3189.6,168.357551628279,168.35784027983948
3190.3199999999997,168.3537743817849,168.3540630268629
3191.04,168.3499974716674,168.35028611026397
3191.7599999999998,168.34622089783636,168.3465095299514
3192.48,168.34244466019948,168.34273328583384
3193.2,168.33866875866545,168.33895737782004
3193.92,168.33489319314367,168.33518180581873
3194.64,168.3311179635425,168.33140656973876
3195.3599999999997,168.32734306977113,168.32763166948894
3196.08,168.32356851173813,168.32385710497815
3196.7999999999997,168.31979428935233,168.32008287611532
3197.52,168.316020402523,168.3163089828094
3198.24,168.31224685115922,168.31253542496947
3198.96,168.30847363516966,168.30876220250443
3199.68,168.30470075446306,168.30498931532344
3200.4,168.30092820894947,168.3012167633356
3201.12,168.2971559985374,168.29744454645
3201.8399999999997,168.29338412313643,168.29367266457587
3202.56,168.2896125826553,168.28990111762246
3203.2799999999997,168.28584137700375,168.286129905499
3204.0,168.2820705060907,168.28235902811474
3204.72,168.27829996982587,168.27858848537912
3205.44,168.27452976811833,168.27481827720146
3206.16,168.27075990087735,168.27104840349114
3206.8799999999997,168.26699036801278,168.26727886415767
3207.6,168.26322116943402,168.26350965911047
3208.3199999999997,168.25945230505022,168.25974078825917
3209.04,168.25568377477157,168.25597225151316
3209.7599999999998,168.25191557850735,168.25220404878226
3210.48,168.24814771616673,168.2484361799759
3211.2,168.24438018766045,168.2446686450039
3211.92,168.24061299289724,168.24090144377593
3212.64,168.23684613178773,168.23713457620175
3213.3599999999997,168.2330796042404,168.23336804219107
3214.08,168.22931341016624,168.22960184165382
3214.7999999999997,168.2255475494752,168.22583597449983
3215.52,168.22178202207624,168.22207044063896
3216.24,168.2180168278802,168.2183052399812
3216.96,168.21425196679638,168.21454037243646
3217.68,168.21048743873519,168.21077583791484
3218.4,168.20672324360658,168.2070116363263
3219.12,168.2029593813204,168.20324776758105
3219.8399999999997,168.19919585178684,168.19948423158905
3220.56,168.19543265491643,168.19572102826058
3221.2799999999997,168.19166979061947,168.1919581575058
3222.0,168.18790725880547,168.18819561923496
3222.72,168.18414505938506,168.1844334133584
3223.44,168.18038319226878,168.18067153978623
3224.16,168.17662165736692,168.176909998429
3224.8799999999997,168.1728604545898,168.17314878919706
3225.6,168.1690995838478,168.1693879120007
3226.3199999999997,168.16533904505093,168.16562736675053
3227.04,168.1615788381107,168.16186715335695
3227.7599999999998,168.15781896293618,168.1581072717306
3228.48,168.15405941943936,168.15434772178193
3229.2,168.15030020753068,168.15058850342163
3229.92,168.14654132711985,168.14682961656032
3230.64,168.14278277811832,168.14307106110869
3231.3599999999997,168.13902456043672,168.13931283697744
3232.08,168.1352666739857,168.1355549440773
3232.7999999999997,168.1315091186757,168.13179738231915
3233.52,168.12775189441822,168.12804015161373
3234.24,168.12399500112372,168.12428325187196
3234.96,168.12023843870304,168.12052668300473
3235.68,168.1164822070674,168.116770444923
3236.4,168.11272630612802,168.11301453753768
3237.12,168.10897073579486,168.10925896075983
3237.8399999999997,168.10521549598002,168.10550371450054
3238.56,168.10146058659416,168.10174879867083
3239.2799999999997,168.09770600754848,168.09799421318186
3240.0,168.0939517587541,168.09423995794478
3240.72,168.09019784012185,168.0904860328708
3241.44,168.08644425156376,168.08673243787112
3242.16,168.0826909929907,168.08297917285708
3242.8799999999997,168.0789380643139,168.07922623773996
3243.6,168.07518546544463,168.07547363243103
3244.3199999999997,168.0714331962946,168.07172135684175
3245.04,168.0676812567749,168.06796941088356
3245.7599999999998,168.0639296467972,168.06421779446788
3246.48,168.06017836627325,168.06046650750613
3247.2,168.05642741511372,168.05671554990994
3247.92,168.05267679323117,168.05296492159084
3248.64,168.04892650053648,168.04921462246043
3249.3599999999997,168.04517653694165,168.04546465243035
3250.08,168.04142690235813,168.04171501141226
3250.7999999999997,168.0376775966979,168.03796569931785
3251.52,168.03392861987243,168.03421671605895
3252.24,168.0301799717937,168.03046806154725
3252.96,168.02643165237362,168.0267197356946
3253.68,168.02268366152362,168.0229717384129
3254.4,168.01893599915616,168.019224069614
3255.12,168.0151886651829,168.0154767292098
3255.8399999999997,168.0114416595153,168.01172971711233
3256.56,168.0076949820659,168.0079830332336
3257.2799999999997,168.00394863274744,168.00423667748555
3258.0,168.00020261147063,168.00049064978032
3258.72,167.9964569181484,167.99674495003003
3259.44,167.99271155269253,167.99299957814677
3260.16,167.98896651501525,167.9892545340428
3260.8799999999997,167.98522180502903,167.9855098176303
3261.6,167.98147742264587,167.9817654288215
3262.3199999999997,167.97773336777846,167.97802136752873
3263.04,167.97398964033835,167.97427763366431
3263.7599999999998,167.9702462402388,167.97053422714052
3264.48,167.96650316739158,167.9667911478699
3265.2,167.96276042170928,167.96304839576482
3265.92,167.9590180031047,167.9593059707377
3266.64,167.95527591148993,167.9555638727011
3267.3599999999997,167.95153414677736,167.95182210156761
3268.08,167.94779270888034,167.94808065724973
3268.7999999999997,167.94405159771088,167.94433953966006
3269.52,167.94031081318144,167.94059874871132
3270.24,167.9365703552055,167.93685828431617
3270.96,167.93283022369485,167.93311814638736
3271.68,167.92909041856274,167.92937833483762
3272.4,167.92535093972208,167.92563884957968
3273.12,167.9216117870858,167.92189969052646
3273.8399999999997,167.91787296056611,167.9181608575908
3274.56,167.91413446007653,167.91442235068567
3275.2799999999997,167.9103962855296,167.91068416972385
3276.0,167.90665843683894,167.90694631461844
3276.72,167.90292091391666,167.9032087852824
3277.44,167.89918371667613,167.89947158162877
3278.16,167.89544684503073,167.8957347035707
3278.8799999999997,167.89171029889314,167.89199815102117
3279.6,167.88797407817708,167.88826192389348
3280.3199999999997,167.88423818279546,167.88452602210074
3281.04,167.88050261266108,167.88079044555616
3281.7599999999998,167.87676736768765,167.87705519417304
3282.48,167.87303244778855,167.87332026786464
3283.2,167.86929785287668,167.86958566654434
3283.92,167.86556358286578,167.86585139012547
3284.64,167.86182963766908,167.8621174385214
3285.3599999999997,167.85809601719995,167.85838381164567
3286.08,167.854362721372,167.8546505094116
3286.7999999999997,167.8506297500985,167.85091753173285
3287.52,167.84689710329337,167.84718487852288
3288.24,167.8431647808702,167.8434525496953
3288.96,167.83943278274205,167.83972054516366
3289.68,167.83570110882295,167.83598886484162
3290.4,167.83196975902672,167.83225750864295
3291.12,167.82823873326686,167.82852647648133
3291.8399999999997,167.82450803145684,167.82479576827046
3292.56,167.82077765351107,167.82106538392418
3293.2799999999997,167.81704759934325,167.81733532335633
3294.0,167.813317868867,167.81360558648078
3294.72,167.80958846199587,167.80987617321136
3295.44,167.80585937864475,167.80614708346204
3296.16,167.80213061872655,167.8024183171468
3296.8799999999997,167.7984021821561,167.79868987417962
3297.6,167.79467406884703,167.79496175447454
3298.3199999999997,167.7909462787136,167.79123395794565
3299.04,167.78721881166985,167.787506484507
3299.7599999999998,167.78349166762996,167.78377933407282
3300.48,167.77976484650787,167.78005250655724
3301.2,167.77603834821764,167.77632600187448
3301.92,167.7723121726748,167.77259981993876
3302.64,167.76858631979178,167.76887396066437
3303.3599999999997,167.7648607894845,167.76514842396568
3304.08,167.76113558166628,167.761423209757
3304.7999999999997,167.757410696252,167.75769831795276
3305.52,167.75368613315584,167.75397374846727
3306.24,167.74996189229262,167.75024950121517
3306.96,167.7462379735765,167.74652557611077
3307.68,167.74251437692214,167.7428019730687
3308.4,167.7387911022438,167.7390786920035
3309.12,167.73506814945665,167.73535573282973
3309.8399999999997,167.73134551847522,167.73163309546212
3310.56,167.72762320921402,167.72791077981523
3311.2799999999997,167.72390122158754,167.72418878580382
3312.0,167.72017955551087,167.7204671133426
3312.72,167.71645821089874,167.7167457623464
3313.44,167.71273718766577,167.7130247327299
3314.16,167.70901648572715,167.70930402440808
3314.8799999999997,167.70529610499727,167.70558363729572
3315.6,167.7015760453918,167.7018635713078
3316.3199999999997,167.6978563068251,167.69814382635923
3317.04,167.6941368892126,167.694424402365
3317.7599999999998,167.69041779246857,167.69070529924014
3318.48,167.6866990165089,167.68698651689957
3319.2,167.68298056124854,167.68326805525857
3319.92,167.67926242660235,167.67954991423213
3320.64,167.6755446124855,167.6758320937354
3321.3599999999997,167.67182711881276,167.67211459368366
3322.08,167.66810994549905,167.668397413992
3322.7999999999997,167.66439309246005,167.66468055457585
3323.52,167.66067655961137,167.66096401535034
3324.24,167.65696034686732,167.65724779623093
3324.96,167.653244454144,167.6535318971329
3325.68,167.64952888135667,167.6498163179716
3326.4,167.64581362842114,167.64610105866257
3327.12,167.64209869525212,167.64238611912117
3327.8399999999997,167.63838408176503,167.63867149926298
3328.56,167.6346697878763,167.63495719900348
3329.2799999999997,167.63095581350103,167.63124321825828
3330.0,167.6272421585544,167.6275295569429
3330.72,167.62352882295295,167.62381621497306
3331.44,167.61981580661165,167.62010319226437
3332.16,167.61610310944639,167.61639048873255
3332.8799999999997,167.61239073137313,167.61267810429337
3333.6,167.60867867230684,167.6089660388626
3334.3199999999997,167.60496693216464,167.60525429235602
3335.04,167.6012555108615,167.60154286468952
3335.7599999999998,167.5975444083134,167.59783175577886
3336.48,167.59383362443634,167.5941209655401
3337.2,167.5901231591464,167.59041049388907
3337.92,167.58641301235946,167.58670034074174
3338.64,167.58270318399127,167.5829905060142
3339.3599999999997,167.5789936739585,167.5792809896224
3340.08,167.5752844821768,167.57557179148253
3340.7999999999997,167.5715756085625,167.5718629115106
3341.52,167.56786705303148,167.56815434962283
3342.24,167.56415881550015,167.56444610573539
3342.96,167.56045089588508,167.56073817976448
3343.68,167.55674329410192,167.55703057162634
3344.4,167.55303601006688,167.55332328123725
3345.12,167.54932904369707,167.54961630851352
3345.8399999999997,167.54562239490826,167.54590965337158
3346.56,167.541916063617,167.5422033157277
3347.2799999999997,167.53821004973997,167.53849729549847
3348.0,167.5345043531936,167.53479159260013
3348.72,167.53079897389387,167.53108620694928
3349.44,167.5270939117579,167.52738113846243
3350.16,167.52338916670215,167.5236763870561
3350.8799999999997,167.51968473864304,167.51997195264696
3351.6,167.51598062749758,167.51626783515152
3352.3199999999997,167.5122768331821,167.51256403448653
3353.04,167.50857335561352,167.50886055056864
3353.7599999999998,167.50487019470847,167.50515738331458
3354.48,167.5011673503842,167.5014545326411
3355.2,167.49746482255694,167.49775199846502
3355.92,167.49376261114355,167.49404978070308
3356.64,167.4900607160614,167.4903478792722
3357.3599999999997,167.48635913722694,167.48664629408933
3358.08,167.48265787455773,167.48294502507127
3358.7999999999997,167.47895692797022,167.47924407213512
3359.52,167.47525629738163,167.47554343519772
3360.24,167.4715559827091,167.47184311417615
3360.96,167.46785598386953,167.4681431089875
3361.68,167.46415630077956,167.46444341954881
3362.4,167.46045693335566,167.46074404577737
3363.12,167.45675788151516,167.4570449875901
3363.8399999999997,167.45305914517564,167.4533462449043
3364.56,167.44936072425367,167.4496478176372
3365.2799999999997,167.44566261866703,167.44594970570614
3366.0,167.44196482833252,167.44225190902836
3366.72,167.43826735316793,167.4385544275211
3367.44,167.4345701930905,167.43485726110177
3368.16,167.4308733480177,167.43116040968783
3368.8799999999997,167.42717681786667,167.42746387319664
3369.6,167.42348060255495,167.4237676515457
3370.3199999999997,167.41978470200036,167.4200717446524
3371.04,167.41608911612013,167.41637615243434
3371.7599999999998,167.41239384483163,167.41268087480918
3372.48,167.4086988880531,167.40898591169437
3373.2,167.4050042457019,167.40529126300763
3373.92,167.40130991769502,167.40159692866655
3374.64,167.39761590395085,167.3979029085888
3375.3599999999997,167.39392220438742,167.3942092026922
3376.08,167.39022881892163,167.39051581089447
3376.7999999999997,167.38653574747184,167.38682273311335
3377.52,167.3828429899561,167.38312996926678
3378.24,167.37915054629173,167.37943751927256
3378.96,167.37545841639712,167.37574538304852
3379.68,167.37176660018963,167.37205356051265
3380.4,167.3680750975875,167.36836205158295
3381.12,167.36438390850913,167.36467085617733
3381.8399999999997,167.36069303287172,167.36097997421382
3382.56,167.35700247059435,167.35728940561052
3383.2799999999997,167.35331222159436,167.35359915028556
3384.0,167.34962228579036,167.34990920815696
3384.72,167.34593266310014,167.34621957914294
3385.44,167.3422433534423,167.34253026316165
3386.16,167.33855435673502,167.3388412601313
3386.8799999999997,167.33486567289583,167.3351525699702
3387.6,167.33117730184415,167.33146419259668
3388.3199999999997,167.32748924349767,167.32777612792887
3389.04,167.3238014977752,167.32408837588537
3389.7599999999998,167.3201140645948,167.32040093638437
3390.48,167.31642694387472,167.31671380934438
3391.2,167.3127401355339,167.31302699468387
3391.92,167.30905363949068,167.3093404923213
3392.64,167.30536745566394,167.30565430217513
3393.3599999999997,167.30168158397157,167.30196842416393
3394.08,167.29799602433252,167.2982828582064
3394.7999999999997,167.29431077666572,167.294597604221
3395.52,167.29062584088933,167.29091266212654
3396.24,167.28694121692286,167.2872280318416
3396.96,167.28325690468432,167.2835437132848
3397.68,167.27957290409302,167.27985970637505
3398.4,167.27588921506708,167.27617601103105
3399.12,167.2722058375257,167.2724926271717
3399.8399999999997,167.26852277138823,167.2688095547157
3400.56,167.26484001657332,167.26512679358194
3401.2799999999997,167.26115757299954,167.26144434368942
3402.0,167.25747544058595,167.2577622049571
3402.72,167.25379361925036,167.25408037730392
3403.44,167.25011210891216,167.25039886064883
3404.16,167.2464309094903,167.24671765491087
3404.8799999999997,167.24275002090417,167.24303676000918
3405.6,167.23906944307225,167.23935617586284
3406.3199999999997,167.23538917591407,167.23567590239097
3407.04,167.2317092193489,167.23199593951276
3407.7599999999998,167.22802957329566,167.2283162871474
3408.48,167.22435023767378,167.22463694521417
3409.2,167.22067121240195,167.22095791363222
3409.92,167.2169924974005,167.217279192321
3410.64,167.21331409258823,167.21360078119972
3411.3599999999997,167.2096359978841,167.20992268018776
3412.08,167.2059582132083,167.2062448892046
3412.7999999999997,167.20228073847989,167.20256740816956
3413.52,167.1986035736178,167.19889023700216
3414.24,167.19492671854232,167.19521337562193
3414.96,167.191250173173,167.19153682394827
3415.68,167.18757393742897,167.1878605819009
3416.4,167.18389801122964,167.18418464939927
3417.12,167.1802223944951,167.18050902636307
3417.8399999999997,167.1765470871452,167.17683371271187
3418.56,167.1728720890991,167.17315870836546
3419.2799999999997,167.16919740027652,167.16948401324353
3420.0,167.1655230205979,167.16580962726584
3420.72,167.1618489499824,167.1621355503521
3421.44,167.15817518835001,167.15846178242225
3422.16,167.15450173562033,167.15478832339602
3422.8799999999997,167.150828591714,167.15111517319335
3423.6,167.1471557565502,167.14744233173414
3424.3199999999997,167.14348323004947,167.1437697989383
3425.04,167.13981101213153,167.14009757472584
3425.7599999999998,167.13613910271602,167.13642565901677
3426.48,167.1324675017231,167.13275405173104
3427.2,167.1287962090738,167.12908275278883
3427.92,167.1251252246874,167.1254117621102
3428.64,167.12145454848428,167.12174107961528
3429.3599999999997,167.1177841803842,167.11807070522423
3430.08,167.1141141203086,167.11440063885726
3430.7999999999997,167.1104443681761,167.1107308804346
3431.52,167.106774923908,167.1070614298765
3432.24,167.1031057874244,167.10339228710328
3432.96,167.0994369586458,167.0997234520352
3433.68,167.09576843749255,167.09605492459266
3434.4,167.0921002238848,167.09238670469608
3435.12,167.08843231774324,167.0887187922659
3435.8399999999997,167.08476471898837,167.0850511872224
3436.56,167.0810974275405,167.0813838894863
3437.2799999999997,167.07743044332074,167.0777168989779
3438.0,167.07376376624916,167.0740502156179
3438.72,167.07009739624607,167.0703838393268
3439.44,167.06643133323314,167.0667177700253
3440.16,167.0627655771301,167.06305200763393
3440.8799999999997,167.05910012785807,167.05938655207342
3441.6,167.05543498533802,167.05572140326439
3442.3199999999997,167.05177014949004,167.05205656112773
3443.04,167.04810562023488,167.04839202558412
3443.7599999999998,167.0444413974924,167.04472779655433
3444.48,167.04077748118345,167.04106387395922
3445.2,167.03711387122974,167.0374002577197
3445.92,167.03345056755154,167.03373694775664
3446.64,167.02978757006986,167.0300739439909
3447.3599999999997,167.0261248787059,167.02641124634349
3448.08,167.02246249338043,167.02274885473543
3448.7999999999997,167.0188004140142,167.01908676908766
3449.52,167.01513864052913,167.0154249893213
3450.24,167.01147717284505,167.01176351535742
3450.96,167.0078160108842,167.00810234711707
3451.68,167.00415515456723,167.0044414845215
3452.4,167.00049460381558,167.00078092749183
3453.12,166.9968343585498,166.99712067594925
3453.8399999999997,166.99317441869198,166.99346072981513
3454.56,166.9895147841628,166.9898010890105
3455.2799999999997,166.9858554548838,166.9861417534569
3456.0,166.9821964307763,166.98248272307555
3456.72,166.97853771176165,166.97882399778783
3457.44,166.9748792977614,166.97516557751507
3458.16,166.97122118869697,166.9715074621788
3458.8799999999997,166.96756338448927,166.9678496517004
3459.6,166.9639058850605,166.9641921460015
3460.3199999999997,166.96024869033226,166.96053494500342
3461.04,166.9565918002254,166.95687804862786
3461.7599999999998,166.95293521466203,166.95322145679634
3462.48,166.9492789335635,166.94956516943049
3463.2,166.94562295685193,166.94590918645193
3463.92,166.94196728444865,166.94225350778237
3464.64,166.9383119162752,166.9385981333435
3465.3599999999997,166.93465685225408,166.93494306305712
3466.08,166.93100209230636,166.93128829684488
3466.7999999999997,166.92734763635394,166.92763383462866
3467.52,166.92369348431885,166.92397967633036
3468.24,166.92003963612308,166.92032582187173
3468.96,166.91638609168865,166.91667227117466
3469.68,166.9127328509369,166.91301902416112
3470.4,166.90907991379026,166.90936608075307
3471.12,166.90542728017078,166.9057134408724
3471.8399999999997,166.90177495000046,166.9020611044413
3472.56,166.89812292320119,166.89840907138165
3473.2799999999997,166.8944711996952,166.89475734161567
3474.0,166.89081977940452,166.89110591506537
3474.72,166.8871686622515,166.8874547916529
3475.44,166.88351784815848,166.8838039713005
3476.16,166.8798673370477,166.8801534539303
3476.8799999999997,166.8762171288406,166.87650323946457
3477.6,166.87256722346058,166.87285332782557
3478.3199999999997,166.86891762082928,166.86920371893555
3479.04,166.86526832086963,166.86555441271688
3479.7599999999998,166.86161932350342,166.86190540909192
3480.48,166.85797062865322,166.8582567079831
3481.2,166.85432223624173,166.85460830931277
3481.92,166.85067414619164,166.85096021300328
3482.64,166.84702635842507,166.8473124189773
3483.3599999999997,166.84337887286347,166.8436649271573
3484.08,166.83973168942998,166.8400177374657
3484.7999999999997,166.83608480804628,166.83637084982522
3485.52,166.8324382286354,166.83272426415832
3486.24,166.82879195112014,166.82907798038772
3486.96,166.8251459754224,166.82543199843602
3487.68,166.82150030146568,166.82178631822603
3488.4,166.81785492917209,166.8181409396804
3489.12,166.814209858465,166.8144958627219
3489.8399999999997,166.81056508926667,166.8108510872733
3490.56,166.8069206214999,166.80720661325734
3491.2799999999997,166.80327645508828,166.80356244059703
3492.0,166.79963258995406,166.7999185692151
3492.72,166.79598902602004,166.79627499903452
3493.44,166.7923457632096,166.79263172997824
3494.16,166.78870280144508,166.78898876196922
3494.8799999999997,166.78506014065044,166.78534609493047
3495.6,166.7814177807478,166.78170372878495
3496.3199999999997,166.77777572166053,166.77806166345576
3497.04,166.7741339633119,166.774419898866
3497.7599999999998,166.77049250562516,166.77077843493882
3498.48,166.76685134852312,166.76713727159728
3499.2,166.76321049192916,166.76349640876467
3499.92,166.7595699357662,166.75985584636405
3500.64,166.75592967995783,166.75621558431882
3501.3599999999997,166.75228972442733,166.75257562255214
3502.08,166.74865006909772,166.7489359609874
3502.7999999999997,166.74501071389273,166.74529659954786
3503.52,166.74137165873572,166.74165753815691
3504.24,166.7377329035495,166.7380187767379
3504.96,166.7340944482579,166.73438031521434
3505.68,166.73045629278477,166.7307421535096
3506.4,166.72681843705334,166.72710429154722
3507.12,166.72318088098655,166.72346672925067
3507.8399999999997,166.71954362450913,166.7198294665435
3508.56,166.71590666754355,166.71619250334925
3509.2799999999997,166.7122700100142,166.7125558395916
3510.0,166.70863365184425,166.70891947519416
3510.72,166.70499759295797,166.70528341008054
3511.44,166.70136183327838,166.70164764417447
3512.16,166.69772637273002,166.6980121773997
3512.8799999999997,166.6940912112358,166.6943770096799
3513.6,166.69045634871998,166.69074214093894
3514.3199999999997,166.68682178510642,166.68710757110057
3515.04,166.68318752031882,166.68347330008868
3515.7599999999998,166.67955355428137,166.6798393278271
3516.48,166.67591988691822,166.67620565423977
3517.2,166.67228651815265,166.67257227925063
3517.92,166.66865344790904,166.66893920278355
3518.64,166.66502067611145,166.66530642476266
3519.3599999999997,166.66138820268372,166.66167394511186
3520.08,166.65775602755025,166.65804176375525
3520.7999999999997,166.65412415063508,166.6544098806169
3521.52,166.65049257186206,166.65077829562097
3522.24,166.6468612911558,166.6471470086915
3522.96,166.64323030844025,166.64351601975278
3523.68,166.63959962363992,166.6398853287289
3524.4,166.63596923667887,166.63625493554414
3525.12,166.6323391474815,166.6326248401228
3525.8399999999997,166.6287093559721,166.62899504238908
3526.56,166.62507986207493,166.6253655422674
3527.2799999999997,166.62145066571497,166.621736339682
3528.0,166.61782176681595,166.61810743455737
3528.72,166.6141931653026,166.61447882681784
3529.44,166.61056486109874,166.6108505163879
3530.16,166.60693685412798,166.60722250319196
3530.8799999999997,166.60330914431484,166.6035947871546
3531.6,166.59968173158404,166.59996736820023
3532.3199999999997,166.59605461585988,166.59634024625348
3533.04,166.5924277970671,166.59271342123895
3533.7599999999998,166.58880127513044,166.5890868930812
3534.48,166.58517504997383,166.5854606617049
3535.2,166.58154912152293,166.5818347270347
3535.92,166.5779234897019,166.5782090889954
3536.64,166.5742981544356,166.57458374751164
3537.3599999999997,166.57067311564902,166.57095870250825
3538.08,166.56704837326618,166.56733395390995
3538.7999999999997,166.56342392721274,166.5637095016416
3539.52,166.55979977741288,166.560085345628
3540.24,166.55617592379213,166.5564614857941
3540.96,166.5525523662751,166.55283792206484
3541.68,166.54892910478657,166.54921465436507
3542.4,166.54530613925192,166.5455916826198
3543.12,166.5416834695958,166.54196900675402
3543.8399999999997,166.53806109574327,166.53834662669277
3544.56,166.53443901761977,166.53472454236106
3545.2799999999997,166.5308172351497,166.53110275368405
3546.0,166.52719574825926,166.5274812605868
3546.72,166.52357455687263,166.52386006299446
3547.44,166.519953660915,166.5202391608323
3548.16,166.51633306031226,166.51661855402537
3548.8799999999997,166.51271275498914,166.512998242499
3549.6,166.50909274487105,166.5093782261784
3550.3199999999997,166.50547302988355,166.50575850498893
3551.04,166.50185360995158,166.50213907885586
3551.7599999999998,166.4982344850008,166.4985199477045
3552.48,166.4946156549562,166.49490111146034
3553.2,166.49099711974372,166.49128257004867
3553.92,166.4873788792887,166.48766432339502
3554.64,166.48376093351624,166.4840463714248
3555.3599999999997,166.4801432823524,166.48042871406346
3556.08,166.47652592572206,166.47681135123668
3556.7999999999997,166.47290886355165,166.47319428286985
3557.52,166.46929209576592,166.46957750888868
3558.24,166.46567562229097,166.4659610292187
3558.96,166.46205944305257,166.46234484378556
3559.68,166.45844355797612,166.45872895251497
3560.4,166.45482796698764,166.45511335533254
3561.12,166.4512126700123,166.4514980521641
3561.8399999999997,166.44759766697678,166.44788304293533
3562.56,166.4439829578065,166.44426832757208
3563.2799999999997,166.440368542427,166.44065390600008
3564.0,166.43675442076437,166.43703977814525
3564.72,166.4331405927444,166.4334259439334
3565.44,166.42952705829373,166.4298124032905
3566.16,166.42591381733735,166.42619915614242
3566.8799999999997,166.42230086980146,166.42258620241518
3567.6,166.41868821561263,166.41897354203468
3568.3199999999997,166.4150758546965,166.415361174927
3569.04,166.41146378697954,166.41174910101816
3569.7599999999998,166.40785201238737,166.40813732023423
3570.48,166.40424053084632,166.40452583250135
3571.2,166.40062934228263,166.4009146377456
3571.92,166.39701844662238,166.3973037358931
3572.64,166.39340784379203,166.39369312687015
3573.3599999999997,166.38979753371768,166.3900828106029
3574.08,166.38618751632612,166.38647278701762
3574.7999999999997,166.38257779154276,166.38286305604058
3575.52,166.37896835929405,166.37925361759807
3576.24,166.3753592195054,166.37564447161643
3576.96,166.37175037210307,166.3720356180221
3577.68,166.36814181701334,166.3684270567413
3578.4,166.36453355416336,166.36481878770059
3579.12,166.36092558347866,166.36121081082632
3579.8399999999997,166.35731790488592,166.357603126045
3580.56,166.3537105183119,166.35399573328314
3581.2799999999997,166.3501034236832,166.35038863246731
3582.0,166.34649662092613,166.34678182352403
3582.72,166.34289010996702,166.34317530637992
3583.44,166.3392838907331,166.33956908096155
3584.16,166.33567796315083,166.33596314719554
3584.8799999999997,166.33207232714653,166.33235750500867
3585.6,166.32846698264711,166.32875215432762
3586.3199999999997,166.3248619295798,166.32514709507907
3587.04,166.32125716787084,166.32154232718977
3587.7599999999998,166.317652697447,166.3179378505865
3588.48,166.31404851823538,166.3143336651962
3589.2,166.31044463016235,166.31072977094556
3589.92,166.30684103315525,166.3071261677615
3590.64,166.30323772714053,166.30352285557103
3591.3599999999997,166.29963471204576,166.29991983430097
3592.08,166.29603198779762,166.29631710387827
3592.7999999999997,166.292429554323,166.29271466422998
3593.52,166.28882741154894,166.28911251528305
3594.24,166.285225559403,166.28551065696456
3594.96,166.28162399781127,166.28190908920166
3595.68,166.27802272670135,166.27830781192137
3596.4,166.27442174600094,166.2747068250508
3597.12,166.2708210556366,166.27110612851718
3597.8399999999997,166.26722065553543,166.26750572224756
3598.56,166.26362054562537,166.26390560616926
3599.2799999999997,166.26002072583287,166.2603057802095
3600.0,166.2564211960854,166.25670624429554
3600.72,166.2528219563103,166.25310699835467
3601.44,166.2492230064355,166.24950804231423
3602.16,166.24562434638767,166.2459093761016
3602.8799999999997,166.2420259760944,166.24231099964416
3603.6,166.23842789548337,166.23871291286923
3604.3199999999997,166.2348301044815,166.23511511570436
3605.04,166.23123260301713,166.23151760807696
3605.7599999999998,166.2276353910171,166.22792038991454
3606.48,166.22403846840905,166.2243234611446
3607.2,166.22044183512082,166.2207268216947
3607.92,166.2168454910801,166.21713047149245
3608.64,166.2132494362137,166.21353441046537
3609.3599999999997,166.20965367045017,166.2099386385412
3610.08,166.20605819371713,166.20634315564752
3610.7999999999997,166.20246300594158,166.2027479617121
3611.52,166.19886810705236,166.19915305666262
3612.24,166.19527349697591,166.19555844042682
3612.96,166.1916791756414,166.19196411293245
3613.68,166.1880851429761,166.18837007410735
3614.4,166.18449139890765,166.18477632387936
3615.12,166.18089794336424,166.18118286217626
3615.8399999999997,166.1773047762739,166.177589688926
3616.56,166.1737118975641,166.17399680405646
3617.2799999999997,166.17011930716353,166.1704042074957
3618.0,166.1665270049998,166.16681189917148
3618.72,166.16293499100072,166.16321987901193
3619.44,166.15934326509444,166.15962814694512
3620.16,166.15575182720977,166.15603670289906
3620.8799999999997,166.15216067727374,166.15244554680174
3621.6,166.14856981521507,166.1488546785813
3622.3199999999997,166.14497924096077,166.14526409816594
3623.04,166.14138895443875,166.1416738054838
3623.7599999999998,166.1377989555773,166.13808380046305
3624.48,166.13420924430466,166.13449408303194
3625.2,166.13061982054876,166.13090465311865
3625.92,166.12703068423866,166.12731551065153
3626.64,166.12344183530206,166.1237266555589
3627.3599999999997,166.11985327366745,166.12013808776896
3628.08,166.11626499926274,166.1165498072102
3628.7999999999997,166.1126770120169,166.11296181381095
3629.52,166.10908931185838,166.1093741074996
3630.24,166.10550189871503,166.1057866882046
3630.96,166.101914772516,166.10219955585447
3631.68,166.09832793318924,166.09861271037764
3632.4,166.09474138066378,166.09502615170265
3633.12,166.09115511486777,166.09143987975816
3633.8399999999997,166.0875691357296,166.08785389447257
3634.56,166.08398344317857,166.08426819577463
3635.2799999999997,166.08039803714303,166.08068278359283
3636.0,166.07681291755136,166.07709765785592
3636.72,166.0732280843323,166.07351281849262
3637.44,166.069643537415,166.06992826543157
3638.16,166.0660592767282,166.06634399860155
3638.8799999999997,166.0624753021998,166.06276001793134
3639.6,166.05889161375956,166.0591763233497
3640.3199999999997,166.05530821133607,166.05559291478548
3641.04,166.05172509485806,166.0520097921675
3641.7599999999998,166.04814226425447,166.04842695542467
3642.48,166.044559719454,166.04484440448593
3643.2,166.0409774603861,166.04126213928006
3643.92,166.03739548697956,166.0376801597362
3644.64,166.033813799163,166.0340984657833
3645.3599999999997,166.03023239686559,166.03051705735032
3646.08,166.02665128001706,166.02693593436632
3646.7999999999997,166.0230704485457,166.02335509676044
3647.52,166.0194899023811,166.01977454446165
3648.24,166.01590964145214,166.01619427739917
3648.96,166.01232966568784,166.01261429550206
3649.68,166.00874997501796,166.00903459869963
3650.4,166.00517056937133,166.005455186921
3651.12,166.00159144867723,166.0018760600954
3651.8399999999997,165.99801261286484,165.99829721815217
3652.56,165.99443406186379,165.9947186610205
3653.2799999999997,165.99085579560347,165.99114038862973
3654.0,165.98727781401294,165.9875624009093
3654.72,165.98370011702139,165.98398469778843
3655.44,165.98012270455888,165.98040727919664
3656.16,165.9765455765547,165.97683014506325
3656.8799999999997,165.97296873293794,165.9732532953177
3657.6,165.9693921736383,165.9696767298896
3658.3199999999997,165.96581589858567,165.96610044870835
3659.04,165.96223990770955,165.96252445170347
3659.7599999999998,165.95866420093864,165.95894873880462
3660.48,165.95508877820373,165.95537330994134
3661.2,165.95151363943364,165.95179816504313
3661.92,165.9479387845587,165.94822330403974
3662.64,165.94436421350838,165.9446487268609
3663.3599999999997,165.9407899262119,165.9410744334361
3664.08,165.9372159226,165.93750042369527
3664.7999999999997,165.93364220260173,165.93392669756798
3665.52,165.9300687661472,165.93035325498414
3666.24,165.92649561316603,165.92678009587348
3666.96,165.92292274358863,165.92320722016586
3667.68,165.9193501573443,165.91963462779117
3668.4,165.91577785436164,165.91606231867917
3669.12,165.91220583457118,165.9124902927598
3669.8399999999997,165.90863409790234,165.90891854996315
3670.56,165.9050626442853,165.90534709021895
3671.2799999999997,165.90149147365014,165.90177591345739
3672.0,165.8979205859266,165.89820501960838
3672.72,165.8943499810449,165.89463440860195
3673.44,165.890779658935,165.8910640803682
3674.16,165.8872096195272,165.88749403483732
3674.8799999999997,165.88363986275135,165.88392427193926
3675.6,165.880070388538,165.88035479160425
3676.3199999999997,165.8765011968169,165.87678559376243
3677.04,165.8729322875182,165.87321667834405
3677.7599999999998,165.8693636605725,165.8696480452793
3678.48,165.8657953159102,165.86607969449852
3679.2,165.86222725346124,165.86251162593192
3679.92,165.85865947315529,165.85894383950986
3680.64,165.855091974924,165.85537633516262
3681.3599999999997,165.8515247586971,165.85180911282055
3682.08,165.84795782440483,165.84824217241407
3682.7999999999997,165.84439117197792,165.8446755138736
3683.52,165.84082480134668,165.84110913712956
3684.24,165.83725871244133,165.83754304211243
3684.96,165.83369290519306,165.83397722875267
3685.68,165.83012737953186,165.83041169698086
3686.3999999999996,165.82656213538826,165.8268464467276
3687.12,165.82299717269302,165.8232814779233
3687.8399999999997,165.81943249137703,165.81971679049872
3688.56,165.81586809137013,165.81615238438437
3689.2799999999997,165.8123039726039,165.81258825951096
3690.0,165.8087401350083,165.80902441580918
3690.72,165.80517657851476,165.8054608532097
3691.44,165.8016133030535,165.8018975716433
3692.16,165.79805030855528,165.79833457104067
3692.8799999999997,165.79448759495108,165.79477185133265
3693.6,165.7909251621719,165.79120941245006
3694.3199999999997,165.78736301014862,165.7876472543237
3695.04,165.78380113881133,165.78408537688446
3695.7599999999998,165.78023954809214,165.78052378006328
3696.48,165.7766782379207,165.776962463791
3697.2,165.77311720822945,165.77340142799858
3697.92,165.76955645894782,165.76984067261697
3698.64,165.76599599000815,165.76628019757715
3699.3599999999997,165.76243580134098,165.76272000281025
3700.08,165.7588758928771,165.7591600882472
3700.7999999999997,165.75531626454801,165.7556004538192
3701.52,165.75175691628442,165.75204109945724
3702.24,165.74819784801832,165.74848202509253
3702.96,165.7446390596799,165.74492323065616
3703.68,165.74108055120098,165.7413647160793
3704.3999999999996,165.73752232251218,165.7378064812932
3705.12,165.73396437354597,165.73424852622907
3705.8399999999997,165.73040670423256,165.73069085081818
3706.56,165.72684931450397,165.72713345499187
3707.2799999999997,165.7232922042906,165.7235763386813
3708.0,165.71973537352483,165.72001950181797
3708.72,165.71617882213786,165.71646294433316
3709.44,165.71262255006013,165.71290666615823
3710.16,165.70906655722456,165.7093506672246
3710.8799999999997,165.70551084356168,165.70579494746377
3711.6,165.70195540900363,165.70223950680722
3712.3199999999997,165.69840025348128,165.69868434518636
3713.04,165.69484537692665,165.69512946253278
3713.7599999999998,165.69129077927096,165.69157485877795
3714.48,165.68773646044542,165.68802053385352
3715.2,165.6841824203807,165.6844664876911
3715.92,165.6806286590088,165.68091272022218
3716.64,165.6770751762615,165.67735923137857
3717.3599999999997,165.67352197207038,165.67380602109182
3718.08,165.669969046367,165.67025308929368
3718.7999999999997,165.666416399083,165.66670043591589
3719.52,165.66286403015067,165.66314806089017
3720.24,165.65931193950132,165.6595959641483
3720.96,165.65576012706651,165.65604414562222
3721.68,165.6522085927785,165.65249260524357
3722.3999999999996,165.64865733656973,165.64894134294425
3723.12,165.64510635837075,165.64539035865624
3723.8399999999997,165.64155565811416,165.6418396523113
3724.56,165.63800523573184,165.6382892238415
3725.2799999999997,165.63445509115616,165.6347390731787
3726.0,165.63090522431833,165.63118920025494
3726.72,165.62735563515082,165.62763960500223
3727.44,165.62380632358588,165.6240902873526
3728.16,165.62025728955507,165.6205412472381
3728.8799999999997,165.61670853299086,165.61699248459087
3729.6,165.61316005382503,165.61344399934296
3730.3199999999997,165.6096118519904,165.6098957914265
3731.04,165.6060639274183,165.60634786077372
3731.7599999999998,165.6025162800414,165.60280020731673
3732.48,165.5989689097919,165.5992528309878
3733.2,165.5954218166022,165.5957057317192
3733.92,165.59187500040412,165.59215890944313
3734.64,165.58832846113,165.58861236409192
3735.3599999999997,165.5847821987129,165.5850660955979
3736.08,165.58123621308437,165.5815201038934
3736.7999999999997,165.57769050417687,165.57797438891077
3737.52,165.57414507192334,165.57442895058242
3738.24,165.57059991625613,165.5708837888408
3738.96,165.5670550371069,165.5673389036183
3739.68,165.56351043440918,165.5637942948474
3740.3999999999996,165.55996610809495,165.5602499624607
3741.12,165.55642205809693,165.5567059063906
3741.8399999999997,165.55287828434723,165.55316212656967
3742.56,165.54933478677935,165.54961862293058
3743.2799999999997,165.54579156532498,165.54607539540584
3744.0,165.54224861991747,165.54253244392808
3744.72,165.53870595048875,165.53898976842996
3745.44,165.5351635569723,165.5354473688441
3746.16,165.53162143930047,165.53190524510336
3746.8799999999997,165.52807959740585,165.52836339714034
3747.6,165.5245380312217,165.5248218248878
3748.3199999999997,165.5209967406804,165.5212805282786
3749.04,165.51745572571508,165.5177395072454
3749.7599999999998,165.51391498625833,165.51419876172116
3750.48,165.51037452224352,165.51065829163866
3751.2,165.50683433360314,165.5071180969308
3751.92,165.50329442026953,165.5035781775305
3752.64,165.4997547821771,165.50003853337068
3753.3599999999997,165.49621541925762,165.49649916438432
3754.08,165.49267633144473,165.49296007050432
3754.7999999999997,165.48913751867133,165.48942125166377
3755.52,165.48559898087058,165.48588270779564
3756.24,165.4820607179753,165.48234443883302
3756.96,165.4785227299186,165.478806444709
3757.68,165.4749850166338,165.47526872535664
3758.3999999999996,165.4714475780546,165.47173128070912
3759.12,165.4679104141136,165.46819411069956
3759.8399999999997,165.4643735247438,165.46465721526118
3760.56,165.4608369098779,165.46112059432713
3761.2799999999997,165.457300569449,165.45758424783074
3762.0,165.45376450338995,165.45404817570517
3762.72,165.45022871163462,165.45051237788377
3763.44,165.4466931941156,165.44697685429978
3764.16,165.44315795076693,165.44344160488657
3764.8799999999997,165.43962298152155,165.43990662957748
3765.6,165.4360882863126,165.43637192830596
3766.3199999999997,165.43255386507428,165.43283750100534
3767.04,165.42901971773904,165.4293033476091
3767.7599999999998,165.4254858442415,165.42576946805065
3768.48,165.42195224451405,165.42223586226353
3769.2,165.41841891849083,165.4187025301812
3769.92,165.4148858661049,165.41516947173724
3770.64,165.41135308729054,165.4116366868652
3771.3599999999997,165.40782058198056,165.40810417549864
3772.08,165.4042883501088,165.40457193757118
3772.7999999999997,165.40075639160943,165.40103997301648
3773.52,165.39722470641573,165.3975082817681
3774.24,165.39369329446106,165.39397686375978
3774.96,165.39016215567938,165.3904457189253
3775.68,165.38663129000463,165.38691484719826
3776.3999999999996,165.3831006973702,165.38338424851256
3777.12,165.37957037771025,165.37985392280183
3777.8399999999997,165.37604033095863,165.37632387000002
3778.56,165.37251055704905,165.37279409004086
3779.2799999999997,165.36898105591524,165.36926458285834
3780.0,165.36545182749092,165.36573534838618
3780.72,165.3619228717106,165.3622063865584
3781.44,165.3583941885081,165.35867769730888
3782.16,165.3548657778167,165.35514928057157
3782.8799999999997,165.35133763957083,165.35162113628047
3783.6,165.34780977370497,165.34809326436954
3784.3199999999997,165.34428218015273,165.34456566477292
3785.04,165.34075485884796,165.34103833742458
3785.7599999999998,165.33722780972494,165.3375112822586
3786.48,165.33370103271795,165.3339844992091
3787.2,165.33017452776164,165.33045798821024
3787.92,165.32664829478892,165.3269317491961
3788.64,165.32312233373466,165.32340578210096
3789.3599999999997,165.3195966445337,165.31988008685894
3790.08,165.3160712271192,165.31635466340433
3790.7999999999997,165.31254608142592,165.31282951167134
3791.52,165.3090212073879,165.30930463159424
3792.24,165.30549660494046,165.3057800231074
3792.96,165.30197227401698,165.30225568614506
3793.68,165.29844821455174,165.2987316206416
3794.3999999999996,165.29492442647972,165.29520782653145
3795.12,165.29140090973522,165.29168430374895
3795.8399999999997,165.28787766425228,165.28816105222853
3796.56,165.28435468996622,165.28463807190462
3797.2799999999997,165.28083198681065,165.2811153627118
3798.0,165.27730955472077,165.27759292458438
3798.72,165.2737873936302,165.2740707574571
3799.44,165.27026550347477,165.27054886126436
3800.16,165.26674388418837,165.2670272359408
3800.8799999999997,165.26322253570572,165.263505881421
3801.6,165.25970145796168,165.25998479763956
3802.3199999999997,165.25618065089054,165.2564639845311
3803.04,165.25266011442739,165.25294344203033
3803.7599999999998,165.24913984850673,165.249423170072
3804.48,165.2456198530632,165.2459031685907
3805.2,165.2421001280319,165.24238343752126
3805.92,165.23858067334754,165.2388639767984
3806.64,165.23506148894444,165.23534478635696
3807.3599999999997,165.23154257475665,165.23182586613177
3808.08,165.2280239307196,165.2283072160576
3808.7999999999997,165.22450555676744,165.2247888360694
3809.52,165.22098745283517,165.22127072610195
3810.24,165.217469618858,165.21775288609024
3810.96,165.21395205477086,165.2142353159692
3811.68,165.21043476050818,165.21071801567382
3812.3999999999996,165.20691773600572,165.207200985139
3813.12,165.203400981198,165.20368422429982
3813.8399999999997,165.19988449602033,165.2001677330913
3814.56,165.1963682804078,165.19665151144847
3815.2799999999997,165.19285233429457,165.1931355593065
3816.0,165.18933665761745,165.1896198766004
3816.72,165.1858212503099,165.1861044632654
3817.44,165.18230611230797,165.1825893192366
3818.16,165.17879124354693,165.1790744444491
3818.8799999999997,165.17527664396175,165.17555983883824
3819.6,165.1717623134873,165.1720455023392
3820.3199999999997,165.16824825205947,165.16853143488723
3821.04,165.1647344596131,165.16501763641753
3821.7599999999998,165.16122093608396,165.16150410686555
3822.48,165.1577076814067,165.15799084616654
3823.2,165.15419469551705,165.1544778542558
3823.92,165.1506819783507,165.15096513106877
3824.64,165.1471695298427,165.14745267654084
3825.3599999999997,165.14365734992862,165.1439404906074
3826.08,165.1401454385434,165.14042857320396
3826.7999999999997,165.13663379562354,165.13691692426593
3827.52,165.13312242110374,165.13340554372874
3828.24,165.12961131491943,165.12989443152804
3828.96,165.12610047700696,165.12638358759938
3829.68,165.1225899073013,165.12287301187826
3830.3999999999996,165.11907960573808,165.11936270430022
3831.12,165.1155695722531,165.11585266480088
3831.8399999999997,165.11205980678199,165.11234289331605
3832.56,165.1085503092603,165.1088333897812
3833.2799999999997,165.1050410796238,165.1053241541321
3834.0,165.10153211780846,165.10181518630444
3834.72,165.09802342374962,165.09830648623395
3835.44,165.0945149973835,165.09479805385638
3836.16,165.0910068386455,165.09128988910754
3836.8799999999997,165.08749894747154,165.08778199192324
3837.6,165.08399132379782,165.08427436223928
3838.3199999999997,165.08048396755953,165.0807669999915
3839.04,165.07697687869336,165.0772599051158
3839.7599999999998,165.0734700571346,165.07375307754805
3840.48,165.06996350281952,165.0702465172242
3841.2,165.06645721568395,165.06674022408026
3841.92,165.06295119566425,165.06323419805207
3842.64,165.05944544269596,165.05972843907577
3843.3599999999997,165.05593995671552,165.05622294708726
3844.08,165.0524347376588,165.05271772202263
3844.7999999999997,165.04892978546206,165.04921276381793
3845.52,165.04542510006104,165.0457080724093
3846.24,165.04192068139207,165.04220364773278
3846.96,165.0384165293916,165.0386994897246
3847.68,165.03491264399565,165.03519559832085
3848.3999999999996,165.0314090251402,165.0316919734577
3849.12,165.02790567276213,165.02818861507143
3849.8399999999997,165.024402586797,165.0246855230982
3850.56,165.02089976718185,165.02118269747433
3851.2799999999997,165.01739721385206,165.01768013813606
3852.0,165.01389492674457,165.01417784501973
3852.72,165.01039290579513,165.01067581806163
3853.44,165.00689115093962,165.0071740571981
3854.16,165.00338966211405,165.00367256236558
3854.8799999999997,164.99988843925553,165.0001713335004
3855.6,164.99638748230018,164.99667037053896
3856.3199999999997,164.992886791184,164.9931696734178
3857.04,164.98938636584398,164.98966924207332
3857.7599999999998,164.9858862062165,164.98616907644202
3858.48,164.9823863122375,164.98266917646046
3859.2,164.9788866838445,164.9791695420651
3859.92,164.97538732097337,164.97567017319264
3860.64,164.9718882235611,164.97217106977945
3861.3599999999997,164.96838939154395,164.96867223176238
3862.08,164.96489082485846,164.96517365907795
3862.7999999999997,164.9613925234421,164.96167535166276
3863.52,164.95789448723076,164.95817730945356
3864.24,164.95439671616123,164.95467953238708
3864.96,164.95089921017018,164.95118202039993
3865.68,164.9474019691952,164.94768477342905
3866.3999999999996,164.94390499317183,164.94418779141103
3867.12,164.94040828203777,164.94069107428274
3867.8399999999997,164.93691183572957,164.937194621981
3868.56,164.93341565418416,164.93369843444265
3869.2799999999997,164.92991973733808,164.93020251160462
3870.0,164.9264240851286,164.92670685340366
3870.72,164.92292869749292,164.9232114597768
3871.44,164.91943357436685,164.91971633066092
3872.16,164.91593871568864,164.91622146599303
3872.8799999999997,164.91244412139474,164.9127268657101
3873.6,164.90894979142172,164.90923252974915
3874.3199999999997,164.9054557257075,164.9057384580471
3875.04,164.90196192418853,164.90224465054115
3875.7599999999998,164.89846838680216,164.8987511071683
3876.48,164.89497511348543,164.89525782786566
3877.2,164.89148210417545,164.8917648125704
3877.92,164.88798935880925,164.8882720612196
3878.64,164.8844968773244,164.8847795737504
3879.3599999999997,164.88100465965795,164.88128735010014
3880.08,164.87751270574688,164.87779539020585
3880.7999999999997,164.8740210155289,164.87430369400496
3881.52,164.87052958894083,164.8708122614346
3882.24,164.86703842592044,164.86732109243206
3882.96,164.86354752640455,164.8638301869347
3883.68,164.86005689033084,164.86033954487988
3884.3999999999996,164.85656651763657,164.8568491662049
3885.12,164.85307640825908,164.85335905084713
3885.8399999999997,164.84958656213655,164.849869198744
3886.56,164.84609697920519,164.8463796098329
3887.2799999999997,164.84260765940292,164.8428902840513
3888.0,164.839118602668,164.8394012213367
3888.72,164.83562980893703,164.83591242162652
3889.44,164.83214127814767,164.83242388485834
3890.16,164.82865301023787,164.8289356109697
3890.8799999999997,164.8251650051452,164.82544759989815
3891.6,164.82167726280682,164.8219598515812
3892.3199999999997,164.81818978316107,164.8184723659566
3893.04,164.81470256614512,164.81498514296186
3893.7599999999998,164.8112156116964,164.81149818253473
3894.48,164.80772891975346,164.8080114846128
3895.2,164.80424249025327,164.80452504913384
3895.92,164.80075632313378,164.80103887603553
3896.64,164.79727041833314,164.79755296525562
3897.3599999999997,164.79378477578894,164.79406731673188
3898.08,164.79029939543875,164.7905819304021
3898.7999999999997,164.78681427722074,164.78709680620415
3899.52,164.78332942107136,164.78361194407583
3900.24,164.77984482692875,164.78012734395492
3900.96,164.7763604947304,164.77664300577942
3901.68,164.77287642441513,164.77315892948718
3902.3999999999996,164.76939261592065,164.76967511501616
3903.12,164.7659090691841,164.76619156230421
3903.8399999999997,164.76242578414383,164.7627082712895
3904.56,164.75894276073825,164.75922524190986
3905.2799999999997,164.75545999890494,164.7557424741034
3906.0,164.75197749858228,164.7522599678081
3906.72,164.7484952597083,164.7487777229621
3907.44,164.7450132822206,164.74529573950338
3908.16,164.74153156605792,164.74181401737013
3908.8799999999997,164.73805011115826,164.73833255650055
3909.6,164.734568917459,164.73485135683262
3910.3199999999997,164.73108798489932,164.7313704183047
3911.04,164.72760731341725,164.7278897408549
3911.7599999999998,164.7241269029504,164.72440932442143
3912.48,164.72064675343813,164.72092916894258
3913.2,164.7171668648174,164.71744927435662
3913.92,164.71368723702756,164.71396964060182
3914.64,164.71020787000612,164.71049026761645
3915.3599999999997,164.70672876369224,164.70701115533896
3916.08,164.70324991802352,164.70353230370762
3916.7999999999997,164.699771332939,164.7000537126609
3917.52,164.69629300837676,164.69657538213713
3918.24,164.69281494427537,164.69309731207474
3918.96,164.68933714057334,164.68961950241223
3919.68,164.6858595972086,164.68614195308803
3920.3999999999996,164.6823823141201,164.68266466404066
3921.12,164.6789052912468,164.67918763520862
3921.8399999999997,164.67542852852648,164.6757108665305
3922.56,164.67195202589812,164.67223435794483
3923.2799999999997,164.66847578330032,164.66875810939018
3924.0,164.66499980067147,164.6652821208052
3924.72,164.66152407795028,164.66180639212845
3925.44,164.65804861507593,164.65833092329868
3926.16,164.65457341198658,164.65485571425447
3926.8799999999997,164.65109846862083,164.65138076493463
3927.6,164.64762378491776,164.6479060752778
3928.3199999999997,164.6441493608164,164.6444316452227
3929.04,164.64067519625462,164.64095747470816
3929.7599999999998,164.63720129117212,164.63748356367296
3930.48,164.6337276455073,164.63400991205592
3931.2,164.6302542591992,164.63053651979578
3931.92,164.62678113218647,164.62706338683148
3932.64,164.62330826440848,164.62359051310196
3933.3599999999997,164.61983565580329,164.620117898546
3934.08,164.61636330631086,164.61664554310255
3934.7999999999997,164.61289121586947,164.6131734467106
3935.52,164.60941938441863,164.60970160930907
3936.24,164.60594781189673,164.60623003083703
3936.96,164.60247649824328,164.60275871123343
3937.68,164.59900544339712,164.59928765043725
3938.3999999999996,164.59553464729777,164.59581684838764
3939.12,164.59206410988384,164.59234630502365
3939.8399999999997,164.58859383109473,164.58887602028435
3940.56,164.5851238108694,164.58540599410892
3941.2799999999997,164.58165404914723,164.58193622643654
3942.0,164.5781845458671,164.57846671720625
3942.72,164.5747153009686,164.57499746635727
3943.44,164.57124631439103,164.57152847382886
3944.16,164.56777758607325,164.5680597395603
3944.8799999999997,164.56430911595453,164.56459126349074
3945.6,164.56084090397417,164.56112304555953
3946.3199999999997,164.5573729500701,164.55765508570593
3947.04,164.55390525418238,164.5541873838693
3947.7599999999998,164.55043781625034,164.55071993998897
3948.48,164.54697063621313,164.54725275400423
3949.2,164.5435037140104,164.5437858258546
3949.92,164.54003704958131,164.5403191554794
3950.64,164.53657064286529,164.53685274281818
3951.3599999999997,164.53310449380263,164.53338658781027
3952.08,164.52963860233172,164.52992069039522
3952.7999999999997,164.52617296839242,164.52645505051248
3953.52,164.52270759192425,164.52298966810167
3954.24,164.51924247286684,164.51952454310214
3954.96,164.51577761115936,164.51605967545365
3955.68,164.51231300674203,164.51259506509572
3956.3999999999996,164.50884865955425,164.509130711968
3957.12,164.50538456953575,164.50566661601002
3957.8399999999997,164.50192073662583,164.5022027771615
3958.56,164.49845716076413,164.49873919536208
3959.2799999999997,164.49499384189096,164.49527587055155
3960.0,164.4915307799456,164.49181280266956
3960.72,164.4880679748676,164.4883499916559
3961.44,164.48460542659723,164.48488743745025
3962.16,164.48114313507426,164.48142513999247
3962.8799999999997,164.4776811002381,164.47796309922236
3963.6,164.47421932202894,164.47450131507975
3964.3199999999997,164.47075780038608,164.47103978750448
3965.04,164.46729653525017,164.46757851643642
3965.7599999999998,164.46383552656062,164.46411750181542
3966.48,164.4603747742575,164.46065674358147
3967.2,164.45691427828092,164.45719624167447
3967.92,164.4534540385705,164.45373599603442
3968.64,164.44999405506655,164.45027600660126
3969.3599999999997,164.4465343277093,164.44681627331502
3970.08,164.44307485643787,164.44335679611578
3970.7999999999997,164.43961564119343,164.43989757494347
3971.52,164.43615668191512,164.43643860973825
3972.24,164.43269797854362,164.43297990044016
3972.96,164.42923953101922,164.42952144698936
3973.68,164.42578133928146,164.42606324932595
3974.3999999999996,164.42232340327098,164.42260530739014
3975.12,164.418865722928,164.41914762112205
3975.8399999999997,164.41540829819235,164.4156901904619
3976.56,164.41195112900436,164.4122330153499
3977.2799999999997,164.4084942153047,164.4087760957263
3978.0,164.40503755703332,164.4053194315314
3978.72,164.4015811541309,164.40186302270544
3979.44,164.39812500653682,164.3984068691888
3980.16,164.39466911419288,164.3949509709217
3980.8799999999997,164.39121347703826,164.39149532784464
3981.6,164.38775809501396,164.38803993989782
3982.3199999999997,164.38430296806018,164.38458480702178
3983.04,164.380848096117,164.3811299291569
3983.7599999999998,164.37739347912577,164.37767530624356
3984.48,164.37393911702645,164.37422093822227
3985.2,164.37048500975936,164.37076682503354
3985.92,164.36703115726596,164.36731296661785
3986.64,164.36357755948575,164.36385936291575
3987.3599999999997,164.36012421635974,164.36040601386773
3988.08,164.35667112782835,164.35695291941437
3988.7999999999997,164.35321829383224,164.35350007949626
3989.52,164.34976571431253,164.350047494054
3990.24,164.3463133892095,164.34659516302827
3990.96,164.34286131846352,164.34314308635976
3991.68,164.33940950201475,164.33969126398907
3992.3999999999996,164.3359579398042,164.33623969585688
3993.12,164.33250663177182,164.33278838190398
3993.8399999999997,164.32905557785887,164.32933732207104
3994.56,164.32560477800553,164.32588651629897
3995.2799999999997,164.32215423215325,164.32243596452832
3996.0,164.3187039402428,164.31898566670006
3996.72,164.31525390221452,164.315535622755
3997.44,164.31180411800938,164.31208583263393
3998.16,164.3083545875685,164.30863629627774
3998.8799999999997,164.30490531083274,164.30518701362737
3999.6,164.30145628774267,164.30173798462374
4000.3199999999997,164.29800751823984,164.2982892092077
4001.04,164.29455900226458,164.29484068732023
4001.7599999999998,164.2911107397581,164.29139241890238
4002.48,164.2876627306614,164.28794440389507
4003.2,164.2842149749158,164.28449664223936
4003.92,164.280767472462,164.28104913387628
4004.64,164.27732022324108,164.2776018787469
4005.3599999999997,164.27387322719437,164.2741548767922
4006.08,164.27042648426243,164.27070812795344
4006.7999999999997,164.26697999438704,164.26726163217174
4007.52,164.2635337575092,164.26381538938813
4008.24,164.26008777356935,164.2603693995439
4008.96,164.25664204250995,164.25692366258008
4009.68,164.25319656427132,164.25347817843806
4010.3999999999996,164.24975133879502,164.25003294705894
4011.12,164.24630636602228,164.24658796838403
4011.8399999999997,164.24286164589444,164.2431432423546
4012.56,164.2394171783527,164.23969876891195
4013.2799999999997,164.23597296333799,164.2362545479974
4014.0,164.23252900079274,164.23281057955222
4014.72,164.22908529065705,164.2293668635179
4015.44,164.22564183287352,164.22592339983575
4016.16,164.22219862738268,164.2224801884472
4016.8799999999997,164.218755674126,164.2190372292936
4017.6,164.21531297304568,164.21559452231637
4018.3199999999997,164.21187052408277,164.21215206745717
4019.04,164.20842832717824,164.20870986465727
4019.7599999999998,164.20498638227446,164.2052679138583
4020.48,164.2015446893124,164.20182621500177
4021.2,164.1981032482339,164.19838476802914
4021.92,164.19466205898118,164.19494357288212
4022.64,164.19122112149455,164.19150262950222
4023.3599999999997,164.18778043571604,164.188061937831
4024.08,164.1843400015881,164.18462149781027
4024.7999999999997,164.18089981905143,164.18118130938157
4025.52,164.1774598880487,164.17774137248657
4026.24,164.1740202085208,164.17430168706696
4026.96,164.17058078040964,164.17086225306446
4027.68,164.16714160365723,164.16742307042088
4028.3999999999996,164.16370267820514,164.1639841390779
4029.12,164.1602640039955,164.16054545897737
4029.8399999999997,164.1568255809699,164.15710703006096
4030.56,164.1533874090701,164.15366885227064
4031.2799999999997,164.14994948823812,164.15023092554816
4032.0,164.146511818416,164.14679324983547
4032.72,164.14307439954553,164.1433558250744
4033.44,164.13963723156849,164.13991865120684
4034.16,164.1362003144269,164.13648172817477
4034.8799999999997,164.13276364806268,164.1330450559201
4035.6,164.12932723241818,164.1296086343848
4036.3199999999997,164.12589106743542,164.1261724635108
4037.04,164.12245515305608,164.12273654324022
4037.7599999999998,164.1190194892223,164.11930087351502
4038.48,164.1155840758763,164.1158654542773
4039.2,164.11214891296015,164.11243028546915
4039.92,164.1087140004164,164.1089953670326
4040.64,164.1052793381864,164.10556069890978
4041.3599999999997,164.10184492621158,164.10212628104284
4042.08,164.09841076443456,164.09869211337391
4042.7999999999997,164.09497685279666,164.09525819584522
4043.52,164.0915431912406,164.09182452839892
4044.24,164.0881097797087,164.08839111097723
4044.96,164.08467661814245,164.08495794352243
4045.68,164.08124370648488,164.0815250259768
4046.3999999999996,164.07781104467824,164.0780923582825
4047.12,164.07437863266398,164.074659940382
4047.8399999999997,164.0709464703856,164.07122777221744
4048.56,164.06751455778453,164.06779585373133
4049.2799999999997,164.06408289480373,164.0643641848659
4050.0,164.0606514813852,164.06093276556365
4050.72,164.05722031747166,164.05750159576687
4051.44,164.053789403005,164.05407067541807
4052.16,164.0503587379285,164.05064000445972
4052.8799999999997,164.04692832218382,164.04720958283423
4053.6,164.0434981557138,164.04377941048406
4054.3199999999997,164.04006823846112,164.0403494873518
4055.04,164.03663857036793,164.0369198133799
4055.7599999999998,164.03320915137704,164.03349038851104
4056.48,164.02977998143103,164.03006121268766
4057.2,164.0263510604724,164.0266322858524
4057.92,164.02292238844416,164.02320360794783
4058.64,164.01949396528812,164.0197751789166
4059.3599999999997,164.016065790948,164.01634699870144
4060.08,164.01263786536538,164.01291906724495
4060.7999999999997,164.00921018848373,164.00949138448985
4061.52,164.00578276024555,164.0060639503788
4062.24,164.0023555805932,164.00263676485457
4062.96,163.99892864947003,163.9992098278599
4063.68,163.995501966819,163.99578313933762
4064.3999999999996,163.99207553258236,163.99235669923053
4065.12,163.9886493467029,163.98893050748137
4065.8399999999997,163.9852234091237,163.985504564033
4066.56,163.98179771978766,163.98207886882832
4067.2799999999997,163.97837227863783,163.97865342181015
4068.0,163.9749470856168,163.9752282229215
4068.72,163.9715221406674,163.97180327210518
4069.44,163.96809744373297,163.96837856930415
4070.16,163.96467299475637,163.96495411446142
4070.8799999999997,163.96124879368062,163.9615299075199
4071.6,163.95782484044867,163.95810594842263
4072.3199999999997,163.95440113500342,163.9546822371126
4073.04,163.9509776772884,163.9512587735329
4073.7599999999998,163.94755446724605,163.94783555762663
4074.48,163.94413150482,163.94441258933676
4075.2,163.9407087899532,163.94098986860647
4075.92,163.93728632258865,163.9375673953788
4076.64,163.93386410267,163.934145169597
4077.3599999999997,163.93044213013957,163.93072319120418
4078.08,163.92702040494112,163.92730146014352
4078.7999999999997,163.92359892701825,163.92387997635828
4079.52,163.92017769631332,163.92045873979157
4080.24,163.91675671277062,163.91703775038673
4080.96,163.91333597633275,163.913617008087
4081.68,163.90991548694285,163.91019651283568
4082.3999999999996,163.90649524454534,163.90677626457602
4083.12,163.90307524908212,163.9033562632514
4083.8399999999997,163.8996555004975,163.89993650880507
4084.56,163.89623599873494,163.89651700118057
4085.2799999999997,163.89281674373717,163.89309774032117
4086.0,163.88939773544814,163.8896787261703
4086.72,163.8859789738118,163.88625995867142
4087.44,163.88256045877017,163.8828414377679
4088.16,163.87914219026834,163.87942316340326
4088.8799999999997,163.8757241682489,163.87600513552098
4089.6,163.87230639265567,163.87258735406456
4090.3199999999997,163.8688888634324,163.8691698189775
4091.04,163.86547158052122,163.86575253020342
4091.7599999999998,163.86205454386595,163.86233548768587
4092.48,163.85863775340977,163.85891869136836
4093.2,163.8552212090973,163.85550214119456
4093.92,163.8518049108709,163.8520858371081
4094.64,163.84838885867498,163.84866977905267
4095.3599999999997,163.84497305245316,163.8452539669718
4096.08,163.8415574921487,163.84183840080937
4096.8,163.83814217770566,163.8384230805089
4097.5199999999995,163.8347271090679,163.83500800601428
4098.24,163.83131228617867,163.83159317726916
4098.96,163.82789770898205,163.82817859421735
4099.68,163.82448337742176,163.8247642568026
4100.4,163.82106929144186,163.82135016496878
4101.12,163.81765545098585,163.8179363186596
4101.84,163.8142418559978,163.81452271781907
4102.5599999999995,163.81082850642156,163.81110936239097
4103.28,163.80741540220083,163.80769625231915
4104.0,163.80400254327992,163.80428338754763
4104.72,163.8005899296021,163.80087076802025
4105.44,163.797177561112,163.797458393681
4106.16,163.79376543775288,163.7940462644738
4106.88,163.79035355946962,163.79063438034274
4107.599999999999,163.78694192620583,163.7872227412317
4108.32,163.78353053790522,163.7838113470848
4109.04,163.78011939451198,163.78040019784603
4109.76,163.77670849597075,163.77698929345954
4110.48,163.77329784222502,163.77357863386933
4111.2,163.76988743321897,163.77016821901958
4111.92,163.7664772688969,163.7667580488543
4112.639999999999,163.76306734920308,163.76334812331785
4113.36,163.75965767408127,163.75993844235418
4114.08,163.75624824347653,163.75652900590762
4114.8,163.75283905733158,163.75311981392232
4115.5199999999995,163.7494301155923,163.74971086634253
4116.24,163.74602141820162,163.7463021631124
4116.96,163.74261296510508,163.74289370417628
4117.68,163.73920475624595,163.7394854894785
4118.4,163.73579679156887,163.7360775189633
4119.12,163.73238907101836,163.73266979257502
4119.84,163.72898159453882,163.72926231025798
4120.5599999999995,163.72557436207387,163.7258550719566
4121.28,163.72216737356894,163.7224480776152
4122.0,163.71876062896797,163.7190413271783
4122.72,163.7153541282156,163.7156348205902
4123.44,163.71194787125614,163.71222855779538
4124.16,163.70854185803398,163.70882253873836
4124.88,163.70513608849353,163.70541676336353
4125.599999999999,163.70173056257977,163.70201123161544
4126.32,163.6983252802372,163.69860594343862
4127.04,163.69492024141005,163.69520089877767
4127.76,163.69151544604279,163.69179609757708
4128.48,163.68811089408018,163.68839153978138
4129.2,163.68470658546732,163.68498722533528
4129.92,163.68130252014862,163.68158315418336
4130.639999999999,163.67789869806847,163.67817932627025
4131.36,163.6744951191714,163.6747757415406
4132.08,163.67109178340286,163.67137239993912
4132.8,163.66768869070722,163.66796930141055
4133.5199999999995,163.6642858410287,163.6645664458995
4134.24,163.6608832343129,163.6611638333508
4134.96,163.65748087050395,163.65776146370916
4135.68,163.65407874954724,163.65435933691936
4136.4,163.6506768713873,163.6509574529262
4137.12,163.6472752359689,163.64755581167455
4137.84,163.64387384323697,163.6441544131092
4138.5599999999995,163.64047269313664,163.64075325717505
4139.28,163.63707178561276,163.63735234381687
4140.0,163.63367112060973,163.6339516729797
4140.72,163.63027069807242,163.6305512446083
4141.44,163.6268705179449,163.6271510586477
4142.16,163.62347058017292,163.62375111504286
4142.88,163.62007088470057,163.62035141373872
4143.599999999999,163.61667143147338,163.6169519546803
4144.32,163.61327222043633,163.6135527378126
4145.04,163.60987325153405,163.6101537630806
4145.76,163.60647452471187,163.60675503042935
4146.48,163.6030760399151,163.60335653980408
4147.2,163.59967779708848,163.59995829114973
4147.92,163.59627979617767,163.5965602844114
4148.639999999999,163.59288203712708,163.59316251953436
4149.36,163.58948451988192,163.58976499646363
4150.08,163.5860872443875,163.58636771514435
4150.8,163.58269021058925,163.58297067552184
4151.5199999999995,163.57929341843248,163.5795738775412
4152.24,163.57589686786184,163.5761773211477
4152.96,163.57250055882332,163.57278100628662
4153.68,163.56910449126144,163.56938493290306
4154.4,163.56570866512186,163.56598910094252
4155.12,163.56231308034955,163.56259351035015
4155.84,163.55891773689052,163.5591981610714
4156.5599999999995,163.55552263468996,163.55580305305148
4157.28,163.55212777369252,163.5524081862358
4158.0,163.54873315384418,163.54901356056976
4158.72,163.54533877509027,163.54561917599878
4159.44,163.5419446373761,163.54222503246822
4160.16,163.53855074064745,163.53883112992364
4160.88,163.53515708484895,163.5354374683103
4161.599999999999,163.53176366992716,163.53204404757378
4162.32,163.52837049582718,163.52865086765965
4163.04,163.5249775624942,163.52525792851333
4163.76,163.52158486987412,163.52186523008032
4164.48,163.51819241791236,163.5184727723063
4165.2,163.51480020655458,163.51508055513673
4165.92,163.51140823574644,163.5116885785172
4166.639999999999,163.50801650543326,163.50829684239343
4167.36,163.50462501556103,163.50490534671098
4168.08,163.5012337660753,163.50151409141546
4168.8,163.4978427569215,163.4981230764526
4169.5199999999995,163.49445198804585,163.494732301768
4170.24,163.4910614593939,163.49134176730752
4170.96,163.48767117091109,163.48795147301678
4171.68,163.4842811225434,163.48456141884157
4172.4,163.4808913142366,163.48117160472756
4173.12,163.47750174593625,163.47778203062063
4173.84,163.4741124175888,163.47439269646657
4174.5599999999995,163.4707233291398,163.47100360221117
4175.28,163.46733448053442,163.46761474780024
4176.0,163.4639458717196,163.46422613317978
4176.72,163.46055750264065,163.46083775829547
4177.44,163.45716937324346,163.45744962309337
4178.16,163.45378148347436,163.45406172751927
4178.88,163.450393833279,163.45067407151924
4179.599999999999,163.44700642260364,163.4472866550391
4180.32,163.44361925139378,163.44389947802495
4181.04,163.44023231959602,163.4405125404227
4181.76,163.43684562715566,163.43712584217838
4182.48,163.43345917401973,163.433739383238
4183.2,163.43007296013343,163.4303531635476
4183.92,163.42668698544367,163.4269671830533
4184.639999999999,163.42330124989576,163.4235814417012
4185.36,163.41991575343638,163.42019593943732
4186.08,163.41653049601155,163.41681067620786
4186.8,163.41314547756713,163.41342565195885
4187.5199999999995,163.4097606980498,163.41004086663662
4188.24,163.40637615740593,163.40665632018727
4188.96,163.40299185558092,163.40327201255693
4189.68,163.3996077925218,163.3998879436919
4190.4,163.39622396817367,163.39650411353847
4191.12,163.39284038248286,163.39312052204284
4191.84,163.38945703539514,163.38973716915123
4192.5599999999995,163.38607392685765,163.38635405481
4193.28,163.3826910568156,163.38297117896542
4194.0,163.3793084252162,163.37958854156386
4194.72,163.37592603200562,163.3762061425517
4195.44,163.37254387712983,163.37282398187523
4196.16,163.36916196053562,163.36944205948086
4196.88,163.36578028216923,163.36606037531507
4197.599999999999,163.3623988419772,163.36267892932423
4198.32,163.35901763990591,163.35929772145477
4199.04,163.35563667590168,163.35591675165324
4199.76,163.35225594991118,163.35253601986602
4200.48,163.34887546188065,163.34915552603962
4201.2,163.34549521175722,163.3457752701206
4201.92,163.34211519948713,163.34239525205555
4202.639999999999,163.33873542501624,163.33901547179093
4203.36,163.33535588829238,163.3356359292734
4204.08,163.331976589261,163.3322566244494
4204.8,163.3285975278693,163.32887755726568
4205.5199999999995,163.32521870406424,163.32549872766893
4206.24,163.32184011779157,163.32212013560564
4206.96,163.31846176899887,163.31874178102262
4207.68,163.31508365763227,163.31536366386646
4208.4,163.3117057836389,163.31198578408396
4209.12,163.30832814696487,163.30860814162173
4209.84,163.30495074755765,163.30523073642658
4210.5599999999995,163.3015735853636,163.3018535684453
4211.28,163.29819666032927,163.2984766376246
4212.0,163.29481997240202,163.2950999439113
4212.72,163.29144352152855,163.29172348725228
4213.44,163.2880673076554,163.2883472675943
4214.16,163.28469133072974,163.28497128488428
4214.88,163.28131559069834,163.28159553906906
4215.599999999999,163.277940087508,163.27822003009555
4216.32,163.27456482110586,163.27484475791067
4217.04,163.2711897914387,163.27146972246132
4217.76,163.267814998454,163.2680949236945
4218.48,163.26444044209768,163.26472036155712
4219.2,163.26106612231774,163.26134603599618
4219.92,163.25769203906066,163.25797194695875
4220.639999999999,163.25431819227356,163.25459809439172
4221.36,163.25094458190415,163.25122447824228
4222.08,163.24757120789832,163.24785109845737
4222.8,163.24419807020388,163.24447795498412
4223.5199999999995,163.24082516876808,163.24110504776965
4224.24,163.23745250353772,163.23773237676104
4224.96,163.23408007445983,163.2343599419054
4225.68,163.23070788148232,163.23098774315
4226.4,163.2273359245513,163.22761578044185
4227.12,163.2239642036152,163.2242440537283
4227.84,163.2205927186202,163.22087256295643
4228.5599999999995,163.21722146951402,163.2175013080735
4229.28,163.21385045624424,163.2141302890268
4230.0,163.21047967875722,163.21075950576355
4230.72,163.20710913700123,163.207388958231
4231.44,163.20373883092304,163.20401864637657
4232.16,163.20036876047027,163.20064857014745
4232.88,163.19699892559015,163.197278729491
4233.599999999999,163.19362932623005,163.19390912435463
4234.32,163.19025996233768,163.1905397546857
4235.04,163.1868908338597,163.18717062043154
4235.76,163.1835219407444,163.18380172153965
4236.48,163.1801532829387,163.18043305795743
4237.2,163.1767848603905,163.1770646296323
4237.92,163.17341667304697,163.17369643651168
4238.639999999999,163.17004872085568,163.17032847854315
4239.36,163.1666810037641,163.16696075567418
4240.08,163.16331352171972,163.1635932678523
4240.8,163.1599462746691,163.160226015025
4241.5199999999995,163.15657926256006,163.15685899713986
4242.24,163.1532124853402,163.15349221414442
4242.96,163.14984594295697,163.15012566598634
4243.68,163.14647963535788,163.1467593526132
4244.4,163.14311356249073,163.14339327397266
4245.12,163.13974772430345,163.1400274300123
4245.84,163.13638212074295,163.13666182067988
4246.5599999999995,163.13301675175785,163.13329644592295
4247.28,163.12965161729505,163.12993130568938
4248.0,163.12628671730283,163.1265663999268
4248.72,163.12292205172866,163.1232017285829
4249.44,163.11955762052014,163.11983729160556
4250.16,163.1161934236252,163.11647308894246
4250.88,163.11282946099197,163.1131091205414
4251.599999999999,163.10946573256774,163.10974538635017
4252.32,163.10610223830065,163.10638188631668
4253.04,163.1027389781384,163.10301862038872
4253.76,163.09937595202916,163.09965558851417
4254.48,163.0960131599203,163.09629279064092
4255.2,163.09265060176017,163.0929302267169
4255.92,163.0892882774964,163.08956789668997
4256.639999999999,163.08592618707758,163.0862058005081
4257.36,163.08256433045062,163.08284393811928
4258.08,163.07920270756426,163.07948230947142
4258.8,163.0758413183661,163.07612091451253
4259.5199999999995,163.07248016280437,163.07275975319067
4260.24,163.06911924082738,163.06939882545382
4260.96,163.0657585523827,163.06603813125
4261.68,163.0623980974185,163.06267767052736
4262.4,163.05903787588318,163.0593174432339
4263.12,163.05567788772453,163.0559574493178
4263.84,163.05231813289095,163.05259768872708
4264.5599999999995,163.04895861133014,163.04923816140996
4265.28,163.04559932299037,163.0458788673146
4266.0,163.04224026782038,163.0425198063891
4266.72,163.03888144576797,163.0391609785817
4267.44,163.03552285678109,163.03580238384058
4268.16,163.03216450080868,163.03244402211402
4268.88,163.02880637779822,163.02908589335016
4269.599999999999,163.02544848769867,163.02572799749737
4270.32,163.02209083045796,163.02237033450388
4271.04,163.01873340602424,163.019012904318
4271.76,163.0153762143467,163.01565570688808
4272.48,163.0120192553726,163.01229874216236
4273.2,163.00866252905053,163.00894201008927
4273.92,163.00530603532957,163.0055855106172
4274.639999999999,163.00194977415708,163.0022292436945
4275.36,162.99859374548282,162.99887320926953
4276.08,162.99523794925426,162.99551740729078
4276.8,162.99188238542024,162.99216183770665
4277.5199999999995,162.98852705392903,162.98880650046564
4278.24,162.9851719547289,162.9854513955162
4278.96,162.98181708776883,162.98209652280687
4279.68,162.9784624529974,162.97874188228607
4280.4,162.9751080503628,162.9753874739024
4281.12,162.97175387981372,162.97203329760436
4281.84,162.96839994129903,162.9686793533406
4282.5599999999995,162.9650462347671,162.96532564105962
4283.28,162.96169276016633,162.96197216071008
4284.0,162.9583395174459,162.95861891224058
4284.72,162.95498650655395,162.95526589559975
4285.44,162.95163372743968,162.9519131107362
4286.16,162.94828118005148,162.94856055759863
4286.88,162.94492886433818,162.94520823613578
4287.599999999999,162.94157678024828,162.94185614629637
4288.32,162.93822492773086,162.93850428802904
4289.04,162.93487330673463,162.93515266128256
4289.76,162.93152191720753,162.93180126600575
4290.48,162.9281707590976,162.9284501021473
4291.2,162.92481983235461,162.9250991696561
4291.92,162.92146913692716,162.92174846848087
4292.639999999999,162.91811867276408,162.91839799857053
4293.36,162.91476843981388,162.91504775987386
4294.08,162.91141843802518,162.91169775233973
4294.8,162.90806866734783,162.9083479759171
4295.5199999999995,162.90471912773023,162.90499843055483
4296.24,162.9013698191211,162.90164911620184
4296.96,162.89802074146928,162.89830003280707
4297.68,162.8946718947244,162.89495118031942
4298.4,162.89132327883476,162.89160255868796
4299.12,162.88797489375008,162.88825416786162
4299.84,162.88462673941842,162.88490600778943
4300.5599999999995,162.88127881578941,162.88155807842043
4301.28,162.87793112281224,162.8782103797036
4302.0,162.87458366043563,162.8748629115881
4302.72,162.87123642860843,162.8715156740229
4303.44,162.8678894272805,162.86816866695722
4304.16,162.8645426564002,162.86482189034007
4304.88,162.86119611591698,162.86147534412058
4305.599999999999,162.85784980578035,162.85812902824796
4306.32,162.85450372593868,162.85478294267136
4307.04,162.8511578763422,162.85143708733997
4307.76,162.84781225693894,162.84809146220297
4308.48,162.84446686767876,162.84474606720963
4309.2,162.8411217085113,162.84140090230906
4309.92,162.83777677938542,162.83805596745066
4310.639999999999,162.83443208024983,162.83471126258365
4311.36,162.83108761105473,162.83136678765732
4312.08,162.82774337174897,162.82802254262097
4312.8,162.82439936228218,162.8246785274239
4313.5199999999995,162.8210555826032,162.82133474201547
4314.24,162.8177120326618,162.81799118634507
4314.96,162.81436871240726,162.81464786036204
4315.68,162.81102562178944,162.81130476401583
4316.4,162.80768276075685,162.8079618972557
4317.12,162.80434012925969,162.80461926003122
4317.84,162.8009977272468,162.80127685229186
4318.5599999999995,162.7976555546685,162.797934673987
4319.28,162.79431361147363,162.7945927250661
4320.0,162.7909718976117,162.79125100547873
4320.72,162.7876304130324,162.78790951517436
4321.44,162.7842891576853,162.7845682541026
4322.16,162.78094813152006,162.78122722221292
4322.88,162.77760733448645,162.7778864194549
4323.599999999999,162.7742667665334,162.77454584577808
4324.32,162.7709264276109,162.7712055011322
4325.04,162.7675863176686,162.76786538546673
4325.76,162.76424643665632,162.76452549873142
4326.48,162.7609067845234,162.7611858408758
4327.2,162.75756736122014,162.75784641184973
4327.92,162.7542281666956,162.75450721160277
4328.639999999999,162.75088920089968,162.7511682400846
4329.36,162.74755046378198,162.74782949724496
4330.08,162.74421195529305,162.74449098303373
4330.8,162.74087367538186,162.74115269740048
4331.5199999999995,162.73753562399816,162.73781464029506
4332.24,162.73419780109236,162.7344768116673
4332.96,162.73086020661378,162.7311392114669
4333.68,162.72752284051273,162.72780183964383
4334.4,162.72418570273874,162.72446469614786
4335.12,162.72084879324166,162.7211277809288
4335.84,162.7175121119718,162.71779109393663
4336.5599999999995,162.71417565887896,162.71445463512117
4337.28,162.71083943391272,162.7111184044324
4338.0,162.7075034370232,162.7077824018202
4338.72,162.7041676681606,162.70444662723452
4339.44,162.70083212727354,162.70111108062534
4340.16,162.69749681431244,162.6977757619426
4340.88,162.6941617292273,162.69444067113642
4341.599999999999,162.69082687196783,162.69110580815666
4342.32,162.68749224248438,162.68777117295346
4343.04,162.68415784072693,162.68443676547685
4343.76,162.68082366664532,162.68110258567683
4344.48,162.67748972019024,162.67776863350355
4345.2,162.67415600131073,162.67443490890713
4345.92,162.67082250995816,162.67110141183767
4346.639999999999,162.66748924608157,162.6677681422453
4347.36,162.6641562096322,162.66443510008014
4348.08,162.66082340055914,162.66110228529237
4348.8,162.6574908188129,162.65776969783218
4349.5199999999995,162.65415846434428,162.65443733764977
4350.24,162.65082633710324,162.65110520469543
4350.96,162.6474944370392,162.6477732989193
4351.68,162.6441627641035,162.64444162027175
4352.4,162.6408313182459,162.64111016870294
4353.12,162.63750009941657,162.63777894416324
4353.84,162.6341691075662,162.63444794660293
4354.5599999999995,162.63083834264478,162.63111717597226
4355.28,162.62750780460306,162.62778663222167
4356.0,162.62417749339136,162.6244563153015
4356.72,162.62084740895898,162.62112622516207
4357.44,162.6175175512583,162.61779636175388
4358.16,162.6141879202379,162.61446672502717
4358.88,162.61085851584915,162.61113731493248
4359.599999999999,162.60752933804247,162.60780813142023
4360.32,162.60420038676784,162.60447917444094
4361.04,162.60087166197604,162.60115044394502
4361.76,162.59754316361784,162.5978219398829
4362.48,162.59421489164333,162.5944936622052
4363.2,162.5908868460035,162.59116561086236
4363.92,162.58755902664848,162.58783778580502
4364.639999999999,162.58423143352888,162.5845101869837
4365.36,162.5809040665954,162.58118281434895
4366.08,162.57757692579855,162.57785566785137
4366.8,162.57425001108948,162.57452874744163
4367.5199999999995,162.57092332241814,162.5712020530703
4368.24,162.5675968597351,162.56787558468804
4368.96,162.56427062299224,162.5645493422455
4369.68,162.56094461213866,162.56122332569333
4370.4,162.55761882712602,162.55789753498232
4371.12,162.55429326790488,162.55457197006308
4371.84,162.55096793442567,162.5512466308864
4372.5599999999995,162.54764282663984,162.547921517403
4373.28,162.54431794449783,162.5445966295637
4374.0,162.5409932879502,162.54127196731915
4374.72,162.53766885694802,162.53794753062033
4375.44,162.53434465144198,162.53462331941788
4376.16,162.53102067138275,162.5312993336627
4376.88,162.52769691672188,162.52797557330564
4377.599999999999,162.52437338740936,162.5246520382976
4378.32,162.52105008339697,162.5213287285894
4379.04,162.51772700463516,162.518005644132
4379.76,162.5144041510747,162.51468278487621
4380.48,162.5110815226667,162.51136015077302
4381.2,162.50775911936262,162.50803774177342
4381.92,162.50443694111254,162.50471555782832
4382.639999999999,162.50111498786862,162.5013935988887
4383.36,162.4977932595807,162.49807186490554
4384.08,162.49447175620037,162.4947503558299
4384.8,162.49115047767884,162.49142907161277
4385.5199999999995,162.4878294239668,162.4881080122053
4386.24,162.48450859501565,162.4847871775584
4386.96,162.48118799077668,162.48146656762324
4387.68,162.47786761120017,162.47814618235094
4388.4,162.47454745623781,162.47482602169256
4389.12,162.47122752583982,162.47150608559923
4389.84,162.4679078199573,162.46818637402208
4390.5599999999995,162.46458833854183,162.4648668869124
4391.28,162.46126908154395,162.4615476242212
4392.0,162.45795004891568,162.45822858589975
4392.72,162.45463124060757,162.45490977189928
4393.44,162.45131265657085,162.451591182171
4394.16,162.44799429675754,162.4482728166662
4394.88,162.44467616111763,162.44495467533613
4395.599999999999,162.44135824960313,162.44163675813198
4396.32,162.43804056216572,162.43831906500517
4397.04,162.4347230987562,162.43500159590698
4397.76,162.4314058593261,162.43168435078866
4398.48,162.42808884382669,162.42836732960166
4399.2,162.42477205220894,162.42505053229726
4399.92,162.42145548442477,162.42173395882685
4400.639999999999,162.41813914042552,162.4184176091419
4401.36,162.4148230201622,162.41510148319375
4402.08,162.41150712358706,162.41178558093387
4402.8,162.40819145065097,162.40846990231364
4403.5199999999995,162.40487600130496,162.40515444728462
4404.24,162.4015607755016,162.4018392157982
4404.96,162.39824577319132,162.39852420780596
4405.68,162.39493099432627,162.39520942325936
4406.4,162.3916164388579,162.3918948621099
4407.12,162.38830210673768,162.38858052430922
4407.84,162.3849879979174,162.38526640980876
4408.5599999999995,162.38167411234838,162.3819525185602
4409.28,162.37836044998176,162.378638850515
4410.0,162.37504701077034,162.37532540562492
4410.72,162.3717337946647,162.3720121838415
4411.44,162.36842080161694,162.36869918511644
4412.16,162.36510803157876,162.36538640940134
4412.88,162.36179548450139,162.36207385664792
4413.599999999999,162.3584831603372,162.35876152680783
4414.32,162.35517105903773,162.3554494198328
4415.04,162.35185918055436,162.3521375356746
4415.76,162.3485475248392,162.34882587428493
4416.48,162.34523609184396,162.34551443561554
4417.2,162.34192488151996,162.34220321961817
4417.92,162.3386138938198,162.33889222624467
4418.639999999999,162.33530312869505,162.33558145544683
4419.36,162.33199258609727,162.33227090717648
4420.08,162.32868226597805,162.3289605813854
4420.8,162.32537216828985,162.32565047802555
4421.5199999999995,162.3220622929847,162.32234059704865
4422.24,162.31875264001394,162.31903093840674
4422.96,162.3154432093295,162.31572150205167
4423.68,162.3121340008837,162.31241228793533
4424.4,162.3088250146286,162.30910329600974
4425.12,162.30551625051567,162.30579452622672
4425.84,162.30220770849724,162.30248597853839
4426.5599999999995,162.29889938852523,162.2991776528966
4427.28,162.29559129055167,162.29586954925347
4428.0,162.2922834145287,162.29256166756088
4428.72,162.288975760408,162.289254007771
4429.44,162.28566832814204,162.28594656983583
4430.16,162.28236111768285,162.28263935370748
4430.88,162.27905412898235,162.2793323593379
4431.599999999999,162.2757473619929,162.2760255866793
4432.32,162.2724408166664,162.27271903568376
4433.04,162.26913449295512,162.26941270630343
4433.76,162.2658283908113,162.26610659849047
4434.48,162.26252251018695,162.262800712197
4435.2,162.25921685103458,162.25949504737525
4435.92,162.2559114133062,162.2561896039773
4436.639999999999,162.25260619695416,162.25288438195554
4437.36,162.2493012019304,162.24957938126204
4438.08,162.24599642818657,162.24627460184917
4438.8,162.24269187567552,162.2429700436691
4439.5199999999995,162.23938754434903,162.23966570667417
4440.24,162.236083434159,162.23636159081664
4440.96,162.23277954505818,162.23305769604886
4441.679999999999,162.22947587699878,162.22975402232305
4442.4,162.2261724299334,162.22645056959166
4443.12,162.22286920381373,162.22314733780695
4443.84,162.2195661985927,162.2198443269214
4444.5599999999995,162.2162634142229,162.21654153688738
4445.28,162.21296085065615,162.2132389676572
4446.0,162.20965850784535,162.2099366191834
4446.72,162.20635638574265,162.20663449141833
4447.44,162.2030544843003,162.20333258431452
4448.16,162.19975280347137,162.20003089782435
4448.88,162.19645134320808,162.1967294319004
4449.599999999999,162.19315010346293,162.19342818649514
4450.32,162.18984908418804,162.19012716156104
4451.04,162.18654828533636,162.18682635705068
4451.76,162.18324770686093,162.18352577291662
4452.48,162.1799473487132,162.18022540911142
4453.2,162.17664721084634,162.1769252655876
4453.92,162.17334729321317,162.17362534229784
4454.639999999999,162.17004759576594,162.17032563919471
4455.36,162.1667481184577,162.16702615623083
4456.08,162.16344886124057,162.1637268933589
4456.8,162.1601498240674,162.16042785053153
4457.5199999999995,162.1568510068912,162.15712902770142
4458.24,162.15355240966437,162.15383042482122
4458.96,162.1502540323395,162.15053204184372
4459.679999999999,162.14695587486972,162.14723387872166
4460.4,162.1436579372073,162.14393593540768
4461.12,162.14036021930565,162.1406382118546
4461.84,162.13706272111688,162.1373407080152
4462.5599999999995,162.13376544259404,162.13404342384217
4463.28,162.1304683836902,162.13074635928842
4464.0,162.12717154435813,162.12744951430676
4464.72,162.12387492455048,162.12415288885
4465.44,162.12057852421958,162.12085648287103
4466.16,162.1172823433193,162.11756029632267
4466.88,162.11398638180242,162.11426432915786
4467.599999999999,162.1106906396211,162.11096858132944
4468.32,162.10739511672875,162.10767305279037
4469.04,162.1040998130785,162.1043777434936
4469.76,162.10080472862296,162.101082653392
4470.48,162.09750986331585,162.09778778243856
4471.2,162.09421521710863,162.0944931305863
4471.92,162.09092078995604,162.09119869778814
4472.639999999999,162.08762658181024,162.08790448399722
4473.36,162.0843325926238,162.0846104891665
4474.08,162.08103882235093,162.08131671324895
4474.8,162.07774527094386,162.07802315619773
4475.5199999999995,162.0744519383561,162.07472981796587
4476.24,162.07115882454048,162.07143669850646
4476.96,162.06786592945036,162.0681437977726
4477.679999999999,162.06457325303847,162.06485111571743
4478.4,162.06128079525888,162.06155865229408
4479.12,162.0579885560635,162.05826640745568
4479.84,162.05469653540695,162.05497438115546
4480.5599999999995,162.05140473324116,162.05168257334657
4481.28,162.04811314951962,162.0483909839822
4482.0,162.0448217841963,162.0450996130155
4482.72,162.0415306372239,162.0418084603998
4483.44,162.03823970855558,162.0385175260883
4484.16,162.03494899814484,162.03522681003437
4484.88,162.03165850594542,162.03193631219114
4485.599999999999,162.02836823191,162.02864603251197
4486.32,162.02507817599167,162.02535597095016
4487.04,162.02178833814446,162.02206612745906
4487.76,162.01849871832042,162.01877650199197
4488.48,162.0152093164736,162.01548709450228
4489.2,162.01192013255695,162.01219790494335
4489.92,162.00863116652374,162.0089089332686
4490.639999999999,162.00534241832713,162.00562017943133
4491.36,162.00205388792142,162.00233164338508
4492.08,161.99876557525909,161.99904332508325
4492.8,161.99547748029454,161.99575522447924
4493.5199999999995,161.99218960298037,161.99246734152655
4494.24,161.98890194327066,161.98917967617868
4494.96,161.9856145011189,161.9858922283891
4495.679999999999,161.98232727647792,161.98260499811136
4496.4,161.979040269302,161.9793179852989
4497.12,161.97575347954398,161.9760311899054
4497.84,161.97246690715804,161.9727446118843
4498.5599999999995,161.96918055209767,161.96945825118925
4499.28,161.96589441431615,161.96617210777382
4500.0,161.96260849376768,161.9628861815916
4500.72,161.95932279040505,161.95960047259624
4501.44,161.95603730418247,161.95631498074135
4502.16,161.95275203505355,161.9530297059806
4502.88,161.94946698297179,161.9497446482677
4503.599999999999,161.94618214789125,161.9464598075562
4504.32,161.942897529765,161.94317518379998
4505.04,161.9396131285472,161.93989077695255
4505.76,161.9363289441917,161.93660658696777
4506.48,161.9330449766518,161.93332261379945
4507.2,161.92976122588163,161.93003885740123
4507.92,161.92647769183463,161.92675531772696
4508.639999999999,161.92319437446508,161.92347199473036
4509.36,161.9199112737266,161.9201888883653
4510.08,161.9166283895729,161.9169059985855
4510.8,161.91334572195785,161.9136233253449
4511.5199999999995,161.91006327083528,161.91034086859736
4512.24,161.9067810361596,161.90705862829668
4512.96,161.9034990178833,161.9037766043968
4513.679999999999,161.90021721596224,161.90049479685166
4514.4,161.8969356303487,161.8972132056151
4515.12,161.89365426099755,161.89393183064107
4515.84,161.89037310786262,161.89065067188346
4516.5599999999995,161.8870921708974,161.88736972929635
4517.28,161.88381145005644,161.88408900283363
4518.0,161.88053094529323,161.8808084924493
4518.72,161.87725065656252,161.8775281980974
4519.44,161.87397058381748,161.874248119732
4520.16,161.87069072701286,161.87096825730697
4520.88,161.86741108610238,161.86768861077653
4521.599999999999,161.86413166104023,161.86440918009467
4522.32,161.8608524517805,161.86112996521553
4523.04,161.85757345827733,161.85785096609317
4523.76,161.85429468048483,161.8545721826817
4524.48,161.85101611835694,161.8512936149353
4525.2,161.8477377718482,161.84801526280802
4525.92,161.84445964091265,161.8447371262541
4526.639999999999,161.84118172550473,161.84145920522778
4527.36,161.83790402557793,161.83818149968306
4528.08,161.83462654108712,161.83490400957427
4528.8,161.83134927198614,161.8316267348556
4529.5199999999995,161.82807221822975,161.82834967548135
4530.24,161.8247953797719,161.82507283140563
4530.96,161.82151875656666,161.82179620258285
4531.679999999999,161.8182423485689,161.81851978896725
4532.4,161.81496615573258,161.81524359051318
4533.12,161.811690178012,161.81196760717484
4533.84,161.80841441536165,161.80869183890658
4534.5599999999995,161.80513886773565,161.80541628566283
4535.28,161.80186353508884,161.80214094739787
4536.0,161.7985884173753,161.79886582406616
4536.72,161.79531351454943,161.795590915622
4537.44,161.79203882656452,161.79231622201982
4538.16,161.78876435337565,161.78904174321397
4538.88,161.7854900949369,161.7857674791591
4539.599999999999,161.78221605120348,161.78249342980945
4540.32,161.77894222212888,161.77921959511957
4541.04,161.77566860766808,161.77594597504387
4541.76,161.77239520777493,161.772672569537
4542.48,161.76912202240499,161.76939937855335
4543.2,161.76584905151196,161.7661264020474
4543.92,161.7625762950512,161.76285363997386
4544.639999999999,161.75930375297605,161.75958109228716
4545.36,161.7560314252422,161.75630875894188
4546.08,161.75275931180374,161.7530366398926
4546.8,161.74948741261505,161.749764735094
4547.5199999999995,161.74621572763147,161.74649304450065
4548.24,161.74294425680716,161.74322156806718
4548.96,161.73967300009645,161.73995030574818
4549.679999999999,161.73640195745486,161.73667925749837
4550.4,161.73313112883625,161.73340842327244
4551.12,161.72986051419593,161.73013780302512
4551.84,161.7265901134881,161.726867396711
4552.5599999999995,161.72331992666773,161.72359720428483
4553.28,161.72004995368945,161.72032722570142
4554.0,161.71678019450826,161.7170574609155
4554.72,161.7135106490789,161.71378790988177
4555.44,161.71024131735567,161.7105185725551
4556.16,161.7069721992941,161.70724944889028
4556.88,161.70370329484854,161.70398053884202
4557.599999999999,161.70043460397392,161.70071184236525
4558.32,161.69716612662512,161.69744335941482
4559.04,161.693897862757,161.69417508994547
4559.76,161.69062981232435,161.69090703391217
4560.48,161.68736197528222,161.68763919126982
4561.2,161.68409435158537,161.6843715619733
4561.92,161.68082694118903,161.68110414597749
4562.639999999999,161.6775597440477,161.6778369432374
4563.36,161.6742927601165,161.67456995370782
4564.08,161.6710259893506,161.67130317734387
4564.8,161.667759431705,161.6680366141005
4565.5199999999995,161.66449308713425,161.66477026393267
4566.24,161.66122695559386,161.66150412679536
4566.96,161.65796103703872,161.65823820264364
4567.679999999999,161.65469533142368,161.6549724914326
4568.4,161.65142983870373,161.6517069931172
4569.12,161.64816455883454,161.6484417076525
4569.84,161.64489949177073,161.64517663499362
4570.5599999999995,161.64163463746786,161.64191177509565
4571.28,161.63836999588034,161.63864712791369
4572.0,161.63510556696383,161.63538269340287
4572.72,161.63184135067354,161.63211847151834
4573.44,161.62857734696388,161.6288544622153
4574.16,161.62531355579108,161.62559066544878
4574.88,161.62204997710967,161.62232708117415
4575.599999999999,161.6187866108753,161.61906370934645
4576.32,161.61552345704285,161.61580054992098
4577.04,161.61226051556764,161.61253760285288
4577.76,161.6089977864051,161.60927486809754
4578.48,161.60573526951055,161.60601234561008
4579.2,161.60247296483885,161.60275003534585
4579.92,161.5992108723459,161.59948793726016
4580.639999999999,161.59594899198646,161.59622605130832
4581.36,161.5926873237163,161.59296437744553
4582.08,161.58942586749072,161.58970291562724
4582.8,161.5861646232646,161.58644166580876
4583.5199999999995,161.5829035909943,161.58318062794547
4584.24,161.57964277063445,161.5799198019927
4584.96,161.57638216214048,161.5766591879059
4585.679999999999,161.57312176546793,161.57339878564042
4586.4,161.56986158057202,161.5701385951517
4587.12,161.56660160740773,161.56687861639517
4587.84,161.56334184593027,161.56361884932633
4588.5599999999995,161.56008229609574,161.5603592939006
4589.28,161.55682295785948,161.55709995007348
4590.0,161.55356383117612,161.55384081780045
4590.72,161.5503049160019,161.55058189703703
4591.44,161.54704621229268,161.54732318773878
4592.16,161.54378772000314,161.5440646898612
4592.88,161.5405294390897,161.54080640335985
4593.599999999999,161.53727136950738,161.53754832819024
4594.32,161.53401351121204,161.53429046430801
4595.04,161.53075586415878,161.5310328116688
4595.76,161.52749842830372,161.52777537022814
4596.48,161.52424120360206,161.52451813994176
4597.2,161.52098419001015,161.52126112076525
4597.92,161.5177273874832,161.51800431265417
4598.639999999999,161.51447079597642,161.51474771556437
4599.36,161.5112144154466,161.51149132945136
4600.08,161.50795824584839,161.508235154271
4600.8,161.50470228713766,161.5049791899789
4601.5199999999995,161.50144653927111,161.50172343653082
4602.24,161.49819100220338,161.49846789388252
4602.96,161.49493567589104,161.49521256198972
4603.679999999999,161.49168056028896,161.49195744080828
4604.4,161.4884256553537,161.4887025302939
4605.12,161.4851709610408,161.48544783040236
4605.84,161.4819164773063,161.48219334108958
4606.5599999999995,161.4786622041056,161.47893906231135
4607.28,161.47540814139484,161.47568499402345
4608.0,161.47215428912978,161.47243113618183
4608.72,161.46890064726642,161.46917748874233
4609.44,161.4656472157609,161.46592405166083
4610.16,161.4623939945684,161.46267082489328
4610.88,161.45914098364563,161.45941780839556
4611.599999999999,161.4558881829479,161.45616500212358
4612.32,161.45263559243165,161.4529124060333
4613.04,161.4493832120528,161.4496600200807
4613.76,161.446131041767,161.4464078442218
4614.48,161.44287908153035,161.44315587841254
4615.2,161.43962733129877,161.43990412260888
4615.92,161.43637579102892,161.4366525767669
4616.639999999999,161.43312446067637,161.43340124084267
4617.36,161.429873340197,161.4301501147922
4618.08,161.42662242954736,161.42689919857153
4618.8,161.42337172868326,161.4236484921368
4619.5199999999995,161.4201212375608,161.42039799544406
4620.24,161.41687095613588,161.41714770844945
4620.96,161.4136208843655,161.41389763110902
4621.679999999999,161.4103710222048,161.41064776337896
4622.4,161.40712136961054,161.4073981052154
4623.12,161.40387192653873,161.40414865657456
4623.84,161.40062269294526,161.40089941741255
4624.5599999999995,161.39737366878683,161.3976503876856
4625.28,161.39412485401954,161.3944015673499
4626.0,161.3908762485995,161.39115295636165
4626.72,161.38762785248332,161.38790455467714
4627.44,161.38437966562662,161.38465636225254
4628.16,161.38113168798634,161.38140837904422
4628.88,161.37788391951835,161.37816060500842
4629.599999999999,161.37463636017935,161.37491304010146
4630.32,161.371389009925,161.37166568427958
4631.04,161.36814186871266,161.36841853749914
4631.76,161.36489493649765,161.3651715997165
4632.48,161.3616482132369,161.36192487088795
4633.2,161.35840169888695,161.35867835096988
4633.92,161.35515539340395,161.35543203991872
4634.639999999999,161.35190929674422,161.35218593769082
4635.36,161.34866340886413,161.3489400442426
4636.08,161.34541772971988,161.34569435953043
4636.8,161.34217225926693,161.34244888351085
4637.5199999999995,161.3389269974631,161.33920361614025
4638.24,161.33568194426437,161.3359585573751
4638.96,161.3324370996263,161.33271370717185
4639.679999999999,161.32919246350662,161.32946906548707
4640.4,161.32594803586142,161.32622463227727
4641.12,161.3227038166467,161.3229804074989
4641.84,161.3194598058201,161.31973639110853
4642.5599999999995,161.316216003337,161.31649258306274
4643.28,161.31297240915455,161.31324898331803
4644.0,161.30972902322947,161.31000559183104
4644.72,161.30648584551807,161.3067624085583
4645.44,161.30324287597693,161.30351943345653
4646.16,161.30000011456264,161.30027666648232
4646.88,161.29675756123243,161.29703410759222
4647.599999999999,161.2935152159422,161.29379175674293
4648.32,161.29027307864897,161.29054961389113
4649.04,161.2870311493093,161.28730767899347
4649.76,161.28378942788027,161.28406595200667
4650.48,161.2805479143177,161.28082443288747
4651.2,161.27730660857924,161.27758312159253
4651.92,161.27406551062154,161.2743420180786
4652.639999999999,161.27082462040062,161.2711011223025
4653.36,161.26758393787418,161.26786043422092
4654.08,161.26434346299834,161.26461995379063
4654.8,161.26110319573013,161.2613796809684
4655.5199999999995,161.25786313602612,161.25813961571117
4656.24,161.25462328384367,161.25489975797566
4656.96,161.25138363913914,161.2516601077187
4657.679999999999,161.24814420186942,161.24842066489714
4658.4,161.244904971992,161.24518142946795
4659.12,161.24166594946314,161.24194240138786
4659.84,161.23842713423994,161.23870358061382
4660.5599999999995,161.23518852627876,161.23546496710284
4661.28,161.23195012553765,161.23222656081165
4662.0,161.22871193197273,161.22898836169733
4662.72,161.225473945541,161.22575036971676
4663.44,161.22223616619942,161.22251258482686
4664.16,161.21899859390578,161.21927500698473
4664.88,161.21576122861597,161.21603763614723
4665.599999999999,161.2125240702875,161.21280047227148
4666.32,161.20928711887768,161.20956351531441
4667.04,161.20605037434336,161.2063267652332
4667.76,161.2028138366411,161.2030902219847
4668.48,161.1995775057287,161.19985388552607
4669.2,161.19634138156277,161.19661775581434
4669.92,161.19310546410043,161.19338183280666
4670.639999999999,161.18986975329915,161.19014611646008
4671.36,161.18663424911585,161.18691060673177
4672.08,161.18339895150746,161.1836753035788
4672.8,161.1801638604319,161.1804402069584
4673.5199999999995,161.1769289758456,161.17720531682764
4674.24,161.17369429770588,161.17397063314368
4674.96,161.17045982596971,161.17073615586384
4675.679999999999,161.16722556059494,161.16750188494518
4676.4,161.16399150153836,161.164267820345
4677.12,161.16075764875745,161.1610339620205
4677.84,161.15752400220958,161.1578003099288
4678.5599999999995,161.15429056185133,161.1545668640274
4679.28,161.15105732764061,161.15133362427343
4680.0,161.14782429953505,161.14810059062418
4680.72,161.1445914774913,161.14486776303698
4681.44,161.14135886146676,161.1416351414691
4682.16,161.13812645141877,161.13840272587788
4682.88,161.1348942473054,161.13517051622068
4683.599999999999,161.13166224908332,161.13193851245484
4684.32,161.12843045670945,161.1287067145377
4685.04,161.12519887014219,161.1254751224267
4685.76,161.12196748933764,161.12224373607916
4686.48,161.1187363142535,161.11901255545254
4687.2,161.1155053448473,161.1157815805043
4687.92,161.11227458107612,161.11255081119177
4688.639999999999,161.10904402289816,161.1093202474725
4689.36,161.10581367026964,161.10608988930392
4690.08,161.1025835231494,161.10285973664347
4690.8,161.0993535814938,161.09962978944873
4691.5199999999995,161.0961238452611,161.09640004767712
4692.24,161.09289431440834,161.09317051128622
4692.96,161.08966498889367,161.0899411802335
4693.679999999999,161.08643586867402,161.08671205447658
4694.4,161.0832069537072,161.08348313397295
4695.12,161.07997824395056,161.08025441868023
4695.84,161.07674973936207,161.07702590855604
4696.5599999999995,161.07352143989897,161.073797603558
4697.28,161.07029334551953,161.0705695036436
4698.0,161.06706545618044,161.0673416087706
4698.72,161.06383777184033,161.0641139188965
4699.44,161.06061029245598,161.06088643397914
4700.16,161.05738301798533,161.05765915397603
4700.88,161.05415594838655,161.05443207884497
4701.599999999999,161.05092908361655,161.05120520854354
4702.32,161.04770242363372,161.0479785430296
4703.04,161.04447596839543,161.0447520822608
4703.76,161.0412497178596,161.04152582619486
4704.48,161.03802367198398,161.03829977478958
4705.2,161.03479783072623,161.0350739280027
4705.92,161.0315721940441,161.03184828579197
4706.639999999999,161.0283467618956,161.02862284811525
4707.36,161.02512153423868,161.02539761493034
4708.08,161.02189651103038,161.02217258619507
4708.8,161.01867169222953,161.01894776186722
4709.5199999999995,161.0154470777934,161.01572314190466
4710.24,161.01222266768025,161.01249872626536
4710.96,161.00899846184723,161.00927451490702
4711.679999999999,161.00577446025284,161.0060505077876
4712.4,161.00255066285524,161.00282670486507
4713.12,160.99932706961192,160.99960310609725
4713.84,160.99610368048081,160.99637971144222
4714.5599999999995,160.99288049541985,160.99315652085778
4715.28,160.98965751438743,160.98993353430194
4716.0,160.98643473734114,160.98671075173266
4716.72,160.9832121642388,160.98348817310793
4717.44,160.9799897950387,160.98026579838577
4718.16,160.97676762969934,160.97704362752415
4718.88,160.97354566817808,160.9738216604812
4719.599999999999,160.97032391043297,160.97059989721484
4720.32,160.9671023564224,160.9673783376832
4721.04,160.96388100610454,160.96415698184433
4721.76,160.96065985943721,160.96093582965628
4722.48,160.95743891637835,160.9577148810772
4723.2,160.9542181768869,160.95449413606516
4723.92,160.95099764091958,160.9512735945783
4724.639999999999,160.94777730843634,160.94805325657475
4725.36,160.944557179394,160.94483312201265
4726.08,160.94133725375116,160.94161319085023
4726.8,160.93811753146588,160.93839346304554
4727.5199999999995,160.9348980124969,160.9351739385569
4728.24,160.93167869680144,160.93195461734237
4728.96,160.92845958433895,160.92873549936033
4729.679999999999,160.92524067506668,160.92551658456895
4730.4,160.92202196894357,160.9222978729264
4731.12,160.91880346592734,160.91907936439102
4731.84,160.91558516597684,160.91586105892108
4732.5599999999995,160.91236706905,160.91264295647477
4733.28,160.90914917510543,160.90942505701054
4734.0,160.90593148410096,160.90620736048663
4734.72,160.90271399599487,160.90298986686128
4735.44,160.89949671074555,160.89977257609294
4736.16,160.8962796283107,160.89655548813994
4736.88,160.89306274864907,160.89333860296065
4737.599999999999,160.88984607171903,160.89012192051345
4738.32,160.886629597479,160.88690544075666
4739.04,160.88341332588743,160.8836891636488
4739.76,160.88019725690253,160.88047308914818
4740.48,160.87698139048302,160.87725721721338
4741.2,160.87376572658684,160.87404154780268
4741.92,160.87055026517294,160.87082608087465
4742.639999999999,160.8673350061997,160.8676108163877
4743.36,160.86411994962543,160.8643957543004
4744.08,160.86090509540895,160.86118089457116
4744.8,160.85769044350843,160.85796623715856
4745.5199999999995,160.8544759938825,160.85475178202105
4746.24,160.8512617464895,160.85153752911725
4746.96,160.8480477012888,160.8483234784057
4747.679999999999,160.84483385823808,160.8451096298449
4748.4,160.84162021729617,160.8418959833935
4749.12,160.83840677842204,160.8386825390101
4749.84,160.83519354157363,160.83546929665326
4750.5599999999995,160.83198050671024,160.83225625628168
4751.28,160.8287676737898,160.8290434178539
4752.0,160.8255550427716,160.82583078132862
4752.72,160.82234261361407,160.82261834666446
4753.44,160.81913038627602,160.81940611382012
4754.16,160.81591836071584,160.81619408275432
4754.88,160.8127065368925,160.8129822534257
4755.599999999999,160.8094949147644,160.809770625793
4756.32,160.8062834942906,160.806559199815
4757.04,160.80307227542983,160.8033479754504
4757.76,160.79986125814082,160.80013695265794
4758.48,160.7966504423821,160.79692613139642
4759.2,160.79343982811304,160.79371551162453
4759.92,160.79022941529172,160.79050509330116
4760.639999999999,160.7870192038772,160.78729487638515
4761.36,160.7838091938287,160.78408486083518
4762.08,160.78059938510467,160.7808750466102
4762.8,160.7773897776642,160.777665433669
4763.5199999999995,160.77418037146583,160.7744560219704
4764.24,160.77097116646848,160.77124681147342
4764.96,160.76776216263136,160.76803780213683
4765.679999999999,160.7645533599133,160.76482899391954
4766.4,160.76134475827325,160.7616203867805
4767.12,160.75813635766985,160.7584119806786
4767.84,160.75492815806228,160.75520377557282
4768.5599999999995,160.75172015940916,160.7519957714221
4769.28,160.74851236167046,160.7487879681854
4770.0,160.74530476480402,160.7455803658217
4770.72,160.74209736876935,160.74237296428998
4771.44,160.738890173526,160.73916576354927
4772.16,160.73568317903187,160.73595876355856
4772.88,160.73247638524663,160.7327519642769
4773.599999999999,160.72926979212923,160.72954536566334
4774.32,160.7260633996392,160.72633896767692
4775.04,160.72285720773516,160.72313277027666
4775.76,160.71965121637618,160.71992677342183
4776.48,160.71644542552144,160.71672097707136
4777.2,160.71323983513048,160.71351538118438
4777.92,160.71003444516157,160.7103099857201
4778.639999999999,160.7068292555748,160.70710479063754
4779.36,160.7036242663288,160.70389979589592
4780.08,160.70041947738275,160.7006950014544
4780.8,160.6972148886963,160.6974904072721
4781.5199999999995,160.69401050022827,160.69428601330839
4782.24,160.69080631193776,160.69108181952222
4782.96,160.68760232378418,160.68787782587296
4783.679999999999,160.68439853572715,160.68467403231978
4784.4,160.68119494772463,160.68147043882198
4785.12,160.67799155973637,160.67826704533877
4785.84,160.6747883717211,160.67506385182944
4786.5599999999995,160.67158538363879,160.6718608582533
4787.28,160.6683825954483,160.6686580645695
4788.0,160.66518000710926,160.66545547073753
4788.72,160.66197761858064,160.66225307671667
4789.44,160.65877542982196,160.6590508824662
4790.16,160.6555734407923,160.65584888794547
4790.88,160.65237165145163,160.6526470931139
4791.599999999999,160.6491700617588,160.6494454979308
4792.32,160.64596867167336,160.64624410235552
4793.04,160.6427674811548,160.6430429063476
4793.76,160.63956649016222,160.63984190986633
4794.48,160.63636569865525,160.63664111287116
4795.2,160.6331651065933,160.63344051532158
4795.92,160.62996471393615,160.63024011717698
4796.639999999999,160.62676452064295,160.62703991839686
4797.36,160.6235645266729,160.62383991894072
4798.08,160.6203647319859,160.62064011876797
4798.8,160.61716513654153,160.61744051783822
4799.5199999999995,160.61396574029902,160.61424111611086
4800.24,160.6107665432179,160.6110419135455
4800.96,160.607567545258,160.6078429101017
4801.679999999999,160.60436874637878,160.60464410573894
4802.4,160.6011701465394,160.60144550041684
4803.12,160.59797174569997,160.59824709409494
4803.84,160.59477354382,160.59504888673288
4804.5599999999995,160.5915755408589,160.59185087829024
4805.28,160.58837773677624,160.58865306872673
4806.0,160.58518013153218,160.58545545800183
4806.72,160.58198272508582,160.58225804607528
4807.44,160.5787855173969,160.57906083290675
4808.16,160.57558850842554,160.57586381845582
4808.88,160.57239169813056,160.57266700268227
4809.599999999999,160.56919508647263,160.56947038554577
4810.32,160.56599867341106,160.56627396700597
4811.04,160.5628024589056,160.56307774702273
4811.76,160.55960644291588,160.55988172555558
4812.48,160.55641062540178,160.55668590256445
4813.2,160.55321500632283,160.55349027800904
4813.92,160.55001958563923,160.5502948518491
4814.639999999999,160.54682436331063,160.54709962404445
4815.36,160.54362933929679,160.54390459455485
4816.08,160.54043451355733,160.5407097633402
4816.8,160.53723988605248,160.53751513036025
4817.5199999999995,160.53404545674175,160.53432069557488
4818.24,160.53085122558537,160.5311264589439
4818.96,160.52765719254273,160.5279324204272
4819.679999999999,160.5244633575744,160.52473857998464
4820.4,160.52126972063957,160.52154493757615
4821.12,160.51807628169854,160.51835149316162
4821.84,160.51488304071108,160.51515824670093
4822.5599999999995,160.51168999763718,160.51196519815403
4823.28,160.50849715243692,160.50877234748086
4824.0,160.50530450507017,160.5055796946414
4824.72,160.50211205549692,160.50238723959558
4825.44,160.4989198036775,160.49919498230335
4826.16,160.4957277495713,160.49600292272473
4826.88,160.49253589313867,160.49281106081978
4827.599999999999,160.4893442343398,160.48961939654848
4828.32,160.48615277313422,160.48642792987087
4829.04,160.4829615094826,160.4832366607469
4829.76,160.4797704433446,160.4800455891368
4830.48,160.47657957468073,160.4768547150005
4831.2,160.47338890345065,160.47366403829815
4831.92,160.4701984296147,160.47047355898977
4832.639999999999,160.4670081531334,160.46728327703553
4833.36,160.4638180739654,160.46409319239558
4834.08,160.4606281920718,160.46090330502994
4834.8,160.45743850741133,160.45771361489892
4835.5199999999995,160.4542490199458,160.4545241219625
4836.24,160.45105972963438,160.451334826181
4836.96,160.44787063643776,160.4481457275145
4837.679999999999,160.4446817403159,160.44495682592324
4838.4,160.44149304122868,160.44176812136743
4839.12,160.43830453913688,160.4385796138073
4839.84,160.43511623400036,160.43539130320306
4840.5599999999995,160.43192812577922,160.43220318951495
4841.28,160.42874021443458,160.42901527270323
4842.0,160.42555249992563,160.42582755272826
4842.72,160.42236498221337,160.4226400295502
4843.44,160.41917766125778,160.41945270312948
4844.16,160.41599053701952,160.41626557342624
4844.88,160.41280360945825,160.4130786404009
4845.599999999999,160.40961687853508,160.40989190401385
4846.32,160.4064303442101,160.40670536422533
4847.04,160.40324400644317,160.40351902099576
4847.76,160.4000578651951,160.40033287428545
4848.48,160.39687192042652,160.3971469240549
4849.2,160.39368617209766,160.39396117026442
4849.92,160.3905006201686,160.39077561287448
4850.639999999999,160.38731526459992,160.3875902518454
4851.36,160.38413010535226,160.38440508713776
4852.08,160.38094514238605,160.38122011871195
4852.8,160.3777603756614,160.37803534652838
4853.5199999999995,160.37457580513956,160.37485077054757
4854.24,160.3713914307798,160.37166639072998
4854.96,160.3682072525438,160.36848220703615
4855.679999999999,160.3650232703917,160.36529821942656
4856.4,160.36183948428368,160.36211442786174
4857.12,160.35865589418063,160.35893083230224
4857.84,160.355472500043,160.3557474327086
4858.5599999999995,160.35228930183177,160.3525642290414
4859.28,160.34910629950673,160.34938122126115
4860.0,160.3459234930291,160.34619840932854
4860.72,160.34274088235918,160.34301579320407
4861.44,160.33955846745744,160.33983337284846
4862.16,160.3363762482851,160.3366511482222
4862.88,160.33319422480247,160.33346911928604
4863.599999999999,160.33001239697012,160.33028728600053
4864.32,160.3268307647486,160.32710564832638
4865.04,160.323649328099,160.3239242062243
4865.76,160.32046808698158,160.320742959655
4866.48,160.31728704135787,160.31756190857908
4867.2,160.31410619118776,160.31438105295732
4867.92,160.3109255364319,160.31120039275044
4868.639999999999,160.30774507705178,160.3080199279191
4869.36,160.30456481300757,160.30483965842413
4870.08,160.30138474426042,160.30165958422626
4870.8,160.29820487077097,160.29847970528633
4871.5199999999995,160.2950251924999,160.29530002156503
4872.24,160.291845709408,160.29212053302325
4872.96,160.28866642145647,160.28894123962172
4873.679999999999,160.28548732860565,160.2857621413213
4874.4,160.2823084308169,160.28258323808282
4875.12,160.27912972805098,160.27940452986712
4875.84,160.27595122026833,160.27622601663512
4876.5599999999995,160.27277290742984,160.27304769834765
4877.28,160.2695947894972,160.26986957496558
4878.0,160.26641686643063,160.26669164644983
4878.72,160.26323913819112,160.2635139127613
4879.44,160.26006160474014,160.26033637386092
4880.16,160.25688426603813,160.2571590297096
4880.88,160.25370712204597,160.25398188026833
4881.599999999999,160.250530172725,160.25080492549804
4882.32,160.2473534180359,160.24762816535974
4883.04,160.24417685793946,160.24445159981445
4883.76,160.24100049239644,160.24127522882296
4884.48,160.23782432136784,160.2380990523465
4885.2,160.2346483448148,160.23492307034599
4885.92,160.23147256269817,160.2317472827825
4886.639999999999,160.22829697497912,160.22857168961707
4887.36,160.22512158161896,160.22539629081075
4888.08,160.22194638257827,160.22222108632465
4888.8,160.21877137781837,160.21904607611984
4889.5199999999995,160.21559656730028,160.21587126015734
4890.24,160.21242195098534,160.21269663839837
4890.96,160.20924752883468,160.209522210804
4891.679999999999,160.20607330080884,160.20634797733535
4892.4,160.20289926686974,160.20317393795358
4893.12,160.19972542697803,160.20000009261986
4893.84,160.1965517810952,160.19682644129526
4894.5599999999995,160.1933783291821,160.1936529839411
4895.28,160.19020507120047,160.19047972051854
4896.0,160.18703200711082,160.1873066509888
4896.72,160.1838591368745,160.18413377531303
4897.44,160.18068646045333,160.1809610934525
4898.16,160.17751397780796,160.17778860536845
4898.88,160.1743416889002,160.1746163110221
4899.599999999999,160.1711695936906,160.17144421037483
4900.32,160.16799769214117,160.1682723033878
4901.04,160.16482598421237,160.16510059002235
4901.76,160.16165446986668,160.16192907023975
4902.48,160.15848314906418,160.15875774400146
4903.2,160.15531202176726,160.1555866112686
4903.92,160.15214108793634,160.15241567200263
4904.639999999999,160.14897034753358,160.14924492616493
4905.36,160.14579980051974,160.14607437371674
4906.08,160.14262944685618,160.1429040146196
4906.8,160.13945928650526,160.13973384883477
4907.5199999999995,160.1362893194273,160.13656387632375
4908.24,160.13311954558424,160.13339409704787
4908.96,160.1299499649374,160.13022451096865
4909.679999999999,160.1267805774479,160.1270551180474
4910.4,160.123611383078,160.12388591824566
4911.12,160.1204423817884,160.1207169115249
4911.84,160.11727357354096,160.11754809784662
4912.5599999999995,160.11410495829716,160.11437947717218
4913.28,160.11093653601836,160.1112110494632
4914.0,160.10776830666623,160.1080428146811
4914.72,160.10460027020224,160.10487477278747
4915.44,160.10143242658808,160.1017069237439
4916.16,160.09826477578508,160.0985392675118
4916.88,160.09509731775472,160.09537180405283
4917.599999999999,160.0919300524589,160.0922045333285
4918.32,160.0887629798591,160.0890374553004
4919.04,160.08559609991687,160.0858705699302
4919.76,160.0824294125939,160.08270387717948
4920.48,160.07926291785202,160.07953737700984
4921.2,160.07609661565243,160.07637106938287
4921.92,160.07293050595717,160.07320495426032
4922.639999999999,160.0697645887276,160.07003903160376
4923.36,160.06659886392583,160.06687330137487
4924.08,160.0634333315129,160.06370776353535
4924.8,160.0602679914515,160.06054241804694
4925.5199999999995,160.05710284370218,160.05737726487126
4926.24,160.05393788822767,160.05421230397013
4926.96,160.05077312498918,160.05104753530512
4927.679999999999,160.04760855394852,160.0478829588381
4928.4,160.0444441750676,160.04471857453072
4929.12,160.04127998830825,160.04155438234494
4929.84,160.03811599363223,160.03839038224234
4930.5599999999995,160.03495219100137,160.03522657418478
4931.28,160.0317885803771,160.03206295813408
4932.0,160.02862516172127,160.02889953405207
4932.72,160.02546193499575,160.02573630190048
4933.44,160.0222989001618,160.02257326164118
4934.16,160.01913605718153,160.0194104132361
4934.88,160.01597340601722,160.01624775664703
4935.599999999999,160.01281094662977,160.01308529183584
4936.32,160.009648678982,160.00992301876445
4937.04,160.00648660303546,160.0067609373948
4937.76,160.00332471875174,160.00359904768874
4938.48,160.00016302609345,160.00043734960823
4939.2,159.99700152502191,159.9972758431151
4939.92,159.99384021549906,159.9941145281714
4940.639999999999,159.9906790974876,159.9909534047391
4941.36,159.98751817094865,159.98779247278003
4942.08,159.9843574358447,159.9846317322563
4942.8,159.98119689213786,159.9814711831299
4943.5199999999995,159.97803653978917,159.9783108253628
4944.24,159.9748763787618,159.97515065891702
4944.96,159.97171640901706,159.97199068375454
4945.679999999999,159.96855663051736,159.9688308998375
4946.4,159.9653970432247,159.96567130712796
4947.12,159.962237647101,159.9625119055879
4947.84,159.9590784421091,159.95935269517935
4948.5599999999995,159.95591942820954,159.95619367586454
4949.28,159.95276060536537,159.95303484760547
4950.0,159.94960197353885,159.94987621036435
4950.72,159.94644353269211,159.9467177641032
4951.44,159.94328528278686,159.94355950878426
4952.16,159.94012722378557,159.94040144436954
4952.88,159.93696935565026,159.93724357082132
4953.599999999999,159.9338116783432,159.93408588810175
4954.32,159.93065419182642,159.93092839617293
4955.04,159.92749689606228,159.92777109499718
4955.76,159.92433979101293,159.92461398453662
4956.48,159.92118287664084,159.92145706475353
4957.2,159.91802615290806,159.91830033561004
4957.92,159.9148696197767,159.9151437970685
4958.639999999999,159.91171327720883,159.91198744909113
4959.36,159.90855712516714,159.9088312916402
4960.08,159.90540116361421,159.90567532467801
4960.8,159.90224539251153,159.90251954816677
4961.5199999999995,159.89908981182214,159.89936396206892
4962.24,159.89593442150783,159.89620856634662
4962.96,159.8927792215311,159.89305336096226
4963.679999999999,159.88962421185408,159.88989834587818
4964.4,159.88646939243984,159.88674352105673
4965.12,159.88331476325027,159.88358888646027
4965.84,159.88016032424764,159.8804344420512
4966.5599999999995,159.87700607539477,159.87728018779194
4967.28,159.87385201665347,159.87412612364474
4968.0,159.87069814798633,159.87097224957213
4968.72,159.8675444693563,159.86781856553648
4969.44,159.8643909807255,159.86466507150024
4970.16,159.8612376820564,159.8615117674258
4970.88,159.85808457331098,159.85835865327576
4971.599999999999,159.85493165445257,159.85520572901243
4972.32,159.8517789254431,159.85205299459835
4973.04,159.8486263862452,159.84890044999602
4973.76,159.84547403682143,159.84574809516795
4974.48,159.8423218771344,159.8425959300766
4975.2,159.8391699071467,159.83944395468458
4975.92,159.8360181268207,159.83629216895437
4976.639999999999,159.8328665361188,159.8331405728485
4977.36,159.82971513500354,159.82998916632957
4978.08,159.82656392343836,159.82683794936017
4978.8,159.82341290138515,159.82368692190286
4979.5199999999995,159.82026206880653,159.8205360839202
4980.24,159.81711142566542,159.81738543537483
4980.96,159.81396097192385,159.81423497622933
4981.679999999999,159.81081070754453,159.81108470644645
4982.4,159.80766063249007,159.80793462598874
4983.12,159.80451074672294,159.8047847348188
4983.84,159.80136105020586,159.80163503289944
4984.5599999999995,159.7982115429013,159.7984855201932
4985.28,159.79506222477244,159.7953361966628
4986.0,159.79191309578164,159.79218706227098
4986.72,159.78876415589127,159.78903811698046
4987.44,159.78561540506507,159.785889360754
4988.16,159.7824668432644,159.78274079355424
4988.88,159.7793184704534,159.77959241534398
4989.599999999999,159.77617028659404,159.77644422608594
4990.32,159.7730222916491,159.773296225743
4991.04,159.7698744855819,159.7701484142778
4991.76,159.76672686835434,159.7670007916532
4992.48,159.76357943992969,159.763853357832
4993.2,159.76043220027123,159.7607061127771
4993.92,159.7572851493411,159.75755905645116
4994.639999999999,159.75413828710214,159.75441218881713
4995.36,159.75099161351818,159.75126550983788
4996.08,159.7478451285508,159.7481190194762
4996.8,159.7446988321634,159.74497271769502
4997.5199999999995,159.74155272431938,159.7418266044572
4998.24,159.73840680498074,159.7386806797256
4998.96,159.7352610741109,159.73553494346325
4999.679999999999,159.73211553167312,159.73238939563296
5000.4,159.72897017762944,159.72924403619768
5001.12,159.7258250119438,159.72609886512038
5001.84,159.7226800345785,159.722953882364
5002.5599999999995,159.71953524549656,159.71980908789158
5003.28,159.71639064466103,159.716664481666
5004.0,159.7132462320352,159.71352006365032
5004.72,159.71010200758144,159.7103758338074
5005.44,159.7069579712636,159.70723179210043
5006.16,159.70381412304403,159.70408793849234
5006.88,159.70067046288614,159.7009442729462
5007.599999999999,159.69752699075275,159.6978007954251
5008.32,159.69438370660737,159.69465750589202
5009.04,159.69124061041236,159.69151440431006
5009.76,159.68809770213136,159.68837149064234
5010.48,159.68495498172751,159.6852287648519
5011.2,159.68181244916343,159.68208622690184
5011.92,159.67867010440273,159.6789438767553
5012.639999999999,159.67552794740845,159.6758017143755
5013.36,159.67238597814332,159.67265973972547
5014.08,159.6692441965713,159.66951795276836
5014.8,159.66610260265463,159.66637635346737
5015.5199999999995,159.6629611963573,159.66323494178562
5016.24,159.6598199776421,159.66009371768638
5016.96,159.65667894647243,159.6569526811328
5017.679999999999,159.65353810281113,159.65381183208802
5018.4,159.65039744662238,159.6506711705154
5019.12,159.64725697786787,159.6475306963781
5019.84,159.64411669651247,159.64439040963936
5020.5599999999995,159.6409766025181,159.64125031026248
5021.28,159.63783669584882,159.63811039821064
5022.0,159.63469697646792,159.63497067344719
5022.72,159.63155744433868,159.63183113593544
5023.44,159.62841809942393,159.62869178563858
5024.16,159.62527894168772,159.62555262252002
5024.88,159.62213997109268,159.62241364654307
5025.599999999999,159.61900118760263,159.61927485767097
5026.32,159.6158625911811,159.61613625586725
5027.04,159.61272418179055,159.61299784109505
5027.76,159.60958595939542,159.6098596133179
5028.48,159.60644792395863,159.60672157249908
5029.2,159.60331007544357,159.6035837186021
5029.92,159.60017241381365,159.6004460515902
5030.639999999999,159.59703493903203,159.59730857142696
5031.36,159.59389765106198,159.59417127807575
5032.08,159.59076054986713,159.5910341714999
5032.8,159.5876236354104,159.58789725166295
5033.5199999999995,159.5844869076558,159.58476051852838
5034.24,159.58135036656654,159.58162397205962
5034.96,159.57821401210617,159.57848761222013
5035.679999999999,159.5750778442382,159.57535143897348
5036.4,159.57194186292566,159.57221545228307
5037.12,159.56880606813297,159.56907965211255
5037.84,159.56567045982274,159.56594403842536
5038.5599999999995,159.56253503795926,159.56280861118503
5039.28,159.55939980250594,159.55967337035517
5040.0,159.55626475342535,159.55653831589933
5040.72,159.55312989068295,159.55340344778105
5041.44,159.54999521424043,159.5502687659639
5042.16,159.54686072406264,159.54713427041145
5042.88,159.54372642011242,159.54399996108737
5043.599999999999,159.54059230235407,159.54086583795532
5044.32,159.53745837075064,159.53773190097883
5045.04,159.53432462526598,159.5345981501216
5045.76,159.53119106586428,159.53146458534724
5046.48,159.52805769250813,159.52833120661944
5047.2,159.52492450516183,159.5251980139019
5047.92,159.52179150378913,159.52206500715823
5048.639999999999,159.51865868835387,159.5189321863522
5049.36,159.5155260588192,159.51579955144746
5050.08,159.512393615149,159.51266710240782
5050.8,159.50926135730765,159.50953483919687
5051.5199999999995,159.50612928525777,159.50640276177847
5052.24,159.50299739896434,159.50327087011632
5052.96,159.4998656983903,159.50013916417421
5053.679999999999,159.49673418349948,159.49700764391594
5054.4,159.4936028542561,159.4938763093052
5055.12,159.49047171062364,159.49074516030583
5055.84,159.48734075256618,159.4876141968817
5056.5599999999995,159.4842099800469,159.48448341899655
5057.28,159.4810793930302,159.48135282661426
5058.0,159.47794899148028,159.47822241969857
5058.72,159.47481877536018,159.47509219821353
5059.44,159.47168874463432,159.47196216212288
5060.16,159.46855889926633,159.46883231139043
5060.88,159.46542923922016,159.4657026459802
5061.599999999999,159.46229976445966,159.46257316585604
5062.32,159.45917047494902,159.45944387098183
5063.04,159.45604137065197,159.45631476132155
5063.76,159.45291245153226,159.45318583683908
5064.48,159.44978371755428,159.45005709749836
5065.2,159.44665516868167,159.44692854326334
5065.92,159.44352680487884,159.44380017409804
5066.639999999999,159.44039862610873,159.44067198996638
5067.36,159.43727063233655,159.43754399083238
5068.08,159.4341428235258,159.43441617666002
5068.8,159.43101519964011,159.43128854741335
5069.5199999999995,159.42788776064447,159.42816110305637
5070.24,159.42476050650214,159.42503384355305
5070.96,159.4216334371772,159.42190676886747
5071.679999999999,159.41850655263408,159.4187798789637
5072.4,159.41537985283685,159.4156531738058
5073.12,159.41225333774946,159.41252665335784
5073.84,159.40912700733577,159.40940031758393
5074.5599999999995,159.40600086156041,159.4062741664481
5075.28,159.4028749003868,159.4031481999146
5076.0,159.39974912377988,159.4000224179474
5076.72,159.3966235317033,159.39689682051073
5077.44,159.39349812412127,159.3937714075687
5078.16,159.39037290099827,159.3906461790854
5078.88,159.38724786229795,159.38752113502505
5079.599999999999,159.38412300798484,159.38439627535186
5080.32,159.38099833802255,159.38127160002998
5081.04,159.3778738523755,159.3781471090236
5081.76,159.3747495510072,159.37502280229688
5082.48,159.37162543388308,159.3718986798142
5083.2,159.36850150096643,159.3687747415396
5083.92,159.36537775222143,159.36565098743748
5084.639999999999,159.3622541876132,159.36252741747202
5085.36,159.3591308071051,159.35940403160743
5086.08,159.3560076106619,159.35628082980807
5086.8,159.35288459824778,159.3531578120382
5087.5199999999995,159.34976176982673,159.35003497826216
5088.24,159.34663912536348,159.34691232844415
5088.96,159.34351666482212,159.34378986254856
5089.679999999999,159.3403943881674,159.34066758053967
5090.4,159.33727229536282,159.33754548238187
5091.12,159.3341503863735,159.33442356803954
5091.84,159.3310286611636,159.33130183747707
5092.5599999999995,159.32790711969722,159.32818029065865
5093.28,159.3247857619391,159.3250589275488
5094.0,159.32166458785355,159.32193774811194
5094.72,159.31854359740487,159.31881675231244
5095.44,159.31542279055736,159.31569594011472
5096.16,159.31230216727556,159.3125753114832
5096.88,159.30918172752422,159.30945486638228
5097.599999999999,159.30606147126775,159.3063346047765
5098.32,159.3029413984699,159.30321452663028
5099.04,159.2998215090961,159.30009463190805
5099.76,159.29670180311018,159.29697492057429
5100.48,159.29358228047693,159.2938553925936
5101.2,159.29046294116097,159.29073604793044
5101.92,159.2873437851265,159.28761688654924
5102.639999999999,159.28422481233758,159.2844979084146
5103.36,159.28110602276,159.28137911349103
5104.08,159.27798741635763,159.27826050174312
5104.8,159.2748689930952,159.2751420731354
5105.5199999999995,159.27175075293712,159.2720238276325
5106.24,159.26863269584794,159.26890576519887
5106.96,159.26551482179195,159.26578788579923
5107.679999999999,159.26239713073483,159.26267018939808
5108.4,159.2592796226403,159.25955267596012
5109.12,159.2561622974731,159.25643534544994
5109.84,159.25304515519792,159.25331819783216
5110.5599999999995,159.2499281957795,159.25020123307146
5111.28,159.2468114191829,159.24708445113248
5112.0,159.24369482537202,159.24396785197985
5112.72,159.24057841431193,159.24085143557832
5113.44,159.2374621859674,159.23773520189252
5114.16,159.23434614030305,159.23461915088717
5114.88,159.23123027728377,159.231503282527
5115.599999999999,159.22811459687398,159.22838759677674
5116.32,159.22499909903866,159.2252720936011
5117.04,159.22188378374233,159.22215677296475
5117.76,159.2187686509502,159.2190416348326
5118.48,159.21565370062683,159.21592667916929
5119.2,159.21253893273672,159.21281190593967
5119.92,159.20942434724475,159.20969731510849
5120.639999999999,159.20630994411601,159.2065829066405
5121.36,159.20319572331528,159.20346868050063
5122.08,159.2000816848074,159.20035463665363
5122.8,159.1969678285568,159.1972407750644
5123.5199999999995,159.19385415452882,159.1941270956976
5124.24,159.1907406626883,159.1910135985182
5124.96,159.1876273529998,159.18790028349113
5125.679999999999,159.1845142254283,159.18478715058114
5126.4,159.181401279939,159.1816741997532
5127.12,159.17828851649688,159.17856143097217
5127.84,159.1751759350659,159.17544884420295
5128.5599999999995,159.17206353561255,159.17233643941046
5129.28,159.16895131809986,159.1692242165596
5130.0,159.16583928249338,159.16611217561538
5130.72,159.16272742875822,159.16300031654268
5131.44,159.1596157568589,159.15988863930656
5132.16,159.15650426676075,159.15677714387184
5132.88,159.15339295842875,159.15366583020364
5133.599999999999,159.15028183182767,159.15055469826686
5134.32,159.14717088692248,159.14744374802655
5135.04,159.1440601236785,159.14433297944768
5135.76,159.14094954206075,159.1412223924953
5136.48,159.1378391420335,159.13811198713447
5137.2,159.13472892356288,159.13500176333017
5137.92,159.13161888661318,159.13189172104745
5138.639999999999,159.12850903114975,159.12878186025148
5139.36,159.1253993571379,159.12567218090723
5140.08,159.12228986454204,159.12256268297986
5140.8,159.11918055332774,159.11945336643444
5141.5199999999995,159.11607142346043,159.1163442312361
5142.24,159.11296247490463,159.11323527734996
5142.96,159.10985370762603,159.11012650474106
5143.679999999999,159.10674512158903,159.10701791337465
5144.4,159.10363671675952,159.10390950321585
5145.12,159.10052849310205,159.1008012742298
5145.84,159.0974204505825,159.09769322638166
5146.5599999999995,159.09431258916516,159.09458535963665
5147.28,159.09120490881594,159.09147767395996
5148.0,159.08809740950028,159.08837016931682
5148.72,159.08499009118225,159.08526284567242
5149.44,159.08188295382809,159.08215570299203
5150.16,159.0787759974029,159.0790487412408
5150.88,159.07566922187152,159.07594196038394
5151.599999999999,159.07256262719943,159.07283536038682
5152.32,159.06945621335194,159.0697289412147
5153.04,159.0663499802946,159.0666227028328
5153.76,159.0632439279923,159.06351664520645
5154.48,159.06013805641032,159.060410768301
5155.2,159.05703236551426,159.05730507208168
5155.92,159.05392685526965,159.0541995565138
5156.639999999999,159.05082152564114,159.05109422156272
5157.36,159.0477163765944,159.04798906719378
5158.08,159.04461140809497,159.04488409337242
5158.8,159.04150662010807,159.04177930006384
5159.5199999999995,159.0384020125989,159.0386746872336
5160.24,159.03529758553373,159.0355702548469
5160.96,159.0321933388767,159.03246600286928
5161.679999999999,159.02908927259398,159.02936193126612
5162.4,159.02598538665097,159.02625804000274
5163.12,159.02288168101256,159.02315432904464
5163.84,159.01977815564499,159.02005079835726
5164.5599999999995,159.01667481051322,159.01694744790603
5165.28,159.01357164558283,159.0138442776564
5166.0,159.01046866081936,159.01074128757392
5166.72,159.00736585618824,159.00763847762397
5167.44,159.00426323165505,159.00453584777205
5168.16,159.00116078718486,159.00143339798367
5168.88,158.9980585227438,158.99833112822444
5169.599999999999,158.9949564382972,158.99522903845974
5170.32,158.99185453381074,158.99212712865526
5171.04,158.98875280924938,158.98902539877636
5171.76,158.98565126457947,158.98592384878867
5172.48,158.98254989976613,158.9828224786578
5173.2,158.97944871477534,158.97972128834925
5173.92,158.97634770957222,158.97662027782863
5174.639999999999,158.97324688412232,158.97351944706156
5175.36,158.97014623839198,158.97041879601363
5176.08,158.96704577234618,158.96731832465048
5176.8,158.9639454859506,158.9642180329377
5177.5199999999995,158.96084537917147,158.9611179208409
5178.24,158.95774545197344,158.95801798832582
5178.96,158.9546457043224,158.95491823535806
5179.679999999999,158.951546136184,158.95181866190327
5180.4,158.9484467475237,158.94871926792723
5181.12,158.94534753830794,158.9456200533955
5181.84,158.94224850850117,158.94252101827382
5182.5599999999995,158.93914965806994,158.93942216252788
5183.28,158.93605098697992,158.93632348612348
5184.0,158.93295249519622,158.9332249890263
5184.72,158.9298541826854,158.9301266712021
5185.44,158.92675604941292,158.9270285326166
5186.16,158.92365809534442,158.92393057323554
5186.88,158.92056032044582,158.92083279302477
5187.599999999999,158.91746272468265,158.9177351919501
5188.32,158.91436530802093,158.91463776997722
5189.04,158.91126807042633,158.91154052707194
5189.76,158.90817101186508,158.90844346320017
5190.48,158.9050741323025,158.9053465783276
5191.2,158.9019774317045,158.9022498724202
5191.92,158.89888091003718,158.89915334544372
5192.639999999999,158.8957845672661,158.8960569973641
5193.36,158.89268840335785,158.89296082814707
5194.08,158.88959241827683,158.8898648377587
5194.8,158.88649661199042,158.88676902616467
5195.5199999999995,158.88340098446406,158.88367339333104
5196.24,158.88030553566307,158.8805779392236
5196.96,158.87721026555403,158.87748266380834
5197.679999999999,158.87411517410283,158.8743875670512
5198.4,158.8710202612748,158.87129264891806
5199.12,158.86792552703685,158.86819790937489
5199.84,158.86483097135442,158.8651033483877
5200.5599999999995,158.86173659419342,158.8620089659224
5201.28,158.85864239551984,158.85891476194502
5202.0,158.85554837529958,158.8558207364214
5202.72,158.8524545334991,158.85272688931772
5203.44,158.84936087008418,158.84963322059994
5204.16,158.84626738502095,158.846539730234
5204.88,158.84317407827461,158.84344641818612
5205.599999999999,158.8400809498129,158.84035328442212
5206.32,158.8369879996003,158.83726032890817
5207.04,158.83389522760365,158.83416755161034
5207.76,158.83080263378872,158.8310749524947
5208.48,158.82771021812175,158.82798253152725
5209.2,158.82461798056886,158.8248902886742
5209.92,158.82152592109628,158.8217982239015
5210.639999999999,158.8184340396699,158.81870633717546
5211.36,158.81534233625575,158.81561462846207
5212.08,158.81225081082016,158.81252309772748
5212.8,158.8091594633297,158.80943174493785
5213.5199999999995,158.8060682937496,158.80634057005943
5214.24,158.80297730204666,158.80324957305817
5214.96,158.7998864881872,158.80015875390043
5215.679999999999,158.79679585213728,158.79706811255235
5216.4,158.7937053938624,158.7939776489801
5217.12,158.79061511332975,158.79088736314992
5217.84,158.7875250105052,158.78779725502795
5218.5599999999995,158.78443508535474,158.7847073245805
5219.28,158.78134533784544,158.78161757177375
5220.0,158.7782557679426,158.77852799657396
5220.72,158.7751663756128,158.7754385989474
5221.44,158.77207716082262,158.77234937886035
5222.16,158.76898812353795,158.76926033627907
5222.88,158.76589926372537,158.76617147116988
5223.599999999999,158.76281058135078,158.76308278349902
5224.32,158.75972207638085,158.75999427323285
5225.04,158.7566337487823,158.7569059403376
5225.76,158.75354559852087,158.7538177847797
5226.48,158.75045762556306,158.7507298065255
5227.2,158.7473698298752,158.74764200554125
5227.92,158.7442822114233,158.74455438179336
5228.639999999999,158.74119477017337,158.7414669352482
5229.36,158.73810750609266,158.73837966587212
5230.08,158.73502041914696,158.73529257363154
5230.8,158.7319335093024,158.73220565849292
5231.5199999999995,158.72884677652564,158.7291189204225
5232.24,158.72576022078397,158.72603235938683
5232.96,158.72267384204247,158.72294597535236
5233.679999999999,158.71958764026806,158.71985976828546
5234.4,158.71650161542732,158.7167737381526
5235.12,158.71341576748682,158.71368788492023
5235.84,158.71033009641292,158.71060220855483
5236.5599999999995,158.70724460217195,158.70751670902294
5237.28,158.7041592847304,158.70443138629093
5238.0,158.70107414405504,158.70134624032542
5238.72,158.6979891801119,158.6982612710929
5239.44,158.69490439286847,158.69517647855977
5240.16,158.69181978228994,158.69209186269268
5240.88,158.68873534834415,158.68900742345815
5241.599999999999,158.68565109099666,158.68592316082268
5242.32,158.68256701021448,158.6828390747529
5243.04,158.67948310596444,158.6797551652154
5243.76,158.6763993782123,158.67667143217668
5244.48,158.67331582692566,158.67358787560335
5245.2,158.67023245207042,158.67050449546207
5245.92,158.6671492536134,158.6674212917194
5246.639999999999,158.66406623152147,158.66433826434198
5247.36,158.66098338576035,158.6612554132964
5248.08,158.65790071629806,158.65817273854938
5248.8,158.65481822310028,158.65509024006752
5249.5199999999995,158.6517359061337,158.65200791781746
5250.24,158.64865376536568,158.64892577176593
5250.96,158.64557180076235,158.64584380187958
5251.679999999999,158.64249001229064,158.64276200812515
5252.4,158.63940839991687,158.63968039046924
5253.12,158.6363269636082,158.63659894887869
5253.84,158.63324570333123,158.63351768332012
5254.5599999999995,158.6301646190526,158.63043659376035
5255.28,158.6270837107395,158.627355680166
5256.0,158.62400297835768,158.62427494250386
5256.72,158.62092242187498,158.6211943807408
5257.44,158.61784204125775,158.6181139948435
5258.16,158.61476183647255,158.61503378477875
5258.88,158.61168180748655,158.61195375051332
5259.599999999999,158.60860195426642,158.60887389201412
5260.32,158.60552227677897,158.60579420924782
5261.04,158.602442774991,158.60271470218132
5261.76,158.59936344886933,158.59963537078144
5262.48,158.59628429838108,158.59655621501503
5263.2,158.59320532349284,158.5934772348489
5263.92,158.59012652417164,158.59039843025002
5264.639999999999,158.58704790038416,158.58731980118512
5265.36,158.58396945209745,158.5842413476212
5266.08,158.58089117927818,158.58116306952508
5266.8,158.57781308189385,158.5780849668637
5267.5199999999995,158.5747351599107,158.575007039604
5268.24,158.57165741329607,158.57192928771283
5268.96,158.56857984201656,158.56885171115712
5269.679999999999,158.56550244603955,158.56577430990387
5270.4,158.56242522533205,158.56269708392
5271.12,158.55934817986042,158.55962003317242
5271.84,158.55627130959226,158.55654315762828
5272.5599999999995,158.55319461449403,158.55346645725436
5273.28,158.5501180945331,158.55038993201774
5274.0,158.54704174967696,158.54731358188536
5274.72,158.5439655798914,158.54423740682435
5275.44,158.54088958514478,158.5411614068017
5276.16,158.53781376540314,158.53808558178432
5276.88,158.53473812063373,158.53500993173938
5277.599999999999,158.53166265080313,158.53193445663385
5278.32,158.5285873558788,158.52885915643486
5279.04,158.5255122358277,158.52578403110948
5279.76,158.5224372906166,158.5227090806247
5280.48,158.51936252021312,158.51963430494772
5281.2,158.51628792458382,158.51655970404556
5281.92,158.5132135036962,158.51348527788537
5282.639999999999,158.51013925751715,158.51041102643427
5283.36,158.50706518601396,158.50733694965936
5284.08,158.50399128915365,158.50426304752781
5284.8,158.50091756690347,158.50118932000677
5285.5199999999995,158.4978440192308,158.49811576706335
5286.24,158.49477064610255,158.49504238866476
5286.96,158.4916974474852,158.49196918477818
5287.679999999999,158.48862442334712,158.48889615537087
5288.4,158.48555157365502,158.4858233004099
5289.12,158.48247889837626,158.48275061986251
5289.84,158.47940639747765,158.479678113696
5290.5599999999995,158.47633407092712,158.4766057818775
5291.28,158.47326191869092,158.47353362437434
5292.0,158.4701899407371,158.47046164115366
5292.72,158.46711813703303,158.4673898321828
5293.44,158.46404650754505,158.46431819742898
5294.16,158.46097505224122,158.46124673685952
5294.88,158.45790377108858,158.45817545044173
5295.599999999999,158.45483266405472,158.45510433814283
5296.32,158.45176173110622,158.45203339993017
5297.04,158.44869097221124,158.44896263577107
5297.76,158.44562038733704,158.44589204563283
5298.48,158.44254997645044,158.44282162948275
5299.2,158.43947973951902,158.43975138728825
5299.92,158.43640967650958,158.43668131901669
5300.639999999999,158.433339787391,158.43361142463542
5301.36,158.43027007212913,158.43054170411176
5302.08,158.42720053069195,158.42747215741318
5302.8,158.42413116304704,158.42440278450704
5303.5199999999995,158.42106196916188,158.4213335853607
5304.24,158.4179929490034,158.4182645599416
5304.96,158.4149241025392,158.4151957082172
5305.679999999999,158.411855429737,158.41212703015495
5306.4,158.4087869305638,158.4090585257222
5307.12,158.40571860498744,158.40599019488647
5307.84,158.40265045297542,158.40292203761516
5308.5599999999995,158.399582474495,158.39985405387586
5309.28,158.3965146695133,158.39678624363597
5310.0,158.39344703799873,158.393718606863
5310.72,158.39037957991832,158.39065114352445
5311.44,158.3873122952391,158.38758385358784
5312.16,158.3842451839297,158.38451673702062
5312.88,158.3811782459568,158.38144979379044
5313.599999999999,158.37811148128822,158.37838302386479
5314.32,158.37504488989146,158.37531642721117
5315.04,158.37197847173422,158.37225000379723
5315.76,158.3689122267839,158.36918375359048
5316.48,158.3658461550084,158.36611767655853
5317.2,158.36278025637478,158.3630517726689
5317.92,158.35971453085142,158.35998604188924
5318.639999999999,158.35664897840525,158.35692048418724
5319.36,158.3535835990043,158.3538550995304
5320.08,158.35051839261564,158.35078988788632
5320.8,158.34745335920775,158.3477248492228
5321.5199999999995,158.34438849874778,158.34465998350734
5322.24,158.34132381120355,158.34159529070766
5322.96,158.3382592965429,158.33853077079135
5323.679999999999,158.33519495473297,158.3354664237262
5324.4,158.33213078574192,158.33240224947986
5325.12,158.32906678953736,158.32933824802
5325.84,158.326002966087,158.3262744193143
5326.5599999999995,158.3229393153581,158.32321076333054
5327.28,158.31987583731802,158.3201472800364
5328.0,158.31681253193528,158.31708396939968
5328.72,158.31374939917725,158.31402083138798
5329.44,158.31068643901165,158.31095786596921
5330.16,158.30762365140617,158.30789507311107
5330.88,158.30456103632855,158.30483245278128
5331.599999999999,158.30149859374706,158.3017700049477
5332.32,158.29843632362906,158.29870772957813
5333.04,158.29537422594228,158.29564562664032
5333.76,158.29231230065477,158.29258369610207
5334.48,158.289250547734,158.2895219379312
5335.2,158.2861889671483,158.28646035209562
5335.92,158.2831275588652,158.28339893856304
5336.639999999999,158.28006632285292,158.28033769730146
5337.36,158.27700525907858,158.27727662827863
5338.08,158.27394436751092,158.27421573146253
5338.8,158.2708836481171,158.27115500682086
5339.5199999999995,158.26782310086537,158.2680944543216
5340.24,158.26476272572347,158.2650340739327
5340.96,158.26170252265956,158.26197386562205
5341.679999999999,158.25864249164147,158.25891382935745
5342.4,158.25558263263667,158.25585396510698
5343.12,158.25252294561358,158.25279427283849
5343.84,158.24946343054035,158.24973475251994
5344.5599999999995,158.24640408738435,158.2466754041193
5345.28,158.2433449161141,158.24361622760452
5346.0,158.24028591669708,158.24055722294355
5346.72,158.2372270891018,158.2374983901044
5347.44,158.23416843329596,158.23443972905508
5348.16,158.2311099492473,158.2313812397636
5348.88,158.22805163692408,158.22832292219792
5349.599999999999,158.2249934962946,158.2252647763261
5350.32,158.2219355273262,158.22220680211615
5351.04,158.2188777299881,158.2191489995361
5351.76,158.21582010424686,158.21609136855403
5352.48,158.21276265007168,158.21303390913798
5353.2,158.2097053674304,158.209976621256
5353.92,158.2066482562908,158.20691950487623
5354.639999999999,158.2035913166211,158.20386255996667
5355.36,158.20053454838956,158.2008057864955
5356.08,158.19747795156422,158.19774918443082
5356.8,158.19442152611327,158.19469275374064
5357.5199999999995,158.1913652720043,158.19163649439324
5358.24,158.1883091892064,158.18858040635664
5358.96,158.18525327768668,158.185524489599
5359.679999999999,158.18219753741437,158.18246874408848
5360.4,158.17914196835693,158.1794131697933
5361.12,158.17608657048254,158.17635776668158
5361.84,158.17303134375993,158.17330253472153
5362.5599999999995,158.16997628815682,158.17024747388132
5363.28,158.16692140364125,158.16719258412914
5364.0,158.1638666901822,158.16413786543322
5364.72,158.16081214774704,158.1610833177618
5365.44,158.15775777630495,158.15802894108307
5366.16,158.15470357582342,158.15497473536527
5366.88,158.1516495462705,158.1519207005767
5367.599999999999,158.1485956876154,158.14886683668556
5368.32,158.14554199982558,158.1458131436601
5369.04,158.14248848286957,158.14275962146866
5369.76,158.13943513671597,158.13970627007953
5370.48,158.1363819613331,158.13665308946094
5371.2,158.1333289566885,158.13360007958124
5371.92,158.1302761227514,158.13054724040876
5372.639999999999,158.12722345948953,158.12749457191174
5373.36,158.1241709668717,158.1244420740586
5374.08,158.121118644866,158.12138974681767
5374.8,158.11806649344055,158.11833759015727
5375.5199999999995,158.1150145125638,158.11528560404577
5376.24,158.11196270220387,158.1122337884515
5376.96,158.1089110623293,158.10918214334296
5377.679999999999,158.10585959290847,158.10613066868842
5378.4,158.10280829390956,158.10307936445633
5379.12,158.09975716530084,158.10002823061512
5379.84,158.0967062070515,158.09697726713316
5380.5599999999995,158.09365541912894,158.09392647397888
5381.28,158.0906048015023,158.09087585112073
5382.0,158.08755435413968,158.0878253985272
5382.72,158.08450407701014,158.0847751161666
5383.44,158.0814539700815,158.08172500400758
5384.16,158.0784040333225,158.0786750620185
5384.88,158.07535426670142,158.07562529016784
5385.599999999999,158.07230467018667,158.0725756884242
5386.32,158.0692552437473,158.0695262567559
5387.04,158.0662059873514,158.06647699513164
5387.76,158.06315690096756,158.0634279035198
5388.48,158.06010798456407,158.060378981889
5389.2,158.05705923811047,158.0573302302077
5389.92,158.054010661574,158.05428164844452
5390.639999999999,158.0509622549239,158.05123323656798
5391.36,158.04791401812838,158.04818499454666
5392.08,158.04486595115657,158.04513692234912
5392.8,158.04181805397673,158.04208901994397
5393.5199999999995,158.03877032655748,158.03904128729982
5394.24,158.03572276886746,158.03599372438518
5394.96,158.0326753808754,158.03294633116874
5395.679999999999,158.02962816254956,158.02989910761914
5396.4,158.0265811138588,158.026852053705
5397.12,158.02353423477177,158.02380516939488
5397.84,158.02048752525707,158.02075845465754
5398.5599999999995,158.01744098528377,158.01771190946155
5399.28,158.01439461481993,158.01466553377563
5400.0,158.01134841383418,158.01161932756847
5400.72,158.00830238229594,158.0085732908087
5401.44,158.00525652017325,158.0055274234651
5402.16,158.00221082743542,158.00248172550627
5402.88,157.99916530405028,157.99943619690103
5403.599999999999,157.99611994998736,157.99639083761804
5404.32,157.9930747652154,157.99334564762603
5405.04,157.99002974970267,157.99030062689377
5405.76,157.98698490341826,157.98725577538997
5406.48,157.98394022633056,157.98421109308342
5407.2,157.98089571840865,157.98116657994288
5407.92,157.97785137962137,157.97812223593718
5408.639999999999,157.97480720993747,157.97507806103508
5409.36,157.9717632093258,157.97203405520537
5410.08,157.96871937775506,157.96899021841682
5410.8,157.9656757151938,157.9659465506383
5411.5199999999995,157.96263222161156,157.96290305183868
5412.24,157.95958889697647,157.95985972198662
5412.96,157.95654574125786,157.9568165610511
5413.679999999999,157.95350275442422,157.953773569001
5414.4,157.95045993644476,157.95073074580512
5415.12,157.94741728728877,157.94768809143233
5415.84,157.94437480692397,157.94464560585152
5416.5599999999995,157.94133249532,157.94160328903155
5417.28,157.93829035244562,157.9385611409414
5418.0,157.93524837827,157.93551916154993
5418.719999999999,157.93220657276163,157.93247735082602
5419.44,157.92916493588996,157.9294357087386
5420.16,157.92612346762337,157.9263942352567
5420.88,157.92308216793163,157.9233529303492
5421.599999999999,157.92004103678278,157.92031179398504
5422.32,157.91700007414647,157.91727082613326
5423.04,157.91395927999122,157.91423002676265
5423.76,157.91091865428643,157.9111893958424
5424.48,157.9078781970003,157.90814893334135
5425.2,157.9048379081022,157.90510863922862
5425.92,157.90179778756055,157.90206851347315
5426.639999999999,157.89875783534535,157.899028556044
5427.36,157.89571805142475,157.89598876691016
5428.08,157.8926784357683,157.89294914604068
5428.8,157.8896389883446,157.88990969340455
5429.5199999999995,157.88659970912374,157.88687040897088
5430.24,157.88356059807302,157.88383129270875
5430.96,157.88052165516308,157.88079234458723
5431.679999999999,157.8774828803621,157.87775356457536
5432.4,157.8744442736396,157.87471495264225
5433.12,157.87140583496466,157.87167650875696
5433.84,157.86836756430637,157.86863823288866
5434.5599999999995,157.86532946163356,157.86560012500647
5435.28,157.86229152691578,157.86256218507947
5436.0,157.85925376012176,157.85952441307685
5436.719999999999,157.85621616122114,157.8564868089677
5437.44,157.85317873018232,157.8534493727212
5438.16,157.8501414669753,157.85041210430654
5438.88,157.84710437156866,157.84737500369286
5439.599999999999,157.84406744393232,157.84433807084935
5440.32,157.8410306840343,157.84130130574516
5441.04,157.83799409184473,157.83826470834953
5441.76,157.83495766733245,157.8352282786317
5442.48,157.83192141046698,157.83219201656084
5443.2,157.82888532121729,157.8291559221062
5443.92,157.8258493995528,157.82611999523704
5444.639999999999,157.82281364544247,157.8230842359225
5445.36,157.81977805885583,157.82004864413193
5446.08,157.81674263976186,157.8170132198346
5446.8,157.81370738813018,157.8139779629997
5447.5199999999995,157.81067230393,157.8109428735966
5448.24,157.8076373871305,157.80790795159453
5448.96,157.80460263770078,157.80487319696283
5449.679999999999,157.8015680556107,157.80183860967077
5450.4,157.79853364082908,157.79880418968773
5451.12,157.79549939332549,157.79576993698294
5451.84,157.7924653130691,157.7927358515258
5452.5599999999995,157.78943140002957,157.78970193328567
5453.28,157.78639765417597,157.7866681822319
5454.0,157.78336407547806,157.78363459833375
5454.719999999999,157.78033066390458,157.7806011815607
5455.44,157.7772974194255,157.77756793188212
5456.16,157.77426434200981,157.77453484926735
5456.88,157.77123143162726,157.77150193368584
5457.599999999999,157.76819868824703,157.7684691851069
5458.32,157.7651661118383,157.76543660350004
5459.04,157.76213370237156,157.76240418883472
5459.76,157.75910145981481,157.75937194108025
5460.48,157.75606938413853,157.7563398602062
5461.2,157.75303747531166,157.75330794618182
5461.92,157.75000573330408,157.75027619897685
5462.639999999999,157.74697415808487,157.7472446185606
5463.36,157.74394274962378,157.74421320490256
5464.08,157.74091150789036,157.74118195797223
5464.8,157.73788043285367,157.73815087773906
5465.5199999999995,157.7348495244836,157.73511996417264
5466.24,157.73181878274988,157.73208921724245
5466.96,157.72878820762162,157.72905863691798
5467.679999999999,157.72575779906856,157.7260282231688
5468.4,157.72272755706,157.72299797596443
5469.12,157.71969748156585,157.71996789527444
5469.84,157.7166675725557,157.71693798106838
5470.5599999999995,157.71363782999902,157.7139082333158
5471.28,157.71060825386508,157.7108786519863
5472.0,157.7075788441242,157.70784923704943
5472.719999999999,157.70454960074517,157.70481998847484
5473.44,157.70152052369815,157.7017909062321
5474.16,157.69849161295178,157.69876199029082
5474.88,157.69546286847594,157.69573324062068
5475.599999999999,157.6924342902406,157.6927046571912
5476.32,157.68940587821555,157.68967623997213
5477.04,157.68637763237018,157.68664798893303
5477.76,157.6833495526738,157.68361990404364
5478.48,157.68032163909652,157.68059198527354
5479.2,157.67729389160763,157.67756423259243
5479.92,157.67426631017747,157.67453664597008
5480.639999999999,157.6712388947749,157.67150922537604
5481.36,157.66821164537032,157.6684819707801
5482.08,157.66518456193296,157.66545488215198
5482.8,157.6621576444328,157.66242795946133
5483.5199999999995,157.65913089283913,157.6594012026779
5484.24,157.65610430712263,157.6563746117715
5484.96,157.65307788725227,157.65334818671178
5485.679999999999,157.6500516331979,157.65032192746858
5486.4,157.64702554492942,157.64729583401163
5487.12,157.64399962241657,157.64426990631065
5487.84,157.64097386562935,157.64124414433545
5488.5599999999995,157.63794827453717,157.63821854805585
5489.28,157.63492284911024,157.6351931174416
5490.0,157.63189758931776,157.6321678524626
5490.719999999999,157.6288724951297,157.62914275308856
5491.44,157.62584756651665,157.62611781928933
5492.16,157.62282280344778,157.62309305103483
5492.88,157.61979820589306,157.62006844829477
5493.599999999999,157.61677377382216,157.6170440110391
5494.32,157.61374950720517,157.61401973923765
5495.04,157.6107254060122,157.61099563286027
5495.76,157.60770147021265,157.60797169187683
5496.48,157.6046776997763,157.60494791625726
5497.2,157.60165409467402,157.60192430597144
5497.92,157.59863065487457,157.5989008609893
5498.639999999999,157.59560738034838,157.59587758128063
5499.36,157.59258427106556,157.59285446681548
5500.08,157.58956132699564,157.58983151756374
5500.8,157.5865385481087,157.5868087334954
5501.5199999999995,157.5835159343751,157.5837861145803
5502.24,157.58049348576435,157.58076366078848
5502.96,157.57747120224656,157.5777413720899
5503.679999999999,157.57444908379136,157.5747192484545
5504.4,157.57142713036956,157.57169728985227
5505.12,157.56840534195032,157.5686754962532
5505.84,157.56538371850377,157.5656538676273
5506.5599999999995,157.56236226000055,157.5626324039446
5507.28,157.55934096641045,157.55961110517512
5508.0,157.55631983770274,157.55658997128887
5508.719999999999,157.55329887384846,157.55356900225587
5509.44,157.55027807481724,157.55054819804616
5510.16,157.5472574405792,157.5475275586298
5510.88,157.54423697110462,157.5445070839769
5511.599999999999,157.54121666636263,157.54148677405743
5512.32,157.53819652632455,157.53846662884158
5513.04,157.5351765509597,157.5354466482993
5513.76,157.5321567402384,157.53242683240086
5514.48,157.52913709413122,157.5294071811163
5515.2,157.52611761260755,157.5263876944157
5515.92,157.52309829563785,157.52336837226912
5516.639999999999,157.52007914319245,157.52034921464684
5517.36,157.5170601552412,157.5173302215189
5518.08,157.51404133175436,157.51431139285543
5518.8,157.5110226727022,157.51129272862667
5519.5199999999995,157.50800417805476,157.50827422880275
5520.24,157.50498584778234,157.50525589335385
5520.96,157.50196768185492,157.50223772225013
5521.679999999999,157.49894968024307,157.49921971546178
5522.4,157.49593184291632,157.49620187295906
5523.12,157.49291416984522,157.4931841947121
5523.84,157.48989666099965,157.49016668069123
5524.5599999999995,157.48687931635016,157.48714933086657
5525.28,157.4838621358664,157.48413214520832
5526.0,157.48084511951924,157.48111512368686
5526.719999999999,157.47782826727837,157.47809826627238
5527.44,157.47481157911466,157.47508157293515
5528.16,157.4717950549981,157.47206504364536
5528.88,157.46877869489902,157.46904867837338
5529.599999999999,157.46576249878706,157.46603247708947
5530.32,157.4627464666338,157.4630164397639
5531.04,157.45973059840833,157.46000056636703
5531.76,157.45671489408198,157.45698485686916
5532.48,157.45369935362407,157.45396931124057
5533.2,157.45068397700584,157.45095392945169
5533.92,157.44766876419703,157.44793871147274
5534.639999999999,157.4446537151681,157.44492365727413
5535.36,157.4416388298896,157.44190876682623
5536.08,157.43862410833128,157.4388940400993
5536.8,157.43560955046473,157.43587947706382
5537.5199999999995,157.43259515625925,157.43286507769022
5538.24,157.42958092568574,157.4298508419487
5538.96,157.4265668587143,157.42683676980985
5539.679999999999,157.42355295531559,157.42382286124396
5540.4,157.42053921545983,157.4208091162215
5541.12,157.41752563911757,157.4177955347129
5541.84,157.41451222625972,157.41478211668854
5542.5599999999995,157.41149897685557,157.41176886211892
5543.28,157.4084858908767,157.4087557709744
5544.0,157.40547296829288,157.40574284322557
5544.719999999999,157.40246020907477,157.40273007884284
5545.44,157.3994476131934,157.39971747779666
5546.16,157.39643518061803,157.3967050400575
5546.88,157.39342291132016,157.39369276559597
5547.599999999999,157.39041080527045,157.3906806543824
5548.32,157.38739886243843,157.38766870638747
5549.04,157.38438708279557,157.38465692158167
5549.76,157.38137546631185,157.38164529993534
5550.48,157.37836401295817,157.37863384141926
5551.2,157.37535272270418,157.37562254600385
5551.92,157.3723415955218,157.3726114136597
5552.639999999999,157.36933063138065,157.36960044435736
5553.36,157.36631983025177,157.36658963806738
5554.08,157.3633091921057,157.36357899476036
5554.8,157.3602987169129,157.3605685144069
5555.5199999999995,157.3572884046439,157.35755819697755
5556.24,157.35427825526904,157.35454804244296
5556.96,157.3512682687599,157.35153805077368
5557.679999999999,157.348258445086,157.34852822194046
5558.4,157.34524878421905,157.34551855591386
5559.12,157.3422392861287,157.34250905266444
5559.84,157.33922995078615,157.33949971216293
5560.5599999999995,157.3362207781621,157.33649053437998
5561.28,157.33321176822665,157.33348151928624
5562.0,157.33020292095148,157.3304726668524
5562.719999999999,157.32719423630647,157.32746397704912
5563.44,157.32418571426274,157.32445544984716
5564.16,157.3211773547905,157.32144708521705
5564.88,157.31816915786078,157.31843888312972
5565.599999999999,157.3151611234448,157.31543084355567
5566.32,157.3121532515122,157.31242296646576
5567.04,157.30914554203457,157.30941525183067
5567.76,157.30613799498246,157.30640769962113
5568.48,157.30313061032678,157.30340030980793
5569.2,157.30012338803806,157.30039308236184
5569.92,157.297116328087,157.2973860172536
5570.639999999999,157.29410943044468,157.29437911445393
5571.36,157.29110269508146,157.2913723739337
5572.08,157.28809612196812,157.28836579566365
5572.8,157.28508971107522,157.28535937961462
5573.5199999999995,157.28208346237375,157.28235312575737
5574.24,157.27907737583485,157.27934703406274
5574.96,157.27607145142895,157.27634110450154
5575.679999999999,157.27306568912707,157.27333533704459
5576.4,157.27006008889953,157.27032973166277
5577.12,157.2670546507178,157.26732428832693
5577.84,157.26404937455243,157.26431900700794
5578.5599999999995,157.26104426037466,157.26131388767658
5579.28,157.25803930815448,157.25830893030385
5580.0,157.25503451786426,157.25530413486052
5580.719999999999,157.2520298894732,157.2522995013176
5581.44,157.24902542295354,157.24929502964585
5582.16,157.2460211182754,157.24629071981633
5582.88,157.24301697541,157.24328657179984
5583.599999999999,157.24001299432837,157.2402825855674
5584.32,157.23700917500128,157.23727876108987
5585.04,157.2340055173995,157.23427509833817
5585.76,157.23100202149453,157.23127159728335
5586.48,157.2279986872568,157.22826825789627
5587.2,157.22499551465762,157.22526508014798
5587.92,157.22199250366748,157.22226206400944
5588.639999999999,157.21898965425783,157.21925920945154
5589.36,157.21598696639956,157.21625651644538
5590.08,157.2129844400639,157.2132539849619
5590.8,157.20998207522132,157.2102516149722
5591.5199999999995,157.2069798718427,157.2072494064472
5592.24,157.20397782990005,157.2042473593579
5592.96,157.20097594936396,157.20124547367547
5593.679999999999,157.19797423020532,157.19824374937085
5594.4,157.19497267239524,157.19524218641513
5595.12,157.1919712759044,157.1922407847794
5595.84,157.18897004070482,157.18923954443463
5596.5599999999995,157.18596896676672,157.18623846535195
5597.28,157.18296805406158,157.18323754750244
5598.0,157.17996730256004,157.18023679085726
5598.719999999999,157.17696671223416,157.17723619538745
5599.44,157.17396628305403,157.1742357610641
5600.16,157.17096601499122,157.17123548785835
5600.88,157.1679659080172,157.16823537574132
5601.599999999999,157.16496596210277,157.1652354246842
5602.32,157.1619661772187,157.162235634658
5603.04,157.15896655333665,157.15923600563403
5603.76,157.15596709042745,157.15623653758337
5604.48,157.152967788463,157.15323723047717
5605.2,157.14996864741352,157.1502380842866
5605.92,157.14696966725114,157.14723909898294
5606.639999999999,157.14397084794598,157.14424027453734
5607.36,157.14097218947018,157.1412416109209
5608.08,157.1379736917945,157.13824310810494
5608.8,157.13497535489046,157.1352447660606
5609.5199999999995,157.13197717872913,157.13224658475923
5610.24,157.12897916328143,157.12924856417197
5610.96,157.12598130851916,157.12625070427006
5611.679999999999,157.12298361441344,157.1232530050248
5612.4,157.11998608093518,157.12025546640731
5613.12,157.11698870805606,157.11725808838906
5613.84,157.1139914957471,157.11426087094122
5614.5599999999995,157.11099444397985,157.11126381403506
5615.28,157.10799755272558,157.10826691764194
5616.0,157.1050008219555,157.10527018173306
5616.719999999999,157.10200425164055,157.10227360627985
5617.44,157.09900784175284,157.0992771912535
5618.16,157.09601159226304,157.09628093662542
5618.88,157.09301550314308,157.09328484236693
5619.599999999999,157.09001957436396,157.0902889084493
5620.32,157.0870238058967,157.087293134844
5621.04,157.08402819771288,157.08429752152233
5621.76,157.0810327497835,157.08130206845564
5622.48,157.07803746208026,157.07830677561535
5623.2,157.07504233457485,157.07531164297276
5623.92,157.0720473672377,157.07231667049933
5624.639999999999,157.06905256004075,157.06932185816646
5625.36,157.06605791295544,157.06632720594558
5626.08,157.0630634259536,157.06333271380802
5626.8,157.06006909900555,157.06033838172527
5627.5199999999995,157.05707493208354,157.0573442096687
5628.24,157.05408092515881,157.05435019760984
5628.96,157.05108707820307,157.05135634552005
5629.679999999999,157.04809339118742,157.04836265337082
5630.4,157.0450998640831,157.04536912113363
5631.12,157.0421064968623,157.04237574877996
5631.84,157.0391132894963,157.03938253628127
5632.5599999999995,157.03612024195604,157.03638948360913
5633.28,157.0331273542132,157.03339659073484
5634.0,157.03013462624006,157.03040385763006
5634.719999999999,157.02714205800714,157.0274112842663
5635.44,157.0241496494865,157.02441887061502
5636.16,157.02115740064949,157.0214266166478
5636.88,157.018165311468,157.01843452233618
5637.599999999999,157.01517338191275,157.0154425876517
5638.32,157.01218161195618,157.01245081256585
5639.04,157.00919000156955,157.00945919705026
5639.76,157.00619855072432,157.00646774107653
5640.48,157.00320725939218,157.00347644461615
5641.2,157.0002161275446,157.0004853076408
5641.92,156.9972251551534,156.99749433012198
5642.639999999999,156.9942343421901,156.9945035120314
5643.36,156.99124368862613,156.9915128533405
5644.08,156.98825319443324,156.9885223540211
5644.8,156.98526285958303,156.98553201404474
5645.5199999999995,156.9822726840472,156.98254183338304
5646.24,156.97928266779775,156.97955181200766
5646.96,156.9762928108056,156.97656194989023
5647.679999999999,156.97330311304268,156.97357224700247
5648.4,156.97031357448077,156.97058270331598
5649.12,156.9673241950918,156.96759331880247
5649.84,156.96433497484736,156.96460409343368
5650.5599999999995,156.9613459137188,156.96161502718118
5651.28,156.9583570116779,156.95862612001682
5652.0,156.95536826869682,156.9556373719122
5652.719999999999,156.95237968474703,156.95264878283902
5653.44,156.94939125979954,156.94966035276906
5654.16,156.94640299382718,156.94667208167405
5654.88,156.9434148868013,156.94368396952575
5655.599999999999,156.94042693869358,156.94069601629585
5656.32,156.93743914947595,156.93770822195614
5657.04,156.9344515191201,156.93472058647842
5657.76,156.93146404759727,156.9317331098344
5658.48,156.9284767348803,156.92874579199585
5659.2,156.92548958093994,156.92575863293462
5659.92,156.92250258574893,156.92277163262253
5660.639999999999,156.91951574927862,156.91978479103136
5661.36,156.9165290715007,156.91679810813287
5662.08,156.91354255238707,156.91381158389885
5662.8,156.91055619191025,156.91082521830128
5663.5199999999995,156.90756999004122,156.90783901131195
5664.24,156.90458394675193,156.9048529629026
5664.96,156.90159806201473,156.90186707304517
5665.679999999999,156.89861233580086,156.89888134171156
5666.4,156.8956267680827,156.89589576887357
5667.12,156.8926413588323,156.89291035450307
5667.84,156.88965610802097,156.88992509857204
5668.5599999999995,156.88667101562078,156.8869400010523
5669.28,156.88368608160374,156.8839550619157
5670.0,156.88070130594178,156.88097028113427
5670.719999999999,156.87771668860637,156.87798565867982
5671.44,156.8747322295692,156.87500119452437
5672.16,156.87174792880296,156.87201688863982
5672.88,156.86876378627892,156.86903274099814
5673.599999999999,156.86577980196955,156.86604875157118
5674.32,156.86279597584655,156.86306492033103
5675.04,156.85981230788184,156.86008124724955
5675.76,156.85682879804756,156.8570977322988
5676.48,156.8538454463154,156.85411437545065
5677.2,156.85086225265752,156.85113117667723
5677.92,156.84787921704617,156.84814813595045
5678.639999999999,156.84489633945304,156.84516525324233
5679.36,156.84191361984995,156.84218252852486
5680.08,156.8389310582096,156.8391999617701
5680.8,156.83594865450323,156.83621755295013
5681.5199999999995,156.832966408704,156.83323530203685
5682.24,156.8299843207825,156.83025320900245
5682.96,156.82700239071198,156.8272712738189
5683.679999999999,156.8240206184638,156.8242894964583
5684.4,156.82103900401034,156.8213078768927
5685.12,156.81805754732352,156.81832641509413
5685.84,156.8150762483757,156.81534511103476
5686.5599999999995,156.8120951071387,156.81236396468668
5687.28,156.80911412358478,156.8093829760219
5688.0,156.80613329768596,156.80640214501264
5688.719999999999,156.80315262941406,156.80342147163097
5689.44,156.80017211874213,156.80044095584904
5690.16,156.7971917656414,156.79746059763895
5690.88,156.79421157008437,156.79448039697286
5691.599999999999,156.7912315320434,156.79150035382293
5692.32,156.78825165149,156.7885204681613
5693.04,156.78527192839704,156.78554073996014
5693.76,156.7822923627367,156.78256116919158
5694.48,156.77931295448013,156.7795817558279
5695.2,156.7763337036008,156.77660249984123
5695.92,156.7733546100701,156.77362340120376
5696.639999999999,156.7703756738607,156.7706444598877
5697.36,156.7673968949448,156.76766567586526
5698.08,156.76441827329415,156.76468704910866
5698.8,156.76143980888128,156.7617085795902
5699.5199999999995,156.75846150167888,156.75873026728203
5700.24,156.7554833516583,156.75575211215636
5700.96,156.75250535879286,156.75277411418557
5701.679999999999,156.74952752305353,156.74979627334181
5702.4,156.7465498444135,156.74681858959744
5703.12,156.743572322845,156.7438410629247
5703.84,156.74059495832023,156.7408636932958
5704.5599999999995,156.7376177508113,156.73788648068313
5705.28,156.7346407002907,156.734909425059
5706.0,156.7316638067307,156.73193252639555
5706.719999999999,156.7286870701039,156.72895578466532
5707.44,156.72571049038186,156.72597919984057
5708.16,156.72273406753754,156.72300277189353
5708.88,156.7197578015432,156.7200265007966
5709.599999999999,156.71678169237123,156.71705038652215
5710.32,156.71380573999386,156.71407442904248
5711.04,156.7108299443836,156.71109862833
5711.76,156.70785430551257,156.7081229843571
5712.48,156.70487882335328,156.70514749709614
5713.2,156.70190349787845,156.70217216651946
5713.92,156.6989283290602,156.6991969925995
5714.639999999999,156.69595331687094,156.69622197530862
5715.36,156.69297846128313,156.69324711461928
5716.08,156.69000376226904,156.6902724105039
5716.8,156.6870292198015,156.68729786293486
5717.5199999999995,156.68405483385231,156.68432347188462
5718.24,156.68108060439465,156.6813492373256
5718.96,156.6781065314001,156.67837515923028
5719.679999999999,156.67513261484146,156.67540123757115
5720.4,156.67215885469102,156.6724274723206
5721.12,156.6691852509215,156.66945386345108
5721.84,156.666211803505,156.6664804109352
5722.5599999999995,156.66323851241418,156.66350711474536
5723.28,156.6602653776216,156.66053397485405
5724.0,156.65729239910002,156.65756099123377
5724.719999999999,156.6543195768212,156.65458816385706
5725.44,156.6513469107581,156.6516154926964
5726.16,156.64837440088343,156.6486429777244
5726.88,156.6454020471699,156.64567061891347
5727.599999999999,156.64242984958912,156.6426984162363
5728.32,156.63945780811457,156.63972636966534
5729.04,156.63648592271852,156.63675447917316
5729.76,156.63351419337323,156.6337827447324
5730.48,156.63054262005164,156.6308111663155
5731.2,156.62757120272624,156.6278397438952
5731.92,156.62459994136952,156.62486847744393
5732.639999999999,156.62162883595443,156.6218973669344
5733.36,156.61865788645264,156.61892641233916
5734.08,156.61568709283824,156.61595561363086
5734.8,156.61271645508248,156.6129849707821
5735.5199999999995,156.60974597315885,156.61001448376547
5736.24,156.60677564703974,156.6070441525536
5736.96,156.6038054766973,156.60407397711927
5737.679999999999,156.60083546210524,156.60110395743501
5738.4,156.59786560323505,156.5981340934735
5739.12,156.59489590006024,156.59516438520745
5739.84,156.5919263525533,156.59219483260947
5740.5599999999995,156.5889569606868,156.58922543565228
5741.28,156.58598772443327,156.5862561943086
5742.0,156.58301864376585,156.5832871085511
5742.719999999999,156.58004971865694,156.58031817835246
5743.44,156.577080949079,156.57734940368545
5744.16,156.57411233500534,156.57438078452265
5744.88,156.57114387640854,156.57141232083694
5745.599999999999,156.5681755732611,156.56844401260102
5746.32,156.56520742553562,156.56547585978763
5747.04,156.5622394332055,156.5625078623695
5747.76,156.55927159624298,156.5595400203194
5748.48,156.55630391462125,156.5565723336101
5749.2,156.55333638831235,156.55360480221435
5749.92,156.5503690172901,156.55063742610497
5750.639999999999,156.54740180152646,156.54767020525472
5751.36,156.54443474099435,156.54470313963645
5752.08,156.54146783566694,156.54173622922295
5752.8,156.5385010855167,156.53876947398695
5753.5199999999995,156.53553449051697,156.53580287390142
5754.24,156.53256805064007,156.53283642893905
5754.96,156.52960176585907,156.52987013907276
5755.679999999999,156.52663563614635,156.52690400427534
5756.4,156.5236696614761,156.52393802451968
5757.12,156.52070384181923,156.52097219977864
5757.84,156.5177381771506,156.51800653002505
5758.5599999999995,156.5147726674412,156.51504101523182
5759.28,156.5118073126655,156.51207565537183
5760.0,156.5088421127956,156.509110450418
5760.719999999999,156.5058770678046,156.5061454003431
5761.44,156.5029121776654,156.50318050512016
5762.16,156.49994744235107,156.50021576472207
5762.88,156.49698286183423,156.49725117912178
5763.599999999999,156.4940184360879,156.49428674829215
5764.32,156.4910541650853,156.49132247220612
5765.04,156.488090048799,156.4883583508367
5765.76,156.48512608720216,156.48539438415676
5766.48,156.48216228026786,156.48243057213926
5767.2,156.4791986279689,156.47946691475724
5767.92,156.47623513027793,156.47650341198366
5768.639999999999,156.47327178716807,156.47354006379146
5769.36,156.4703085986123,156.47057687015368
5770.08,156.46734556458352,156.46761383104325
5770.8,156.4643826850545,156.46465094643324
5771.5199999999995,156.46141995999926,156.4616882162966
5772.24,156.45845738938965,156.45872564060636
5772.96,156.45549497319882,156.45576321933564
5773.679999999999,156.45253271140075,156.45280095245738
5774.4,156.4495706039678,156.44983883994462
5775.12,156.4466086508728,156.4468768817705
5775.84,156.44364685208927,156.44391507790795
5776.5599999999995,156.44068520759015,156.44095342833012
5777.28,156.43772371734838,156.43799193301004
5778.0,156.43476238133678,156.43503059192088
5778.719999999999,156.4318011995291,156.43206940503563
5779.44,156.4288401718985,156.4291083723274
5780.16,156.42587929841693,156.42614749376938
5780.88,156.42291857905866,156.42318676933456
5781.599999999999,156.4199580137963,156.42022619899612
5782.32,156.41699760260337,156.41726578272724
5783.04,156.41403734545258,156.41430552050093
5783.76,156.4110772423171,156.41134541229042
5784.48,156.40811729317045,156.40838545806886
5785.2,156.40515749798567,156.40542565780936
5785.92,156.40219785673526,156.40246601148507
5786.639999999999,156.3992383693934,156.39950651906923
5787.36,156.3962790359327,156.39654718053495
5788.08,156.39331985632646,156.3935879958555
5788.8,156.3903608305476,156.390628965004
5789.5199999999995,156.38740195857008,156.38767008795372
5790.24,156.3844432403664,156.38471136467774
5790.96,156.3814846759102,156.3817527951494
5791.679999999999,156.37852626517406,156.3787943793419
5792.4,156.37556800813218,156.37583611722846
5793.12,156.37260990475693,156.37287800878232
5793.84,156.36965195502205,156.36992005397673
5794.5599999999995,156.36669415890094,156.36696225278496
5795.28,156.36373651636643,156.36400460518024
5796.0,156.3607790273919,156.3610471111359
5796.719999999999,156.3578216919509,156.35808977062513
5797.44,156.35486451001657,156.3551325836212
5798.16,156.35190748156174,156.35217555009748
5798.88,156.34895060656027,156.34921867002726
5799.599999999999,156.34599388498577,156.34626194338384
5800.32,156.34303731681052,156.3433053701405
5801.04,156.34008090200916,156.34034895027062
5801.76,156.33712464055395,156.33739268374748
5802.48,156.33416853241863,156.33443657054445
5803.2,156.33121257757637,156.33148061063488
5803.92,156.3282567760009,156.32852480399208
5804.639999999999,156.3253011276655,156.3255691505894
5805.36,156.32234563254337,156.32261365040026
5806.08,156.31939029060754,156.319658303398
5806.8,156.3164351018322,156.31670310955607
5807.5199999999995,156.3134800661902,156.31374806884776
5808.24,156.31052518365516,156.3107931812465
5808.96,156.30757045420046,156.30783844672578
5809.679999999999,156.3046158777994,156.30488386525886
5810.4,156.30166145442547,156.30192943681928
5811.12,156.29870718405255,156.2989751613804
5811.84,156.29575306665345,156.2960210389157
5812.5599999999995,156.29279910220168,156.29306706939857
5813.28,156.2898452906711,156.29011325280254
5814.0,156.28689163203478,156.28715958910098
5814.719999999999,156.28393812626643,156.28420607826735
5815.44,156.28098477333936,156.28125272027515
5816.16,156.27803157322694,156.2782995150979
5816.88,156.27507852590327,156.27534646270905
5817.599999999999,156.2721256313406,156.27239356308215
5818.32,156.26917288951313,156.2694408161906
5819.04,156.26622030039402,156.26648822200792
5819.76,156.26326786395748,156.26353578050777
5820.48,156.26031558017644,156.2605834916635
5821.2,156.25736344902407,156.2576313554487
5821.92,156.2544114704748,156.25467937183694
5822.639999999999,156.25145964450144,156.25172754080174
5823.36,156.24850797107797,156.24877586231665
5824.08,156.24555645017801,156.24582433635527
5824.8,156.24260508177497,156.2428729628911
5825.5199999999995,156.23965386584257,156.23992174189775
5826.24,156.23670280235388,156.2369706733488
5826.96,156.23375189128262,156.23401975721782
5827.679999999999,156.230801132603,156.2310689934785
5828.4,156.2278505262882,156.2281183821043
5829.12,156.22490007231215,156.22516792306897
5829.84,156.2219497706476,156.22221761634606
5830.5599999999995,156.21899962126895,156.2192674619092
5831.28,156.21604962414983,156.216317459732
5832.0,156.2130997792633,156.21336760978818
5832.719999999999,156.21015008658424,156.21041791205127
5833.44,156.207200546085,156.20746836649505
5834.16,156.2042511577398,156.20451897309312
5834.88,156.20130192152214,156.20156973181912
5835.599999999999,156.19835283740576,156.1986206426468
5836.32,156.19540390536463,156.19567170554987
5837.04,156.19245512537168,156.19272292050192
5837.76,156.18950649740202,156.18977428747672
5838.48,156.1865580214278,156.18682580644796
5839.2,156.18360969742355,156.1838774773893
5839.92,156.18066152536312,156.18092930027456
5840.639999999999,156.1777135052198,156.1779812750774
5841.36,156.17476563696766,156.1750334017716
5842.08,156.17181792058045,156.17208568033092
5842.8,156.16887035603145,156.16913811072905
5843.5199999999995,156.16592294329485,156.1661906929398
5844.24,156.16297568234472,156.16324342693687
5844.96,156.1600285731539,156.16029631269413
5845.679999999999,156.15708161569705,156.1573493501853
5846.4,156.15413480994744,156.15440253938422
5847.12,156.15118815587903,156.1514558802646
5847.84,156.14824165346624,156.1485093728003
5848.5599999999995,156.1452953026818,156.14556301696516
5849.28,156.14234910350035,156.14261681273297
5850.0,156.1394030558955,156.13967076007748
5850.719999999999,156.13645715984057,156.13672485897268
5851.44,156.1335114153104,156.1337791093923
5852.16,156.13056582227784,156.1308335113102
5852.88,156.12762038071742,156.12788806470022
5853.599999999999,156.12467509060275,156.12494276953623
5854.32,156.1217299519078,156.12199762579212
5855.04,156.11878496460656,156.11905263344178
5855.76,156.11584012867286,156.11610779245905
5856.48,156.1128954440802,156.11316310281788
5857.2,156.1099509108028,156.11021856449213
5857.92,156.10700652881474,156.1072741774557
5858.639999999999,156.10406229808984,156.10432994168255
5859.36,156.10111821860175,156.1013858571465
5860.08,156.09817429032455,156.09844192382155
5860.8,156.09523051323276,156.0954981416817
5861.5199999999995,156.09228688729922,156.09255451070075
5862.24,156.0893434124988,156.0896110308527
5862.96,156.08640008880525,156.08666770211155
5863.679999999999,156.08345691619263,156.08372452445124
5864.4,156.08051389463458,156.08078149784572
5865.12,156.07757102410528,156.07783862226904
5865.84,156.07462830457848,156.0748958976951
5866.5599999999995,156.0716857360277,156.07195332409788
5867.28,156.068743318428,156.0690109014515
5868.0,156.06580105175226,156.0660686297299
5868.719999999999,156.0628589359751,156.06312650890703
5869.44,156.05991697107038,156.060184538957
5870.16,156.0569751570123,156.05724271985378
5870.88,156.05403349377445,156.05430105157146
5871.599999999999,156.05109198133164,156.05135953408407
5872.32,156.0481506196569,156.04841816736564
5873.04,156.04520940872544,156.0454769513902
5873.76,156.04226834851022,156.04253588613193
5874.48,156.0393274389861,156.03959497156475
5875.2,156.03638668012684,156.03665420766285
5875.92,156.03344607190684,156.03371359440033
5876.639999999999,156.0305056142996,156.03077313175123
5877.36,156.02756530727993,156.02783281968965
5878.08,156.02462515082084,156.02489265818966
5878.8,156.0216851448978,156.02195264722545
5879.5199999999995,156.0187452894843,156.0190127867711
5880.24,156.0158055845544,156.0160730768008
5880.96,156.01286603008236,156.0131335172886
5881.679999999999,156.00992662604187,156.01019410820868
5882.4,156.00698737240793,156.00725484953523
5883.12,156.00404826915394,156.00431574124235
5883.84,156.00110931625477,156.00137678330424
5884.5599999999995,155.99817051368393,155.99843797569514
5885.28,155.99523186141607,155.9954993183891
5886.0,155.99229335942505,155.99256081136036
5886.719999999999,155.98935500768528,155.98962245458316
5887.44,155.98641680617106,155.98668424803165
5888.16,155.98347875485638,155.98374619168004
5888.88,155.98054085371587,155.98080828550258
5889.599999999999,155.97760310272292,155.97787052947342
5890.32,155.9746655018522,155.9749329235669
5891.04,155.97172805107834,155.9719954677572
5891.76,155.9687907503751,155.96905816201854
5892.48,155.9658535997171,155.96612100632524
5893.2,155.9629165990783,155.96318400065152
5893.92,155.95997974843328,155.96024714497162
5894.639999999999,155.9570430477554,155.95731043925986
5895.36,155.95410649702035,155.95437388349052
5896.08,155.9511700962014,155.95143747763782
5896.8,155.94823384527353,155.94850122167614
5897.5199999999995,155.94529774421062,155.94556511557974
5898.24,155.94236179298662,155.94262915932293
5898.96,155.93942599157663,155.93969335288
5899.679999999999,155.93649033995462,155.93675769622536
5900.4,155.93355483809512,155.93382218933326
5901.12,155.93061948597222,155.93088683217803
5901.84,155.9276842835602,155.9279516247341
5902.5599999999995,155.92474923083375,155.92501656697578
5903.28,155.92181432776715,155.9220816588774
5904.0,155.91887957433437,155.91914690041338
5904.719999999999,155.9159449705104,155.91621229155803
5905.44,155.9130105162692,155.91327783228576
5906.16,155.91007621158553,155.91034352257094
5906.88,155.90714205643314,155.90740936238805
5907.599999999999,155.90420805078713,155.9044753517114
5908.32,155.90127419462192,155.90154149051537
5909.04,155.89834048791147,155.89860777877453
5909.76,155.89540693063032,155.89567421646314
5910.48,155.892473522753,155.89274080355568
5911.2,155.88954026425415,155.88980754002662
5911.92,155.8866071551082,155.88687442585044
5912.639999999999,155.8836741952889,155.88394146100154
5913.36,155.8807413847718,155.88100864545433
5914.08,155.8778087235305,155.87807597918334
5914.8,155.8748762115398,155.87514346216304
5915.5199999999995,155.87194384877375,155.87221109436786
5916.24,155.8690116352068,155.86927887577232
5916.96,155.866079570814,155.86634680635095
5917.679999999999,155.8631476555695,155.86341488607823
5918.4,155.86021588944755,155.86048311492866
5919.12,155.85728427242327,155.85755149287672
5919.84,155.85435280447052,155.85462001989697
5920.5599999999995,155.85142148556452,155.85168869596396
5921.28,155.84849031567944,155.84875752105216
5922.0,155.84555929478938,155.84582649513615
5922.719999999999,155.84262842286955,155.8428956181905
5923.44,155.8396976998946,155.83996489018978
5924.16,155.83676712583838,155.83703431110848
5924.88,155.83383670067587,155.83410388092125
5925.599999999999,155.83090642438185,155.83117359960264
5926.32,155.82797629693084,155.82824346712724
5927.04,155.82504631829715,155.82531348346959
5927.76,155.82211648845532,155.82238364860433
5928.48,155.81918680738033,155.8194539625061
5929.2,155.81625727504695,155.81652442514948
5929.92,155.8133278914289,155.8135950365091
5930.639999999999,155.81039865650166,155.8106657965596
5931.36,155.80746957023985,155.8077367052756
5932.08,155.80454063261766,155.8048077626317
5932.8,155.80161184360998,155.80187896860264
5933.5199999999995,155.79868320319122,155.798950323163
5934.24,155.79575471133649,155.7960218262875
5934.96,155.7928263680202,155.7930934779508
5935.679999999999,155.78989817321724,155.79016527812752
5936.4,155.7869701269018,155.7872372267924
5937.12,155.78404222904874,155.7843093239201
5937.84,155.78111447963317,155.78138156948535
5938.5599999999995,155.77818687862975,155.77845396346277
5939.28,155.775259426013,155.7755265058272
5940.0,155.77233212175702,155.77259919655327
5940.719999999999,155.76940496583768,155.7696720356157
5941.44,155.76647795822907,155.76674502298926
5942.16,155.7635510989062,155.76381815864875
5942.88,155.76062438784345,155.7608914425688
5943.599999999999,155.75769782501595,155.75796487472425
5944.32,155.75477141039835,155.75503845508982
5945.04,155.75184514396517,155.75211218364026
5945.76,155.74891902569152,155.74918606035038
5946.48,155.74599305555205,155.74626008519493
5947.2,155.74306723352197,155.74333425814874
5947.92,155.74014155957525,155.7404085791866
5948.639999999999,155.73721603368722,155.73748304828328
5949.36,155.73429065583264,155.7345576654136
5950.08,155.73136542598638,155.73163243055234
5950.8,155.72844034412333,155.7287073436744
5951.5199999999995,155.72551541021767,155.7257824047546
5952.24,155.7225906242453,155.72285761376773
5952.96,155.71966598618064,155.7199329706887
5953.679999999999,155.716741495998,155.71700847549226
5954.4,155.71381715367306,155.71408412815336
5955.12,155.71089295917977,155.71115992864682
5955.84,155.70796891249427,155.70823587694755
5956.5599999999995,155.70504501359062,155.7053119730304
5957.28,155.70212126244337,155.70238821687028
5958.0,155.6991976590282,155.699464608442
5958.719999999999,155.69627420331994,155.69654114772058
5959.44,155.69335089529295,155.69361783468085
5960.16,155.69042773492265,155.69069466929776
5960.88,155.6875047221838,155.68777165154614
5961.599999999999,155.6845818570514,155.6848487814011
5962.32,155.6816591395002,155.68192605883735
5963.04,155.67873656950542,155.67900348383
5963.76,155.67581414704148,155.67608105635395
5964.48,155.67289187208326,155.67315877638416
5965.2,155.66996974460642,155.67023664389558
5965.92,155.66704776458505,155.66731465886312
5966.639999999999,155.6641259319947,155.6643928212619
5967.36,155.66120424681003,155.66147113106675
5968.08,155.65828270900613,155.65854958825278
5968.8,155.6553613185581,155.6556281927949
5969.5199999999995,155.65244007544118,155.65270694466813
5970.24,155.64951897962965,155.64978584384752
5970.96,155.6465980310992,155.64686489030808
5971.679999999999,155.64367722982422,155.64394408402475
5972.4,155.64075657578053,155.6410234249727
5973.12,155.63783606894265,155.6381029131269
5973.84,155.6349157092859,155.6351825484623
5974.5599999999995,155.63199549678473,155.63226233095412
5975.28,155.62907543141523,155.62934226057735
5976.0,155.6261555131515,155.62642233730702
5976.719999999999,155.6232357419691,155.62350256111822
5977.44,155.6203161178429,155.620582931986
5978.16,155.6173966407482,155.61766344988553
5978.88,155.61447731065994,155.61474411479185
5979.599999999999,155.61155812755317,155.6118249266801
5980.32,155.60863909140323,155.60890588552536
5981.04,155.6057202021849,155.6059869913027
5981.76,155.60280145987383,155.60306824398728
5982.48,155.59988286444468,155.6001496435542
5983.2,155.59696441587243,155.59723118997863
5983.92,155.59404611413277,155.5943128832357
5984.639999999999,155.59112795920043,155.59139472330054
5985.36,155.58820995105089,155.58847671014829
5986.08,155.58529208965922,155.58555884375417
5986.8,155.5823743750003,155.58264112409333
5987.5199999999995,155.57945680704984,155.5797235511409
5988.24,155.5765393857822,155.5768061248721
5988.96,155.57362211117368,155.57388884526205
5989.679999999999,155.57070498319865,155.57097171228608
5990.4,155.5677880018327,155.56805472591927
5991.12,155.56487116705034,155.56513788613688
5991.84,155.56195447882806,155.56222119291414
5992.5599999999995,155.55903793714003,155.55930464622628
5993.28,155.55612154196194,155.5563882460485
5994.0,155.55320529326866,155.55347199235598
5994.719999999999,155.55028919103597,155.55055588512403
5995.44,155.54737323523852,155.54763992432788
5996.16,155.54445742585244,155.54472410994288
5996.88,155.5415417628518,155.5418084419441
5997.599999999999,155.5386262462132,155.53889292030703
5998.32,155.53571087591092,155.53597754500672
5999.04,155.53279565192088,155.53306231601866
5999.76,155.5298805742175,155.530147233318
6000.48,155.5269656427772,155.52723229688007
6001.2,155.52405085757448,155.52431750668026
6001.92,155.52113621858518,155.52140286269375
6002.639999999999,155.5182217257841,155.51848836489597
6003.36,155.51530737914698,155.5155740132621
6004.08,155.51239317864906,155.51265980776768
6004.8,155.5094791242659,155.50974574838784
6005.5199999999995,155.50656521597216,155.50683183509804
6006.24,155.50365145374394,155.50391806787357
6006.96,155.50073783755602,155.50100444668988
6007.679999999999,155.49782436738428,155.49809097152223
6008.4,155.49491104320373,155.49517764234605
6009.12,155.49199786499037,155.49226445913672
6009.84,155.48908483271885,155.48935142186957
6010.5599999999995,155.48617194636483,155.48643853052008
6011.28,155.48325920590366,155.48352578506362
6012.0,155.480346611311,155.48061318547553
6012.719999999999,155.47743416256174,155.47770073173132
6013.44,155.4745218596314,155.4747884238063
6014.16,155.4716097024957,155.471876261676
6014.88,155.46869769112948,155.4689642453158
6015.599999999999,155.46578582550842,155.46605237470115
6016.32,155.46287410560808,155.46314064980743
6017.04,155.4599625314039,155.46022907061018
6017.76,155.45705110287156,155.45731763708483
6018.48,155.4541398199857,155.45440634920683
6019.2,155.451228682723,155.4514952069517
6019.92,155.44831769105804,155.44858421029485
6020.639999999999,155.44540684496644,155.4456733592118
6021.36,155.4424961444239,155.44276265367807
6022.08,155.43958558940562,155.43985209366912
6022.8,155.43667517988786,155.43694167916044
6023.5199999999995,155.43376491584513,155.4340314101276
6024.24,155.43085479725346,155.43112128654613
6024.96,155.42794482408863,155.4282113083915
6025.679999999999,155.4250349963255,155.42530147563926
6026.4,155.4221253139401,155.42239178826495
6027.12,155.41921577690812,155.41948224624412
6027.84,155.4163063852045,155.41657284955227
6028.5599999999995,155.4133971388053,155.41366359816507
6029.28,155.41048803768615,155.41075449205798
6030.0,155.4075790818224,155.40784553120665
6030.719999999999,155.4046702711895,155.4049367155866
6031.44,155.40176160576289,155.40202804517347
6032.16,155.3988530855188,155.39911951994281
6032.88,155.39594471043256,155.39621113987022
6033.599999999999,155.39303648047996,155.39330290493137
6034.32,155.39012839563577,155.39039481510179
6035.04,155.38722045587645,155.38748687035715
6035.76,155.3843126611772,155.38457907067306
6036.48,155.3814050115144,155.38167141602514
6037.2,155.37849750686314,155.37876390638908
6037.92,155.37559014719864,155.37585654174046
6038.639999999999,155.372682932497,155.37294932205492
6039.36,155.36977586273383,155.37004224730822
6040.08,155.36686893788544,155.36713531747597
6040.8,155.36396215792638,155.3642285325338
6041.5199999999995,155.36105552283288,155.36132189245745
6042.24,155.35814903258063,155.3584153972226
6042.96,155.3552426871454,155.35550904680494
6043.679999999999,155.35233648650285,155.35260284118016
6044.4,155.3494304306288,155.3496967803239
6045.12,155.34652451949842,155.346790864212
6045.84,155.34361875308787,155.34388509282013
6046.5599999999995,155.34071313137315,155.34097946612397
6047.28,155.3378076543296,155.33807398409925
6048.0,155.3349023219331,155.3351686467218
6048.719999999999,155.33199713415888,155.3322634539673
6049.44,155.32909209098364,155.3293584058115
6050.16,155.32618719238258,155.32645350223015
6050.88,155.32328243833172,155.32354874319904
6051.599999999999,155.3203778288066,155.320644128694
6052.32,155.31747336378305,155.31773965869064
6053.04,155.31456904323682,155.3148353331649
6053.76,155.31166486714403,155.31193115209254
6054.48,155.30876083548026,155.30902711544934
6055.2,155.30585694822128,155.30612322321105
6055.92,155.30295320534287,155.30321947535356
6056.639999999999,155.3000496068206,155.30031587185275
6057.36,155.29714615263117,155.29741241268425
6058.08,155.29424284274978,155.29450909782406
6058.8,155.29133967715245,155.29160592724793
6059.5199999999995,155.28843665581485,155.28870290093178
6060.24,155.28553377871287,155.28580001885138
6060.96,155.28263104582243,155.2828972809826
6061.679999999999,155.27972845711963,155.27999468730133
6062.4,155.27682601257925,155.27709223778348
6063.12,155.27392371217798,155.2741899324049
6063.84,155.27102155589182,155.2712877711414
6064.5599999999995,155.26811954369623,155.26838575396894
6065.28,155.2652176755671,155.26548388086348
6066.0,155.26231595148056,155.26258215180079
6066.719999999999,155.2594143714124,155.25968056675688
6067.44,155.25651293533872,155.25677912570762
6068.16,155.25361164323522,155.2538778286289
6068.88,155.25071049507812,155.25097667549676
6069.599999999999,155.2478094908431,155.248075666287
6070.32,155.24490863050573,155.24517480097566
6071.04,155.2420079140428,155.24227407953873
6071.76,155.23910734142999,155.23937350195197
6072.48,155.23620691264296,155.23647306819157
6073.2,155.23330662765784,155.23357277823337
6073.92,155.23040648645076,155.23067263205343
6074.639999999999,155.22750648899705,155.2277726296276
6075.36,155.22460663527374,155.22487277093197
6076.08,155.22170692525606,155.2219730559425
6076.8,155.21880735892012,155.2190734846352
6077.5199999999995,155.21590793624216,155.21617405698612
6078.24,155.21300865719843,155.2132747729712
6078.96,155.21010952176425,155.21037563256652
6079.679999999999,155.20721052991644,155.2074766357481
6080.4,155.20431168163043,155.20457778249192
6081.12,155.20141297688178,155.2016790727741
6081.84,155.198514415648,155.1987805065707
6082.5599999999995,155.19561599790393,155.1958820838577
6083.28,155.1927177236263,155.19298380461117
6084.0,155.1898195927912,155.1900856688072
6084.719999999999,155.18692160537398,155.18718767642181
6085.44,155.18402376135134,155.18428982743114
6086.16,155.18112606069906,155.18139212181126
6086.88,155.1782285033936,155.17849455953828
6087.599999999999,155.1753310894111,155.17559714058828
6088.32,155.17243381872686,155.1726998649374
6089.04,155.16953669131794,155.16980273256172
6089.76,155.16663970716002,155.16690574343733
6090.48,155.1637428662292,155.16400889754044
6091.2,155.16084616850185,155.1611121948471
6091.92,155.15794961395386,155.1582156353335
6092.639999999999,155.1550532025616,155.15531921897576
6093.36,155.15215693430116,155.15242294574998
6094.08,155.1492608091488,155.14952681563244
6094.8,155.1463648270801,155.1466308285992
6095.5199999999995,155.14346898807185,155.14373498462646
6096.24,155.14057329210027,155.14083928369038
6096.96,155.13767773914128,155.13794372576723
6097.679999999999,155.134782329171,155.13504831083313
6098.4,155.1318870621658,155.13215303886426
6099.12,155.12899193810222,155.1292579098369
6099.84,155.12609695695596,155.12636292372716
6100.5599999999995,155.12320211870326,155.1234680805114
6101.28,155.1203074233208,155.12057338016564
6102.0,155.11741287078428,155.11767882266628
6102.719999999999,155.11451846107025,155.11478440798942
6103.44,155.11162419415473,155.11189013611147
6104.16,155.1087300700143,155.10899600700853
6104.88,155.1058360886251,155.10610202065692
6105.599999999999,155.10294224996312,155.10320817703288
6106.32,155.10004855400518,155.1003144761127
6107.04,155.09715500072718,155.09742091787257
6107.76,155.09426159010536,155.09452750228888
6108.48,155.0913683221164,155.09163422933787
6109.2,155.088475196736,155.08874109899588
6109.92,155.08558221394082,155.08584811123913
6110.639999999999,155.08268937370667,155.08295526604402
6111.36,155.07979667601057,155.08006256338678
6112.08,155.07690412082832,155.0771700032437
6112.8,155.07401170813625,155.07427758559123
6113.5199999999995,155.07111943791074,155.0713853104056
6114.24,155.0682273101279,155.06849317766319
6114.96,155.06533532476465,155.0656011873403
6115.679999999999,155.06244348179655,155.06270933941337
6116.4,155.0595517812011,155.0598176338587
6117.12,155.0566602229535,155.05692607065262
6117.84,155.05376880703034,155.05403464977152
6118.5599999999995,155.05087753340865,155.0511433711918
6119.28,155.04798640206445,155.0482522348899
6120.0,155.0450954129741,155.04536124084208
6120.719999999999,155.04220456611358,155.04247038902483
6121.44,155.03931386145996,155.03957967941454
6122.16,155.03642329898958,155.0366891119876
6122.88,155.03353287867856,155.03379868672042
6123.599999999999,155.03064260050326,155.0309084035894
6124.32,155.02775246444014,155.028018262571
6125.04,155.0248624704659,155.02512826364168
6125.76,155.02197261855702,155.02223840677786
6126.48,155.01908290868982,155.01934869195594
6127.2,155.01619334084035,155.01645911915244
6127.92,155.01330391498595,155.01356968834378
6128.639999999999,155.0104146311021,155.0106803995065
6129.36,155.0075254891658,155.00779125261687
6130.08,155.00463648915388,155.0049022476516
6130.8,155.00174763104212,155.0020133845871
6131.5199999999995,154.99885891480722,154.99912466339978
6132.24,154.9959703404262,154.99623608406623
6132.96,154.99308190787474,154.9933476465629
6133.679999999999,154.99019361712965,154.99045935086636
6134.4,154.98730546816785,154.9875711969531
6135.12,154.9844174609658,154.9846831847996
6135.84,154.9815295954994,154.98179531438245
6136.5599999999995,154.9786418717456,154.97890758567812
6137.28,154.97575428968105,154.97601999866316
6138.0,154.972866849282,154.97313255331423
6138.719999999999,154.96997955052564,154.97024524960773
6139.44,154.96709239338782,154.96735808752032
6140.16,154.96420537784547,154.96447106702854
6140.88,154.96131850387496,154.96158418810901
6141.599999999999,154.95843177145298,154.9586974507382
6142.32,154.95554518055644,154.95581085489283
6143.04,154.95265873116125,154.9529244005494
6143.76,154.9497724232449,154.9500380876845
6144.48,154.94688625678305,154.94715191627486
6145.2,154.94400023175308,154.94426588629696
6145.92,154.94111434813112,154.94137999772744
6146.639999999999,154.9382286058941,154.93849425054293
6147.36,154.93534300501824,154.9356086447201
6148.08,154.93245754548093,154.9327231802355
6148.8,154.92957222725784,154.92983785706588
6149.5199999999995,154.92668705032645,154.9269526751878
6150.24,154.92380201466335,154.924067634578
6150.96,154.92091712024467,154.92118273521308
6151.679999999999,154.91803236704777,154.91829797706973
6152.4,154.91514775504845,154.91541336012463
6153.12,154.9122632842243,154.91252888435443
6153.84,154.90937895455158,154.90964454973584
6154.5599999999995,154.9064947660072,154.90676035624554
6155.28,154.9036107185674,154.90387630386027
6156.0,154.90072681220943,154.90099239255673
6156.719999999999,154.89784304690966,154.89810862231158
6157.44,154.8949594226449,154.89522499310158
6158.16,154.89207593939216,154.89234150490344
6158.88,154.88919259712748,154.8894581576939
6159.599999999999,154.8863093958281,154.88657495144966
6160.32,154.8834263354703,154.8836918861475
6161.04,154.8805434160313,154.88080896176422
6161.76,154.877660637487,154.87792617827648
6162.48,154.87477799981525,154.8750435356611
6163.2,154.87189550299217,154.8721610338948
6163.92,154.86901314699458,154.86927867295438
6164.639999999999,154.8661309317996,154.86639645281662
6165.36,154.86324885738395,154.86351437345834
6166.08,154.86036692372363,154.86063243485626
6166.8,154.85748513079614,154.85775063698728
6167.5199999999995,154.85460347857838,154.85486897982815
6168.24,154.8517219670474,154.8519874633557
6168.96,154.84884059617912,154.84910608754672
6169.679999999999,154.84595936595065,154.84622485237801
6170.4,154.8430782763395,154.84334375782646
6171.12,154.84019732732156,154.8404628038689
6171.84,154.83731651887445,154.8375819904821
6172.5599999999995,154.83443585097461,154.83470131764304
6173.28,154.83155532359922,154.83182078532846
6174.0,154.8286749367246,154.82894039351532
6174.719999999999,154.82579469032828,154.82606014218038
6175.44,154.8229145843867,154.8231800313006
6176.16,154.82003461887655,154.82030006085287
6176.88,154.8171547937751,154.81742023081395
6177.599999999999,154.81427510905962,154.81454054116088
6178.32,154.81139556470566,154.81166099187044
6179.04,154.80851616069185,154.8087815829197
6179.76,154.80563689699386,154.8059023142854
6180.48,154.80275777358884,154.80302318594454
6181.2,154.79987879045427,154.80014419787403
6181.92,154.79699994756663,154.7972653500508
6182.639999999999,154.79412124490307,154.7943866424518
6183.36,154.79124268244016,154.79150807505394
6184.08,154.78836426015505,154.7886296478342
6184.8,154.78548597802512,154.7857513607695
6185.5199999999995,154.7826078360265,154.78287321383684
6186.24,154.77972983413667,154.77999520701317
6186.96,154.7768519723328,154.77711734027548
6187.679999999999,154.7739742505912,154.77423961360074
6188.4,154.77109666888987,154.7713620269659
6189.12,154.7682192272049,154.76848458034803
6189.84,154.76534192551378,154.76560727372407
6190.5599999999995,154.7624647637931,154.76273010707104
6191.28,154.75958774202047,154.75985308036599
6192.0,154.75671086017223,154.75697619358584
6192.719999999999,154.75383411822577,154.75409944670767
6193.44,154.75095751615845,154.75122283970848
6194.16,154.74808105394652,154.74834637256538
6194.88,154.7452047315678,154.74547004525536
6195.599999999999,154.74232854899913,154.74259385775545
6196.32,154.73945250621705,154.73971781004278
6197.04,154.73657660319907,154.73684190209426
6197.76,154.7337008399229,154.7339661338871
6198.48,154.73082521636422,154.73109050539836
6199.2,154.72794973250097,154.728215016605
6199.92,154.7250743883103,154.72533966748423
6200.639999999999,154.72219918376902,154.72246445801312
6201.36,154.7193241188544,154.7195893881687
6202.08,154.7164491935432,154.71671445792816
6202.8,154.71357440781355,154.71383966726856
6203.5199999999995,154.71069976164097,154.71096501616702
6204.24,154.70782525500374,154.70809050460065
6204.96,154.70495088787914,154.7052161325466
6205.679999999999,154.70207666024328,154.702341899982
6206.4,154.69920257207446,154.69946780688397
6207.12,154.69632862334925,154.69659385322964
6207.84,154.69345481404412,154.69372003899625
6208.5599999999995,154.69058114413747,154.69084636416088
6209.28,154.6877076136052,154.6879728287007
6210.0,154.68483422242525,154.6850994325929
6210.719999999999,154.68196097057455,154.6822261758147
6211.44,154.6790878580298,154.67935305834314
6212.16,154.6762148847696,154.67648008015559
6212.88,154.6733420507694,154.67360724122912
6213.599999999999,154.67046935600752,154.670734541541
6214.32,154.66759680046107,154.66786198106837
6215.04,154.664724384107,154.6649895597885
6215.76,154.66185210692208,154.66211727767853
6216.48,154.65897996888452,154.6592451347158
6217.2,154.65610796997112,154.65637313087745
6217.92,154.65323611015867,154.65350126614078
6218.639999999999,154.65036438942514,154.65062954048304
6219.36,154.6474928077472,154.64775795388135
6220.08,154.64462136510258,154.64488650631313
6220.8,154.64175006146854,154.64201519775557
6221.5199999999995,154.63887889682167,154.63914402818594
6222.24,154.63600787114012,154.6362729975815
6222.96,154.6331369844006,154.63340210591954
6223.679999999999,154.6302662365806,154.63053135317736
6224.4,154.62739562765705,154.62766073933224
6225.12,154.624525157608,154.6247902643615
6225.84,154.62165482641024,154.62191992824245
6226.5599999999995,154.61878463404094,154.6190497309523
6227.28,154.61591458047803,154.6161796724685
6228.0,154.6130446656981,154.6133097527683
6228.719999999999,154.61017488967934,154.61043997182898
6229.44,154.60730525239796,154.60757032962803
6230.16,154.6044357538325,154.60470082614268
6230.88,154.60156639395916,154.6018314613503
6231.599999999999,154.59869717275615,154.59896223522819
6232.32,154.59582809020048,154.5960931477538
6233.04,154.59295914626966,154.59322419890444
6233.76,154.59009034094072,154.59035538865754
6234.48,154.58722167419182,154.58748671699036
6235.2,154.58435314599978,154.5846181838804
6235.92,154.58148475634164,154.58174978930498
6236.639999999999,154.57861650519555,154.57888153324154
6237.36,154.57574839253846,154.5760134156674
6238.08,154.57288041834784,154.57314543656008
6238.8,154.5700125826013,154.57027759589693
6239.5199999999995,154.5671448852762,154.56740989365537
6240.24,154.56427732634972,154.56454232981284
6240.96,154.56140990579934,154.56167490434672
6241.679999999999,154.55854262360322,154.5588076172346
6242.4,154.5556754797376,154.55594046845377
6243.12,154.5528084741809,154.5530734579817
6243.84,154.54994160691024,154.55020658579593
6244.5599999999995,154.5470748779028,154.54733985187383
6245.28,154.5442082871366,154.54447325619287
6246.0,154.54134183458882,154.54160679873056
6246.719999999999,154.53847552023694,154.53874047946442
6247.44,154.53560934405868,154.53587429837182
6248.16,154.5327433060313,154.5330082554303
6248.88,154.52987740613207,154.5301423506174
6249.599999999999,154.52701164433893,154.5272765839106
6250.32,154.5241460206297,154.5244109552874
6251.04,154.52128053498097,154.5215454647254
6251.76,154.5184151873707,154.518680112202
6252.48,154.5155499777767,154.51581489769478
6253.2,154.51268490617633,154.51294982118128
6253.92,154.50981997254712,154.510084882639
6254.639999999999,154.50695517686654,154.5072200820455
6255.36,154.50409051911242,154.50435541937836
6256.08,154.50122599926158,154.5014908946151
6256.8,154.4983616172924,154.49862650773332
6257.5199999999995,154.4954973731816,154.49576225871056
6258.24,154.49263326690732,154.49289814752441
6258.96,154.48976929844684,154.49003417415244
6259.679999999999,154.4869054677779,154.4871703385722
6260.4,154.48404177487794,154.48430664076142
6261.12,154.48117821972494,154.48144308069757
6261.84,154.47831480229615,154.47857965835829
6262.5599999999995,154.47545152256885,154.47571637372118
6263.28,154.47258838052176,154.4728532267639
6264.0,154.469725376131,154.469990217464
6264.719999999999,154.46686250937557,154.46712734579916
6265.44,154.46399978023237,154.464264611747
6266.16,154.46113718867934,154.46140201528516
6266.88,154.45827473469342,154.45853955639132
6267.599999999999,154.45541241825333,154.4556772350431
6268.32,154.45255023933623,154.45281505121815
6269.04,154.4496881979196,154.44995300489416
6269.76,154.44682629398142,154.44709109604878
6270.48,154.44396452749925,154.4442293246597
6271.2,154.44110289845094,154.44136769070457
6271.92,154.43824140681352,154.4385061941611
6272.639999999999,154.4353800525655,154.43564483500703
6273.36,154.4325188356844,154.43278361322
6274.08,154.42965775614755,154.42992252877775
6274.8,154.4267968139328,154.42706158165797
6275.5199999999995,154.423936009018,154.4242007718384
6276.24,154.42107534138108,154.42134009929674
6276.96,154.41821481099942,154.4184795640107
6277.679999999999,154.4153544178506,154.4156191659581
6278.4,154.41249416191317,154.41275890511662
6279.12,154.4096340431638,154.40989878146397
6279.84,154.40677406158102,154.40703879497795
6280.5599999999995,154.40391421714253,154.40417894563635
6281.28,154.40105450982583,154.40131923341684
6282.0,154.39819493960886,154.39845965829736
6282.719999999999,154.395335506469,154.39560022025546
6283.44,154.39247621038464,154.39274091926913
6284.16,154.38961705133318,154.38988175531605
6284.88,154.38675802929276,154.38702272837403
6285.599999999999,154.3838991442408,154.3841638384209
6286.32,154.38104039615553,154.3813050854344
6287.04,154.37818178501402,154.37844646939243
6287.76,154.37532331079512,154.37558799027272
6288.48,154.37246497347542,154.37272964805317
6289.2,154.36960677303432,154.36987144271157
6289.92,154.36674870944807,154.36701337422573
6290.639999999999,154.36389078269576,154.36415544257358
6291.36,154.3610329927543,154.36129764773284
6292.08,154.35817533960244,154.3584399896815
6292.8,154.35531782321732,154.3555824683973
6293.5199999999995,154.35246044357712,154.3527250838582
6294.24,154.34960320065943,154.34986783604202
6294.96,154.34674609444278,154.34701072492666
6295.679999999999,154.34388912490442,154.34415375049
6296.4,154.34103229202242,154.3412969127099
6297.12,154.33817559577483,154.33844021156426
6297.84,154.33531903613982,154.335583647031
6298.5599999999995,154.33246261309432,154.33272721908804
6299.28,154.32960632661707,154.32987092771327
6300.0,154.326750176686,154.3270147728846
6300.719999999999,154.32389416327862,154.32415875458
6301.44,154.32103828637332,154.3213028727773
6302.16,154.3181825459476,154.31844712745456
6302.88,154.31532694197983,154.31559151858966
6303.599999999999,154.31247147444742,154.31273604616052
6304.32,154.30961614332898,154.30988071014517
6305.04,154.30676094860223,154.30702551052147
6305.76,154.30390589024466,154.30417044726744
6306.48,154.30105096823456,154.30131552036107
6307.2,154.29819618254953,154.29846072978026
6307.92,154.29534153316786,154.2956060755031
6308.639999999999,154.29248702006748,154.29275155750756
6309.36,154.28963264322658,154.28989717577147
6310.08,154.28677840262276,154.28704293027303
6310.8,154.2839242982343,154.2841888209902
6311.5199999999995,154.28107033003903,154.28133484790095
6312.24,154.27821649801513,154.27848101098328
6312.96,154.27536280214042,154.27562731021527
6313.679999999999,154.27250924239377,154.27277374557488
6314.4,154.26965581875174,154.2699203170402
6315.12,154.26680253119343,154.26706702458927
6315.84,154.26394937969667,154.26421386820016
6316.5599999999995,154.26109636423973,154.26136084785085
6317.28,154.25824348479978,154.2585079635194
6318.0,154.255390741356,154.25565521518396
6318.719999999999,154.25253813388588,154.25280260282256
6319.44,154.24968566236737,154.2499501264132
6320.16,154.24683332677876,154.24709778593405
6320.88,154.2439811270982,154.24424558136317
6321.599999999999,154.2411290633039,154.24139351267868
6322.32,154.23827713537355,154.2385415798586
6323.04,154.23542534328567,154.23568978288108
6323.76,154.23257368701798,154.2328381217243
6324.48,154.22972216654887,154.22998659636627
6325.2,154.22687078185675,154.2271352067852
6325.92,154.2240195329191,154.2242839529591
6326.639999999999,154.22116841971422,154.2214328348662
6327.36,154.21831744222072,154.21858185248465
6328.08,154.215466600416,154.21573100579252
6328.8,154.21261589427888,154.21288029476798
6329.5199999999995,154.209765323787,154.21002971938924
6330.24,154.2069148889192,154.20717927963437
6330.96,154.20406458965294,154.20432897548164
6331.679999999999,154.201214425967,154.20147880690917
6332.4,154.198364397839,154.19862877389514
6333.12,154.1955145052474,154.1957788764177
6333.84,154.1926647481706,154.19292911445515
6334.5599999999995,154.1898151265865,154.19007948798554
6335.28,154.1869656404731,154.1872299969872
6336.0,154.1841162898089,154.1843806414383
6336.719999999999,154.18126707457247,154.18153142131706
6337.44,154.17841799474127,154.1786823366016
6338.16,154.17556905029437,154.17583338727033
6338.88,154.1727202412095,154.17298457330133
6339.599999999999,154.16987156746495,154.1701358946729
6340.32,154.16702302903866,154.16728735136326
6341.04,154.1641746259097,154.16443894335063
6341.76,154.16132635805548,154.16159067061332
6342.48,154.15847822545493,154.1587425331296
6343.2,154.15563022808567,154.15589453087765
6343.92,154.15278236592667,154.1530466638358
6344.639999999999,154.14993463895587,154.15019893198237
6345.36,154.14708704715144,154.14735133529555
6346.08,154.14423959049145,154.14450387375368
6346.8,154.14139226895497,154.14165654733506
6347.5199999999995,154.13854508251995,154.13880935601796
6348.24,154.13569803116422,154.1359622997807
6348.96,154.1328511148672,154.13311537860164
6349.679999999999,154.13000433360594,154.13026859245903
6350.4,154.1271576873595,154.1274219413312
6351.12,154.1243111761064,154.12457542519647
6351.84,154.12146479982437,154.12172904403323
6352.5599999999995,154.1186185584919,154.11888279781977
6353.28,154.11577245208775,154.11603668653444
6354.0,154.11292648058964,154.11319071015566
6354.719999999999,154.11008064397618,154.11034486866166
6355.44,154.1072349422259,154.10749916203088
6356.16,154.10438937531683,154.1046535902417
6356.88,154.10154394322706,154.1018081532725
6357.599999999999,154.09869864593554,154.09896285110162
6358.32,154.09585348342057,154.09611768370738
6359.04,154.09300845566065,154.09327265106833
6359.76,154.0901635626335,154.0904277531628
6360.48,154.08731880431822,154.08758298996915
6361.2,154.08447418069284,154.08473836146578
6361.92,154.08162969173588,154.08189386763118
6362.639999999999,154.0787853374261,154.07904950844375
6363.36,154.0759411177412,154.07620528388185
6364.08,154.07309703266026,154.07336119392397
6364.8,154.07025308216134,154.07051723854858
6365.5199999999995,154.0674092662233,154.06767341773408
6366.24,154.06456558482398,154.0648297314589
6366.96,154.0617220379421,154.06198617970148
6367.679999999999,154.05887862555653,154.05914276244033
6368.4,154.05603534764498,154.05629947965386
6369.12,154.05319220418687,154.05345633132055
6369.84,154.0503491951598,154.05061331741896
6370.5599999999995,154.04750632054265,154.04777043792748
6371.28,154.0446635803139,154.04492769282464
6372.0,154.04182097445175,154.0420850820889
6372.719999999999,154.03897850293538,154.0392426056988
6373.44,154.0361361657424,154.03640026363283
6374.16,154.03329396285199,154.03355805586946
6374.88,154.0304518942428,154.03071598238733
6375.599999999999,154.0276099598924,154.02787404316476
6376.32,154.02476815978048,154.02503223818042
6377.04,154.0219264938844,154.02219056741285
6377.76,154.0190849621839,154.0193490308405
6378.48,154.0162435646571,154.01650762844196
6379.2,154.01340230128176,154.0136663601958
6379.92,154.01056117203746,154.01082522608058
6380.639999999999,154.00772017690213,154.00798422607483
6381.36,154.00487931585508,154.00514336015712
6382.08,154.00203858887403,154.00230262830604
6382.8,153.99919799593806,153.99946203050015
6383.5199999999995,153.9963575370257,153.996621566718
6384.24,153.99351721211497,153.99378123693825
6384.96,153.99067702118577,153.9909410411395
6385.679999999999,153.9878369642155,153.9881009793003
6386.4,153.9849970411832,153.9852610513992
6387.12,153.9821572520675,153.98242125741496
6387.84,153.97931759684695,153.97958159732605
6388.5599999999995,153.97647807550038,153.97674207111112
6389.28,153.97363868800585,153.9739026787489
6390.0,153.97079943434278,153.97106342021794
6390.719999999999,153.96796031448923,153.96822429549695
6391.44,153.9651213284244,153.9653853045645
6392.16,153.96228247612646,153.96254644739932
6392.88,153.95944375757392,153.9597077239799
6393.599999999999,153.9566051727461,153.95686913428506
6394.32,153.95376672162115,153.95403067829346
6395.04,153.95092840417806,153.95119235598366
6395.759999999999,153.9480902203951,153.94835416733446
6396.48,153.94525217025148,153.9455161123245
6397.2,153.9424142537257,153.94267819093244
6397.92,153.93957647079628,153.93984040313703
6398.639999999999,153.93673882144196,153.93700274891694
6399.36,153.9339013056416,153.93416522825086
6400.08,153.93106392337404,153.9313278411175
6400.8,153.9282266746177,153.92849058749567
6401.5199999999995,153.92538955935174,153.92565346736396
6402.24,153.92255257755437,153.92281648070116
6402.96,153.91971572920443,153.91997962748604
6403.679999999999,153.91687901428054,153.91714290769733
6404.4,153.91404243276145,153.91430632131375
6405.12,153.911205984626,153.91146986831401
6405.84,153.90836966985296,153.9086335486769
6406.5599999999995,153.90553348842093,153.9057973623812
6407.28,153.9026974403091,153.9029613094057
6408.0,153.89986152549557,153.9001253897291
6408.719999999999,153.89702574395994,153.89728960333025
6409.44,153.8941900956802,153.89445395018794
6410.16,153.89135458063538,153.8916184302809
6410.88,153.8885191988046,153.88878304358792
6411.599999999999,153.88568395016625,153.88594779008784
6412.32,153.8828488346993,153.88311266975947
6413.04,153.88001385238272,153.88027768258158
6413.759999999999,153.87717900319535,153.8774428285331
6414.48,153.8743442871156,153.87460810759273
6415.2,153.87150970412233,153.87177351973932
6415.92,153.86867525419484,153.86893906495172
6416.639999999999,153.86584093731176,153.86610474320884
6417.36,153.86300675345205,153.86327055448942
6418.08,153.86017270259424,153.8604364987724
6418.8,153.8573387847174,153.8576025760365
6419.5199999999995,153.85450499980038,153.8547687862607
6420.24,153.85167134782205,153.8519351294239
6420.96,153.84883782876113,153.84910160550484
6421.679999999999,153.84600444259684,153.84626821448254
6422.4,153.84317118930778,153.84343495633576
6423.12,153.8403380688727,153.84060183104347
6423.84,153.83750508127093,153.8377688385845
6424.5599999999995,153.8346722264812,153.83493597893784
6425.28,153.83183950448222,153.83210325208233
6426.0,153.82900691525322,153.8292706579969
6426.719999999999,153.8261744587727,153.82643819666043
6427.44,153.82334213501997,153.8236058680519
6428.16,153.8205099439739,153.82077367215027
6428.88,153.81767788561353,153.81794160893435
6429.599999999999,153.81484595991742,153.8151096783832
6430.32,153.81201416686451,153.81227788047568
6431.04,153.80918250643435,153.8094462151908
6431.759999999999,153.80635097860534,153.8066146825075
6432.48,153.8035195833569,153.80378328240474
6433.2,153.80068832066752,153.8009520148614
6433.92,153.7978571905162,153.7981208798566
6434.639999999999,153.79502619288246,153.79528987736924
6435.36,153.79219532774493,153.7924590073783
6436.08,153.78936459508247,153.7896282698628
6436.8,153.78653399487416,153.78679766480167
6437.5199999999995,153.7837035270992,153.78396719217392
6438.24,153.7808731917363,153.78113685195868
6438.96,153.7780429887648,153.7783066441348
6439.679999999999,153.77521291816345,153.77547656868137
6440.4,153.7723829799114,153.77264662557744
6441.12,153.76955317398733,153.769816814802
6441.84,153.7667235003713,153.7669871363341
6442.5599999999995,153.76389395904152,153.76415759015273
6443.28,153.7610645499767,153.76132817623696
6444.0,153.75823527315663,153.7584988945659
6444.719999999999,153.7554061285607,153.7556697451185
6445.44,153.75257711616666,153.7528407278739
6446.16,153.74974823595448,153.75001184281112
6446.88,153.74691948790303,153.7471830899092
6447.599999999999,153.7440908719916,153.7443544691473
6448.32,153.74126238819906,153.7415259805045
6449.04,153.73843403650494,153.73869762395978
6449.759999999999,153.7356058168873,153.73586939949237
6450.48,153.73277772932624,153.73304130708127
6451.2,153.7299497738005,153.73021334670563
6451.92,153.7271219502893,153.72738551834453
6452.639999999999,153.72429425877112,153.7245578219771
6453.36,153.7214666992254,153.72173025758244
6454.08,153.71863927163156,153.7189028251397
6454.8,153.71581197596856,153.716075524628
6455.5199999999995,153.7129848122155,153.71324835602653
6456.24,153.7101577803512,153.71042131931432
6456.96,153.70733088035502,153.7075944144706
6457.679999999999,153.70450411220622,153.7047676414745
6458.4,153.70167747588437,153.70194100030514
6459.12,153.69885097136796,153.69911449094175
6459.84,153.6960245986362,153.69628811336352
6460.5599999999995,153.6931983576685,153.69346186754947
6461.28,153.69037224844385,153.69063575347894
6462.0,153.687546270942,153.68780977113104
6462.719999999999,153.68472042514145,153.68498392048505
6463.44,153.68189471102176,153.68215820152002
6464.16,153.67906912856154,153.6793326142152
6464.88,153.6762436777409,153.6765071585499
6465.599999999999,153.6734183585388,153.67368183450318
6466.32,153.670593170934,153.6708566420544
6467.04,153.66776811490615,153.66803158118262
6467.759999999999,153.66494319043443,153.66520665186718
6468.48,153.6621183974978,153.66238185408733
6469.2,153.6592937360757,153.65955718782226
6469.92,153.65646920614734,153.65673265305122
6470.639999999999,153.65364480769233,153.6539082497535
6471.36,153.65082054068932,153.65108397790829
6472.08,153.64799640511796,153.6482598374949
6472.8,153.64517240095756,153.6454358284926
6473.5199999999995,153.64234852818697,153.64261195088062
6474.24,153.63952478678573,153.63978820463822
6474.96,153.63670117673325,153.63696458974474
6475.679999999999,153.63387769800863,153.63414110617947
6476.4,153.6310543505914,153.63131775392165
6477.12,153.62823113446075,153.6284945329506
6477.84,153.62540804959565,153.62567144324566
6478.5599999999995,153.62258509597564,153.62284848478603
6479.28,153.61976227358036,153.6200256575512
6480.0,153.6169395823888,153.61720296152032
6480.719999999999,153.61411702238047,153.61438039667286
6481.44,153.61129459353447,153.61155796298803
6482.16,153.6084722958302,153.6087356604452
6482.88,153.60565012924724,153.6059134890238
6483.599999999999,153.60282809376497,153.60309144870305
6484.32,153.60000618936226,153.60026953946237
6485.04,153.59718441601808,153.59744776128113
6485.759999999999,153.59436277371321,153.59462611413866
6486.48,153.59154126242652,153.59180459801425
6487.2,153.58871988213673,153.58898321288746
6487.92,153.58589863282396,153.5861619587375
6488.639999999999,153.5830775144667,153.58334083554385
6489.36,153.58025652704544,153.58051984328583
6490.08,153.577435670539,153.5776989819429
6490.8,153.5746149449268,153.57487825149443
6491.5199999999995,153.57179435018838,153.5720576519198
6492.24,153.56897388630296,153.56923718319854
6492.96,153.56615355324993,153.56641684530987
6493.679999999999,153.5633333510093,153.56359663823338
6494.4,153.5605132795596,153.5607765619484
6495.12,153.557693338881,153.55795661643435
6495.84,153.55487352895273,153.55513680167076
6496.5599999999995,153.5520538497542,153.55231711763696
6497.28,153.54923430126473,153.54949756431256
6498.0,153.5464148834643,153.5466781416769
6498.719999999999,153.54359559633122,153.54385884970944
6499.44,153.54077643984635,153.54103968838962
6500.16,153.53795741398835,153.53822065769697
6500.88,153.53513851873652,153.53540175761097
6501.599999999999,153.53231975407084,153.53258298811102
6502.32,153.52950111997006,153.52976434917665
6503.04,153.5266826164144,153.52694584078736
6503.759999999999,153.52386424338306,153.52412746292265
6504.48,153.52104600085522,153.52130921556207
6505.2,153.51822788881088,153.51849109868502
6505.92,153.51540990722924,153.5156731122711
6506.639999999999,153.51259205609028,153.51285525629973
6507.36,153.50977433537275,153.5100375307505
6508.08,153.50695674505698,153.50721993560293
6508.8,153.50413928512194,153.50440247083662
6509.5199999999995,153.50132195554693,153.501585136431
6510.24,153.49850475631263,153.49876793236567
6510.96,153.49568768739732,153.49595085862018
6511.679999999999,153.49287074878146,153.49313391517404
6512.4,153.4900539404441,153.49031710200686
6513.12,153.4872372623654,153.48750041909813
6513.84,153.48442071452394,153.4846838664275
6514.5599999999995,153.48160429690006,153.48186744397452
6515.28,153.47878800947342,153.47905115171875
6516.0,153.47597185222298,153.4762349896398
6516.719999999999,153.47315582512886,153.4734189577173
6517.44,153.47033992817035,153.47060305593075
6518.16,153.4675241613271,153.46778728425983
6518.88,153.46470852457912,153.46497164268408
6519.599999999999,153.46189301790548,153.4621561311832
6520.32,153.45907764128594,153.45934074973675
6521.04,153.45626239470016,153.45652549832434
6521.759999999999,153.45344727812835,153.45371037692567
6522.48,153.4506322915488,153.4508953855203
6523.2,153.4478174349423,153.44808052408789
6523.92,153.44500270828837,153.4452657926081
6524.639999999999,153.44218811156634,153.4424511910605
6525.36,153.43937364475607,153.43963671942487
6526.08,153.4365593078369,153.4368223776808
6526.8,153.4337451007891,153.43400816580802
6527.5199999999995,153.4309310235916,153.43119408378612
6528.24,153.42811707622445,153.4283801315948
6528.96,153.42530325866778,153.4255663092137
6529.679999999999,153.42248957090044,153.4227526166226
6530.4,153.41967601290253,153.4199390538011
6531.12,153.4168625846536,153.41712562072894
6531.84,153.41404928613383,153.41431231738585
6532.5599999999995,153.41123611732235,153.41149914375148
6533.28,153.40842307819935,153.40868609980555
6534.0,153.40561016874415,153.40587318552787
6534.719999999999,153.40279738893673,153.40306040089797
6535.44,153.39998473875653,153.40024774589574
6536.16,153.39717221818364,153.39743522050088
6536.88,153.39435982719783,153.39462282469313
6537.599999999999,153.39154756577852,153.3918105584522
6538.32,153.3887354339056,153.38899842175783
6539.04,153.38592343155892,153.38618641458984
6539.759999999999,153.38311155871804,153.38337453692793
6540.48,153.38029981536283,153.38056278875186
6541.2,153.3774882014735,153.37775117004148
6541.92,153.37467671702916,153.37493968077652
6542.639999999999,153.37186536200988,153.37212832093672
6543.36,153.36905413639545,153.3693170905019
6544.08,153.36624304016573,153.36650598945184
6544.8,153.36343207330015,153.36369501776633
6545.5199999999995,153.36062123577915,153.36088417542524
6546.24,153.35781052758216,153.35807346240827
6546.96,153.35499994868894,153.3552628786953
6547.679999999999,153.35218949907983,153.35245242426612
6548.4,153.34937917873356,153.34964209910058
6549.12,153.34656898763092,153.34683190317844
6549.84,153.34375892575122,153.34402183647958
6550.5599999999995,153.34094899307433,153.34121189898386
6551.28,153.33813918958003,153.33840209067105
6552.0,153.33532951524842,153.3355924115211
6552.719999999999,153.33251997005925,153.33278286151378
6553.44,153.32971055399207,153.329973440629
6554.16,153.3269012670271,153.32716414884655
6554.88,153.3240921091442,153.32435498614637
6555.599999999999,153.32128308032316,153.32154595250833
6556.32,153.31847418054394,153.31873704791226
6557.04,153.315665409786,153.31592827233806
6557.759999999999,153.31285676802963,153.3131196257657
6558.48,153.31004825525508,153.31031110817494
6559.2,153.3072398714412,153.3075027195458
6559.92,153.3044316165691,153.30469445985807
6560.639999999999,153.30162349061789,153.30188632909173
6561.36,153.29881549356764,153.29907832722677
6562.08,153.29600762539815,153.29627045424294
6562.8,153.29319988608984,153.29346271012022
6563.5199999999995,153.29039227562225,153.29065509483868
6564.24,153.28758479397573,153.28784760837812
6564.96,153.28477744112934,153.28504025071848
6565.679999999999,153.28197021706376,153.28223302183974
6566.4,153.27916312175898,153.27942592172187
6567.12,153.27635615519478,153.27661895034475
6567.84,153.27354931735078,153.27381210768849
6568.5599999999995,153.27074260820734,153.2710053937329
6569.28,153.2679360277442,153.26819880845804
6570.0,153.26512957594196,153.26539235184384
6570.719999999999,153.26232325277977,153.26258602387034
6571.44,153.25951705823798,153.2597798245174
6572.16,153.2567109922968,153.25697375376518
6572.88,153.25390505493579,153.2541678115936
6573.599999999999,153.25109924613525,153.2513619979826
6574.32,153.2482935658752,153.24855631291229
6575.04,153.2454880141354,153.24575075636264
6575.759999999999,153.24268259089604,153.24294532831365
6576.48,153.23987729613737,153.2401400287454
6577.2,153.23707212983925,153.23733485763782
6577.92,153.2342670919818,153.23452981497107
6578.639999999999,153.23146218254442,153.2317249007251
6579.36,153.22865740150792,153.22892011488005
6580.08,153.22585274885193,153.2261154574158
6580.8,153.2230482245568,153.22331092831254
6581.5199999999995,153.22024382860275,153.2205065275503
6582.24,153.2174395609694,153.21770225510912
6582.96,153.21463542163679,153.21489811096907
6583.679999999999,153.21183141058532,153.21209409511025
6584.4,153.20902752779512,153.20929020751274
6585.12,153.20622377324582,153.20648644815657
6585.84,153.20342014691823,153.20368281702193
6586.5599999999995,153.20061664879165,153.2008793140888
6587.28,153.19781327884664,153.19807593933734
6588.0,153.1950100370634,153.1952726927477
6588.719999999999,153.19220692342162,153.19246957429996
6589.44,153.18940393790183,153.18966658397414
6590.16,153.18660108048402,153.18686372175048
6590.88,153.1837983511483,153.18406098760906
6591.599999999999,153.1809957498749,153.18125838153006
6592.32,153.1781932766438,153.17845590349353
6593.04,153.17539093143523,153.1756535534796
6593.759999999999,153.17258871422916,153.1728513314686
6594.48,153.16978662500605,153.17004923744042
6595.2,153.16698466374623,153.1672472713754
6595.92,153.16418283042913,153.16444543325363
6596.639999999999,153.16138112503552,153.16164372305528
6597.36,153.1585795475454,153.15884214076056
6598.08,153.15577809793876,153.1560406863496
6598.8,153.15297677619606,153.1532393598026
6599.5199999999995,153.15017558229692,153.15043816109977
6600.24,153.14737451622182,153.14763709022128
6600.96,153.1445735779514,153.1448361471473
6601.679999999999,153.1417727674651,153.1420353318581
6602.4,153.1389720847434,153.1392346443338
6603.12,153.1361715297669,153.13643408455465
6603.84,153.13337110251518,153.1336336525009
6604.5599999999995,153.13057080296903,153.13083334815278
6605.28,153.12777063110866,153.12803317149042
6606.0,153.12497058691372,153.12523312249417
6606.719999999999,153.1221706703651,153.1224332011442
6607.44,153.11937088144236,153.1196334074207
6608.16,153.11657122012605,153.11683374130405
6608.88,153.11377168639683,153.11403420277443
6609.599999999999,153.1109722802346,153.1112347918121
6610.32,153.1081730016199,153.10843550839732
6611.04,153.10537385053237,153.10563635251034
6611.759999999999,153.10257482695272,153.10283732413143
6612.48,153.09977593086126,153.1000384232409
6613.2,153.0969771622382,153.09723964981904
6613.92,153.0941785210639,153.09444100384616
6614.639999999999,153.09138000731843,153.09164248530246
6615.36,153.08858162098238,153.08884409416837
6616.08,153.08578336203573,153.086045830424
6616.8,153.08298523045937,153.0832476940499
6617.5199999999995,153.08018722623285,153.08044968502622
6618.24,153.07738934933684,153.07765180333328
6618.96,153.074591599752,153.07485404895152
6619.679999999999,153.07179397745801,153.0720564218611
6620.4,153.06899648243564,153.0692589220425
6621.12,153.0661991146651,153.06646154947597
6621.84,153.06340187412695,153.06366430414184
6622.5599999999995,153.06060476080086,153.06086718602057
6623.28,153.05780777466805,153.0580701950924
6624.0,153.0550109157084,153.0552733313378
6624.719999999999,153.0522141839026,153.05247659473702
6625.44,153.04941757923098,153.04967998527047
6626.16,153.04662110167294,153.04688350291855
6626.88,153.04382475121054,153.04408714766157
6627.599999999999,153.04102852782273,153.04129091948
6628.32,153.03823243149054,153.03849481835414
6629.04,153.0354364621944,153.03569884426446
6629.759999999999,153.03264061991456,153.03290299719134
6630.48,153.02984490463155,153.03010727711518
6631.2,153.0270493163257,153.02731168401633
6631.92,153.02425385497736,153.02451621787532
6632.639999999999,153.02145852056708,153.02172087867248
6633.36,153.01866331307508,153.01892566638827
6634.08,153.0158682324818,153.01613058100304
6634.8,153.01307327876816,153.01333562249738
6635.5199999999995,153.01027845191413,153.0105407908516
6636.24,153.0074837519004,153.00774608604613
6636.96,153.00468917870705,153.0049515080615
6637.679999999999,153.00189473231524,153.0021570568781
6638.4,152.9991004127046,152.99936273247644
6639.12,152.99630621985636,152.99656853483697
6639.84,152.9935121537502,152.9937744639401
6640.5599999999995,152.99071821436735,152.99098051976645
6641.28,152.9879244016878,152.98818670229636
6642.0,152.9851307156921,152.98539301151035
6642.719999999999,152.98233715636093,152.9825994473889
6643.44,152.97954372367508,152.9798060099125
6644.16,152.97675041761408,152.9770126990617
6644.88,152.9739572381593,152.97421951481695
6645.599999999999,152.97116418529117,152.97142645715883
6646.32,152.96837125898992,152.96863352606775
6647.04,152.96557845923587,152.96584072152427
6647.759999999999,152.96278578600993,152.96304804350893
6648.48,152.95999323929232,152.96025549200223
6649.2,152.95720081906336,152.95746306698476
6649.92,152.95440852530407,152.954670768437
6650.639999999999,152.95161635799468,152.95187859633953
6651.36,152.94882431711596,152.9490865506728
6652.08,152.94603240264826,152.94629463141754
6652.8,152.94324061457246,152.94350283855417
6653.5199999999995,152.94044895286845,152.94071117206332
6654.24,152.9376574175178,152.9379196319255
6654.96,152.9348660085003,152.93512821812132
6655.679999999999,152.93207472579672,152.93233693063135
6656.4,152.92928356938728,152.92954576943615
6657.12,152.92649253925345,152.92675473451638
6657.84,152.92370163537532,152.92396382585252
6658.5599999999995,152.92091085773313,152.92117304342528
6659.28,152.91812020630834,152.91838238721525
6660.0,152.91532968108083,152.9155918572029
6660.719999999999,152.91253928203128,152.912801453369
6661.44,152.90974900914068,152.9100111756941
6662.16,152.9069588623895,152.90722102415887
6662.88,152.90416884175795,152.90443099874386
6663.599999999999,152.90137894722739,152.90164109942975
6664.32,152.89858917877814,152.89885132619716
6665.04,152.89579953639088,152.89606167902676
6665.759999999999,152.8930100200455,152.89327215789913
6666.48,152.890220629724,152.890482762795
6667.2,152.88743136540643,152.88769349369502
6667.92,152.8846422270732,152.88490435057977
6668.639999999999,152.88185321470496,152.88211533342997
6669.36,152.87906432828265,152.87932644222633
6670.08,152.8762755677874,152.87653767694945
6670.8,152.87348693319882,152.8737490375801
6671.5199999999995,152.87069842449876,152.8709605240989
6672.24,152.86791004166696,152.86817213648652
6672.96,152.86512178468433,152.86538387472376
6673.679999999999,152.8623336535319,152.86259573879124
6674.4,152.85954564819053,152.85980772866964
6675.12,152.85675776864002,152.85701984433973
6675.84,152.85397001486194,152.8542320857822
6676.5599999999995,152.85118238683674,152.85144445297777
6677.28,152.84839488454497,152.84865694590718
6678.0,152.84560750796788,152.84586956455115
6678.719999999999,152.84282025708592,152.8430823088904
6679.44,152.84003313187952,152.8402951789057
6680.16,152.83724613232948,152.8375081745778
6680.88,152.83445925841716,152.8347212958874
6681.599999999999,152.8316725101231,152.8319345428153
6682.32,152.82888588742765,152.82914791534225
6683.04,152.8260993903118,152.826361413449
6683.759999999999,152.82331301875627,152.8235750371163
6684.48,152.82052677274214,152.82078878632504
6685.2,152.81774065224988,152.81800266105586
6685.92,152.8149546572605,152.8152166612896
6686.639999999999,152.81216878775456,152.81243078700706
6687.36,152.80938304371284,152.80964503818896
6688.08,152.80659742511648,152.8068594148162
6688.8,152.80381193194592,152.80407391686947
6689.5199999999995,152.8010265641824,152.80128854432974
6690.24,152.79824132180624,152.7985032971777
6690.96,152.79545620479848,152.7957181753942
6691.679999999999,152.79267121314012,152.79293317896006
6692.4,152.78988634681173,152.7901483078561
6693.12,152.7871016057943,152.78736356206318
6693.84,152.78431699006865,152.78457894156213
6694.5599999999995,152.78153249961542,152.78179444633372
6695.28,152.77874813441554,152.77901007635893
6696.0,152.77596389445,152.77622583161846
6696.719999999999,152.77317977969938,152.7734417120933
6697.44,152.7703957901448,152.77065771776427
6698.16,152.7676119257668,152.76787384861217
6698.88,152.7648281865462,152.765090104618
6699.599999999999,152.7620445724641,152.7623064857625
6700.32,152.75926108350154,152.7595229920267
6701.04,152.75647771963895,152.75673962339133
6701.759999999999,152.75369448085803,152.75395637983738
6702.48,152.75091136713866,152.75117326134574
6703.2,152.7481283784623,152.7483902678972
6703.92,152.74534551480997,152.74560739947285
6704.639999999999,152.74256277616212,152.7428246560535
6705.36,152.73978016249998,152.74004203762001
6706.08,152.73699767380458,152.73725954415337
6706.8,152.73421531005658,152.7344771756345
6707.5199999999995,152.731433071237,152.73169493204432
6708.24,152.72865095732686,152.7289128133638
6708.96,152.72586896830728,152.7261308195738
6709.679999999999,152.7230871041586,152.72334895065532
6710.4,152.72030536486216,152.7205672065893
6711.12,152.7175237503991,152.71778558735667
6711.84,152.71474226074963,152.71500409293844
6712.5599999999995,152.7119608958958,152.71222272331556
6713.28,152.70917965581782,152.70944147846896
6714.0,152.70639854049693,152.70666035837968
6714.719999999999,152.70361754991404,152.7038793630286
6715.44,152.70083668404993,152.7010984923968
6716.16,152.6980559428863,152.69831774646522
6716.88,152.69527532640302,152.69553712521486
6717.599999999999,152.6924948345819,152.69275662862668
6718.32,152.68971446740397,152.68997625668175
6719.04,152.68693422485,152.68719600936106
6719.759999999999,152.6841541069008,152.68441588664555
6720.48,152.6813741135379,152.6816358885163
6721.2,152.67859424474182,152.67885601495436
6721.92,152.67581450049408,152.67607626594065
6722.639999999999,152.67303488077528,152.6732966414563
6723.36,152.67025538556652,152.67051714148232
6724.08,152.66747601484894,152.66773776599976
6724.8,152.6646967686039,152.6649585149896
6725.5199999999995,152.66191764681184,152.66217938843297
6726.24,152.659138649454,152.6594003863109
6726.96,152.65635977651198,152.65662150860436
6727.679999999999,152.65358102796642,152.65384275529456
6728.4,152.65080240379802,152.6510641263625
6729.12,152.64802390398836,152.64828562178928
6729.84,152.64524552851856,152.64550724155592
6730.5599999999995,152.64246727736952,152.64272898564354
6731.28,152.63968915052249,152.63995085403332
6732.0,152.63691114795824,152.63717284670616
6732.719999999999,152.63413326965804,152.63439496364333
6733.44,152.63135551560333,152.63161720482586
6734.16,152.6285778857747,152.6288395702348
6734.88,152.62580038015346,152.62606205985136
6735.599999999999,152.62302299872067,152.62328467365663
6736.32,152.6202457414579,152.62050741163165
6737.04,152.6174686083458,152.61773027375764
6737.759999999999,152.61469159936564,152.61495326001574
6738.48,152.61191471449843,152.61217637038703
6739.2,152.6091379537255,152.60939960485268
6739.92,152.6063613170279,152.6066229633938
6740.639999999999,152.60358480438686,152.60384644599162
6741.36,152.6008084157835,152.60107005262716
6742.08,152.59803215119882,152.59829378328175
6742.8,152.59525601061466,152.59551763793638
6743.5199999999995,152.592479994011,152.5927416165724
6744.24,152.58970410137,152.58996571917083
6744.96,152.58692833267241,152.5871899457129
6745.679999999999,152.5841526878993,152.58441429617986
6746.4,152.58137716703186,152.5816387705528
6747.12,152.5786017700516,152.57886336881293
6747.84,152.57582649693938,152.57608809094148
6748.5599999999995,152.57305134767614,152.57331293691965
6749.28,152.570276322244,152.57053790672865
6750.0,152.56750142062344,152.56776300034966
6750.719999999999,152.5647266427958,152.56498821776395
6751.44,152.56195198874252,152.5622135589527
6752.16,152.55917745844442,152.5594390238971
6752.88,152.55640305188342,152.55666461257846
6753.599999999999,152.55362876903985,152.553890324978
6754.32,152.5508546098955,152.55111616107692
6755.04,152.54808057443176,152.54834212085652
6755.759999999999,152.54530666262963,152.54556820429795
6756.48,152.54253287447057,152.54279441138252
6757.2,152.5397592099356,152.54002074209157
6757.92,152.5369856690055,152.5372471964063
6758.639999999999,152.53421225166267,152.53447377430788
6759.36,152.53143895788742,152.53170047577774
6760.08,152.5286657876619,152.52892730079705
6760.8,152.52589274096647,152.52615424934717
6761.5199999999995,152.52311981778314,152.52338132140932
6762.24,152.5203470180927,152.52060851696487
6762.96,152.51757434187675,152.51783583599502
6763.679999999999,152.51480178911686,152.51506327848114
6764.4,152.51202935979336,152.51229084440456
6765.12,152.50925705388852,152.5095185337465
6765.84,152.50648487138324,152.5067463464884
6766.5599999999995,152.5037128122592,152.5039742826114
6767.28,152.50094087649722,152.50120234209703
6768.0,152.49816906407887,152.49843052492648
6768.719999999999,152.4953973749855,152.49565883108113
6769.44,152.49262580919844,152.49288726054226
6770.16,152.48985436669886,152.49011581329134
6770.88,152.48708304746845,152.48734448930958
6771.599999999999,152.48431185148854,152.48457328857842
6772.32,152.48154077874028,152.48180221107924
6773.04,152.4787698292049,152.4790312567933
6773.759999999999,152.4759990028641,152.47626042570207
6774.48,152.47322829969914,152.47348971778683
6775.2,152.47045771969158,152.47071913302906
6775.92,152.4676872628222,152.46794867141008
6776.639999999999,152.46491692907318,152.46517833291128
6777.36,152.4621467184254,152.46240811751406
6778.08,152.4593766308601,152.4596380251998
6778.8,152.45660666635956,152.4568680559499
6779.5199999999995,152.45383682490433,152.4540982097458
6780.24,152.45106710647622,152.45132848656883
6780.96,152.44829751105624,152.44855888640052
6781.679999999999,152.44552803862643,152.4457894092222
6782.4,152.44275868916782,152.4430200550153
6783.12,152.43998946266197,152.4402508237613
6783.84,152.43722035909013,152.43748171544163
6784.5599999999995,152.4344513784339,152.43471273003763
6785.28,152.4316825206747,152.43194386753086
6786.0,152.42891378579395,152.42917512790262
6786.719999999999,152.4261451737733,152.42640651113456
6787.44,152.42337668459368,152.42363801720796
6788.16,152.4206083182371,152.4208696461044
6788.88,152.41784007468505,152.41810139780526
6789.599999999999,152.41507195391887,152.41533327229212
6790.32,152.4123039559198,152.41256526954632
6791.04,152.4095360806698,152.40979738954942
6791.759999999999,152.4067683281495,152.40702963228287
6792.48,152.4040006983413,152.4042619977282
6793.2,152.4012331912262,152.40149448586692
6793.92,152.39846580678545,152.39872709668046
6794.639999999999,152.39569854500076,152.39595983015036
6795.36,152.39293140585391,152.3931926862581
6796.08,152.39016438932572,152.39042566498517
6796.8,152.387397495399,152.38765876631314
6797.5199999999995,152.38463072405364,152.3848919902236
6798.24,152.38186407527235,152.3821253366979
6798.96,152.37909754903615,152.3793588057177
6799.679999999999,152.37633114532673,152.37659239726452
6800.4,152.3735648641259,152.37382611131983
6801.12,152.37079870541424,152.37105994786526
6801.84,152.36803266917445,152.3682939068823
6802.5599999999995,152.36526675538732,152.3655279883525
6803.28,152.36250096403467,152.36276219225746
6804.0,152.3597352950983,152.35999651857875
6804.719999999999,152.35696974855955,152.35723096729794
6805.44,152.35420432439992,152.3544655383965
6806.16,152.3514390226012,152.35170023185614
6806.88,152.34867384314452,152.34893504765836
6807.599999999999,152.34590878601193,152.34616998578477
6808.32,152.3431438511849,152.34340504621696
6809.04,152.3403790386451,152.3406402289365
6809.759999999999,152.3376143483738,152.3378755339251
6810.48,152.3348497803529,152.33511096116422
6811.2,152.33208533456389,152.33234651063552
6811.92,152.32932101098856,152.32958218232056
6812.639999999999,152.32655680960852,152.32681797620108
6813.36,152.32379273040522,152.32405389225866
6814.08,152.32102877336035,152.32128993047485
6814.8,152.3182649384554,152.3185260908314
6815.5199999999995,152.3155012256724,152.31576237330987
6816.24,152.3127376349927,152.3129987778919
6816.96,152.3099741663974,152.31023530455917
6817.679999999999,152.3072108198694,152.3074719532933
6818.4,152.30444759538932,152.30470872407588
6819.12,152.30168449293978,152.30194561688876
6819.84,152.29892151250124,152.29918263171345
6820.5599999999995,152.2961586540565,152.29641976853168
6821.28,152.2933959175865,152.29365702732508
6822.0,152.29063330307304,152.29089440807533
6822.719999999999,152.28787081049825,152.2881319107642
6823.44,152.2851084398435,152.2853695353733
6824.16,152.2823461910898,152.2826072818843
6824.88,152.27958406422022,152.27984515027896
6825.599999999999,152.27682205921553,152.27708314053893
6826.32,152.2740601760578,152.27432125264596
6827.04,152.27129841472856,152.2715594865817
6827.759999999999,152.26853677520967,152.2687978423279
6828.48,152.2657752574827,152.26603631986632
6829.2,152.26301386152954,152.26327491917863
6829.92,152.2602525873316,152.2605136402465
6830.639999999999,152.25749143487076,152.2577524830518
6831.36,152.25473040412942,152.25499144757617
6832.08,152.25196949508836,152.2522305338014
6832.8,152.24920870772974,152.24946974170916
6833.5199999999995,152.2464480420357,152.24670907128132
6834.24,152.24368749798714,152.24394852249952
6834.96,152.2409270755668,152.24118809534562
6835.679999999999,152.23816677475565,152.2384277898013
6836.4,152.23540659553555,152.23566760584845
6837.12,152.23264653788874,152.23290754346866
6837.84,152.22988660179635,152.23014760264385
6838.5599999999995,152.2271267872411,152.2273877833558
6839.28,152.22436709420435,152.22462808558626
6840.0,152.22160752266734,152.22186850931698
6840.719999999999,152.21884807261245,152.21910905452984
6841.44,152.2160887440216,152.21634972120654
6842.16,152.21332953687556,152.21359050932898
6842.88,152.21057045115708,152.21083141887894
6843.599999999999,152.20781148684773,152.20807244983828
6844.32,152.2050526439292,152.2053136021887
6845.04,152.20229392238332,152.20255487591209
6845.759999999999,152.1995353221921,152.1997962709903
6846.48,152.19677684333715,152.19703778740518
6847.2,152.1940184858006,152.1942794251385
6847.92,152.19126024956404,152.19152118417213
6848.639999999999,152.1885021346095,152.18876306448797
6849.36,152.18574414091836,152.18600506606776
6850.08,152.18298626847297,152.1832471888934
6850.8,152.1802285172555,152.1804894329468
6851.5199999999995,152.17747088724695,152.1777317982098
6852.24,152.1747133784295,152.17497428466422
6852.96,152.17195599078536,152.17221689229203
6853.679999999999,152.16919872429617,152.16945962107502
6854.4,152.16644157894393,152.1667024709951
6855.12,152.16368455471024,152.16394544203416
6855.84,152.16092765157714,152.1611885341741
6856.5599999999995,152.158170869527,152.15843174739683
6857.28,152.15541420854083,152.1556750816842
6858.0,152.1526576686009,152.15291853701817
6858.719999999999,152.1499012496896,152.15016211338062
6859.44,152.14714495178862,152.14740581075347
6860.16,152.14438877487908,152.1446496291187
6860.88,152.14163271894404,152.14189356845807
6861.599999999999,152.13887678396463,152.13913762875367
6862.32,152.13612096992324,152.1363818099874
6863.04,152.13336527680167,152.1336261121411
6863.759999999999,152.13060970458173,152.1308705351968
6864.48,152.1278542532457,152.1281150791364
6865.2,152.12509892277512,152.12535974394189
6865.92,152.12234371315208,152.1226045295952
6866.639999999999,152.11958862435893,152.11984943607834
6867.36,152.11683365637714,152.11709446337323
6868.08,152.11407880918875,152.11433961146182
6868.8,152.11132408277604,152.11158488032615
6869.5199999999995,152.10856947712045,152.10883026994807
6870.24,152.10581499220484,152.10607578030968
6870.96,152.10306062801033,152.10332141139293
6871.679999999999,152.10030638451917,152.10056716317985
6872.4,152.09755226171342,152.09781303565236
6873.12,152.09479825957544,152.0950590287925
6873.84,152.0920443780867,152.09230514258226
6874.5599999999995,152.08929061722938,152.08955137700363
6875.28,152.0865369769856,152.08679773203866
6876.0,152.08378345733695,152.08404420766936
6876.719999999999,152.08103005826626,152.08129080387778
6877.44,152.0782767797549,152.07853752064594
6878.16,152.075523621785,152.07578435795583
6878.88,152.07277058433908,152.07303131578942
6879.599999999999,152.07001766739836,152.0702783941289
6880.32,152.0672648709458,152.0675255929562
6881.04,152.06451219496296,152.0647729122535
6881.759999999999,152.06175963943144,152.0620203520027
6882.48,152.05900720433408,152.05926791218593
6883.2,152.05625488965302,152.05651559278525
6883.92,152.05350269536962,152.0537633937827
6884.639999999999,152.05075062146648,152.0510113151604
6885.36,152.0479986679253,152.04825935690042
6886.08,152.04524683472823,152.04550751898478
6886.8,152.0424951218581,152.04275580139563
6887.5199999999995,152.03974352929595,152.04000420411506
6888.24,152.03699205702446,152.03725272712512
6888.96,152.03424070502558,152.0345013704079
6889.679999999999,152.03148947328157,152.03175013394556
6890.4,152.028738361774,152.02899901772014
6891.12,152.02598737048538,152.0262480217138
6891.84,152.02323649939774,152.02349714590866
6892.5599999999995,152.02048574849277,152.02074639028683
6893.28,152.01773511775332,152.01799575483042
6894.0,152.0149846071613,152.0152452395216
6894.719999999999,152.0122342166983,152.01249484434237
6895.44,152.00948394634713,152.00974456927503
6896.16,152.00673379608986,152.00699441430163
6896.88,152.00398376590817,152.00424437940435
6897.599999999999,152.00123385578456,152.00149446456533
6898.32,151.9984840657013,151.99874466976675
6899.04,151.99573439564017,151.99599499499075
6899.759999999999,151.99298484558346,151.99324544021948
6900.48,151.99023541551367,151.99049600543512
6901.2,151.9874861054128,151.98774669061984
6901.92,151.98473691526272,151.98499749575583
6902.639999999999,151.98198784504564,151.9822484208253
6903.36,151.9792388947444,151.97949946581042
6904.08,151.97649006434062,151.97675063069335
6904.8,151.9737413538163,151.97400191545626
6905.5199999999995,151.9709927631543,151.9712533200814
6906.24,151.9682442923364,151.96850484455098
6906.96,151.96549594134467,151.96575648884715
6907.679999999999,151.96274771016192,151.96300825295222
6908.4,151.95999959876985,151.9602601368483
6909.12,151.95725160715062,151.95751214051768
6909.84,151.95450373528695,151.95476426394254
6910.5599999999995,151.95175598316064,151.95201650710516
6911.28,151.94900835075396,151.94926886998778
6912.0,151.94626083804962,151.94652135257257
6912.719999999999,151.94351344502945,151.9437739548419
6913.44,151.94076617167582,151.94102667677782
6914.16,151.9380190179703,151.9382795183628
6914.88,151.9352719838963,151.93553247957894
6915.599999999999,151.93252506943566,151.9327855604086
6916.32,151.92977827457025,151.93003876083398
6917.04,151.9270315992827,151.92729208083736
6917.759999999999,151.9242850435553,151.92454552040104
6918.48,151.92153860737028,151.92179907950728
6919.2,151.91879229071003,151.9190527581384
6919.92,151.91604609355636,151.91630655627665
6920.639999999999,151.9133000158921,151.91356047390428
6921.36,151.91055405769941,151.91081451100368
6922.08,151.90780821896067,151.90806866755707
6922.8,151.90506249965767,151.90532294354685
6923.5199999999995,151.90231689977338,151.90257733895527
6924.24,151.89957141929006,151.89983185376462
6924.96,151.8968260581895,151.89708648795727
6925.679999999999,151.89408081645445,151.8943412415155
6926.4,151.8913356940675,151.89159611442165
6927.12,151.88859069101022,151.88885110665802
6927.84,151.88584580726547,151.886106218207
6928.5599999999995,151.88310104281538,151.88336144905094
6929.28,151.88035639764257,151.88061679917217
6930.0,151.8776118717293,151.87787226855298
6930.719999999999,151.87486746505772,151.87512785717584
6931.44,151.87212317761043,151.87238356502297
6932.16,151.86937900936937,151.86963939207686
6932.88,151.86663496031758,151.86689533831978
6933.599999999999,151.86389103043678,151.8641514037341
6934.32,151.86114721971012,151.86140758830228
6935.04,151.85840352811954,151.85866389200663
6935.759999999999,151.85565995564718,151.85592031482955
6936.48,151.85291650227578,151.8531768567534
6937.2,151.85017316798746,151.85043351776068
6937.92,151.84742995276474,151.84769029783362
6938.639999999999,151.84468685658987,151.84494719695473
6939.36,151.84194387944592,151.8422042151064
6940.08,151.83920102131424,151.83946135227106
6940.8,151.83645828217732,151.83671860843108
6941.5199999999995,151.83371566201822,151.83397598356893
6942.24,151.83097316081955,151.831233477667
6942.96,151.82823077856312,151.8284910907078
6943.679999999999,151.8254885152313,151.82574882267357
6944.4,151.82274637080695,151.8230066735469
6945.12,151.82000434527208,151.82026464331017
6945.84,151.8172624386093,151.81752273194584
6946.5599999999995,151.81452065080168,151.81478093943636
6947.28,151.81177898183068,151.81203926576424
6948.0,151.80903743167926,151.80929771091184
6948.719999999999,151.8062960003299,151.8065562748617
6949.44,151.80355468776486,151.80381495759622
6950.16,151.80081349396687,151.8010737590979
6950.88,151.7980724189182,151.79833267934924
6951.599999999999,151.79533146260144,151.79559171833273
6952.32,151.79259062499887,151.79285087603077
6953.04,151.7898499060933,151.79011015242594
6953.759999999999,151.7871093058676,151.7873695475007
6954.48,151.78436882430287,151.7846290612375
6955.2,151.78162846138298,151.7818886936189
6955.92,151.7788882170895,151.77914844462734
6956.639999999999,151.77614809140618,151.7764083142454
6957.36,151.77340808431427,151.7736683024556
6958.08,151.7706681957967,151.77092840924038
6958.8,151.7679284258362,151.76818863458237
6959.5199999999995,151.7651887744147,151.76544897846395
6960.24,151.76244924151558,151.76270944086778
6960.96,151.75970982712113,151.75997002177635
6961.679999999999,151.7569705312136,151.7572307211722
6962.4,151.7542313537757,151.75449153903787
6963.12,151.75149229478984,151.75175247535591
6963.84,151.7487533542385,151.74901353010887
6964.5599999999995,151.74601453210482,151.74627470327934
6965.28,151.743275828371,151.74353599484982
6966.0,151.74053724301893,151.74079740480298
6966.719999999999,151.7377987760325,151.7380589331213
6967.44,151.73506042739314,151.73532057978733
6968.16,151.7323221970844,151.7325823447837
6968.88,151.72958408508805,151.72984422809301
6969.599999999999,151.72684609138707,151.72710622969782
6970.32,151.72410821596395,151.72436834958074
6971.04,151.72137045880152,151.72163058772438
6971.759999999999,151.71863281988215,151.71889294411127
6972.48,151.71589529918867,151.71615541872407
6973.2,151.71315789670302,151.71341801154537
6973.92,151.7104206124087,151.71068072255778
6974.639999999999,151.70768344628755,151.70794355174394
6975.36,151.70494639832316,151.70520649908644
6976.08,151.70220946849702,151.70246956456785
6976.8,151.69947265679252,151.69973274817093
6977.5199999999995,151.69673596319228,151.69699604987827
6978.24,151.69399938767856,151.6942594696725
6978.96,151.69126293023442,151.69152300753618
6979.679999999999,151.68852659084234,151.68878666345208
6980.4,151.68579036948438,151.68605043740277
6981.12,151.68305426614415,151.68331432937094
6981.84,151.68031828080404,151.6805783393393
6982.5599999999995,151.67758241344666,151.67784246729045
6983.28,151.67484666405414,151.67510671320701
6984.0,151.67211103261013,151.67237107707172
6984.719999999999,151.66937551909666,151.6696355588673
6985.44,151.66664012349656,151.66690015857637
6986.16,151.66390484579256,151.6641648761816
6986.88,151.66116968596737,151.66142971166565
6987.599999999999,151.65843464400314,151.65869466501132
6988.32,151.65569971988327,151.6559597362013
6989.04,151.65296491359004,151.65322492521827
6989.759999999999,151.65023022510604,151.65049023204483
6990.48,151.64749565441446,151.64775565666383
6991.2,151.64476120149777,151.64502119905794
6991.92,151.64202686633837,151.64228685920986
6992.639999999999,151.63929264891942,151.63955263710233
6993.36,151.63655854922354,151.63681853271802
6994.08,151.63382456723343,151.63408454603976
6994.8,151.63109070293183,151.6313506770502
6995.5199999999995,151.62835695630156,151.62861692573213
6996.24,151.62562332732512,151.6258832920683
6996.96,151.62288981598567,151.62314977604143
6997.679999999999,151.62015642226538,151.6204163776343
6998.4,151.61742314614708,151.61768309682972
6999.12,151.61468998761438,151.6149499336103
6999.84,151.61195694664923,151.6122168879589
7000.5599999999995,151.60922402323467,151.60948395985832
7001.28,151.60649121735355,151.60675114929126
7002.0,151.60375852898824,151.60401845624054
7002.719999999999,151.6010259581218,151.60128588068898
7003.44,151.59829350473728,151.5985534226193
7004.16,151.5955611688173,151.5958210820143
7004.88,151.59282895034448,151.59308885885682
7005.599999999999,151.5900968493014,151.59035675312958
7006.32,151.5873648656716,151.5876247648155
7007.04,151.5846329994373,151.58489289389726
7007.759999999999,151.5819012505815,151.58216114035784
7008.48,151.57916961908688,151.5794295041799
7009.2,151.57643810493664,151.57669798534636
7009.92,151.5737067081135,151.57396658383993
7010.639999999999,151.5709754285998,151.57123529964355
7011.36,151.56824426637854,151.56850413274003
7012.08,151.5655132214332,151.5657730831122
7012.8,151.56278229374618,151.5630421507429
7013.5199999999995,151.56005148329996,151.5603113356149
7014.24,151.55732079007794,151.55758063771114
7014.96,151.5545902140626,151.55485005701448
7015.679999999999,151.5518597552374,151.5521195935077
7016.4,151.54912941358452,151.54938924717376
7017.12,151.54639918908754,151.54665901799544
7017.84,151.54366908172824,151.5439289059557
7018.5599999999995,151.54093909149037,151.54119891103738
7019.28,151.53820921835677,151.53846903322335
7020.0,151.53547946231015,151.53573927249647
7020.719999999999,151.532749823333,151.53300962883964
7021.44,151.5300203014092,151.53028010223582
7022.16,151.52729089652075,151.52755069266777
7022.88,151.52456160865086,151.5248214001185
7023.599999999999,151.52183243778245,151.52209222457086
7024.32,151.5191033838986,151.5193631660078
7025.04,151.5163744469819,151.51663422441223
7025.759999999999,151.51364562701565,151.51390539976708
7026.48,151.51091692398222,151.51117669205522
7027.2,151.50818833786525,151.50844810125957
7027.92,151.50545986864688,151.50571962736316
7028.639999999999,151.50273151631086,151.50299127034882
7029.36,151.50000328084013,151.50026303019953
7030.08,151.49727516221662,151.4975349068982
7030.8,151.49454716042385,151.49480690042785
7031.5199999999995,151.49181927544498,151.4920790107714
7032.24,151.48909150726297,151.48935123791173
7032.96,151.48636385586076,151.48662358183188
7033.679999999999,151.48363632122096,151.48389604251483
7034.4,151.48090890332685,151.48116861994345
7035.12,151.47818160216116,151.4784413141008
7035.84,151.47545441770728,151.47571412496984
7036.5599999999995,151.47272734994726,151.47298705253357
7037.28,151.47000039886518,151.47026009677492
7038.0,151.4672735644432,151.46753325767688
7038.719999999999,151.46454684666446,151.4648065352225
7039.44,151.4618202455124,151.46207992939472
7040.16,151.4590937609696,151.45935344017659
7040.88,151.45636739301938,151.45662706755104
7041.599999999999,151.45364114164443,151.45390081150111
7042.32,151.4509150068278,151.45117467200984
7043.04,151.4481889885526,151.44844864906025
7043.759999999999,151.44546308680174,151.44572274263535
7044.48,151.44273730155885,151.4429969527182
7045.2,151.4400116328061,151.4402712792917
7045.92,151.4372860805272,151.437545722339
7046.639999999999,151.43456064470433,151.43482028184317
7047.36,151.43183532532134,151.43209495778717
7048.08,151.42911012236084,151.42936975015408
7048.8,151.42638503580645,151.42664465892696
7049.5199999999995,151.423660065641,151.42391968408882
7050.24,151.42093521184688,151.42119482562282
7050.96,151.41821047440772,151.41847008351183
7051.679999999999,151.4154858533069,151.41574545773915
7052.4,151.4127613485266,151.41302094828768
7053.12,151.41003696005066,151.41029655514058
7053.84,151.40731268786215,151.40757227828092
7054.5599999999995,151.40458853194366,151.4048481176917
7055.28,151.4018644922786,151.40212407335616
7056.0,151.3991405688497,151.39940014525726
7056.719999999999,151.39641676164092,151.39667633337817
7057.44,151.39369307063464,151.39395263770194
7058.16,151.39096949581403,151.39122905821176
7058.88,151.38824603716216,151.38850559489066
7059.599999999999,151.38552269466243,151.38578224772175
7060.32,151.38279946829812,151.38305901668818
7061.04,151.3800763580515,151.38033590177304
7061.759999999999,151.37735336390654,151.37761290295947
7062.48,151.37463048584618,151.37489002023062
7063.2,151.37190772385316,151.37216725356956
7063.92,151.36918507791086,151.36944460295953
7064.639999999999,151.3664625480027,151.3667220683836
7065.36,151.36374013411194,151.36399964982493
7066.08,151.3610178362211,151.36127734726668
7066.8,151.35829565431334,151.35855516069194
7067.5199999999995,151.35557358837218,151.35583309008402
7068.24,151.3528516383808,151.35311113542593
7068.96,151.35012980432248,151.35038929670088
7069.679999999999,151.34740808618028,151.34766757389207
7070.4,151.34468648393715,151.34494596698264
7071.12,151.34196499757616,151.34222447595576
7071.84,151.33924362708092,151.33950310079467
7072.5599999999995,151.3365223724344,151.33678184148252
7073.28,151.33380123361985,151.33406069800247
7074.0,151.33108021062094,151.3313396703378
7074.719999999999,151.32835930342003,151.32861875847158
7075.44,151.32563851200075,151.32589796238713
7076.16,151.32291783634616,151.32317728206766
7076.88,151.32019727643967,151.3204567174963
7077.599999999999,151.31747683226433,151.31773626865635
7078.32,151.3147565038032,151.31501593553088
7079.04,151.31203629104016,151.3122957181033
7079.759999999999,151.3093161939579,151.30957561635674
7080.48,151.30659621253983,151.3068556302744
7081.2,151.3038763467689,151.30413575983962
7081.92,151.30115659662897,151.30141600503555
7082.639999999999,151.29843696210276,151.29869636584544
7083.36,151.29571744317366,151.29597684225263
7084.08,151.2929980398245,151.29325743424025
7084.8,151.29027875203906,151.2905381417916
7085.5199999999995,151.28755957980025,151.28781896488994
7086.24,151.28484052309182,151.28509990351859
7086.96,151.2821215818965,151.28238095766076
7087.679999999999,151.2794027561979,151.27966212729973
7088.4,151.27668404597898,151.27694341241875
7089.12,151.2739654512235,151.27422481300115
7089.84,151.2712469719139,151.27150632903025
7090.5599999999995,151.26852860803456,151.26878796048925
7091.28,151.2658103595678,151.26606970736145
7092.0,151.2630922264974,151.26335156963015
7092.719999999999,151.26037420880664,151.26063354727873
7093.44,151.2576563064788,151.25791564029043
7094.16,151.25493851949693,151.25519784864852
7094.88,151.25222084784525,151.25248017233642
7095.599999999999,151.24950329150556,151.2497626113374
7096.32,151.24678585046274,151.2470451656347
7097.04,151.2440685246986,151.24432783521175
7097.759999999999,151.24135131419803,151.24161062005186
7098.48,151.23863421894316,151.23889352013836
7099.2,151.2359172389182,151.23617653545455
7099.92,151.23320037410576,151.23345966598382
7100.639999999999,151.23048362448947,151.23074291170946
7101.36,151.2277669900525,151.2280262726148
7102.08,151.22505047077902,151.2253097486833
7102.8,151.22233406665134,151.22259333989828
7103.5199999999995,151.2196177776533,151.21987704624308
7104.24,151.2169016037683,151.2171608677011
7104.96,151.21418554497973,151.21444480425566
7105.679999999999,151.21146960127078,151.21172885589016
7106.4,151.2087537726252,151.20901302258792
7107.12,151.20603805902567,151.20629730433237
7107.84,151.2033224604561,151.2035817011069
7108.5599999999995,151.20060697689985,151.20086621289494
7109.28,151.19789160834,151.1981508396798
7110.0,151.19517635476075,151.19543558144494
7110.719999999999,151.1924612161448,151.19272043817375
7111.44,151.18974619247535,151.19000540984965
7112.16,151.18703128373625,151.187290496456
7112.88,151.18431648991123,151.18457569797627
7113.599999999999,151.1816018109829,151.18186101439383
7114.32,151.1788872469357,151.17914644569208
7115.04,151.17617279775152,151.17643199185454
7115.759999999999,151.1734584634156,151.17371765286458
7116.48,151.17074424391012,151.17100342870563
7117.2,151.1680301392189,151.16828931936115
7117.92,151.16531614932546,151.16557532481457
7118.639999999999,151.16260227421344,151.16286144504934
7119.36,151.1598885138659,151.16014768004888
7120.08,151.15717486826634,151.15743402979675
7120.8,151.15446133739817,151.15472049427626
7121.5199999999995,151.15174792124537,151.152007073471
7122.24,151.14903461979065,151.14929376736436
7122.96,151.14632143301856,151.14658057593982
7123.679999999999,151.14360836091123,151.14386749918089
7124.4,151.140895403453,151.14115453707103
7125.12,151.13818256062734,151.13844168959375
7125.84,151.13546983241724,151.1357289567324
7126.5599999999995,151.13275721880711,151.1330163384706
7127.28,151.13004471977945,151.13030383479185
7128.0,151.127332335318,151.12759144567966
7128.719999999999,151.12462006540693,151.12487917111744
7129.44,151.121907910029,151.1221670110887
7130.16,151.11919586916804,151.119454965577
7130.88,151.11648394280758,151.1167430345659
7131.599999999999,151.1137721309309,151.11403121803886
7132.32,151.11106043352174,151.11131951597937
7133.04,151.1083488505634,151.10860792837107
7133.759999999999,151.10563738203928,151.10589645519735
7134.48,151.10292602793334,151.10318509644182
7135.2,151.10021478822887,151.10047385208802
7135.92,151.09750366290928,151.09776272211948
7136.639999999999,151.09479265195864,151.09505170651974
7137.36,151.0920817553598,151.09234080527233
7138.08,151.08937097309672,151.08963001836088
7138.8,151.08666030515292,151.08691934576882
7139.5199999999995,151.08394975151202,151.08420878747987
7140.24,151.08123931215732,151.08149834347745
7140.96,151.0785289870729,151.07878801374528
7141.679999999999,151.07581877624136,151.0760777982668
7142.4,151.07310867964736,151.07336769702567
7143.12,151.07039869727384,151.07065771000543
7143.84,151.06768882910478,151.06794783718965
7144.5599999999995,151.06497907512335,151.06523807856195
7145.28,151.0622694353135,151.0625284341059
7146.0,151.05955990965845,151.05981890380517
7146.719999999999,151.05685049814247,151.05710948764326
7147.44,151.0541412007484,151.05440018560387
7148.16,151.05143201746012,151.05169099767056
7148.88,151.04872294826168,151.04898192382697
7149.599999999999,151.04601399313594,151.04627296405667
7150.32,151.0433051520672,151.0435641183433
7151.04,151.04059642503876,151.0408553866705
7151.759999999999,151.0378878120341,151.03814676902192
7152.48,151.0351793130377,151.03543826538117
7153.2,151.03247092803178,151.03272987573186
7153.92,151.02976265700124,151.03002160005764
7154.639999999999,151.0270544999289,151.02731343834222
7155.36,151.02434645679864,151.02460539056918
7156.08,151.02163852759452,151.02189745672217
7156.8,151.01893071229983,151.0191896367849
7157.5199999999995,151.0162230108981,151.01648193074098
7158.24,151.01351542337375,151.01377433857414
7158.96,151.0108079497096,151.011066860268
7159.679999999999,151.00810058988964,151.00835949580622
7160.4,151.00539334389748,151.00565224517248
7161.12,151.00268621171654,151.00294510835053
7161.84,150.99997919333123,151.00023808532396
7162.5599999999995,150.99727228872484,150.99753117607654
7163.28,150.994565497881,150.9948243805919
7164.0,150.99185882078336,150.9921176988538
7164.719999999999,150.98915225741575,150.98941113084584
7165.44,150.98644580776238,150.98670467655185
7166.16,150.98373947180585,150.98399833595545
7166.88,150.9810332495308,150.9812921090404
7167.599999999999,150.97832714092056,150.97858599579035
7168.32,150.9756211459586,150.97587999618912
7169.04,150.97291526462936,150.97317411022033
7169.759999999999,150.9702094969159,150.9704683378678
7170.48,150.96750384280233,150.9677626791152
7171.2,150.96479830227224,150.96505713394623
7171.92,150.9620928753094,150.96235170234476
7172.639999999999,150.95938756189753,150.95964638429444
7173.36,150.95668236202073,150.95694117977908
7174.08,150.95397727566206,150.95423608878232
7174.8,150.95127230280616,150.95153111128795
7175.5199999999995,150.94856744343622,150.94882624727987
7176.24,150.94586269753563,150.94612149674168
7176.96,150.94315806508916,150.94341685965716
7177.679999999999,150.94045354608,150.94071233601022
7178.4,150.93774914049152,150.9380079257845
7179.12,150.93504484830873,150.9353036289638
7179.84,150.93234066951402,150.93259944553193
7180.5599999999995,150.92963660409225,150.92989537547268
7181.28,150.92693265202604,150.92719141876984
7182.0,150.9242288133005,150.92448757540723
7182.719999999999,150.92152508789854,150.92178384536857
7183.44,150.91882147580407,150.9190802286377
7184.16,150.91611797700114,150.9163767251985
7184.88,150.91341459147384,150.91367333503464
7185.599999999999,150.910711319205,150.91097005813
7186.32,150.9080081601794,150.90826689446843
7187.04,150.9053051143802,150.90556384403374
7187.759999999999,150.90260218179185,150.9028609068097
7188.48,150.89989936239783,150.9001580827802
7189.2,150.89719665618202,150.89745537192908
7189.92,150.89449406312758,150.89475277424015
7190.639999999999,150.89179158321951,150.89205028969727
7191.36,150.88908921644077,150.88934791828424
7192.08,150.8863869627762,150.88664565998494
7192.8,150.88368482220847,150.8839435147832
7193.5199999999995,150.88098279472229,150.88124148266294
7194.24,150.87828088030085,150.87853956360797
7194.96,150.87557907892904,150.87583775760214
7195.679999999999,150.87287739058922,150.87313606462942
7196.4,150.87017581526663,150.87043448467358
7197.12,150.86747435294433,150.86773301771854
7197.84,150.86477300360662,150.86503166374808
7198.5599999999995,150.86207176723713,150.86233042274625
7199.28,150.85937064382017,150.85962929469687
7200.0,150.8566696333388,150.85692827958377
