time (s),A left,A right,B left,B right,w,B crossed (mol),gate proxy,imbalance,P A (m/s),P B (m/s),J A (mol/m²/s),J B (mol/m²/s),error (V)
0.0,1400.0,600.0,1000.0,99.99999999999999,0.0032610652364766196,0.0,0.0,800.0,1.6758707503321392e-07,1.3406966002657114e-08,0.00013406966002657114,1.2066269402391403e-05,0.021769267317470573
14.4,1399.1287199827975,600.8712800172026,999.921506118848,100.0784938811521,0.06420752625027012,7.849388115210515e-06,0.0002580349291925539,798.2574399655949,1.334430662772328e-06,1.0675445302178624e-07,0.0010652192046762307,9.606224857691173e-05,0.021715990757851928
28.8,1396.9644392012724,603.0355607987278,999.7258413890421,100.27415861095803,0.1214273665057492,2.7415861095802248e-05,0.0004854791637629796,793.9288784025446,2.4299266535641716e-06,1.9439413228513373e-07,0.0019291889426646513,0.00017484812940604902,0.02158384077029205
43.2,1393.6065748578678,606.3934251421323,999.4203181166956,100.5796818833044,0.17514845166798879,5.7968188330442066e-05,0.0006859593124468247,787.2131497157355,3.458437623770618e-06,2.7667500990164943e-07,0.002722527574903872,0.0002486867419298784,0.021379343165100963
57.6,1389.1584102778195,610.841589722181,999.0118758608825,100.98812413911784,0.2255847081778365,9.881241391178615e-05,0.0008626715138590936,778.3168205556385,4.424059277910005e-06,3.539247422328004e-07,0.003443319751132589,0.0003178328248470579,0.021109426917409718
72.0,1383.7249468298014,616.2750531701988,998.5070936541028,101.49290634589731,0.27293699892038,0.0001492906345897336,0.0010184341047723886,767.4498936596026,5.330637213668903e-06,4.264509770935123e-07,0.00409099696276812,0.0003825325766443271,0.020781211384706656
86.4,1377.4111787903921,622.5888212096079,997.912202256986,102.08779774301425,0.31739389352135833,0.0002087797743014289,0.001155730623165719,754.8223575807842,6.181781669525084e-06,4.945425335620068e-07,0.0046661470138406,0.00044302327063501566,0.020401828499652944
100.8,1370.3205305496606,629.6794694503396,997.2330973393615,102.76690266063862,0.35913243289624763,0.0002766902660638656,0.0012767502395999966,740.641061099321,6.980882162335712e-06,5.58470572986857e-07,0.005170327972121644,0.0004995330482596,0.01997826803949959
115.2,1362.5535912544854,637.4464087455144,996.4753527123722,103.52464728762799,0.3983188329869785,0.0003524647287628004,0.0013834226001443928,725.1071825089709,7.731120960649208e-06,6.184896768519367e-07,0.005605891337412396,0.0005522807932428589,0.01951725596714613
129.6,1354.2071000058038,645.7928999941962,995.644233686229,104.3557663137714,0.4351091448604969,0.00043557663137714167,0.0014774484547471966,708.4142000116076,8.435485722547711e-06,6.748388578038169e-07,0.0059758178698479745,0.0006014760912953438,0.019025162963457694
144.0,1345.3730875971398,654.62691240286,994.7447104193833,105.2552895806169,0.4696498870436153,0.0005255289580616927,0.0015603278034175576,690.7461751942799,9.09678160194258e-06,7.277425281554064e-07,0.006283567098119532,0.0006473192798886921,0.01850793630879588
158.4,1336.1384215469784,663.8615784530213,993.7814712464091,106.21852875359114,0.5020786046420168,0.0006218528753591147,0.0016333814986157044,672.2768430939572,9.717641953124145e-06,7.774113562499315e-07,0.006532945654563696,0.0006900015108805216,0.017971067463116507
172.8,1326.584267569298,673.4157324307023,992.7589357218014,107.24106427819883,0.5325244397606915,0.0007241064278198837,0.0016977744603364603,653.1685351385956,1.030053925168177e-05,8.240431401345416e-07,0.006727988134158588,0.0007297049274296416,0.01741956424251611
187.20000000000002,1316.7858871443407,683.2141128556592,991.681267524603,108.31873247539728,0.5611086369668716,0.0008318732475397288,0.0017545333538878279,633.5717742886815,1.0847794771787409e-05,8.678235817429927e-07,0.006872856580680831,0.0007666028391439716,0.01685794975477067
201.6,1306.8125005229633,693.1874994770369,990.5523869788851,109.44761302111502,0.5879450287126032,0.0009447613021115016,0.001804563298406611,613.6250010459264,1.1361587879798632e-05,9.089270303838906e-07,0.006971754374624821,0.0008008599456505052,0.016290269848845677
216.0,1296.7272911551033,703.2727088448971,989.3759832891116,110.62401671088885,0.6131404861833887,0.0010624016710888858,0.0018486620550393336,593.4545823102062,1.1843964665930412e-05,9.47517173274433e-07,0.007028855103716574,0.0008326325793815466,0.015720111489166837
230.4,1286.5874916611886,713.4125083388118,988.1555264098197,111.84447359018051,0.6367953455873955,0.001184447359018054,0.0018875327815627014,573.1749833223768,1.2296846105727037e-05,9.837476884581629e-07,0.007048244561567928,0.0008620689725816591,0.015150626940648346
244.8,1276.444544096839,723.5554559031614,986.8942785157082,113.10572148429205,0.6590038081164876,0.0013105721484292041,0.0019217952587347914,552.8890881936777,1.272203571747087e-05,1.0177628573976695e-06,0.007033874727799869,0.0008893095385656806,0.014584562093971527
259.2,1266.3443141855341,733.655685814466,985.5953050302567,114.40469496974352,0.6798543150962881,0.0014404694969743523,0.0019519958299129615,532.6886283710681,1.3121226744575522e-05,1.0496981395660418e-06,0.0069895282771137105,0.0009144871625879256,0.014024286867693768
273.6,1256.3273539904033,743.6726460095973,984.2614852637347,115.73851473626547,0.6994299005747076,0.0015738514736265488,0.0019786161204492347,512.6547079808059,1.3496008906029705e-05,1.0796807124823763e-06,0.006918792504627015,0.0009377274996264078,0.013471826762568206
288.0,1246.429222388315,753.5707776116855,982.8955226263839,117.10447737361625,0.7178085192155124,0.0017104477373616259,0.002002080437716283,492.85844477662965,1.3847874674046524e-05,1.107829973923722e-06,0.006825041975312247,0.0009591492710857656,0.012928895694183684
302.40000000000003,1236.680771422008,763.319228577993,981.4999543803602,118.50004561963996,0.7350633600632518,0.0018500045619639998,0.002022762859064414,473.36154284401505,1.4178225281214462e-05,1.134258022497157e-06,0.006711426593905697,0.0009788645699261615,0.012396924873736554
316.8,1227.1084593260487,772.8915406739519,980.077160930283,119.92283906971714,0.7512631386895029,0.0019922839069717174,0.0020409933524369,454.21691865209675,1.4488376313750317e-05,1.1590701051000254e-06,0.006580865645503693,0.0009969791602411672,0.0118770911110881
331.2,1217.73473302135,782.2652669786504,978.6293748087975,121.37062519120273,0.766472366389836,0.0021370625191202744,0.0020570625045102623,435.46946604269954,1.4779562865379316e-05,1.1823650292303453e-06,0.006436048349331241,0.0010135927665495766,0.011370346889505473
345.6,1208.5783118890959,791.4216881109047,977.1586890710157,122.84131092898441,0.7807516100807371,0.002284131092898443,0.002071226659135033,417.15662377819115,1.5052944513162299e-05,1.204235561052984e-06,0.006279435511031232,0.0010287993671841834,0.01087744321628764
360.0,1199.6545493412254,800.3454506587752,975.6670654503082,124.33293454969188,0.7941577287629482,0.002433293454969191,0.002083711595099616,399.3090986824502,1.5309609844677895e-05,1.2247687875742317e-06,0.006113266508258297,0.0010426874713237101,0.010398955037634557
374.40000000000003,1190.9757205028634,809.0242794971374,974.156341980332,125.84365801966821,0.8067440988027564,0.002584365801966826,0.0020947163914832325,381.951441005726,1.5550580771120006e-05,1.2440464616896006e-06,0.005939566734005221,0.0010553403928876721,0.009935301205108875
388.8,1182.55133744787,817.4486625521305,972.6282403266882,127.37175967331204,0.8185608143323679,0.002737175967331209,0.0021044164530518625,365.1026748957396,1.577681636404055e-05,1.262145309123244e-06,0.005760157855850081,0.001066836502062681,0.00948676468238595
403.2,1174.3884241158237,825.6115758841771,971.0843727065522,128.9156272934479,0.8296548730437328,0.0028915627293447915,0.0021129663775215244,348.77684823164657,1.598921641244414e-05,1.2791373129955312e-06,0.005576668506025982,0.0010772494660965359,0.0090535095413125
417.6,1166.4917950526087,833.5082049473915,969.5262485477547,130.47375145224552,0.8400703121710086,0.003047375145224553,0.0021205022996218853,332.9835901052172,1.6188624026225002e-05,1.2950899220980002e-06,0.005390546147115978,0.0010866484330995555,0.008635597295679058
432.0,1158.8643006974592,841.1356993025414,967.9552808193266,132.04471918067355,0.8498483219810852,0.003204471918067356,0.0021271440535710123,317.72860139491775,1.637582780898699e-05,1.310066224718959e-06,0.005203068866433436,0.0010950981936886548,0.008233000752923332
446.40000000000003,1151.5070687072296,848.4929312927715,966.3727924034647,133.62720759653558,0.8590272163746829,0.00336272075965356,0.0021329968486410848,303.0141374144581,1.6551561295190233e-05,1.3241249036152186e-06,0.0050153570687246,0.001102659167218474,0.007845617098671539
460.8,1144.4197170787684,855.5802829212325,964.7800222425316,135.21997775746848,0.8676423523005424,0.0035219977757468485,0.002138152792555237,288.83943415753583,1.6716501407304616e-05,1.3373201125843693e-06,0.004828384807579517,0.001109387332086259,0.007473279057192514
475.2,1137.6005636374803,862.3994363625206,963.178132409403,136.82186759059715,0.8757256313672687,0.0036821867590597153,0.002142691822443076,275.2011272749596,1.6871258913975605e-05,1.3497007131180483e-06,0.004642989471673797,0.001115333639915509,0.007115765531938192
489.6,1131.0468102078,868.9531897922002,961.5682152848514,138.43178471514898,0.883304869546791,0.0038431784715148953,0.0021466824683476163,262.09362041559984,1.701636636275301e-05,1.3613093090202407e-06,0.004459881066332169,0.0011205432855282288,0.006772810673042341
504.0,1124.7547276925372,875.2452723074633,959.9513040714276,140.04869592857273,0.8904020864175568,0.004004869592857275,0.0021501817871173662,249.50945538507392,1.7152245326989715e-05,1.3721796261591771e-06,0.004279647390168383,0.001125053654328397,0.006444112821867093
518.4,1118.7198210757517,881.2801789242486,958.3283838944432,141.67161610555706,0.8970315272704567,0.004167161610555706,0.002153235088551001,237.4396421515031,1.7279168538293996e-05,1.3823334830635197e-06,0.004102759594408038,0.001128891994285007,0.006129342289615834
532.8000000000001,1112.9370050328732,887.0629949671269,956.7004120767427,143.29958792325755,0.9031951991805167,0.0043299587923257546,0.0021558746294989346,225.87401006574635,1.7397174422894147e-05,1.3917739538315318e-06,0.003929569550712338,0.0011320700810819226,0.0058281496196510105
547.2,1107.4007742569638,892.5992257430364,955.0683438127894,144.93165618721073,0.9088773242027975,0.0044931656187210765,0.002158118287680617,214.8015485139274,1.750596090592685e-05,1.400476872474148e-06,0.0037603075108173624,0.0011345776945624363,0.005540173534674282
561.6,1102.1053829442374,897.8946170557629,953.4331698128694,146.5668301871308,0.9140362749129478,0.004656683018713079,0.002159968421252449,204.2107658884745,1.7604731014239433e-05,1.4083784811391547e-06,0.003595075603678415,0.0011363731898844072,0.005265049347894439
576.0,1097.0450386415469,902.9549613584537,951.7959719735655,148.20402802643477,0.9185927253067069,0.004820402802643477,0.002161412882638899,194.09007728309314,1.7691966020774198e-05,1.4153572816619359e-06,0.003433835052261922,0.0011373697093504417,0.00500241812521486
590.4,1092.214110622069,907.7858893779311,950.157998417929,149.8420015820714,0.9224156750423199,0.004984200158207139,0.0021624317379304765,184.42822124413794,1.776515787327962e-05,1.4212126298623698e-06,0.0032763964666902533,0.0011374192025840131,0.004751936618853128
604.8000000000001,1087.6073531949583,912.3926468050423,948.5207660513927,151.47923394860757,0.9253069692587965,0.005147923394860758,0.00216301894875379,175.21470638991593,1.7820512820238713e-05,1.425641025619097e-06,0.0031224159215158588,0.0011362951072880312,0.00451328800263434
619.2,1083.2201245625963,916.779875437404,946.886183685573,153.11381631442734,0.9269868114614391,0.005311381631442732,0.002163225938271261,166.44024912519228,1.7852674049454688e-05,1.428213923956375e-06,0.0029714035163420937,0.0011336767475312853,0.004286192412728817
633.6,1079.0485703794898,920.9514296205108,945.2566934975293,154.74330650247092,0.9270879877743148,0.00547433065024709,0.002163245111074582,158.09714075897898,1.7854611109128805e-05,1.4283688887303044e-06,0.0028227629657167665,0.0011291447281085608,0.004070415708629639
648.0,1075.089729889179,924.9102701108212,943.6354063003283,156.36459369967184,0.9251651561446395,0.005636459369967185,0.0021635314002808486,150.17945977835768,1.7817797753274053e-05,1.4254238202619243e-06,0.0026758672410267326,0.0011221945692779373,0.0038657742907228024
662.4,1071.3414952179412,928.658504782059,942.0261957008802,157.97380429912005,0.9207300791658773,0.005797380429912006,0.0021649411268674186,142.68299043588218,1.773288648775157e-05,1.4186309190201256e-06,0.0025301812731324414,0.001112280964574206,0.0036721324050637528
676.8000000000001,1067.802375457226,932.1976245427745,940.433706943811,159.56629305618932,0.9133135198703836,0.005956629305618936,0.0021688195265990363,135.60475091445142,1.7590893589179898e-05,1.4072714871343918e-06,0.0023854087435233604,0.00109889244679642,0.0034893894593557855
691.2,1064.4710497799033,935.5289502200969,938.8632401476111,161.13675985238913,0.9025471108082193,0.006113675985238915,0.0021769392617935084,128.94209955980637,1.7384766520139426e-05,1.3907813216111542e-06,0.0022416282954638065,0.0010816474621169801,0.003317456554809696
705.6,1061.345768260282,938.6542317397183,937.320496485505,162.67950351449522,0.8882411428166236,0.006267950351449528,0.0021912256432507623,122.69153652056377,1.7110873225274994e-05,1.3688698580219996e-06,0.0020993593272175637,0.001060382706066247,0.0031562252684057862
720.0,1058.4237340859174,941.5762659140829,935.8112222447477,164.18877775525254,0.8704313324397615,0.006418877775525256,0.0022133206789045766,116.84746817183452,1.6769897511650084e-05,1.3415918009320068e-06,0.0019595200657374604,0.0010352023449422191,0.003005535570304369
734.4,1055.7006232491678,944.2993767508325,934.3408228754071,165.65917712459301,0.8493771764254542,0.006565917712459307,0.0022441584306027913,111.40124649833535,1.6366807544949746e-05,1.3093446035959796e-06,0.0018232827617057615,0.001006469164747105,0.002865150895712528
748.8000000000001,1053.1703586952551,946.8296413047457,932.9140295440889,167.0859704559114,0.8255151710712185,0.006708597045591143,0.002283737633704261,106.34071739050944,1.5909960215752325e-05,1.272796817260186e-06,0.0016918765829975666,0.000974743516175978,0.0027347463631444057
763.2,1050.825165649352,949.1748343506489,931.5346766215873,168.4653233784129,0.7993873196166744,0.0068465323378412955,0.0023311674126280718,101.65033129870301,1.5409732385883173e-05,1.2327785908706539e-06,0.0015664044022493777,0.0009406955620277018,0.0026139114819909094
777.6,1048.6558501451036,951.3441498548975,930.2056068172236,169.7943931827765,0.7715690997733082,0.006979439318277656,0.0023849183810119115,97.31170029020609,1.4877141798889081e-05,1.1901713439111264e-06,0.0014477199639083918,0.0009050196360564005,0.0025021643416430583
792.0,1046.6522026631067,953.3477973368944,928.9286862571843,171.0713137428159,0.7426129806358354,0.007107131374281594,0.00244314874901951,93.3044053262123,1.432276568944241e-05,1.1458212551553929e-06,0.0013363771352801013,0.0008683690858031816,0.0023989722242576976
806.4,1044.8034296866965,955.1965703133045,927.7048945156511,172.29510548434897,0.7130133076119332,0.007229510548434902,0.0025039927607502697,89.60685937339201,1.3756068491728207e-05,1.1004854793382567e-06,0.0012326380948690383,0.0008313175037789239,0.0023037736415724673
820.8000000000001,1043.0985453267097,956.9014546732917,926.5344533267844,173.4655466732157,0.6831900991461967,0.007346554667321573,0.002565758302548302,86.19709065341794,1.318509162145225e-05,1.05480732971618e-06,0.001136516537767941,0.0007943426025195339,0.002215998312859538
835.2,1041.526688868261,958.4733111317404,925.4169664705415,174.5830335294586,0.6534862926739881,0.007458303352945862,0.002627030703879705,83.0533777365207,1.2616400748561435e-05,1.0093120598849148e-06,0.0010478346970455954,0.0007578257434882565,0.0021350833364873058
849.6,1040.0773591204802,959.9226408795215,924.3515532231985,175.6484467768017,0.624172942638232,0.007564844677680171,0.0026867039288994707,80.15471824095869,1.2055185315287418e-05,9.644148252229934e-07,0.0009662799822894057,0.000722060375547414,0.002060485093365827
864.0,1038.740572191804,961.2594278081976,923.3369663143026,176.66303368569754,0.5954581316509365,0.007666303368569758,0.0027439664231247553,77.4811443836063,1.1505429143783329e-05,9.204343315026663e-07,0.000891453816684828,0.000687264322029477,0.001991687227523946
878.4,1037.506956303097,962.4930436969047,922.3716913874175,177.6283086125827,0.5674969581710193,0.0077628308612582774,0.0027982638629639885,75.01391260619232,1.0970101654081862e-05,8.77608132326549e-07,0.0008229102467603426,0.0006535928492195789,0.0019282054059361706
892.8000000000001,1036.3677982937163,963.6322017062857,921.4540281491571,178.54597185084305,0.5404011385504547,0.007854597185084307,0.0028492536532520704,72.73559658743056,1.0451341698985601e-05,8.361073359188482e-07,0.0007601845736148079,0.000621150875784233,0.0018695896113646493
907.2,1035.3150551105575,964.6849448894441,920.5821549929659,179.4178450070343,0.514247531521619,0.007941784500703434,0.0028967599471468033,70.63011022111345,9.950620768676967e-06,7.960496614941575e-07,0.0007028134416601549,0.0005900035980758516,0.001815424650545802
921.6,1034.3413414816234,965.6586585183783,919.7541795694711,180.24582043052897,0.4890853702447599,0.008024582043052902,0.00294073352517408,68.68268296324516,9.468881451066457e-06,7.575105160853166e-07,0.0006503481827201502,0.0005601853587807457,0.0017653294520164591
936.0,1033.43990256319,966.5600974368122,918.9681778938865,181.03182210611357,0.4649422219207556,0.00810318221061136,0.0029812182236290115,66.87980512637773,9.00665153088581e-06,7.205321224708648e-07,0.0006023630992268346,0.0005317068486841793,0.0017189556035829615
950.4,1032.604577005066,967.3954229949358,918.222224082896,181.77777591710412,0.44182883824452346,0.008177777591710417,0.003018323571791052,65.20915401013019,8.564136853496066e-06,6.851309482796853e-07,0.0005584601190434567,0.0005045608831271386,0.001675985407447238
964.8000000000001,1031.8297554224055,968.1702445775963,917.5144126748216,182.48558732517853,0.4197430342236647,0.008248558732517858,0.003052203424241739,63.65951084480912,8.14129558637197e-06,6.513036469097576e-07,0.0005182708946714431,0.00047872695453401786,0.0016361297077538582
979.2,1031.1103371286074,968.8896628713946,916.842875134943,183.15712486505697,0.3986727778003367,0.008315712486505703,0.0030830395414652794,62.22067425721275,7.73789737110866e-06,6.190317896886929e-07,0.00048145719176349486,0.00045417480305865897,0.001599125635788024
993.6,1030.4416872047564,969.5583127952451,916.2057918204663,183.79420817953402,0.3785986373583417,0.00837942081795341,0.0031110292460535803,60.88337440951125,7.353570181892292e-06,5.882856145513834e-07,0.00044771016663076613,0.00043086719858675775,0.0015647343782314947
1008.0,1029.8195951550642,970.1804048449379,915.6014004285176,184.39859957148258,0.35949571925733564,0.008439859957148266,0.003136376285763811,59.63919031012631,6.987837420342451e-06,5.590269936273961e-07,0.00041674896576802554,0.0004087621034950399,0.0015327390316281445
1022.4,1029.240235594045,970.759764405957,915.0280014355673,184.971998564433,0.3413351596320183,0.008497199856443306,0.0031592844683815853,58.48047118808813,6.640146476585118e-06,5.312117181268094e-07,0.00038831889470862096,0.00038781430361396616,0.0015029425650765716
1036.8,1028.7001325676008,971.2998674324012,914.4839621810435,185.51603781895685,0.3240853831820308,0.008551603781895694,0.003179952646499683,57.40026513519956,6.309892829272508e-06,5.047914263418006e-07,0.00036218952137493645,0.0003679767582961595,0.001475165972813643
1051.2,1028.1961255597842,971.8038744402172,913.9677183626372,186.03228163736304,0.3077129920067246,0.008603228163736312,0.003198571903037464,56.392251119566936,5.996437062668786e-06,4.797149650135029e-07,0.0003381525846606965,0.0003492015225607539,0.0014492465158969414
1065.6000000000001,1027.7253392145808,972.2746607854214,913.4777749165061,186.52222508349405,0.2921835231930695,0.008652222508349412,0.0032153233882745774,55.45067842915944,5.699119370963817e-06,4.5592954967710537e-07,0.000316020035568708,0.0003314405164706377,0.0014250361568808945
1080.0,1027.2851554750987,972.7148445249031,913.012705725808,186.98729427419215,0.2774620097255538,0.008698729427419227,0.0032303772142957578,54.57031095019556,5.4172702971103234e-06,4.3338162376882586e-07,0.00029562212461456866,0.00031464607171233114,0.0014024001203689312
1094.4,1026.8731886448504,973.1268113551513,912.5711527706247,187.42884722937538,0.2635134343919761,0.008742884722937551,0.003243891824231856,53.746377289699126,5.150219423025978e-06,4.1201755384207825e-07,0.0002768056362346907,0.0002987713589165105,0.0013812156050908746
1108.8,1026.4872627708219,973.5127372291802,912.151824687655,187.84817531234506,0.2503030747280497,0.008784817531234519,0.0032560138373846034,52.9745255416417,4.897301973691366e-06,3.917841578953093e-07,0.00025943224849044554,0.0002837706953310052,0.001361370616390343
1123.2,1026.1253912456489,973.8746087543528,911.753494919545,188.2465050804551,0.23779676368950212,0.008824650508045526,0.003266878227111552,52.250782491296036,4.6578638078182495e-06,3.7262910462546e-07,0.00024337702869639126,0.00026959976181400183,0.0013427629136467747
1137.6000000000001,1025.78575857475,974.2142414252519,911.3749996692886,188.62500033071163,0.22596108833021306,0.008862500033071173,0.0032766087065119348,51.57151714949805,4.43126522161941e-06,3.545012177295528e-07,0.00022852707037071968,0.00025621575487955905,0.0013252990696901396
1152.0,1025.4667039290669,974.5332960709353,911.0152356144378,188.98476438556253,0.21476353599755846,0.008898476438556261,0.0032853182533097392,50.933407858131545,4.216883747775111e-06,3.3735069982200893e-07,0.00021478025981575604,0.00024357748476187596,0.0013088936225757297
1166.4,1025.1667064306325,974.8332935693695,910.673157536987,189.32684246301318,0.20417259947409205,0.00893268424630133,0.00329310972900077,50.333412861263014,4.014116168411284e-06,3.211292934729027e-07,0.00020204416637771634,0.00023164543250898706,0.0012934683169032535
1180.8,1024.8843719191425,975.1156280808593,910.3477759394781,189.65222406052214,0.19415785672748295,0.008965222406052225,0.0033000764949161696,49.76874383828317,3.822380041942958e-06,3.0579040335543664e-07,0.00019023505316002515,0.00022038178350553496,0.0012789514216497387
1195.2,1024.6184211152001,975.3815788848015,910.038154546107,189.9618454538933,0.18469001237016172,0.008996184545389342,0.003306303131403294,49.23684223039868,3.641114496835229e-06,2.9128915974681834e-07,0.00017927698002349364,0.00020975042302906116,0.0012652771201138863
1209.6000000000001,1024.3676789405038,975.6323210594983,909.743407818642,190.25659218135795,0.17574092024944324,0.009025659218135806,0.0033118661453718527,48.735357881005484,3.4697806640999088e-06,2.775824531279927e-07,0.00016910100243350192,0.00019971691527784512,0.001252384959591633
1224.0,1024.1310650032112,975.8689349967907,909.4626986605639,190.5373013394363,0.16728360673682546,0.00905373013394364,0.0033168345439275114,48.262130006420534,3.3078621231781645e-06,2.646289698542532e-07,0.00015964447183213884,0.00019024848729514966,0.0012402193611627968
1238.4,1023.9075849737969,976.0924150262049,909.195235952971,190.80476404702915,0.1592922553764884,0.009080476404702924,0.003321270564951171,47.81516994759204,3.1548646080300875e-06,2.52389168642407e-07,0.00015085038739460197,0.00018131397396496708,0.0012287291754297003
1252.8,1023.696322890244,976.3036771097578,908.9402723742473,191.0597276257528,0.1517422093276589,0.00910597276257529,0.003325230173087498,47.39264578048619,3.0103160538947144e-06,2.4082528431157716e-07,0.00014266684242954318,0.0001728837862908061,0.0012178672861762783
1267.2,1023.4964341791112,976.5035658208906,908.6971020775093,191.30289792249076,0.14460993919702478,0.00913028979224909,0.0033287637140574406,46.992868358220676,2.873765981429143e-06,2.2990127851433145e-07,0.00013504650645763255,0.00016492984473401008,0.0012075902509484523
1281.6000000000001,1023.3071393962784,976.6928606037234,908.4650586204252,191.53494137957503,0.13787302707060892,0.00915349413795751,0.003331916371011452,46.61427879255507,2.7447851909925805e-06,2.1958281527940645e-07,0.00012794618211860466,0.00015742553350234082,0.0011978579787320564
1296.0,1023.1277185621176,976.8722814378842,908.2435128425888,191.7564871574114,0.13151012998162823,0.009175648715741152,0.0033347286954446323,46.25543712423337,2.6229650632243635e-06,2.0983720505794907e-07,0.00012132639556103534,0.00015034563493006057,0.0011886334382724224
1310.4,1022.9575060826139,977.0424939173879,908.0318709426233,191.96812905737673,0.1255009507804543,0.009196812905737681,0.003337237033806326,45.91501216522602,2.5079170013380774e-06,2.006333601070462e-07,0.00011515103962581498,0.00014366627458526165,0.0011798823965865819
1324.8,1022.7958861444656,977.2041138555362,907.8295725705871,192.17042742941305,0.11982620098048273,0.009217042742941316,0.0033394739496545697,45.591772288929405,2.399271719791343e-06,1.9194173758330745e-07,0.00010938704990799496,0.00013736485983578136,0.00117157318190027
1339.2,1022.6422885098848,977.357711490117,907.6360890106288,192.36391098937148,0.11446756446281693,0.009236391098937155,0.003341468591413127,45.28457701976777,2.2966785493979403e-06,1.8373428395183524e-07,0.00010400411665985954,0.00013142002145940534,0.0011636764671820118
1353.6000000000001,1022.496184766685,977.5038152333168,907.4509214706009,192.54907852939937,0.10940765941341594,0.009254907852939948,0.0033432470400906853,44.99236953336822,2.199804708599767e-06,1.7598437668798135e-07,9.897442635056411e-05,0.00012581155522309648,0.0011561650771243302
1368.0,1022.3570848979849,977.6429151020169,907.2735994554299,192.7264005445703,0.10463000122619763,0.00927264005445704,0.0033448326151876377,44.71416979596802,2.108334593232391e-06,1.6866676745859127e-07,9.42724309885063e-05,0.00012052036623688573,0.0011490138115907984
1382.4,1022.2245341739938,977.775465826008,907.1036791985662,192.896320801434,0.10011896362402335,0.009289632080143412,0.0033462461604611606,44.44906834798576,2.0219690321712525e-06,1.617575225737002e-07,8.987463970849062e-05,0.00011552841289822689,0.001142199285650351
1396.8,1022.0981103197067,977.9018896802951,906.9407421878828,193.0592578121172,0.09585974147397652,0.00930592578121173,0.003347506296499933,44.19622063941165,1.940424575415777e-06,1.5523396603326217e-07,8.575943266921235e-05,0.0001108186540973624,0.0011356997838207887
1411.2,1021.9774209458695,978.0225790541323,906.7843937614214,193.21560623857874,0.09183831353930202,0.009321560623857883,0.003348629652079552,43.95484189173726,1.8634327809608394e-06,1.4907462247686714e-07,8.190689326301397e-05,0.0001063749976112436,0.0011294951278678416
1425.6000000000001,1021.8621012090183,978.1378987909835,906.6342617761655,193.36573822383457,0.08804140609015049,0.009336573822383466,0.0033496310721382897,43.72420241803479,1.7907395181103737e-06,1.432591614488299e-07,7.829865716783206e-05,0.0001021822505719519,0.001123566556398751
1440.0,1021.7518116894726,978.2481883105293,906.4899953432515,193.51000465674846,0.08445645695315704,0.009351000465674858,0.0033505238072883046,43.5036233789433,1.7221042791926464e-06,1.3776834233541172e-07,7.491777598126351e-05,9.82260714351968e-05,0.0011178966156759865
1454.4,1021.6462364014984,978.3537635985034,906.3512636471143,193.64873635288575,0.08107158287555512,0.009364873635288585,0.0033513196751384514,43.29247280299501,1.6572995547335795e-06,1.3258396437868637e-07,7.174859589971922e-05,9.449292649137775e-05,0.0011124690572387344
1468.8,1021.5450810645782,978.4549189354236,906.217754800706,193.78224519929438,0.07787554415502498,0.009378224519929448,0.003352029220773857,43.09016212915458,1.5961101562815102e-06,1.2768881250252083e-07,6.877664541016053e-05,9.097004420563253e-05,0.001107268748958871
1483.2,1021.4480714307654,978.5519285692365,906.0891747868334,193.91082521316693,0.07485771423949583,0.009391082521316704,0.003352661844384487,42.896142861528915,1.538332634383635e-06,1.230666107506908e-07,6.598853645307253e-05,8.76453757320518e-05,0.0011022815889898498
1497.6000000000001,1021.3549518021853,978.6450481978165,905.9652464411156,194.0347535588847,0.07200804810187056,0.009403475355888478,0.0033532259282167613,42.70990360436872,1.483774673107872e-06,1.1870197384862976e-07,6.337187325904093e-05,8.450755474814867e-05,0.0010974944294989783
1512.0,1021.2654836738791,978.7345163261227,905.8457084974522,194.154291502548,0.06931705253192429,0.009415429150254813,0.003353728944185095,42.53096734775636,1.4322545212697606e-06,1.1458036170158086e-07,6.09151702778006e-05,8.154585997918672e-05,0.00109289500685063
1526.4,1021.179444468856,978.8205555311458,905.7303146863101,194.26968531369002,0.06677575799796051,0.009426968531369014,0.003354177550264013,42.35888893771016,1.3836004537129754e-06,1.1068803629703803e-07,5.8607777952993315e-05,7.875017996791008e-05,0.0010884718765358339
1540.8,1021.0966263706126,978.9033736293892,905.6188328781802,194.38116712182014,0.06437569132663433,0.009438116712182027,0.0033545776811124274,42.19325274122343,1.3376502482539662e-06,1.0701201986031729e-07,5.6439815003939864e-05,7.611097921332532e-05,0.0010842143531178932
1555.2,1021.0168353003143,978.9831646996876,905.5110442811113,194.48895571888895,0.06210884941269788,0.009448895571888905,0.0033549346225649557,42.03367060062669,1.2942506823448581e-06,1.0354005458758864e-07,5.4402106856320096e-05,7.361926586271378e-05,0.001080112457619367
1569.6000000000001,1020.9398898927732,979.0601101072286,905.4067426768293,194.59325732317097,0.05996767483805339,0.009459325732317107,0.0033552530854461487,41.87977978554454,1.2532570662907856e-06,1.0026056530326285e-07,5.24861299509357e-05,7.126656186674033e-05,0.0010761568648513103
1584.0,1020.8656206358373,979.1343793641645,905.3057337039696,194.6942662960307,0.05794503177784947,0.009469426629603078,0.0033555372647369134,41.73124127167284,1.2145327819627783e-06,9.716262255702226e-08,5.068396055644473e-05,6.90448737924493e-05,0.0010723388591464913
1598.4,1020.7938690142335,979.2061309857684,905.2078341782715,194.7921658217288,0.05603418368457742,0.009479216582172892,0.0033557908978285272,41.58773802846508,1.1779488555511464e-06,9.423590844409172e-08,4.898822841559133e-05,6.694666588049539e-05,0.001068650290324745
1612.8,1020.7244867552755,979.2755132447263,905.1128714535247,194.88712854647576,0.05422877172138114,0.009488712854647589,0.00335601731322631,41.448973510549195,1.1433835446628524e-06,9.147068357302819e-08,4.739207425512841e-05,6.496483419486955e-05,0.0010650835348975567
1627.2,1020.6573351233105,979.3426648766913,905.0206828172176,194.97931718278292,0.052522794293401696,0.009497931718278304,0.0033562194749399473,41.314670246619244,1.1107219464411777e-06,8.885775571529422e-08,4.588911095290034e-05,6.309268221529849e-05,0.0010616314597804793
1641.6000000000001,1020.5922842528557,979.4077157471461,904.9311149193248,195.06888508067573,0.05091058772625814,0.009506888508067584,0.003356400023470384,41.18456850570965,1.07985562764776e-06,8.638845021182081e-08,4.4473388073135265e-05,6.132389789966824e-05,0.001058287387996597
1656.0,1020.5292125635258,979.470787436476,904.8440232371636,195.15597676283687,0.04938680771265505,0.009515597676283698,0.003356561309153751,41.05842512704976,1.0506822694507127e-06,8.405458155605702e-08,4.3139359292560806e-05,5.965253178173508e-05,0.0010550450685863568
1670.4,1020.4680061792166,979.5319938207853,904.7592715650566,195.24072843494375,0.04794641189819781,0.009524072843494383,0.003356705425982386,40.9360123584313,1.0231053340233168e-06,8.184842672186534e-08,4.188185259755548e-05,5.8072976485189693e-05,0.0010518986467377687
1684.8,1020.4085584317818,979.59144156822,904.6767315397434,195.32326846025708,0.04658464319707385,0.009532326846025717,0.003356834237218785,40.81711686356175,9.97033745116281e-07,7.976269960930247e-08,4.069604289132588e-05,5.65799471924275e-05,0.0010488426382615427
1699.2,1020.350769350293,979.6492306497088,904.5962821839972,195.40371781600314,0.04529701413396348,0.009540371781600327,0.003356949403897671,40.70153870058425,9.723815882775627e-07,7.779052706220502e-08,3.9577426847014796e-05,5.516846337078302e-05,0.0010458719033262758
1713.6000000000001,1020.2945452258774,979.7054547741244,904.5178094826033,195.4821905173972,0.04407929185976682,0.009548219051739727,0.0033570524058738433,40.58909045175301,9.490678239726609e-07,7.592542591781287e-08,3.852179975207473e-05,5.383383136083335e-05,0.0010429816240799597
1728.0,1020.2397982266822,979.7602017733196,904.4412059863724,195.55879401362802,0.04292748392510416,0.00955587940136281,0.0033571445583448537,40.47959645336255,9.270160152127727e-07,7.416128121702182e-08,3.752523420161724e-05,5.257162790411141e-05,0.0010401672848492252
1742.4,1020.186445971612,979.8135540283898,904.3663704306471,195.6336295693534,0.041837825206393654,0.009563362956935348,0.003357227034538824,40.37289194322216,9.061540772494902e-07,7.249232617995922e-08,3.658406064470385e-05,5.137768502493341e-05,0.0010374246502201016
1756.8,1020.1344111876851,979.8655888123167,904.2932073723756,195.70679262762482,0.040806764756454,0.009570679262762494,0.003357300879411139,40.26882237536847,8.864140258244994e-07,7.091312206595995e-08,3.569484895696205e-05,5.024807492307543e-05,0.0010347497474180783
1771.2,1020.083621387582,979.9163786124199,904.2216268635019,195.7783731364984,0.039830954148760186,0.009577837313649853,0.003357367022798982,40.167242775162094,8.677317540158435e-07,6.941854032126748e-08,3.485439202727162e-05,4.917909657417792e-05,0.0010321388497267637
1785.6000000000001,1020.0340085628778,979.965991437124,904.1515441388285,195.848455861172,0.0389072363232788,0.00958484558611721,0.003357426291771974,40.06801712575384,8.500468186871238e-07,6.80037454949699e-08,3.405969048884825e-05,4.816726294853496e-05,0.001029588460713463
1800.0,1019.9855088517517,980.0144911482502,904.0828792892518,195.91712071074872,0.03803263401092386,0.009591712071074877,0.003357479426156738,39.9710177035015,8.333022188692247e-07,6.666417750953798e-08,3.330793774278886e-05,4.720928783605394e-05,0.0010270952971431512
1814.4,1019.9380623291495,980.0619376708523,904.015557015164,195.98444298483662,0.037204340587866654,0.009598444298483666,0.0033575270825812534,39.87612465829716,8.174442206625355e-07,6.539553765300285e-08,3.2596507644343836e-05,4.630207537706782e-05,0.0010246562781877815
1828.8,1019.8916127239045,980.1083872760973,903.9495063416184,196.05049365838195,0.03641970992127576,0.009605049365838204,0.003357569846533162,39.783225447807126,8.024221628297133e-07,6.419377302637707e-08,3.192294180817149e-05,4.54427085457841e-05,0.0010222685108812013
1843.2,1019.8461071748433,980.1538928251586,903.8846603621769,196.11533963782358,0.03567624713087825,0.00961153396378236,0.003357608241293646,39.69221434968472,7.881882799221951e-07,6.305506239377562e-08,3.1284938154581067e-05,4.4628438678674285e-05,0.001019929277578488
1857.6000000000001,1019.8014960548808,980.198503945121,903.8209560285558,196.1790439714447,0.03497160075432442,0.009617904397144475,0.0033576427308966254,39.602992109759725,7.746975522830735e-07,6.197580418264589e-08,3.068034105051673e-05,4.385667657308464e-05,0.001017636026910656
1872.0,1019.7577327198072,980.2422672801946,903.7583338978985,196.24166610210185,0.03430355374133599,0.009624166610210191,0.003357673730856544,39.515465439612626,7.619075336265776e-07,6.095260269012621e-08,3.010713081320152e-05,4.312498234879921e-05,0.001015386360868382
1886.4,1019.7147733493174,980.2852266506844,903.6967379436877,196.30326205631272,0.03367001641973512,0.009630326205631277,0.0033577016109371804,39.429546698632976,7.497782163699761e-07,5.998225730959809e-08,2.956341519597771e-05,4.24310574898075e-05,0.0010131780266277486
1900.8,1019.6725767701711,980.3274232298307,903.6361153584394,196.36388464156104,0.033069019267825295,0.00963638846415611,0.003357726700040669,39.345153540340334,7.382718932580117e-07,5.906175146064094e-08,2.9047420994754223e-05,4.177273670561336e-05,0.0010110089074576811
1915.2,1019.6311042626891,980.3688957373128,903.5764163483651,196.42358365163548,0.032498705488738414,0.009642358365163554,0.0033577492930315306,39.26220852537631,7.273530151959011e-07,5.818824121567209e-08,2.855748575418267e-05,4.1147979605303116e-05,0.0010088770127709627
1929.6000000000001,1019.5903194428151,980.4096805571867,903.5175939843095,196.48240601569103,0.0319573253913447,0.009648240601569111,0.003357769651554423,39.18063888562847,7.169880836696807e-07,5.735904669357446e-08,2.809205119156053e-05,4.0554864360692184e-05,0.0010067804720598687
1944.0,1019.5501880950491,980.4498119049528,903.4596040201363,196.54039597986423,0.03144322978092627,0.00965403959798643,0.003357788009341194,39.10037619009631,7.071455242080935e-07,5.657164193664748e-08,2.7649656017679316e-05,3.999158031539268e-05,0.0010047175263065648
1958.4,1019.510678035251,980.4893219647508,903.4024047358226,196.59759526417793,0.030954864176758013,0.009659759526417795,0.0033578045754856446,39.02135607050013,6.977955756759368e-07,5.5823646054074944e-08,2.7228929622870352e-05,3.945642151326297e-05,0.0010026865209291317
1972.8,1019.4717589945228,980.528241005479,903.345956798622,196.65404320137876,0.030490763641970394,0.009665404320137879,0.0033578195363735326,38.94351798904381,6.88910191289784e-07,5.511281530318273e-08,2.682858642732932e-05,3.8947780910337634e-05,0.0010006858998112306
1987.2,1019.4334024983443,980.5665975016575,903.2902231228505,196.70977687715026,0.03004954759833963,0.009670977687715026,0.003357833058302592,38.866804996686824,6.804629393451361e-07,5.443703514761089e-08,2.6447420370999738e-05,3.846414458689177e-05,0.0009987141990879433
2001.6000000000001,1019.3955817594426,980.6044182405592,903.2351687430292,196.76483125697135,0.029629915112954264,0.009676483125697133,0.0033578452894539763,38.79116351888342,6.724289129778277e-07,5.3794313038226215e-08,2.6084299918147947e-05,3.800408648694632e-05,0.0009967700416376828
2016.0,1019.358271562003,980.6417284379988,903.1807606811658,196.81923931883495,0.029230640005084553,0.009681923931883496,0.0033578563626494866,38.71654312400415,6.647846364831488e-07,5.3182770918651906e-08,2.573816304657525e-05,3.756626297636329e-05,0.000994852131129129
2030.4,1019.3214481758009,980.6785518242009,903.1269678406575,196.87303215934332,0.028850566866073006,0.009687303215934334,0.003357866396328669,38.64289635160003,6.575079891151066e-07,5.260063912920853e-08,2.5408013073724027e-05,3.714940840435606e-05,0.0009929592476063181
2044.8,1019.2850892593369,980.7149107406649,903.073760892263,196.92623910773776,0.02848860682767539,0.009692623910773778,0.0033578754964462,38.57017851867204,6.50578124069678e-07,5.204624992557424e-08,2.5092914385710245e-05,3.675233040312228e-05,0.0009910902425085194
2059.2000000000003,1019.2491737784842,980.7508262215176,903.021112175077,196.97888782492402,0.02814373385975437,0.009697888782492406,0.003357883757626342,38.498347556966564,6.4397539760272e-07,5.1518031808217595e-08,2.4791988675045245e-05,3.637390577201588e-05,0.0009892440344876335
2073.6,1019.2136819241688,980.786318075833,902.9689955976636,197.03100440233723,0.027814981085335054,0.009703100440233725,0.003357891264519664,38.427363848335744,6.376812984802821e-07,5.1014503878422566e-08,2.4504411275980985e-05,3.6013076389759815e-05,0.0009874196051759107
2088.0,1019.1785950377011,980.8214049623007,902.917386547271,197.0826134527298,0.027501437387022317,0.00970826134527298,0.0033578980928893913,38.35719007540047,6.316783830071518e-07,5.053427064057214e-08,2.4229407803526938e-05,3.5668845451086376e-05,0.0009856159953470184
2102.4,1019.1438955427471,980.8561044572547,902.8662618059659,197.13373819403483,0.027202244262504397,0.009713373819403487,0.0033579043104545324,38.28779108549247,6.259502148242552e-07,5.007601718594042e-08,2.3966251055110217e-05,3.534027398106817e-05,0.0009838323014185293
2116.8,1019.1095668757057,980.8904331242961,902.8155994661593,197.18440053384154,0.026916592668407836,0.009718440053384155,0.00335790997794323,38.21913375140957,6.204813044830364e-07,4.9638504358642914e-08,2.3714257966286255e-05,3.502647734379628e-05,0.0009820676718724757
2131.2000000000003,1019.0755934287906,980.9244065712112,902.7653788591141,197.23462114088667,0.02664372032903462,0.00972346211408867,0.0033579151496322917,38.15118685757943,6.152570579201891e-07,4.922056463361513e-08,2.3472786982157706e-05,3.4726622261273466e-05,0.0009803213043290627
2145.6,1019.0419604875815,980.9580395124203,902.7155804787994,197.2844195212012,0.02638290888838931,0.009728441952120121,0.003357919874248336,38.08392097516116,6.102637219321141e-07,4.882109775456913e-08,2.324123536007036e-05,3.443992366823009e-05,0.0009785924423360841
2160.0,1019.00865418066,980.9913458193419,902.6661859181645,197.33381408183607,0.02613348150739512,0.009733381408183611,0.0033579241954008227,38.0173083613181,6.054883381726903e-07,4.8439067053815225e-08,2.3019036861493222e-05,3.4165642054606444e-05,0.000976880372779607
2174.4,1018.9756614227847,981.0243385772171,902.6171777995019,197.3828222004989,0.02589480025652156,0.009738282220049892,0.003357928152364904,37.951322845567574,6.009186932341216e-07,4.807349545872973e-08,2.2805659330864732e-05,3.390308059122886e-05,0.0009751844229625667
2188.8,1018.9429698748108,981.057030125191,902.5685397223596,197.43146027764104,0.02566626414092089,0.009743146027764106,0.0033579317802621893,37.885939749619865,5.9654328083741e-07,4.77234624669928e-08,2.260060279584668e-05,3.3651582944964944e-05,0.0009735039585441466
2203.2000000000003,1018.9105679025643,981.0894320974376,902.5202562108838,197.4797437891171,0.02544730711005902,0.009747974378911712,0.0033579351103513,37.82113580512669,5.923512637259694e-07,4.738810109807756e-08,2.2403397589718305e-05,3.341053108088308e-05,0.0009718383814253911
2217.6,1018.878444525084,981.1215554749178,902.4723126505869,197.52768734941384,0.025237395692099693,0.009752768734941382,0.003357938170778881,37.75688905016614,5.883324283749942e-07,4.706659426999954e-08,2.2213602222769474e-05,3.3179342661867165e-05,0.0009701871270884203
2232.0,1018.8465893643166,981.1534106356852,902.4246952270391,197.57530477296157,0.025036026701326593,0.00975753047729616,0.0033579409873329726,37.69317872863144,5.844771410991686e-07,4.6758171287933484e-08,2.2030801342250495e-05,3.295746853104727e-05,0.00096854966201025
2246.4,1018.8149926342261,981.1850073657757,902.3773909058323,197.62260909416844,0.02484272643255124,0.009762260909416846,0.0033579435827750708,37.629985268450355,5.807763326292932e-07,4.646210661034346e-08,2.1854604841104926e-05,3.2744391806682866e-05,0.0009669254831027393
2260.8,1018.7836450993873,981.2163549006145,902.3303873813054,197.66961261869545,0.024657048737139278,0.009766961261869544,0.0033579459773697144,37.56729019877275,5.772214612770651e-07,4.617771690216521e-08,2.1684646144755174e-05,3.25396257690482e-05,0.0009653141155839229
2275.2000000000003,1018.7525380221012,981.2474619779006,902.2836730132555,197.7163269867453,0.024478572666018435,0.009771632698674529,0.003357948189808397,37.50507604420068,5.738044678095511e-07,4.590435742476409e-08,2.1520580199699314e-05,3.2342711281818366e-05,0.0009637151102593188
2289.6,1018.7216631494323,981.2783368505695,902.2372368063047,197.76276319369612,0.024306901658143167,0.00977627631936961,0.003357950236841845,37.44332629886276,5.705177599120305e-07,4.564142079296244e-08,2.1362082643682398e-05,3.215321588805378e-05,0.0009621280428554308
2304.0,1018.6910126888152,981.3089873111866,902.1910683775023,197.80893162249842,0.024141662307033608,0.00978089316224984,0.003357952133339707,37.38202537762868,5.67354188572905e-07,4.53883350858324e-08,2.1208848675336263e-05,3.197073245151074e-05,0.0009605525127656385
2318.4,1018.6605792725949,981.339420727407,902.1451579122506,197.85484208774997,0.023982502705850534,0.009785484208775,0.003357953892720862,37.32115854518793,5.643070163995191e-07,4.514456131196153e-08,2.1060591627208414e-05,3.179487734415992e-05,0.000958988141227276
2332.8,1018.630355923044,981.3696440769578,902.0994961209042,197.9005038790964,0.023829090818603172,0.009790050387909636,0.003357955527384752,37.260711846086224,5.613698864343022e-07,4.490959091474418e-08,2.0917041577498683e-05,3.1625288664154696e-05,0.000957434569523273
2347.2000000000003,1018.6003360478486,981.3996639521532,902.054074228938,197.94592577106278,0.023681114076572054,0.009794592577106277,0.003357957048309741,37.20067209569538,5.585368144281285e-07,4.468294515425028e-08,2.077794488691507e-05,3.146162578020396e-05,0.0009558914587499207
2361.6,1018.57051341311,981.4294865868918,902.0088839427461,197.99111605725466,0.023538278089124023,0.00979911160572546,0.0033579584653147163,37.141026826218194,5.558021641583713e-07,4.4464173132669704e-08,2.0643063089076198e-05,3.130356791973617e-05,0.0009543584884289777
2376.0,1018.5408821093132,981.4591178906886,901.9639174072653,198.0360825927354,0.023400305051890648,0.009803608259273537,0.003357959787464893,37.081764218624585,5.531606169528622e-07,4.425284935622898e-08,2.0512171572874946e-05,3.1150812431703826e-05,0.000952835354758198
2390.4,1018.5114365417098,981.488563458292,901.9191671916295,198.08083280837107,0.023266933189103226,0.009808083280837104,0.003357961022941853,37.022873083417835,5.506071610131793e-07,4.4048572881054345e-08,2.0385059041011946e-05,3.100307416856086e-05,0.0009513217701168677
2404.8,1018.482171415516,981.5178285844859,901.8746262690509,198.12537373094992,0.02313791598452303,0.009812537373094987,0.0033579621790497264,36.96434283103008,5.481370766905086e-07,4.3850966135240684e-08,2.0261526821186587e-05,3.086008464074921e-05,0.0009498174623048105
2419.2000000000003,1018.4530817135133,981.5469182864886,901.8302879881393,198.16971201186135,0.023013021098090024,0.009816971201186133,0.003357963262400243,36.906163427024694,5.457459157444649e-07,4.365967325955719e-08,2.014138795609647e-05,3.072159083275611e-05,0.0009483221733909358
2433.6,1018.4241626728474,981.5758373271544,901.7861460434216,198.21385395657916,0.02289202925403398,0.009821385395657918,0.003357964279122321,36.848325345692956,5.434294800555482e-07,4.347435840444386e-08,2.00244662835276e-05,3.058735398961945e-05,0.0009468356585205121
2448.0,1018.3954097817983,981.6045902182035,901.7421944689552,198.25780553104548,0.022774733982487694,0.009825780553104554,0.003357965234683372,36.79081956359482,5.411838166782288e-07,4.32947053342583e-08,1.9910596150146295e-05,3.0457149326317557e-05,0.0009453576857490414
2462.4,1018.3668187627418,981.63318123726,901.6984276161952,198.3015723838055,0.02266094078110933,0.009830157238380549,0.0033579661340015694,36.733637525481754,5.390052017898828e-07,4.312041614319062e-08,1.9799621706898702e-05,3.0330765111432255e-05,0.0009438880351663653
2476.8,1018.3383855508696,981.6616144491322,901.6548401268037,198.34515987319708,0.022550466088564102,0.00983451598731971,0.0033579669816230138,36.67677110173736,5.368901210377014e-07,4.295120968301611e-08,1.9691396076083838e-05,3.0208001548667674e-05,0.0009424264978027575
2491.2000000000003,1018.3101062867785,981.6898937132233,901.6114269219709,198.3885730780299,0.022443136872367563,0.009838857307802987,0.0033579677816808614,36.620212573555136,5.34835261647791e-07,4.2786820931823275e-08,1.9585780973375084e-05,3.008867032258643e-05,0.0009409728752478846
2505.6,1018.2819773074747,981.7180226925271,901.5681831899478,198.43181681005294,0.02233879015101632,0.009843181681005295,0.0033579685378892967,36.563954614947534,5.328375032761812e-07,4.26270002620945e-08,1.948264628693225e-05,2.9972594073963956e-05,0.0009395269791883649
2520.0,1018.253995131619,981.7460048683828,901.5251043667771,198.4748956332238,0.02223727226352764,0.009847489563322381,0.0033579692536314953,36.50799026323625,5.308939040238771e-07,4.247151232191017e-08,1.9381869478915186e-05,2.9859605603148623e-05,0.0009380886306492478
2534.4,1018.2261564436326,981.7738435563692,901.4821861156745,198.51781388432627,0.02213843808886852,0.009851781388432625,0.0033579699320645225,36.45231288726336,5.290016854925274e-07,4.2320134839402194e-08,1.9283334957463298e-05,2.974954702012637e-05,0.000936657659176966
2548.8,1018.1984580940575,981.8015419059443,901.4394243260974,198.56057567390332,0.022042151000794995,0.009856057567390332,0.003357970576009774,36.39691618811321,5.27158231919805e-07,4.2172658553584405e-08,1.918693398505909e-05,2.9642269688745513e-05,0.000935233902857809
2563.2000000000003,1018.1708970884283,981.8291029115735,901.3968150990084,198.6031849009922,0.021948282308025462,0.00986031849009922,0.0033579711880050633,36.34179417685482,5.253610794613088e-07,4.2028886356904706e-08,1.9092564218313153e-05,2.9537633615948936e-05,0.0009338172077458458
2577.6,1018.1434705758861,981.8565294241157,901.3543547318335,198.6456452681671,0.021856710682950524,0.009864564526816711,0.003357971770359731,36.28694115177041,5.236079052529925e-07,4.1888632420239396e-08,1.900012924451711e-05,2.9435506829224323e-05,0.00093240742727761
2592.0,1018.1161758307808,981.883824169221,901.312039694897,198.68796030510376,0.021767321271725055,0.009868796030510371,0.0033579723252978922,36.23235166155973,5.218965103735325e-07,4.17517208298826e-08,1.8909537894794686e-05,2.9335764411035917e-05,0.0009310044213263733
2606.4,1018.0890102601895,981.9109897398123,901.2698666395804,198.73013336042047,0.02168000599242225,0.009873013336042045,0.003357972854795425,36.17802052037723,5.202248255526031e-07,4.161798604420825e-08,1.882070441405174e-05,2.9238288815113864e-05,0.0009296080565885588
2620.8,1018.0619713931547,981.9380286068471,901.227832384191,198.77216761580974,0.021594662999135667,0.009877216761580973,0.0033579733606405107,36.12394278630768,5.18590900910902e-07,4.1487272072872164e-08,1.873354803400518e-05,2.9142969283376113e-05,0.0009282182060305255
2635.2000000000003,1018.0350568723815,981.9649431276204,901.185933902855,198.81406609714563,0.021511196259428364,0.009881406609714562,0.0033579738444640653,36.0701137447611,5.16992897870251e-07,4.135943182962008e-08,1.8647992631413612e-05,2.9049701385553165e-05,0.0009268347484617413
2649.6,1018.0082644410477,981.9917355589541,901.1441683083924,198.85583169160844,0.021429514906019423,0.009885583169160843,0.0033579743078177597,36.01652888209355,5.154290767413834e-07,4.123432613931067e-08,1.8563966229126848e-05,2.8958386315890464e-05,0.0009254575678567958
2664.0,1017.9815919461893,982.0184080538125,901.1025328557469,198.89746714425382,0.02134953336085064,0.009889746714425381,0.0033579747520976967,35.96318389237672,5.138977990992486e-07,4.1111823927939884e-08,1.8481401050893942e-05,2.886893102283836e-05,0.0009240865535293268
2678.4,1017.9550373314823,982.0449626685195,901.0610249323344,198.9389750676664,0.021271170968028354,0.009893897506766638,0.00335797517857112,35.91007466296287,5.123975207555416e-07,4.099180166044333e-08,1.8400233227448564e-05,2.8781247809476367e-05,0.000922721599761027
2692.8,1017.9285986309487,982.0714013690531,901.0196420495364,198.98035795046425,0.021194351670014096,0.009898035795046424,0.003357975588394846,35.857197261895635,5.109267855592475e-07,4.08741428447398e-08,1.832040253618419e-05,2.869525398088434e-05,0.0009213626054780212
2707.2000000000003,1017.9022739575636,982.0977260424382,900.9783818277965,199.02161817220423,0.021119003442718963,0.00990216181722042,0.0033579759826748963,35.80454791512534,5.094842145813044e-07,4.075873716650435e-08,1.8241851972976313e-05,2.8610871232088303e-05,0.000920009473665302
2721.6,1017.8760615064843,982.1239384935175,900.9372420001563,199.0627579998443,0.021045058425944025,0.009906275799984432,0.0033579763624124667,35.75212301296688,5.080685086119362e-07,4.064548068895489e-08,1.8164527818908562e-05,2.852802578550486e-05,0.0009186621115326228
2736.0,1017.8499595496344,982.1500404503674,900.8962204049317,199.103779595069,0.020972452644624384,0.009910377959506899,0.003357976728519864,35.699919099266936,5.066784428237612e-07,4.05342754259009e-08,1.8088379418150825e-05,2.844664808760223e-05,0.0009173204302361068
2750.4,1017.8239664307954,982.1760335692064,900.855314979026,199.1446850209746,0.02090112575414184,0.009914468502097462,0.0033579770818325575,35.64793286158897,5.053128618957055e-07,4.042502895165644e-08,1.801335897495549e-05,2.836667253173931e-05,0.0009159843446259368
2764.8,1017.7980805564582,982.2019194435436,900.8145237457577,199.1854762542431,0.020831020577361626,0.009918547625424308,0.003357977423146209,35.596161112914615,5.039706711493914e-07,4.031765369195131e-08,1.7939421206417444e-05,2.8288036956976542e-05,0.0009146537727760785
2779.2000000000003,1017.7723003979726,982.2276996020292,900.7738448173035,199.22615518269728,0.02076208319628979,0.009922615518269725,0.0033579777531874233,35.544600795943325,5.026508383039536e-07,4.0212067064316285e-08,1.7866523387260287e-05,2.821068274440293e-05,0.0009133286360947297
2793.6,1017.7466244876988,982.253375512303,900.7332763894029,199.2667236105978,0.020694262750151224,0.009926672361059784,0.003357978072621043,35.49324897539577,5.01352389610165e-07,4.01081911688132e-08,1.7794625188843213e-05,2.813455459738071e-05,0.0009120088591265238
2808.0,1017.7210514152065,982.2789485847953,900.6928167361449,199.30718326385593,0.020627511236825036,0.00993071832638559,0.0033579783820579046,35.44210283041116,5.000744060488403e-07,4.000595248390723e-08,1.7723688522039783e-05,2.8059600325587564e-05,0.0009106943693570881
2822.4,1017.6955798207335,982.3044201792683,900.6524642013087,199.34753579869206,0.020561783184461273,0.009934753579869213,0.003357978682078499,35.391159641465265,4.988160170438105e-07,3.9905281363504844e-08,1.7653677290917356e-05,2.7985770489519036e-05,0.0009093850968768484
2836.8,1017.6702083958928,982.329791604109,900.6122171989288,199.38778280107198,0.020497035671514344,0.009938778280107204,0.0033579789732168385,35.34041679178381,4.975764008454709e-07,3.980611206763767e-08,1.758455739163463e-05,2.7913018420206927e-05,0.0009080809744172896
2851.2000000000003,1017.6449358811193,982.3550641188825,900.5720742097411,199.42792579025962,0.020433228191462424,0.009942792579025962,0.003357979255963332,35.28987176223677,4.963547819407813e-07,3.9708382555262506e-08,1.7516296603263166e-05,2.7841300071824525e-05,0.0009067819372197671
2865.6,1017.6197610627563,982.3802389372455,900.5320337771769,199.46796622282386,0.020370322500460645,0.00994679662228239,0.003357979530770059,35.2395221255108,4.951504281365282e-07,3.9612034250922256e-08,1.744886446777333e-05,2.777057385605391e-05,0.0009054879228856885
2880.0,1017.5946827675203,982.4053172324815,900.492094499882,199.50790550011877,0.020308282332476422,0.009950790550011879,0.003357979798066111,35.18936553503886,4.939626451054795e-07,3.951701160843836e-08,1.7382232079271393e-05,2.7700800334035392e-05,0.0009041988710920184
2894.4,1017.5696998630591,982.4303001369427,900.4522550322837,199.54774496771694,0.020247073421038774,0.0099547744967717,0.0033579800582488584,35.13939972611638,4.927907768027844e-07,3.942326214422276e-08,1.7316372087416442e-05,2.763194223834343e-05,0.0009029147236199
2908.8,1017.5448112562664,982.4551887437354,900.4125140822042,199.58748591779656,0.020186663408520905,0.009958748591779656,0.0033579803116845657,35.08962251253092,4.916342037291524e-07,3.933073629833219e-08,1.725125862310468e-05,2.7563964374005545e-05,0.0009016354242680761
2923.2000000000003,1017.5200158908843,982.4799841091175,900.372870407539,199.62712959246184,0.020127021719872004,0.009962712959246186,0.0033579805587121516,35.04003178176686,4.904923405134006e-07,3.923938724107205e-08,1.718686720030277e-05,2.749683348137472e-05,0.0009003609187296051
2937.6,1017.4953127433974,982.5046872566044,900.333322810693,199.66667718930782,0.020068119350931713,0.009966667718930781,0.0033579807996528825,34.99062548679308,4.893646318596518e-07,3.914917054877214e-08,1.7123174559883443e-05,2.7430518007267695e-05,0.000899091154380804
2952.0,1017.4707008230213,982.5292991769805,900.2938701384228,199.70612986157792,0.02000992886274024,0.009970612986157791,0.003357981034806007,34.94140164604073,4.882505524383993e-07,3.906004419507195e-08,1.706015865665138e-05,2.736498809773915e-05,0.0008978260802806581
2966.4,1017.4461791706492,982.5538208293526,900.2545112803125,199.74548871968818,0.019952424323849388,0.009974548871968822,0.0033579812644482765,34.892358341296585,4.8714960578203e-07,3.89719684625624e-08,1.6997798610767956e-05,2.7300215534973064e-05,0.000896565647116669
2980.8,1017.4217468569761,982.5782531430257,900.2152451661709,199.78475483382974,0.0198955812115988,0.009978475483382978,0.0033579814888365775,34.843493713950465,4.860613223947186e-07,3.888490579157749e-08,1.6936074631454827e-05,2.7236173630121512e-05,0.0008953098071084127
2995.2000000000003,1017.3974029794059,982.6025970205959,900.1760707618201,199.82392923818057,0.019839376252062665,0.00998239292381806,0.0033579817082141326,34.79480595881,4.849852566881464e-07,3.879882053505171e-08,1.6874967899347715e-05,2.717283705031483e-05,0.0008940585138485552
3009.6,1017.3731466615095,982.6268533384923,900.1369870682735,199.86301293172752,0.019783787389250036,0.009986301293172756,0.003357981922809218,34.7462933230172,4.839209863918294e-07,3.8713678911346354e-08,1.681446053833432e-05,2.71101817846947e-05,0.0008928117222750059
3024.0,1017.3489770526627,982.6510229473391,900.0979931211508,199.90200687885,0.0197287937634354,0.009990200687885004,0.003357982132833533,34.69795410532356,4.828681121382479e-07,3.862944897105983e-08,1.6754535593897154e-05,2.7048185120287872e-05,0.0008915693886522933
3038.4,1017.324893326456,982.6751066735458,900.0590879884791,199.9409120115217,0.01967437562783139,0.009994091201152173,0.003357982338484397,34.64978665291028,4.81826255867514e-07,3.854610046940112e-08,1.6695176969579922e-05,2.698682555166165e-05,0.0008903314704898022
3052.8,1017.3008946784593,982.6991053215426,900.0202707676058,199.97972923239482,0.019620514231356554,0.00999797292323949,0.0033579825399481884,34.6017893569167,4.807950585829151e-07,3.846360468663321e-08,1.6636369340932453e-05,2.692608265422699e-05,0.0008890979264268792
3067.2000000000003,1017.2769803252594,982.7230196747424,899.9815405838393,200.01845941616153,0.01956719176739408,0.010001845941616159,0.0033579827374009075,34.553960650516956,4.797741793698797e-07,3.8381934349590374e-08,1.6578098115080885e-05,2.6865937028514806e-05,0.0008878687161833776
3081.6,1017.2531495045814,982.7468504954204,899.942896590555,200.05710340944566,0.019514391378838807,0.01000571034094457,0.0033579829310063252,34.50629900916101,4.78763295492604e-07,3.830106363940832e-08,1.6520349428879103e-05,2.6806370304947442e-05,0.0008866438005658528
3096.0,1017.229401473913,982.7705985260889,899.9043379672835,200.0956620327172,0.019462097085694213,0.010009566203271723,0.0033579831209176844,34.4588029478241,4.777621010078691e-07,3.822096808062953e-08,1.6463110094568595e-05,2.6747365065442672e-05,0.0008854231413968644
3110.4,1017.2057355090129,982.7942644909889,899.8658639176458,200.13413608235498,0.01941029370702989,0.010013413608235502,0.003357983307279582,34.41147101802403,4.7677030527088605e-07,3.8141624421670886e-08,1.6406367542083565e-05,2.6688904759020494e-05,0.0008842067014383107
3124.8,1017.1821509027176,982.8178490972842,899.8274736676921,200.1725263323086,0.019358966798289367,0.010017252633230868,0.003357983490229308,34.36430180543334,4.7578763173502976e-07,3.806301053880238e-08,1.6350109772234936e-05,2.6630973633951925e-05,0.0008829944443300608
3139.2000000000003,1017.1586469652738,982.8413530347281,899.7891664663073,200.2108335336934,0.01930810266768074,0.010021083353369346,0.0033579836698950307,34.3172939305457,4.7481381826564444e-07,3.7985105461251556e-08,1.629432536370683e-05,2.6573556754851892e-05,0.0008817863346070693
3153.6,1017.1352230232111,982.8647769767907,899.750941583642,200.24905841635885,0.019257688317084444,0.01002490584163589,0.0033579838463971257,34.270446046420375,4.738486160086995e-07,3.790788928069596e-08,1.6239003429097103e-05,2.6516639938743687e-05,0.0008805823376414158
3168.0,1017.1118784182981,982.8881215817037,899.7127983096608,200.28720169033986,0.019207711387388554,0.010028720169033988,0.0033579840198492165,34.223756836594475,4.728917883442131e-07,3.783134306753705e-08,1.618413357431465e-05,2.6460209695922313e-05,0.0008793824195886308
3182.4,1017.088612506319,982.9113874936828,899.6747359524404,200.32526404756027,0.019158160094141893,0.01003252640475603,0.003357984190359561,34.1772250126362,4.719431096543059e-07,3.7755448772344474e-08,1.6129705851818452e-05,2.6404253160470865e-05,0.0008781865473248143
3196.8,1017.0654246574991,982.9345753425027,899.6367538387276,200.36324616127314,0.019109023250056704,0.01003632461612732,0.003357984358029648,34.13084931499634,4.7100236575402325e-07,3.768018926032186e-08,1.607571077255736e-05,2.6348758114015618e-05,0.0008769946884685138
3211.2000000000003,1017.0423142555926,982.9576857444092,899.5988513126676,200.40114868733312,0.01906029021721671,0.010040114868733314,0.0033579845229551163,34.08462851118338,4.7006935297634026e-07,3.760554823810722e-08,1.6022139270690893e-05,2.6293712934050764e-05,0.0008758068113338304
3225.6,1017.0192806971443,982.9807193028576,899.5610277347732,200.43897226522745,0.01901195086850535,0.01004389722652275,0.0033579846852263683,34.03856139428672,4.691438774336903e-07,3.7531510194695225e-08,1.596898267478039e-05,2.623910655219154e-05,0.0008746228848924388
3240.0,1016.9963233903806,983.0036766096213,899.5232824803815,200.4767175196193,0.01896399552939196,0.010047671751961935,0.003357984844929748,33.99264678075929,4.6822575390343894e-07,3.745806031227512e-08,1.5916232666094325e-05,2.6184928391388972e-05,0.0008734428787166237
3254.4,1016.9734417555637,983.0265582444381,899.4856149401277,200.514385059873,0.018916414997202466,0.010051438505987305,0.0033579850021465646,33.946883511125634,4.673148061968287e-07,3.7385184495746294e-08,1.5863881288987994e-05,2.6131168386292016e-05,0.0008722667629974546
3268.8,1016.9506352243062,983.0493647756956,899.4480245189893,200.5519754810114,0.018869200505400665,0.010055197548101143,0.003357985156953692,33.9012704486106,4.6641086647513056e-07,3.7312869318010446e-08,1.581192092454421e-05,2.607781694462789e-05,0.0008710945085095462
3283.2000000000003,1016.9279032390291,983.0720967609727,899.4105106355289,200.58948936447186,0.018822343695572258,0.010058948936447192,0.003357985309423951,33.855806478056365,4.655137747132674e-07,3.72411019770614e-08,1.576034426956191e-05,2.6024864916869625e-05,0.0008699260865832223
3297.6,1016.9052452520355,983.0947547479664,899.373072720606,200.62692727939452,0.0187758365689879,0.010062692727939453,0.0033579854596270087,33.810490504069094,4.6462337777246965e-07,3.7169870221797575e-08,1.5709144302144593e-05,2.5972303544031126e-05,0.0008687614690568743
3312.0,1016.882660725737,983.1173392742649,899.3357102176842,200.6642897823165,0.018729671499376124,0.010066428978231654,0.003357985607628782,33.76532145147212,4.637395296448181e-07,3.709916237158545e-08,1.5658314288211767e-05,2.5920124471117955e-05,0.0008676006282886201
3326.4,1016.8601491321699,983.1398508678319,899.2984225821546,200.7015774178461,0.018683841208067684,0.010070157741784611,0.003357985753491779,33.720298264338,4.6286209097737254e-07,3.7028967278189806e-08,1.5607847763012153e-05,2.5868319720235808e-05,0.0008664435371314217
3340.8,1016.8377099525485,983.1622900474533,899.2612092807157,200.73879071928494,0.018638338741106902,0.010073879071928495,0.0033579858972754063,33.67541990509517,4.6199092863395964e-07,3.695927429071677e-08,1.5557738514093446e-05,2.5816881665826787e-05,0.0008652901689100984
3355.2000000000003,1016.8153426763488,983.184657323653,899.2240697900962,200.77593020990452,0.018593157421165223,0.010077593020990452,0.003357986039036817,33.630685352695764,4.6112591477453953e-07,3.6890073181963166e-08,1.5507980547756542e-05,2.5765802982919297e-05,0.0008641404973742757
3369.6,1016.7930468018156,983.2069531981862,899.187003597761,200.81299640223966,0.018548290875800406,0.010081299640223966,0.0033579861788301133,33.58609360362948,4.6026692739623884e-07,3.682135419169911e-08,1.545856810618501e-05,2.571507667722251e-05,0.0008629944967244143
3384.0,1016.7708218355654,983.2291781644365,899.1500102013596,200.849989798641,0.01850373301724039,0.010084998979864099,0.0033579863167066066,33.541643671128895,4.59413849946305e-07,3.67531079957044e-08,1.540949565248044e-05,2.56646960632637e-05,0.0008618521415913827
3398.4,1016.7486672922316,983.2513327077702,899.1130891082335,200.88691089176714,0.018459478024483958,0.010088691089176718,0.0033579864527150255,33.49733458446144,4.5856657097941637e-07,3.668532567835331e-08,1.5360757857346698e-05,2.561465474502303e-05,0.0008607134070182732
3412.8,1016.7265826941118,983.27341730589,899.0762398349233,200.92376016507743,0.018415520325355,0.010092376016507743,0.003357986586901736,33.453165388221805,4.577249838141045e-07,3.661799870512836e-08,1.5312349585854387e-05,2.556494659653257e-05,0.0008595782684422021
3427.2000000000003,1016.7045675700407,983.2954324299611,899.0394619056063,200.9605380943942,0.018371854537043267,0.010096053809439422,0.003357986719312015,33.40913514007957,4.568889853943835e-07,3.655111883155068e-08,1.52642658570548e-05,2.5515565698024627e-05,0.0008584467016364327
3441.6,1016.6826214560574,983.3173785439444,899.0027548530209,200.99724514697976,0.018328475503093782,0.010099724514697976,0.003357986849988893,33.36524291211299,4.5605847699792684e-07,3.6484678159834146e-08,1.5216501867164124e-05,2.5466506375415896e-05,0.0008573186827446335
3456.0,1016.6607438950281,983.3392561049737,898.9661182179424,201.03388178205842,0.018285378274302207,0.01010338817820584,0.0033579869789734035,33.321487790054334,4.552333638703017e-07,3.6418669109624136e-08,1.516905297582962e-05,2.5417763179698417e-05,0.0008561941882615044
3470.4,1016.638934436207,983.3610655637948,898.9295515485734,201.07044845142738,0.018242558086182636,0.010107044845142741,0.003357987106304926,33.27786887241223,4.544135547935811e-07,3.635308438348649e-08,1.5121914690267501e-05,2.536933086267475e-05,0.0008550731950101954
3484.8,1016.6171926350298,983.382807364972,898.8930544002606,201.10694559974004,0.018200010349054174,0.010110694559974005,0.003357987232021289,33.23438527005783,4.5359896189654777e-07,3.6287916951723824e-08,1.507508265776815e-05,2.5321204366219813e-05,0.0008539556801316952
3499.2000000000003,1016.5955180541021,983.4044819458998,898.8566263369488,201.14337366305173,0.01815773070422502,0.010114337366305175,0.003357987356158273,33.1910361082023,4.5278950173035994e-07,3.62231601384288e-08,1.5028552701347303e-05,2.5273378882310607e-05,0.0008528416211356207
3513.6,1016.57391026165,983.4260897383518,898.8202669289487,201.1797330710519,0.018115714939917767,0.010117973307105189,0.003357987478750382,33.14782052329815,4.5198509365890884e-07,3.615880749271271e-08,1.4982320763811615e-05,2.5225849762881012e-05,0.0008517309958206076
3528.0,1016.5523688312279,983.4476311687739,898.7839757525333,201.21602424746752,0.018073958976765895,0.010121602424746749,0.003357987599830991,33.104737662454,4.5118565958114336e-07,3.609485276649147e-08,1.4936382897495025e-05,2.5178612504198408e-05,0.0008506237822592432
3542.4,1016.5308933417281,983.4691066582737,898.7477523899677,201.25224761003298,0.018032458869818933,0.010125224761003295,0.0033579877194323355,33.06178668345433,4.5039112396945964e-07,3.6031289917556774e-08,1.4890735264799508e-05,2.5131662748918432e-05,0.000849519958798597
3556.8,1016.5094833772043,983.4905166227975,898.7115964292728,201.28840357072772,0.017991210800364563,0.010128840357072767,0.00335798783758559,33.01896675440685,4.496014137131323e-07,3.596811309705058e-08,1.4845374132128233e-05,2.508499627724227e-05,0.00084841950405113
3571.2000000000003,1016.4881385283442,983.5118614716577,898.6755074663595,201.3244925336412,0.0179502111580896,0.010132449253364121,0.003357987954319941,32.97627705668651,4.488164596913178e-07,3.590531677530542e-08,1.480029592238207e-05,2.503860909473999e-05,0.00084732239697038
3585.6,1016.466858390745,983.5331416092569,898.6394851025607,201.36051489743997,0.01790945644800789,0.010136051489743994,0.0033579880696636053,32.9337167814881,4.480361949911533e-07,3.584289559929227e-08,1.4755497153694221e-05,2.4992497332644167e-05,0.0008462286167623441
3600.0,1016.4456425644305,983.5543574355713,898.6035289439524,201.3964710560483,0.01786894326539801,0.01013964710560483,0.003357988183644103,32.89128512885918,4.4726055442792946e-07,3.578084435423436e-08,1.4710974422580669e-05,2.494665722096076e-05,0.0008451381428606259
3614.4,1016.4244906540863,983.5755093459155,898.5676386017059,201.4323613982948,0.017828668310138514,0.010143236139829478,0.003357988296288076,32.84898130817078,4.4648947481954357e-07,3.571915798556349e-08,1.4666724412642174e-05,2.4901085103738236e-05,0.0008440509549385402
3628.8,1016.4034022688954,983.5965977311064,898.531813691866,201.46818630813462,0.017788628379084383,0.010146818630813457,0.0033579884076213647,32.80680453778905,4.4572289484054437e-07,3.565783158724355e-08,1.4622743889051242e-05,2.4855777430842188e-05,0.0008429670329006604
3643.2000000000003,1016.3823770234438,983.617622976558,898.49605383664,201.50394616336058,0.017748820415237166,0.010150394616336055,0.00335798851766843,32.764754046885855,4.4496075596351323e-07,3.5596860477081057e-08,1.457902972966091e-05,2.4810730810472384e-05,0.0008418863569293645
3657.6,1016.3614145367426,983.6385854632592,898.4603586630258,201.5396413369748,0.017709241456937457,0.010153964133697483,0.0033579886264529144,32.722829073483354,4.4420300148633434e-07,3.553624011890675e-08,1.4535578891565591e-05,2.4765941954739283e-05,0.0008408089074345597
3672.0,1016.3405144317068,983.659485568295,898.4247278020862,201.57527219791444,0.017669888611330616,0.010157527219791443,0.0033579887339979303,32.68102886341171,4.434495760241859e-07,3.547596608193487e-08,1.4492388393514105e-05,2.4721407651228372e-05,0.0008397346650269115
3686.4,1016.3196763353357,983.6803236646662,898.3891608892148,201.6108391107857,0.01763075906508118,0.010161083911078568,0.003357988840325921,32.639352670669496,4.427004257146714e-07,3.5416034057173713e-08,1.4449455322356684e-05,2.467712477440519e-05,0.0008386636105271031
3700.8,1016.2988998785725,983.7011001214294,898.3536575639457,201.64634243605477,0.017591850077951814,0.010164634243605478,0.00335798894545872,32.59779975714309,4.4195549809488643e-07,3.535643984759092e-08,1.4406776828465543e-05,2.4633090278695848e-05,0.0008375957249585984
3715.2000000000003,1016.2781846970586,983.7218153029432,898.3182174710637,201.6817825289369,0.017553159025516293,0.010168178252893689,0.0033579890494171262,32.556369394115336,4.412147429191749e-07,3.5297179433534e-08,1.4364350152606293e-05,2.4589301244089682e-05,0.0008365309895864631
3729.6,1016.2575304304826,983.7424695695192,898.2828402596739,201.71715974032665,0.017514683364799662,0.010171715974032663,0.003357989152221238,32.51506086096333,4.404781115012971e-07,3.523824892010377e-08,1.4322172603386868e-05,2.4545754839342233e-05,0.0008354693858838348
3744.0,1016.2369367219687,983.7630632780331,898.2475255823342,201.7524744176664,0.017476420602263128,0.010175247441766644,0.0033579892538907604,32.473873443935645,4.397455561014875e-07,3.5179644488119e-08,1.4280241536372807e-05,2.4502448287707265e-05,0.0008344108955005439
3758.4,1016.2164032183014,983.7835967817005,898.2122730953943,201.78772690460633,0.01743836830741919,0.01017877269046063,0.0033579893544448684,32.43280643660091,4.390170301871222e-07,3.5121362414969776e-08,1.4238554362430313e-05,2.445937888144752e-05,0.0008333555002746263
3772.8,1016.1959295698096,983.8040704301923,898.1770824588442,201.8229175411565,0.017400524107844706,0.010182291754115648,0.003357989453902247,32.39185913961728,4.3829248833724163e-07,3.506339906697933e-08,1.419710854417228e-05,2.441654397646202e-05,0.0008323031822263941
3787.2000000000003,1016.1755154309166,983.8244845690853,898.1419533371185,201.8580466628822,0.017362885719937885,0.01018580466628822,0.0033579895522808044,32.351030861831305,4.3757188683140565e-07,3.500575094651245e-08,1.4155901615152559e-05,2.4373941025103034e-05,0.0008312539235866721
3801.6,1016.1551604597273,983.8448395402745,898.1068853985151,201.8931146014854,0.017325450927921347,0.010189311460148535,0.003357989649597862,32.310320919452806,4.3685518324769864e-07,3.494841465981589e-08,1.4114931166059507e-05,2.4331567553688615e-05,0.0008302077067756058
3816.0,1016.1348643173955,983.8651356826064,898.0718783143031,201.92812168569728,0.01728821755120684,0.010192812168569728,0.0033579897458704605,32.26972863478909,4.361423358379144e-07,3.489138686703315e-08,1.4074194823632546e-05,2.428942112759846e-05,0.0008291645143701071
3830.4,1016.1146266683595,983.8853733316423,898.0369317590746,201.96306824092605,0.017251183458271483,0.010196306824092598,0.003357989841115229,32.22925333671719,4.3543330379322237e-07,3.483466430345779e-08,1.4033690259195502e-05,2.42474993660656e-05,0.000828124329116011
3844.8,1016.0944471802452,983.9055528197566,898.0020454106174,201.99795458938317,0.01721434656262786,0.010199795458938314,0.0033579899353484172,32.188894360488575,4.347280471670132e-07,3.4778243773361056e-08,1.3993415185800482e-05,2.420579993783741e-05,0.0008270871339230492
3859.2000000000003,1016.0743255238388,983.9256744761631,897.967218949892,202.03278105010867,0.017177704822563013,0.010203278105010864,0.0033579900285858957,32.148651047675685,4.3402652686990207e-07,3.4722122149592163e-08,1.3953367357775117e-05,2.4164320560864035e-05,0.0008260529118634711
3873.6,1016.0542613739277,983.9457386260741,897.9324520622384,202.0675479377621,0.017141256286409813,0.010206754793776208,0.003357990120842734,32.10852274785361,4.3332870553646624e-07,3.46662964429173e-08,1.3913544599015587e-05,2.4123059050601322e-05,0.0008250216462152629
3888.0,1016.0342544081773,983.9657455918245,897.8977444357924,202.10225556420818,0.017104999034669242,0.010210225556420814,0.0033579902121337376,32.06850881635273,4.326345464171541e-07,3.461076371337233e-08,1.3873944766037271e-05,2.408201325816479e-05,0.000823993320404389
3902.4,1016.0143043070801,983.9856956929217,897.8630957614239,202.13690423857676,0.01706893117844652,0.010213690423857672,0.0033579903024734555,32.02860861415843,4.319440133483438e-07,3.455552106786751e-08,1.3834565746762929e-05,2.404118106863497e-05,0.0008229679180022186
3916.8,1015.9944107540771,984.0055892459247,897.8285057329233,202.1714942670772,0.017033050866962336,0.010217149426707718,0.003357990391876112,31.98882150815234,4.312570708961492e-07,3.4500565671691935e-08,1.3795405465025517e-05,2.4000560409050373e-05,0.0008219454227317229
3931.2000000000003,1015.9745734354831,984.0254265645187,897.7939740469085,202.2060259530921,0.0169973562847332,0.010220602595309209,0.00335799048035563,31.94914687096434,4.305736843024359e-07,3.444589474419487e-08,1.3756461878550758e-05,2.3960149245370085e-05,0.0008209258184636618
3945.6,1015.9547920405648,984.045207959437,897.7595004029448,202.24049959705593,0.0169618456565579,0.010224049959705592,0.003357990567925584,31.909584081127832,4.2989381958028976e-07,3.439150556642318e-08,1.3717732981854455e-05,2.3919945587768818e-05,0.0008199090892205942
3960.0,1015.935066261949,984.0649337380528,897.7250845041286,202.274915495872,0.016926517269189634,0.010227491549587195,0.0033579906545990077,31.870132523896245,4.292174439289374e-07,3.433739551431499e-08,1.367921681958324e-05,2.3879947513733712e-05,0.0008188952191978311
3974.4,1015.9153957947472,984.0846042052547,897.690726055873,202.30927394412745,0.01689136942795139,0.010230927394412748,0.003357990740388777,31.83079158949249,4.2854452490313146e-07,3.428356199225052e-08,1.3640911459009653e-05,2.3840153121734217e-05,0.0008178841927184718
3988.8,1015.8957803367505,984.1042196632513,897.6564247661886,202.343575233812,0.016856400467520488,0.010234357523381197,0.0033579908253075154,31.791560673499134,4.278750306196248e-07,3.4230002449569986e-08,1.36028149966191e-05,2.3800560542710738e-05,0.0008168759942434276
4003.2000000000003,1015.8762195884102,984.1237804115916,897.6221803456693,202.37781965433126,0.016821608751995735,0.010237781965433125,0.0033579909093675885,31.752439176818598,4.272089297584556e-07,3.417671438067645e-08,1.356492555794913e-05,2.376116794012386e-05,0.0008158706083703775
4017.6,1015.8567132527775,984.1432867472244,897.5879925074192,202.41200749258138,0.016786992672811335,0.010241200749258134,0.0033579909925811266,31.713426505553116,4.2654619152300914e-07,3.412369532184073e-08,1.3527241296088534e-05,2.3721973507706843e-05,0.0008148680198307121
4032.0,1015.8372610357086,984.1627389642932,897.5538609673479,202.44613903265267,0.016752550659792646,0.010244613903265263,0.0033579910749599227,31.674522071415367,4.258867858516841e-07,3.407094286813473e-08,1.3489760398383319e-05,2.3682975481236282e-05,0.0008138682135000508
4046.4,1015.8178626458949,984.1821373541069,897.5197854442237,202.48021455577694,0.01671828118357936,0.01024802145557769,0.0033579911565154172,31.63572529178805,4.252306834642855e-07,3.401845467714284e-08,1.3452481087715415e-05,2.3644172141089434e-05,0.0008128711743998115
4060.8,1015.7985177943153,984.2014822056865,897.4857656589211,202.51423434107951,0.016684182729412397,0.010251423434107952,0.0033579912372589176,31.59703558862884,4.245778553601642e-07,3.396622842881314e-08,1.3415401605958817e-05,2.3605561784263872e-05,0.0008118768876690385
4075.2000000000003,1015.7792261944237,984.2207738055781,897.4518013346919,202.54819866530866,0.01665025380729983,0.010254819866530868,0.0033579913172015166,31.55845238884558,4.239282730128481e-07,3.391426184102785e-08,1.3378520220161497e-05,2.3567142735203045e-05,0.0008108853385740491
4089.6,1015.7599875620998,984.240012437902,897.4178921971101,202.58210780289062,0.016616492950592535,0.010258210780289061,0.003357991396354096,31.5199751241978,4.23281908342772e-07,3.386255266742176e-08,1.3341835221487146e-05,2.3528913344258567e-05,0.0008098965125059144
4104.0,1015.7408016156108,984.259198384391,897.3840379740243,202.6159620259764,0.016582898714853148,0.010261596202597636,0.003357991474727342,31.48160323121988,4.226387336956234e-07,3.381109869564987e-08,1.3305344924350816e-05,2.349087198646621e-05,0.0008089103949784701
4118.400000000001,1015.7216680759029,984.2783319240989,897.3502383959801,202.64976160402057,0.01654946969318875,0.010264976160402057,0.0033579915523316226,31.443336151804033,4.2199872213589285e-07,3.375989777087143e-08,1.3269047675750625e-05,2.345301707787219e-05,0.0008079269716433057
4132.8,1015.7025866662867,984.2974133337151,897.3164931957897,202.6835068042111,0.016516204501649995,0.010268350680421107,0.0033579916291771018,31.40517333257162,4.213618471673344e-07,3.3708947773386755e-08,1.323294184602269e-05,2.3415347059945394e-05,0.0008069462282736062
4147.2,1015.683557112276,984.3164428877258,897.2828021083161,202.71719789168452,0.016483101772172885,0.010271719789168446,0.0033579917052737993,31.367114224550278,4.207280825978332e-07,3.3658246607826656e-08,1.3197025824322258e-05,2.337786039203751e-05,0.0008059681507558438
4161.6,1015.6645791416628,984.335420858339,897.2491648705914,202.75083512940932,0.0164501601571946,0.010275083512940932,0.0033579917806315536,31.32915828332375,4.2009740262777747e-07,3.36077922102222e-08,1.3161298021338827e-05,2.3340555556288026e-05,0.0008049927250936449
4176.0,1015.645652484477,984.3543475155249,897.2155812217692,202.7844187782315,0.016417378328572152,0.010278441877823149,0.0033579918552600267,31.29130496895209,4.1946978182935556e-07,3.355758254634845e-08,1.3125756868482163e-05,2.3303431056455724e-05,0.0008040199374057273
4190.400000000001,1015.6267768729808,984.373223127021,897.1820509031256,202.81794909687517,0.01638475497797561,0.010281794909687515,0.0033579919291687067,31.253553745959834,4.1884519515408457e-07,3.3507615612326766e-08,1.3090400817985217e-05,2.326648541832237e-05,0.0008030497739255926
4204.8,1015.6079520418622,984.3920479581396,897.148573658322,202.8514263416789,0.016352288826014152,0.010285142634167885,0.0033579920023668283,31.215904083722535,4.182236181075319e-07,3.3457889448602554e-08,1.3055228348392119e-05,2.3229717199400367e-05,0.0008020822210114724
4219.2,1015.5891777278899,984.4108222721119,897.1151492329568,202.88485076704396,0.01631997860784672,0.010288485076704398,0.0033579920748634928,31.178355455778046,4.176050264738259e-07,3.340840211790607e-08,1.3020237955520545e-05,2.319312497358317e-05,0.0008011172651286209
4233.6,1015.5704536699347,984.4295463300671,897.0817773746029,202.91822262539796,0.01628782307481139,0.010291822262539795,0.0033579921466676556,31.14090733986768,4.1698939634685074e-07,3.335915170774806e-08,1.2985428153344638e-05,2.31567073328684e-05,0.000800154892850355
4248.0,1015.5517796089699,984.4482203910319,897.0484578328143,202.95154216718643,0.016255820995106054,0.01029515421671864,0.0033579922177881215,31.103559217938027,4.1637670414327825e-07,3.331013633146226e-08,1.2950797474290317e-05,2.3120462888069528e-05,0.0007991950908581445
4262.400000000001,1015.533155288037,984.4668447119648,897.0151903590901,202.98480964091075,0.01622397115296465,0.010298480964091073,0.003357992288233547,31.066310576072283,4.157669265867965e-07,3.326135412694372e-08,1.2916344468604465e-05,2.3084390267924935e-05,0.0007982378459397871
4276.8,1015.5145804522853,984.4854195477166,896.9819747069432,203.01802529305755,0.016192272351980477,0.010301802529305756,0.0033579923580124215,31.0291609045687,4.151600407717361e-07,3.321280326173889e-08,1.2882067706253501e-05,2.3048488122622705e-05,0.0007972831449914835
4291.2,1015.4960548490259,984.5039451509759,896.948810631995,203.0511893680057,0.016160723419221753,0.010305118936800571,0.0033579924271330288,30.992109698049944,4.145560242418642e-07,3.316448193934913e-08,1.2847965779291307e-05,2.3012755128166898e-05,0.0007963309750206021
4305.6,1015.4775782274497,984.5224217725521,896.9156978915615,203.0843021084392,0.01612932318959378,0.01030843021084392,0.003357992495603573,30.955156454897633,4.139548546909916e-07,3.3116388375279325e-08,1.281403729222406e-05,2.2977189969716024e-05,0.0007953813231311671
4320.0,1015.4591503387456,984.5408496612562,896.8826362448274,203.11736375517347,0.016098070512523138,0.010311736375517345,0.003357992563432129,30.91830067748947,4.1335651009094485e-07,3.306852080727559e-08,1.2780280865989543e-05,2.294179134868934e-05,0.0007944341765299514
4334.400000000001,1015.4407709361054,984.5592290638964,896.8496254528558,203.15037454714496,0.016066964252358262,0.010315037454714496,0.0033579926306266305,30.881541872209027,4.127609686992353e-07,3.302087749593882e-08,1.2746695138098994e-05,2.2906557983182005e-05,0.0007934895225267235
4348.8,1015.4224397747267,984.5775602252751,896.8166652785894,203.18333472141128,0.016036003288369433,0.010318333472141127,0.003357992697194881,30.84487954945166,4.1216820905905845e-07,3.297345672472468e-08,1.271327876253987e-05,2.287148860795376e-05,0.0007925473485343967
4363.2,1015.4041566118101,984.5958433881917,896.7837554868498,203.21624451315094,0.016005186514748772,0.010321624451315094,0.003357992763144545,30.80831322361837,4.1157820999929453e-07,3.292625679994356e-08,1.2680030409674443e-05,2.2836581974417682e-05,0.0007916076420688762
4377.6,1015.385921206472,984.6140787935299,896.7508958442605,203.24910415574013,0.01597451284024106,0.010324910415574016,0.00335799282848316,30.77184241294208,4.1099095062744e-07,3.28792760501952e-08,1.264694876585284e-05,2.280183685023183e-05,0.000790670390744589
4392.0,1015.3677333189274,984.6322666810744,896.7180861185468,203.2819138814539,0.015943981184762656,0.010328191388145395,0.0033579928932181815,30.73546663785305,4.104064102648753e-07,3.283251282119002e-08,1.2614032530657106e-05,2.2767252015651285e-05,0.0007897355822324844
4406.400000000001,1015.3495927117142,984.6504072882876,896.6853260795856,203.31467392041503,0.015913590484469314,0.010331467392041506,0.0033579929573569114,30.69918542342657,4.0982456854389066e-07,3.2785965483511253e-08,1.258128042080469e-05,2.2732826268970252e-05,0.000788803204322928
4420.8,1015.3314991494957,984.6685008505061,896.652615499238,203.3473845007628,0.015883339690942938,0.010334738450076281,0.003357993020906509,30.662998298989578,4.0924540539211585e-07,3.2739632431369266e-08,1.254869116940775e-05,2.2698558425635636e-05,0.0007878732449155984
4435.2,1015.3134523988796,984.6865476011222,896.6199541511917,203.38004584880892,0.015853227770438915,0.010338004584880893,0.0033579930838739994,30.626904797757334,4.0866890101811e-07,3.26935120814488e-08,1.2516263525285769e-05,2.266444731742641e-05,0.00078694569201013
4449.6,1015.2954522284181,984.7045477715837,896.5873418109627,203.41265818903787,0.015823253703886094,0.01034126581890379,0.0033579931462662783,30.590904456834323,4.0809503591136144e-07,3.264760287290892e-08,1.248399625287283e-05,2.2630491792442885e-05,0.0007860205337061711
4464.0,1015.2774984086074,984.7225015913945,896.5547782558942,203.4452217441065,0.015793416486886803,0.010344522174410651,0.0033579932080901086,30.554996817212896,4.0752379084228805e-07,3.2601903267383045e-08,1.2451888132124645e-05,2.2596690715096066e-05,0.000785097758203312
4478.400000000001,1015.2595907118856,984.7404092881162,896.5222632651543,203.4777367348465,0.015763715129681645,0.010347773673484653,0.0033579932693521223,30.519181423769396,4.06955146861563e-07,3.2556411748925044e-08,1.241993795840476e-05,2.2563042966059507e-05,0.0007841773538010221
4492.8,1015.2417289109301,984.7582710890717,896.4897966180321,203.51020338196864,0.015734148630533087,0.010351020338196867,0.003357993330059049,30.483457821858337,4.063890847905335e-07,3.2511126783242684e-08,1.238814452547584e-05,2.2529547413897605e-05,0.000783259308811075
4507.2,1015.2239127797475,984.7760872202543,896.4573780950296,203.54262190497113,0.015704715992770655,0.010354262190497114,0.0033579933902175706,30.44782555949314,4.0582558554755746e-07,3.2466046843804596e-08,1.235650663633119e-05,2.2496202933229878e-05,0.0007823436116136475
4521.6,1015.206142095247,984.7938579047549,896.4250074794353,203.57499252056533,0.01567541624938382,0.010357499252056535,0.003357993449834107,30.412284190492073,4.05264630618844e-07,3.242117044950752e-08,1.2325023118735079e-05,2.2463008430925356e-05,0.0007814302507381224
4536.0,1015.18841663613,984.8115833638718,896.3926845562122,203.60731544378848,0.01564624844564029,0.01036073154437885,0.003357993508914969,30.37683327225818,4.0470620172567384e-07,3.237649613805391e-08,1.2293692814069681e-05,2.2429962827568638e-05,0.0007805192148060462
4550.400000000001,1015.170736182888,984.8292638171138,896.3604091119969,203.63959088800374,0.015617211639085962,0.010363959088800377,0.003357993567466352,30.34147236577428,4.0415028082439836e-07,3.2332022465951866e-08,1.2262514577253397e-05,2.2397065057450705e-05,0.0007796104925310061
4564.8,1015.1531005178042,984.8468994821976,896.3281809351006,203.67181906490015,0.01558830489954498,0.010367181906490016,0.0033579936254943456,30.30620103560659,4.035968501064407e-07,3.228774800851526e-08,1.223148727666337e-05,2.236431406855999e-05,0.0007787040727187297
4579.2,1015.1355094249523,984.8644905750496,896.295999815508,203.70400018449268,0.015559527309119695,0.01037040001844927,0.003357993683004925,30.271018849902703,4.0304589199829516e-07,3.2243671359863614e-08,1.2200609794056242e-05,2.233170882257324e-05,0.0007777999442670053
4593.6,1015.117962689546,984.8820373104559,896.2638655442462,203.73613445575444,0.015530877953623326,0.010373613445575445,0.0033579937400040325,30.235925379090077,4.024973889975019e-07,3.219979111980015e-08,1.2169881019007058e-05,2.229924828571856e-05,0.0007768980961322672
4608.0,1015.1004600967274,984.8995399032744,896.2317779122073,203.76822208779328,0.015502355906634027,0.01037682220877933,0.003357993796497725,30.20092019345293,4.01951323367356e-07,3.215610586938848e-08,1.2139299838670311e-05,2.2266931411783058e-05,0.0007759985172672945
4622.400000000001,1015.0830014346236,984.9169985653782,896.1997367131171,203.8002632868835,0.015473960269721716,0.010380026328688353,0.003357993852491804,30.166002869245403,4.014076779070659e-07,3.211261423256527e-08,1.2108865163481685e-05,2.223475718496797e-05,0.0007751011967783425
4636.8,1015.0655864931322,984.9344135068696,896.1677417423558,203.83225825764487,0.015445690156468742,0.010383225825764491,0.0033579939079919617,30.131172986262527,4.0086643564582244e-07,3.2069314851665796e-08,1.207857591683075e-05,2.220272460285146e-05,0.0007742061238626881
4651.2,1015.0482150638021,984.9517849361997,896.1357927968412,203.8642072031595,0.015417544690887427,0.010386420720315953,0.0033579939630037983,30.09643012760239,4.0032757981250253e-07,3.20262063850002e-08,1.2048431033979151e-05,2.2170832674694582e-05,0.0007733132878025387
4665.6,1015.0308869398317,984.9691130601701,896.103889675029,203.89611032497172,0.015389523007420027,0.010389611032497177,0.003357994017532817,30.061773879661587,3.99791093835668e-07,3.198328750685344e-08,1.2018429461990419e-05,2.2139080421433452e-05,0.0007724226779649014
4680.0,1015.013601916071,984.9863980839308,896.0720321769124,203.9279678230883,0.01536162425093878,0.010392796782308833,0.0033579940715844276,30.02720383214023,3.992569613435669e-07,3.1940556907485357e-08,1.1988570159664217e-05,2.210746687567153e-05,0.0007715342838017181
4694.400000000001,1014.9963597888961,985.0036402111057,896.0402201039082,203.95977989609253,0.015333847575571586,0.010395977989609256,0.0033579941251639604,29.992719577790467,3.9872516614165055e-07,3.1898013291332045e-08,1.1958852096694439e-05,2.2075991080419834e-05,0.0007706480948434117
4708.8,1014.9791603545461,985.0208396454557,896.0084532573152,203.99154674268536,0.015306192128873597,0.010399154674268541,0.0033579941782768312,29.958320709090458,3.9819569190953217e-07,3.185565535276257e-08,1.1929274243203942e-05,2.204465207221496e-05,0.0007697641006133924
4723.2,1014.9620034113929,985.037996588609,895.9767314404173,204.0232685595833,0.015278657073419858,0.010402326855958337,0.0033579942309283142,29.924006822783895,3.9766852261438696e-07,3.181348180915096e-08,1.1899835583919306e-05,2.2013448904138424e-05,0.0007688822907447293
4737.6,1014.9448887597822,985.0551112402196,895.945054458335,204.05494554166566,0.015251241585291094,0.010405494554166568,0.003357994283123555,29.889777519562585,3.971436424819615e-07,3.177149139855692e-08,1.1870535117094533e-05,2.198238064419257e-05,0.0007680026549719781
4752.0,1014.9278162015906,985.0721837984112,895.9134221176154,204.0865778823853,0.015223944849853613,0.010408657788238537,0.0033579943348676184,29.85563240317947,3.9662103591577826e-07,3.172968287326226e-08,1.1841371851669718e-05,2.1951446370793657e-05,0.0007671251831084115
4766.400000000001,1014.9107855402243,985.0892144597775,895.8818342262316,204.1181657737691,0.015196766061759284,0.010411816577376913,0.003357994386165487,29.8215710804468,3.961006874971357e-07,3.168805499977086e-08,1.1812344807209679e-05,2.1920645172764887e-05,0.000766249865045958
4780.8,1014.89379658062,985.1062034193818,895.8502905935833,204.14970940641734,0.01516970442494555,0.01041497094064174,0.0033579944370220605,29.787593161238192,3.95582581985108e-07,3.164660655880864e-08,1.178345301384455e-05,2.188997614932951e-05,0.0007653766907552418
4795.2,1014.8768491292444,985.1231508707574,895.8187910304963,204.1812089695043,0.015142759152635422,0.010418120896950434,0.003357994487442159,29.75369825848702,3.9506670431654506e-07,3.1605336345323605e-08,1.1754695512209394e-05,2.185943841010401e-05,0.0007645056502855641
4809.6,1014.8599429930105,985.1400570069914,895.7873353481983,204.21266465180227,0.015115929455872484,0.010421266465180231,0.0033579945374306256,29.719885986019108,3.9455303938657097e-07,3.156424315092568e-08,1.1726071346006196e-05,2.1829031062882403e-05,0.0007636367337091886
4824.0,1014.8430779796603,985.1569220203415,895.7559233586815,204.2440766413192,0.015089214547578205,0.010424407664131927,0.003357994586992292,29.68615595931874,3.940415721262626e-07,3.1523325770101006e-08,1.1697579564595375e-05,2.179875321795556e-05,0.0007627699311410459
4838.400000000001,1014.8262538992643,985.1737461007375,895.7245548761172,204.27544512388351,0.015062613658390091,0.010427544512388356,0.00335799463613183,29.652507798526813,3.935322878058771e-07,3.148258302447017e-08,1.1669219233135868e-05,2.1768604004970682e-05,0.0007619052328157472
4852.8,1014.8094705633108,985.190529436691,895.693229715998,204.30677028400265,0.015036126027052244,0.010430677028400273,0.0033579946848538377,29.618941126619802,3.930251718508757e-07,3.144201374807006e-08,1.1640989426330718e-05,2.1738582562690275e-05,0.000761042629040824
4867.2,1014.7927277847065,985.2072722152953,895.661947695137,204.3380523048638,0.015009750900408634,0.010433805230486384,0.0033579947331628447,29.585455569411124,3.9252020984179467e-07,3.1401616787343577e-08,1.1612889228370347e-05,2.1708688038978957e-05,0.000760182110196749
4881.6,1014.7760253777758,985.223974622226,895.6307086316671,204.36929136833365,0.014983487533403101,0.010436929136833367,0.00335799478106331,29.55205075554977,3.9201738751424544e-07,3.136139100113964e-08,1.1584917732879004e-05,2.1678919590797338e-05,0.0007593236667368837
4896.0,1014.7593631582617,985.2406368417401,895.5995123450421,204.40048765495868,0.014957335189079378,0.010440048765495874,0.003357994828559621,29.51872631652168,3.9151669075891496e-07,3.13213352607132e-08,1.1557074042862663e-05,2.1649276384196083e-05,0.0007584672891875327
4910.400000000001,1014.7427409429184,985.2572590570834,895.5683586556577,204.43164134434303,0.014931293134869971,0.010443164134434307,0.0033579948756561296,29.485481885835043,3.91018105550515e-07,3.12814484440412e-08,1.1529357268243245e-05,2.1619757590357764e-05,0.0007576129681270083
4924.8,1014.7261585485616,985.2738414514403,895.5372473839695,204.4627526160311,0.014905360633930857,0.010446275261603117,0.0033579949223572396,29.452317097121295,3.905216177818816e-07,3.1241729422550524e-08,1.1501766520192778e-05,2.159036237636574e-05,0.0007567606941368124
4939.2,1014.7096157942432,985.2903842057586,895.5061783525141,204.4938216474865,0.01487953696498481,0.010449382164748658,0.0033579949686672107,29.419231588484536,3.900272136438829e-07,3.120217709151063e-08,1.1474300924000727e-05,2.1561089926332384e-05,0.000755910457913427
4953.6,1014.6931125004389,985.3068874995629,895.4751513851531,204.52484861484746,0.014853821414902685,0.01045248486148475,0.0033579950145902295,29.38622500087604,3.8953487948338554e-07,3.1162790358670846e-08,1.1446959614187898e-05,2.1531939433491184e-05,0.0007550622502265265
4968.0,1014.6766484889431,985.3233515110587,895.4441663069765,204.55583369302403,0.01482821327775046,0.01045558336930241,0.0033579950601304235,29.353296977884384,3.8904460178500934e-07,3.1123568142800745e-08,1.1419741733838148e-05,2.1502910099176334e-05,0.0007542160619135965
4982.400000000001,1014.6602235828693,985.3397764171325,895.4132229443023,204.58677705569826,0.014802711854789234,0.010458677705569833,0.0033579951052918563,29.320447165736823,3.885563671711276e-07,3.1084509373690206e-08,1.1392646434551684e-05,2.1474001132817403e-05,0.0007533718838799577
4996.8,1014.6438376066495,985.3561623933523,895.3823211246769,204.61767887532386,0.01477731645447523,0.010461767887532392,0.0033579951500785294,29.287675213297234,3.8807016240186696e-07,3.104561299214936e-08,1.1365672876397391e-05,2.1445211751933918e-05,0.0007525297070987233
5011.2,1014.6274903859488,985.372509614053,895.3514606767963,204.6485393232045,0.014752026391828616,0.010464853932320457,0.0033579951944943905,29.254980771895816,3.8758597436302344e-07,3.100687794904188e-08,1.1338820227446756e-05,2.1416541181457493e-05,0.0007516895226064074
5025.6,1014.6111817464467,985.3888182535551,895.3206414293993,204.67935857060124,0.014726840979486039,0.010467935857060132,0.003357995238543428,29.222363492891645,3.8710378989475955e-07,3.0968303191580764e-08,1.1312087657780619e-05,2.1387988644193547e-05,0.0007508513214403174
5040.0,1014.5949115154777,985.4050884845241,895.2898632127591,204.71013678724154,0.014701759539747037,0.010471013678724163,0.003357995282229542,29.189823030953676,3.8662359602223766e-07,3.0929887681779016e-08,1.1285474347480043e-05,2.1359553373654937e-05,0.0007500150947228192
5054.400000000001,1014.5786795219377,985.4213204780641,895.2591258585969,204.74087414140385,0.01467678140389055,0.010474087414140389,0.0033579953255565525,29.157359043873612,3.8614537994253413e-07,3.089163039540273e-08,1.125897948611746e-05,2.1331234613327195e-05,0.0007491808336565772
5068.8,1014.5624855959537,985.4375144040481,895.2284291997817,204.7715708002189,0.014651905909739395,0.010477157080021898,0.0033579953685282226,29.124971191905615,3.8566912897801055e-07,3.085353031824084e-08,1.1232602271091889e-05,2.130303161406823e-05,0.0007483485295075669
5083.2,1014.5463295688821,985.4536704311197,895.1977730703305,204.8022269296701,0.014627132401660274,0.010480222692967014,0.0033579954111482616,29.09265913776244,3.8519483057631367e-07,3.081558644610509e-08,1.1206341907584846e-05,2.1274943634103457e-05,0.0007475181736049556
5097.6,1014.53021127331,985.4697887266918,895.1671573054076,204.83284269459307,0.014602460230563783,0.01048328426945931,0.0033579954534203238,29.060422546618156,3.847224723103755e-07,3.077779778483004e-08,1.1180197608519115e-05,2.124696993902089e-05,0.0007466897573412116
5112.0,1014.5141305430545,985.4858694569473,895.1365817413247,204.86341825867592,0.01457788875390441,0.0104863418258676,0.003357995495348008,29.02826108610725,3.8425204187841357e-07,3.074016335027308e-08,1.1154168594516406e-05,2.121910980176638e-05,0.0007458632721720507
5126.400000000001,1014.4980872123372,985.5019127876647,895.1060462147861,204.89395378521436,0.014553417329489672,0.010489395378521442,0.0033579955369349218,28.996174424672517,3.837835269854042e-07,3.0702682158832334e-08,1.1128254089784792e-05,2.119136249604775e-05,0.0007450387095739791
5140.8,1014.4820811161583,985.5179188838435,895.0755505632311,204.9244494367695,0.0145290453182838,0.010492444943676956,0.0033579955781846537,28.96416223231472,3.8331691539676013e-07,3.066535323174081e-08,1.1102453323942217e-05,2.1163727299317817e-05,0.0007442160610635901
5155.2,1014.4661120913054,985.5338879086964,895.0450946257555,204.95490537424527,0.01450477209197362,0.010495490537424535,0.0033579956191006916,28.932224182608934,3.8285219508318254e-07,3.0628175606654606e-08,1.1076765536950567e-05,2.1136203500824765e-05,0.0007433953182493302
5169.6,1014.4501799757145,985.5498200242873,895.0146782425279,204.9853217574727,0.014480597028177939,0.010498532175747274,0.003357995659686477,28.900359951427163,3.8238935412894257e-07,3.059114833031541e-08,1.1051189975920191e-05,2.1108790396506412e-05,0.0007425764727987254
5184.0,1014.4342846084705,985.5657153915313,894.9843012547908,205.0156987452098,0.01445651951044744,0.010501569874520984,0.003357995699945402,28.86856921693925,3.819283807318794e-07,3.055427045855035e-08,1.1025725895071787e-05,2.108148728898576e-05,0.0007417595164383646
5198.400000000001,1014.4184258298069,985.5815741701949,894.953963504859,205.04603649514172,0.014432538928264686,0.010504603649514178,0.00335799573988081,28.836851659611966,3.814692632034003e-07,3.0517541056272023e-08,1.1000372555697927e-05,2.1054293487566568e-05,0.0007409444409538917
5212.8,1014.4026034811055,985.5973965188963,894.92366483612,205.07633516388063,0.014408654677044105,0.010507633516388072,0.0033579957794959976,28.80520696220924,3.810119899684806e-07,3.048095919747845e-08,1.0975129226125275e-05,2.102720830822899e-05,0.0007401312381900059
5227.2,1014.3868174045699,985.6131825954319,894.8934050927368,205.1065949072639,0.01438486615582938,0.010510659490726394,0.003357995818794233,28.773634809138002,3.8055654952157895e-07,3.044452396172632e-08,1.0949995180159554e-05,2.1000231071174394e-05,0.0007393199000336702
5241.6,1014.3710674425529,985.6289325574489,894.8631841190333,205.13681588096733,0.014361172762553403,0.010513681588096738,0.003357995857778809,28.74213488510395,3.8010293033588743e-07,3.0408234426870994e-08,1.0924969693937347e-05,2.097336109577746e-05,0.0007385104183795282
5256.0,1014.3553534391785,985.6446465608233,894.833001760975,205.16699823902567,0.014337573905471369,0.01051669982390257,0.0033579958964529244,28.710706878355268,3.7965112108222284e-07,3.037208968657783e-08,1.0900052053430663e-05,2.0946597712752345e-05,0.0007377027852133016
5270.400000000001,1014.3396752397149,985.6603247602869,894.8028578655957,205.1971421344051,0.014314068998735927,0.010519714213440513,0.0033579959348197324,28.679350479427967,3.792011105443107e-07,3.0336088843544855e-08,1.0875241551488594e-05,2.0919940259437734e-05,0.0007368969925795242
5284.8,1014.3240326905039,985.6759673094979,894.7727522809338,205.22724771906695,0.014290657461906171,0.0105227247719067,0.0033579959728823393,28.648065381006063,3.787528876093853e-07,3.030023100875083e-08,1.0850537487478512e-05,2.0893388079270215e-05,0.0007360930325779594
5299.2,1014.3084256389619,985.6915743610399,894.7426848560332,205.25731514396762,0.014267338719947656,0.010525731514396765,0.0033579960106438094,28.616851277922024,3.783064412681896e-07,3.026451530145517e-08,1.0825939167251725e-05,2.0866940521780283e-05,0.0007352908973635924
5313.6,1014.2928539335784,985.7071460664234,894.7126554409423,205.2873445590585,0.01424411220323237,0.010528734455905856,0.0033579960481071635,28.58570786715495,3.778617606149747e-07,3.0228940849197976e-08,1.0801445903108505e-05,2.084059694258839e-05,0.0007344905791466166
5328.0,1014.2773174238342,985.7226825761676,894.6826638866389,205.31733611336168,0.014220977347013573,0.010531733611336172,0.003357996085275386,28.554634847666648,3.7741883483744586e-07,3.019350678699567e-08,1.0777057013415075e-05,2.081435670284194e-05,0.0007336920701881789
5342.400000000001,1014.2618159591792,985.7381840408226,894.652710044107,205.34728995589367,0.014197933584997699,0.01053472899558937,0.00335799612215149,28.523631918356614,3.769776530936933e-07,3.015821224749547e-08,1.0752771818290438e-05,2.0788219162369366e-05,0.0007328953627478767
5356.8,1014.2463493904994,985.7536506095024,894.6227937656625,205.37720623433816,0.014174980358578336,0.010537720623433822,0.003357996158738423,28.49269878099699,3.7653820468898126e-07,3.01230563751185e-08,1.0728589645740532e-05,2.076218368950776e-05,0.0007321004491591244
5371.2,1014.2309175699638,985.769082430038,894.5929149048151,205.40708509518558,0.01415211711586688,0.010540708509518566,0.003357996195039071,28.461835139925824,3.761004790571887e-07,3.0088038324575094e-08,1.070450983097283e-05,2.073624966006622e-05,0.0007313073218213151
5385.6,1014.2155203507526,985.7844796492492,894.5630733160231,205.43692668397753,0.014129343309990806,0.01054369266839776,0.0033579962310562863,28.431040701503434,3.756644657282294e-07,3.005315725825835e-08,1.0680531715227831e-05,2.0710416455510468e-05,0.0007305159731858339
5400.0,1014.2001575870584,985.7998424129435,894.533268854694,205.46673114530665,0.014106658399093646,0.010546673114530671,0.0033579962667928784,28.400315174114894,3.7523015432805155e-07,3.001841234624412e-08,1.0656654645748435e-05,2.0684683462959165e-05,0.0007297263957561166
5414.400000000001,1014.1848291340856,985.8151708659162,894.5035013771837,205.49649862281692,0.014084061846335006,0.010549649862281697,0.0033579963022516185,28.36965826816936,3.74797534578638e-07,2.998380276629104e-08,1.063287797574835e-05,2.0659050075180283e-05,0.0007289385820876395
5428.8,1014.1695348480506,985.8304651519512,894.4737707407974,205.5262292592034,0.014061553119890557,0.010552622925920345,0.0033579963374352397,28.339069696099386,3.743665962980062e-07,2.99493277038405e-08,1.06092010643807e-05,2.0633515690587503e-05,0.00072815252478789
5443.2,1014.1542745861384,985.8457254138634,894.4440768037487,205.55592319625205,0.014039131692668436,0.010555592319625213,0.0033579963723464378,28.30854917227498,3.739373293947783e-07,2.991498635158226e-08,1.0585623276521268e-05,2.0608079712934966e-05,0.0007273682165141715
5457.6,1014.1390482053264,985.8609517946754,894.4144194240897,205.58558057591102,0.014016797034640179,0.010558558057591106,0.003357996406987947,28.27809641065096,3.7350972372135424e-07,2.988077789770834e-08,1.0562143977708058e-05,2.058274154315876e-05,0.0007265856499131555
5472.0,1014.1238555637991,985.8761444362027,894.3847984609987,205.61520153900196,0.01399454862206538,0.010561520153900205,0.0033579964413624525,28.247711127596403,3.730837692505212e-07,2.9846701540041694e-08,1.0538762540183555e-05,2.0557500589185657e-05,0.0007258048176935491
5486.400000000001,1014.1086965211072,985.8913034788947,894.3552137749259,205.64478622507474,0.013972385938531727,0.01056447862250748,0.0033579964754725748,28.217393042212507,3.7265945609536547e-07,2.9812756487629236e-08,1.0515478343540063e-05,2.053235626703473e-05,0.0007250257126343181
5500.8,1014.0935709377412,985.9064290622606,894.3256652272042,205.67433477279639,0.013950308472170325,0.010567433477279644,0.0033579965093209017,28.18714187548062,3.722367744559591e-07,2.977894195647673e-08,1.04922907728614e-05,2.0507307997852285e-05,0.000724248327562744
5515.2,1014.0784786751311,985.9215213248707,894.2961526800495,205.70384731995117,0.013928315715655707,0.01057038473199512,0.0033579965429099846,28.156957350260427,3.718157146193595e-07,2.974525716954876e-08,1.0469199218693909e-05,2.0482355207908576e-05,0.0007234726553544146
5529.6,1014.0634195956461,985.9365804043557,894.2666759965601,205.73332400344054,0.013906407166205807,0.010573332400344058,0.0033579965762423427,28.1268391912904,3.713962669596095e-07,2.971170135676876e-08,1.0446203077018497e-05,2.0457497328594513e-05,0.0007226986889332138
5544.0,1014.0483935625954,985.9516064374064,894.2372350407175,205.76276495928323,0.013884582325582002,0.010576276495928329,0.0033579966093204594,28.09678712518894,3.709784219377378e-07,2.9678273755019024e-08,1.042330174922314e-05,2.0432733796418458e-05,0.0007219264212713503
5558.400000000001,1014.0334004402175,985.9665995597843,894.2078296773766,205.79217032262412,0.013862840700030202,0.010579217032262415,0.003357996642146784,28.06680088043322,3.7056217010063105e-07,2.9644973608050486e-08,1.0400494642035636e-05,2.040806405294031e-05,0.0007211558453888319
5572.8,1014.0184400927429,985.9815599072589,894.1784597714158,205.82154022858506,0.013841181794646657,0.010582154022858514,0.0033579966747237892,28.03688018548405,3.701475019731656e-07,2.961180015785325e-08,1.0377781163777865e-05,2.038348753877777e-05,0.0007203869543052612
5587.2,1014.0035123852693,985.9964876147325,894.1491251885295,205.8508748114712,0.013819605118635291,0.010585087481147127,0.0033579967070539174,28.007024770536873,3.6973440815886047e-07,2.957875265270884e-08,1.0355160727824996e-05,2.0359003699195267e-05,0.00071961974108484
5601.6,1013.9886171842509,986.011382815751,894.1198257956746,205.88017420432607,0.01379811018825006,0.010588017420432617,0.0033579967391395493,27.97723436849992,3.6932287939621045e-07,2.9545830351696835e-08,1.0332632754517011e-05,2.033461198722892e-05,0.0007188541988614948
5616.0,1013.9737543570183,986.0262456429836,894.090561460633,205.90943853936773,0.013776696523910049,0.01059094385393678,0.0033579967709830385,27.94750871403471,3.689129065034532e-07,2.9513032520276255e-08,1.031019666922513e-05,2.0310311860615535e-05,0.0007180903208142369
5630.400000000001,1013.9589237717794,986.0410762282224,894.0613320520122,205.93866794798848,0.013755363650199462,0.010593866794798852,0.0033579968025867057,27.917847543556945,3.685044803785694e-07,2.9480358430285552e-08,1.0287851902326573e-05,2.028610278178961e-05,0.0007173281001671696
5644.8,1013.9441252976176,986.0558747023842,894.0321374392457,205.96786256075498,0.013734111095867616,0.010596786256075505,0.0033579968339528406,27.88825059523333,3.680975919992822e-07,2.944780735994258e-08,1.0265597889177938e-05,2.0261984217880374e-05,0.0007165675301894258
5659.2,1013.9293588044933,986.0706411955085,894.0029774925924,205.99702250740836,0.01371293839382896,0.010599702250740846,0.0033579968650837037,27.85871760898476,3.67692232423058e-07,2.941537859384464e-08,1.0243434070091164e-05,2.0237955640708822e-05,0.0007158086041952243
5673.6,1013.9146241632434,986.0853758367584,893.9738520831366,206.02614791686403,0.013691845081162925,0.010602614791686418,0.0033579968959815236,27.829248326484958,3.672883927871033e-07,2.9383071422968263e-08,1.0221359890307845e-05,2.021401652678463e-05,0.0007150513155438475
5688.0,1013.8999212448562,986.1000787551457,893.9447610821314,206.0552389178694,0.013670830694988811,0.010605523891786948,0.0033579969266485394,27.7998424897105,3.668860642293879e-07,2.9350885138351032e-08,1.0199374797246793e-05,2.019016635291843e-05,0.0007142956576023775
5702.400000000001,1013.8852499208688,986.114750079133,893.9157043613576,206.084295638643,0.01364989477472718,0.010608429563864308,0.003357996957086979,27.770499841735727,3.664852379319401e-07,2.9318819034555207e-08,1.0177478241987423e-05,2.0166404598624447e-05,0.0007135416237661432
5716.8,1013.8706100641903,986.1293899358116,893.8866817938721,206.1133182061287,0.013629036866782603,0.010611331820612878,0.0033579969872990115,27.7412201283787,3.660859052105e-07,2.9286872416840003e-08,1.015566968234126e-05,2.014273075109515e-05,0.0007127892075009766
5731.2,1013.8560015485483,986.1439984514535,893.8576932535036,206.14230674649716,0.013608256521395145,0.010614230674649726,0.0033579970172867776,27.712003097094794,3.6568805745423945e-07,2.9255044596339157e-08,1.0133948580742463e-05,2.0119144301851093e-05,0.000712038402314823
5745.6,1013.8414242484895,986.1585757515123,893.8287386148547,206.17126138514598,0.013587553292640376,0.010617126138514609,0.0033579970470523916,27.682848496977158,3.652916861257626e-07,2.922333489006101e-08,1.011231440422482e-05,2.0095644746738285e-05,0.0007112892017577176
5760.0,1013.8268780393784,986.1731219606235,893.7998177533011,206.2001822466997,0.013566926738429368,0.010620018224669979,0.0033579970765979395,27.653756078754895,3.6489678276110587e-07,2.919174262088847e-08,1.0090766624398035e-05,2.0072231585925435e-05,0.0007105415994217625
5774.400000000001,1013.8123627973988,986.187637202603,893.7709305449912,206.22906945500966,0.01354637642050869,0.010622906945500978,0.00335799710592548,27.62472559479579,3.6450333896973763e-07,2.9160267117579013e-08,1.0069304717425837e-05,2.0048904323901264e-05,0.0007097955889411927
5788.8,1013.7978783995527,986.2021216004491,893.7420768668467,206.25792313315415,0.013525901904460413,0.010625792313315422,0.003357997135037045,27.595756799103583,3.641113464345585e-07,2.9128907714764682e-08,1.0047928164002229e-05,2.0025662469471826e-05,0.0007090511639922862
5803.2,1013.7834247231395,986.2165752768623,893.7132565960861,206.2867434039146,0.013505502756590735,0.010628674340391475,0.0033579971639346676,27.566849446277274,3.6372079685233273e-07,2.909766374818662e-08,1.0026636447308257e-05,2.000250553245418e-05,0.0007083083182666516
5817.6,1013.76900164574,986.2309983542618,893.6844696102102,206.3155303897906,0.013485178543834065,0.01063155303897907,0.0033579971926203838,27.538003291478162,3.63331681931852e-07,2.906653455454816e-08,1.0005429052937637e-05,1.997943302357344e-05,0.0007075670454703583
5832.0,1013.7546090462971,986.2453909537047,893.6557157879892,206.3442842120115,0.013464928840205797,0.010634428421201162,0.00335799722109617,27.50921809259239,3.6294399351747606e-07,2.9035519481398085e-08,9.984305473068688e-06,1.9956444461311905e-05,0.0007068273393795148
5846.400000000001,1013.7402468045257,986.2597531954762,893.6269950089242,206.3730049910766,0.013444753223276812,0.01063730049910767,0.003357997249363981,27.480493609049518,3.6255772352163596e-07,2.900461788173088e-08,9.963265204147858e-06,1.9933539368162554e-05,0.000706089193809912
5860.8,1013.7259148009053,986.2740851990965,893.5983071532398,206.40169284676082,0.013424651274134326,0.010640169284676095,0.003357997277425744,27.451829601808868,3.621728639240843e-07,2.8973829113926742e-08,9.942307746843072e-06,1.9910717270584948e-05,0.0007053526026166667
5875.2,1013.7116129166811,986.2883870833207,893.5696521018858,206.430347898115,0.013404622577381882,0.01064303478981151,0.003357997305283364,27.423225833360448,3.6178940677189506e-07,2.8943152541751604e-08,9.921432606023184e-06,1.98879776990028e-05,0.0007046175596942472
5889.6,1013.6973410338629,986.3026589661389,893.5410297365352,206.45897026346552,0.01338466672113935,0.010645897026346563,0.0033579973329387197,27.394682067724034,3.614073441794638e-07,2.8912587534357104e-08,9.900639290736925e-06,1.986532018780148e-05,0.0007038840589764553
5904.0,1013.6830990352261,986.3169009647758,893.5124399395859,206.48756006041478,0.013364783297042925,0.010648756006041487,0.0033579973603936678,27.36619807045031,3.610266683285073e-07,2.8882133466280586e-08,9.8799273141927e-06,1.9842744275325606e-05,0.0007031520944364414
5918.400000000001,1013.6688868039248,986.331113196077,893.4838825938083,206.51611740619248,0.013344971898091326,0.010651611740619259,0.003357997387650058,27.337773607847794,3.6064737142682857e-07,2.8851789714146287e-08,9.859296192332034e-06,1.9820249501590114e-05,0.0007024216600668572
5932.8,1013.6547042231894,986.3452957768125,893.4553575820678,206.54464241793292,0.013325232116950782,0.0106544642417933,0.0033579974147097532,27.309408446376892,3.602694456758649e-07,2.8821555654069192e-08,9.838745442711986e-06,1.9797835406479586e-05,0.0007016927498642639
5947.2,1013.6405511776048,986.359448822397,893.4268647884924,206.5731352115083,0.01330556355309613,0.010657313521150841,0.003357997441574562,27.28110235520785,3.5989288340740697e-07,2.8791430672592558e-08,9.818274589148355e-06,1.977550153732737e-05,0.0007009653578948859
5961.6,1013.626427552502,986.3735724474998,893.3984040979168,206.6015959020839,0.013285965809412903,0.0106601595902084,0.0033579974682462657,27.252855105002254,3.5951767701854454e-07,2.8761414161483564e-08,9.797883159473393e-06,1.975324744530534e-05,0.0007002394782632814
5976.0,1013.6123332339317,986.3876667660701,893.369975395858,206.63002460414265,0.013266438492046393,0.010663002460414276,0.0033579974947266283,27.224666467861653,3.591438189687769e-07,2.873150551750215e-08,9.777570685419036e-06,1.973107268526132e-05,0.0006995151051110237
5990.400000000001,1013.598268108663,986.4017318913388,893.3415785685155,206.6584214314851,0.01324698121040166,0.01066584214314852,0.0033579975210173882,27.196536217324137,3.5877130178001256e-07,2.8701704142401005e-08,9.757336702596639e-06,1.9708976815716907e-05,0.0006987922326166273
6004.8,1013.5842320641848,986.415767935817,893.3132135027712,206.68678649722955,0.01322759357714353,0.010668678649722966,0.0033579975471202637,27.16846412836776,3.5840011803656984e-07,2.8672009442925588e-08,9.737180750479319e-06,1.968695939886515e-05,0.0006980708549956281
6019.2,1013.5702249887047,986.4297750112971,893.2848800861888,206.71511991381186,0.013208275208196594,0.010671511991381197,0.0033579975730369505,27.14044997740757,3.580302603851763e-07,2.8642420830814104e-08,9.717102372382085e-06,1.966502000056833e-05,0.0006973509665004875
6033.6,1013.5562467711447,986.4437532288571,893.2565782070108,206.74342179299,0.013189025722718625,0.010674342179299015,0.0033579975987691217,27.112493542287666,3.5766172153446004e-07,2.8612937722756805e-08,9.697101115426537e-06,1.9643158190327575e-05,0.0006966325614204223
6048.0,1013.5422973003284,986.4577026996734,893.2283077534122,206.77169224658863,0.013169844738546826,0.010677169224658872,0.0033579976243184703,27.08459460065501,3.5729449416776646e-07,2.8583559533421316e-08,9.67717652758005e-06,1.96213735364502e-05,0.0006959156340395929
6062.400000000001,1013.528376465687,986.4716235343149,893.2000686141498,206.79993138585095,0.013150731876160103,0.010679993138585111,0.0033579976496866735,27.056752931372102,3.569285710190173e-07,2.8554285681521383e-08,9.657328160209251e-06,1.9599665610252326e-05,0.0006952001786734088
6076.8,1013.5144841577917,986.4855158422101,893.1718606790478,206.82813932095294,0.013131686761652403,0.010682813932095308,0.0033579976748753645,27.02896831558155,3.565639449296363e-07,2.8525115594370906e-08,9.637555569981905e-06,1.9578033989210353e-05,0.0006944861896958889
6091.2,1013.5006202678838,986.499379732118,893.1436838385671,206.85631616143377,0.013112709024098309,0.010685631616143387,0.0033579976998861553,27.001240535765874,3.56200608798113e-07,2.849604870384904e-08,9.61785831714409e-06,1.9556478254163943e-05,0.0006937736615155069
6105.6,1013.4867846878739,986.513215312128,893.115537983805,206.88446201619584,0.013093798295553048,0.010688446201619595,0.0033579977247206417,26.97356937574591,3.558385555800021e-07,2.8467084446400167e-08,9.598235965502404e-06,1.9534997989313978e-05,0.0006930625885751328
6120.0,1013.4729773103406,986.5270226896612,893.0874230064958,206.91257699350496,0.01307495421105249,0.010691257699350507,0.0033579977493803977,26.94595462067946,3.5547777828792417e-07,2.8438222263033933e-08,9.578688082406359e-06,1.9513592782220518e-05,0.0006923529653520125
6134.400000000001,1013.4591980285334,986.5408019714685,893.0593387990106,206.94066120099023,0.013056176408613153,0.010694066120099037,0.003357997773866978,26.91839605706491,3.551182699915653e-07,2.8409461599325224e-08,9.559214238732663e-06,1.949226222380076e-05,0.0006916447863578547
6148.8,1013.44544673637,986.5545532636319,893.0312852543566,206.96871474564412,0.013037464529232193,0.010696871474564426,0.003357997798181919,26.89089347273807,3.54760023817677e-07,2.838080190541416e-08,9.539814008867174e-06,1.9471005908327003e-05,0.0006909380461387546
6163.2,1013.4317233283484,986.5682766716534,893.003262266097,206.99673773390384,0.013018818216408391,0.010699673773390393,0.0033579978223267394,26.863446656695032,3.5440303294090557e-07,2.8352242635272446e-08,9.520486970378949e-06,1.9449823432916717e-05,0.0006902327392706309
6177.6,1013.4180276987387,986.5819723012631,892.9752697276089,207.02473027239168,0.013000237111794955,0.010702473027239184,0.0033579978463029836,26.836055397475548,3.540472905005629e-07,2.832378324004503e-08,9.501232701199224e-06,1.9428714392921526e-05,0.0006895288603176968
6192.0,1013.4043597428538,986.595640257148,892.947307533249,207.0526924667516,0.012981720862033301,0.010705269246675172,0.0033579978701121565,26.80871948570575,3.536927897314621e-07,2.829542317851697e-08,9.482050784027476e-06,1.9407678389172547e-05,0.000688826403897787
6206.400000000001,1013.3907193568223,986.6092806431795,892.9193755781446,207.080624421856,0.012963269117536267,0.010708062442185614,0.0033579978937557393,26.78143871364273,3.5333952394062165e-07,2.826716191524973e-08,9.462940805523456e-06,1.9386715026687477e-05,0.0006881253646706708
6220.8,1013.3771064373984,986.6228935626034,892.8914737580197,207.108526241981,0.012944881531460542,0.010710852624198113,0.003357997917235193,26.75421287479503,3.529874864875921e-07,2.823899891900737e-08,9.443902355627874e-06,1.9365823913579108e-05,0.0006874257373282802
6235.2,1013.3635208819614,986.6364791180404,892.8636019691944,207.1363980308064,0.012926557759706648,0.01071363980308065,0.0033579979405519624,26.72704176392108,3.5263667078445575e-07,2.821093366275646e-08,9.424935027546237e-06,1.9345004661053334e-05,0.0006867275165946949
6249.6,1013.3499625885165,986.6500374114853,892.8357601085851,207.16423989141552,0.012908297460918965,0.010716423989141561,0.003357997963707474,26.69992517703122,3.522870702958271e-07,2.8182965623666167e-08,9.40603841773412e-06,1.9324256883407412e-05,0.0006860306972261606
6264.0,1013.3364314556931,986.6635685443088,892.8079480737055,207.19205192629533,0.012890100296485697,0.010719205192629547,0.003357997986703137,26.6728629113843,3.519386785388523e-07,2.8155094283108183e-08,9.387212125880555e-06,1.930358019802804e-05,0.00068533527401103
6278.400000000001,1013.3229273827461,986.6770726172557,892.7801657626642,207.2198342373366,0.012871965930538905,0.01072198342373367,0.003357998009540345,26.645854765490412,3.515914890832096e-07,2.8127319126656767e-08,9.36845575489371e-06,1.92829742253895e-05,0.0006846412417698197
6292.8,1013.3094502692874,986.6905497307145,892.7524130739205,207.24758692608017,0.012853894028549749,0.010724758692608034,0.0033579980322204846,26.618900538572916,3.512454955242148e-07,2.8099639641937185e-08,9.349768909980832e-06,1.926243858756311e-05,0.0006839485953413968
6307.2,1013.2960000148533,986.7039999851485,892.7246899058886,207.27531009411211,0.01283588425508204,0.010727531009411225,0.003357998054744956,26.592000029704877,3.509006914398124e-07,2.8072055315184992e-08,9.331151197190953e-06,1.9241972905835435e-05,0.0006832573295607688
6321.6,1013.282576520128,986.7174234798738,892.696996158057,207.3030038419438,0.01281793628016563,0.010730300384194393,0.003357998077115121,26.565153040254245,3.50557070512596e-07,2.8044565641007682e-08,9.312602227510312e-06,1.922157680746155e-05,0.0006825674393219279
6336.0,1013.2691796864245,986.7308203135773,892.6693317305148,207.33066826948595,0.012800049776598665,0.01073306682694861,0.003357998099332321,26.538359372847253,3.502146264781596e-07,2.8017170118252768e-08,9.294121615104866e-06,1.9201249922803628e-05,0.0006818789195512292
6350.400000000001,1013.2558094156417,986.7441905843601,892.6416965239105,207.3583034760903,0.012782224419711101,0.010735830347609044,0.0033579981213978827,26.511618831281567,3.4987335312056946e-07,2.7989868249645556e-08,9.275708977154915e-06,1.9180991885078557e-05,0.0006811917652051302
6364.8,1013.2424656102618,986.75753438974,892.6140904394514,207.38590956054924,0.012764459887364736,0.010738590956054938,0.0033579981433131175,26.48493122052173,3.49533244272365e-07,2.7962659541789197e-08,9.257363933839407e-06,1.9160802330356287e-05,0.0006805059712700876
6379.2,1013.2291481733528,986.770851826649,892.5865133789046,207.4134866210962,0.012746755859953175,0.010741348662109636,0.003357998165079321,26.45829634670372,3.4919429381455805e-07,2.7935543505164646e-08,9.239086108323506e-06,1.9140680897558093e-05,0.0006798215327626686
6393.6,1013.2158570085664,986.7841429914354,892.5589652445954,207.44103475540544,0.012729112020401855,0.010744103475540558,0.0033579981866977736,26.43171401713107,3.488564956766334e-07,2.790851965413067e-08,9.220875126743295e-06,1.9120627228454888e-05,0.0006791384447294747
6408.0,1013.2025920201395,986.7974079798623,892.5314459394087,207.46855406059203,0.012711528054168019,0.010746855406059217,0.0033579982081697393,26.405184040277163,3.4851984383654823e-07,2.788158750692386e-08,9.202730618192712e-06,1.9100640967665547e-05,0.0006784567022471657
6422.400000000001,1013.1893531123627,986.8106468876391,892.5039553662994,207.49604463370136,0.0126940036463908,0.010749604463370152,0.00335799822949649,26.3787062247236,3.481843322661694e-07,2.785474658129355e-08,9.184652212900832e-06,1.9080721759637873e-05,0.0006777763003951941
6436.8,1013.1761401898799,986.8238598101219,892.4764934285678,207.52350657143293,0.012676538483499906,0.010752350657143308,0.0033579982506792925,26.352280379757985,3.478499549620721e-07,2.782799639696577e-08,9.166639543246711e-06,1.906086925035129e-05,0.0006770972342711734
6451.2,1013.1629531582997,986.8370468417021,892.449060030424,207.55093996957672,0.012659132256496553,0.010755093996957687,0.003357998271719381,26.32590631659764,3.4751670600835523e-07,2.780133648066842e-08,9.148692245828564e-06,1.9041083090788854e-05,0.0006764194990223221
6465.6,1013.1497919237777,986.8502080762241,892.4216550766024,207.57834492339822,0.012641784658712605,0.010757834492339835,0.003357998292617976,26.29958384755355,3.471845795337385e-07,2.7774766362699078e-08,9.13080996002518e-06,1.9021362934562706e-05,0.0006757430898239621
6480.0,1013.1366563930167,986.8633436069852,892.3942784723624,207.60572152763825,0.01262449538581057,0.01076057215276384,0.0033579983133762837,26.27331278603151,3.468535697115629e-07,2.7748285576925032e-08,9.112992327983477e-06,1.9001708437912595e-05,0.0006750680018795701
6494.400000000001,1013.1235464732664,986.8764535267354,892.3669301234878,207.63306987651313,0.01260726413578359,0.010763306987651326,0.0033579983339954967,26.247092946530984,3.4652367075979007e-07,2.7721893660783208e-08,9.09523899460531e-06,1.8982119259704223e-05,0.0006743942304207332
6508.8,1013.1104620723244,986.8895379276775,892.3396099362863,207.6603900637145,0.012590090608955447,0.010766039006371462,0.0033579983544767935,26.220924144646915,3.4619487694100295e-07,2.7695590155280237e-08,9.077549607535411e-06,1.8962595061427754e-05,0.0006737217707072113
6523.2,1013.0974030985345,986.9025969014673,892.3123178175912,207.68768218240953,0.012572974507980568,0.010768768218240967,0.003357998374821338,26.194806197067237,3.458671825624055e-07,2.766937460499244e-08,9.059923817147884e-06,1.89431355071963e-05,0.0006730506180268429
6537.6,1013.0843694607455,986.9156305392563,892.2850536747208,207.7149463252801,0.012555915537623771,0.010771494632528023,0.003357998395030283,26.168738921489194,3.455405819716057e-07,2.7643246557728457e-08,9.042361276394386e-06,1.8923740263511224e-05,0.000672380767693439
6552.0,1013.0713610676657,986.9286389323361,892.2578174148828,207.74218258511797,0.012538913401425588,0.01077421825851181,0.003357998415104795,26.142722135329677,3.452150694927724e-07,2.7617205559421793e-08,9.024861638678074e-06,1.890440899573172e-05,0.0006717122150135989
6566.400000000001,1013.0583778287619,986.9416221712399,892.2306089460055,207.76939105399538,0.01252196780634998,0.01077693910539955,0.003357998435046019,26.116755657521935,3.448906395156172e-07,2.7591251161249374e-08,9.007424560795852e-06,1.8885141372993085e-05,0.0006710449553329144
6580.8,1013.0454196542049,986.9545803457969,892.203428176686,207.7965718233148,0.012505078462504161,0.010779657182331492,0.0033579984548550773,26.09083930840802,3.445672864900304e-07,2.7565382919202432e-08,8.990049702745573e-06,1.886593706790825e-05,0.0006703789840331693
6595.2,1013.0324864546785,986.9675135453233,892.1762750160148,207.82372498398607,0.012488245082147954,0.010782372498398618,0.0033579984745330817,26.06497290935522,3.4424500490711507e-07,2.7539600392569207e-08,8.97273672708481e-06,1.8846795755517797e-05,0.0006697142965225262
6609.6,1013.0195781413794,986.9804218586224,892.1491493735747,207.85085062642602,0.012471467379693782,0.010785085062642615,0.0033579984940811315,26.03915628275695,3.4392378929918644e-07,2.7513903143934915e-08,8.955485298919487e-06,1.8827717113288487e-05,0.0006690508882355211
6624.0,1013.0066946260165,986.9933053739853,892.122051159442,207.8779488405589,0.012454745071706698,0.0107877948840559,0.0033579985135003113,26.013389252031175,3.4360363423977267e-07,2.7488290739181815e-08,8.938295085891753e-06,1.8808700821111928e-05,0.0006683887546330238
6638.400000000001,1012.9938358208118,987.00616417919,892.0949802841848,207.90501971581597,0.012438077876904348,0.01079050197158161,0.0033579985327916962,25.987671641621773,3.4328453434361434e-07,2.7462762747489148e-08,8.921165758168882e-06,1.878974656130307e-05,0.0006677278912022783
6652.8,1012.9810016385,987.0189983615019,892.0679366588649,207.93206334113583,0.012421465516156999,0.010793206334113596,0.003357998551956346,25.962003276998075,3.4296648426666456e-07,2.7437318741333166e-08,8.904096988431654e-06,1.8770854018598862e-05,0.0006670682934568964
6667.2,1012.968191992167,987.0318080078348,892.0409201948878,207.959079805113,0.012404907711678867,0.010795907980511308,0.0033579985709953153,25.936383984332224,3.4264947869060706e-07,2.7411958295248565e-08,8.887088451350846e-06,1.8752022879301392e-05,0.0006664099569285534
6681.6,1012.955406794814,987.0445932051878,892.0139308035992,207.98606919640156,0.012388404184836133,0.010798606919640168,0.0033579985899096715,25.910813589626287,3.4233351228088936e-07,2.738668098247115e-08,8.870139822192166e-06,1.8733252828958248e-05,0.0006657528771445727
6696.0,1012.942645960345,987.0573540396568,891.9869683971989,208.01303160280196,0.0123719546611082,0.01080130316028021,0.0033579986087004525,25.885291920688132,3.4201857978170857e-07,2.7361486382536687e-08,8.85325077994869e-06,1.87145435576099e-05,0.0006650970496786888
6710.400000000001,1012.9299094032025,987.0700905967993,891.9600328884025,208.03996711159834,0.012355558868254752,0.010803996711159844,0.0033579986273686814,25.859818806403155,3.417046759809183e-07,2.7336374078473467e-08,8.836421006167248e-06,1.8695894757848898e-05,0.0006644424701323364
6724.8,1012.91719703831,987.0828029616919,891.9331241903895,208.06687580961125,0.012339216536028846,0.010806687580961134,0.0033579986459153725,25.834394076618082,3.413917957045363e-07,2.7311343656362905e-08,8.819650184755283e-06,1.8677306124515068e-05,0.0006637891341316601
6739.2,1012.9045087810716,987.0954912189302,891.906242216803,208.09375778319776,0.012322927396176915,0.01080937577831979,0.0033579986643415276,25.809017562141435,3.4107993381674416e-07,2.7286394705339532e-08,8.802938001970389e-06,1.86587773546942e-05,0.0006631370373275368
6753.6,1012.8918445473729,987.1081554526289,891.8793868817493,208.12061311825164,0.01230669118243876,0.010812061311825175,0.0033579986826481373,25.783689094743977,3.4076908521988733e-07,2.7261526817590986e-08,8.78628414640989e-06,1.864030814771672e-05,0.0006624861753955741
6768.0,1012.8792042535803,987.1207957464215,891.8525580997979,208.14744190020292,0.012290507630547558,0.010814744190020301,0.003357998700836181,25.75840850715872,3.404592448544751e-07,2.723673958835801e-08,8.769688309000346e-06,1.862189820515642e-05,0.000661836544036123
6782.400000000001,1012.8665878165406,987.1334121834612,891.8257557859826,208.17424421401822,0.012274376478229859,0.010817424421401836,0.0033579987189066257,25.733175633079327,3.4015040769918094e-07,2.7212032615934476e-08,8.753150182986562e-06,1.8603547230829198e-05,0.0006611881389742202
6796.8,1012.8539951532367,987.1460048467651,891.7989798554794,208.20102014452144,0.012258297463458532,0.010820102014452155,0.003357998736860443,25.70799030647163,3.398425687373938e-07,2.7187405498991504e-08,8.736669462827338e-06,1.8585254928945073e-05,0.0006605409559419191
6811.2,1012.8414261808375,987.1585738191643,891.772230223655,208.22776977634587,0.012242270324711401,0.010822776977634598,0.0033579987546986023,25.682852361673213,3.3953572296217053e-07,2.7162857836973644e-08,8.720245844351403e-06,1.8567021004381113e-05,0.000659894990680833
6825.6,1012.8288808173338,987.171119182668,891.7455068066557,208.25449319334518,0.012226294804183547,0.010825449319334528,0.00335799877242205,25.657761634665803,3.3922986543773603e-07,2.7138389235018883e-08,8.703879026761187e-06,1.8548845166075613e-05,0.0006592502389748226
6840.0,1012.8163589811708,987.183641018831,891.7188095210664,208.28119047893438,0.012210370645927443,0.01082811904789345,0.003357998790031721,25.63271796233971,3.3892499126387593e-07,2.7113999301110075e-08,8.687568711455382e-06,1.85307271250607e-05,0.0006586066966311199
6854.400000000001,1012.8038605912452,987.1961394087566,891.6921382839087,208.30786171609222,0.012194497595840683,0.010830786171609234,0.0033579988075285406,25.607721182488604,3.3862109557570124e-07,2.70896876460561e-08,8.671314602011382e-06,1.851266659444816e-05,0.0006579643594801771
6868.8,1012.7913855669052,987.2086144330966,891.6654930126398,208.33450698736118,0.012178675401665975,0.010833450698736131,0.003357998824913425,25.582771133808592,3.383181735436485e-07,2.706545388349188e-08,8.655116404175296e-06,1.8494663289428214e-05,0.0006573232233756386
6883.2,1012.7789338279509,987.2210661720509,891.6388736251535,208.36112637484746,0.012162903812991151,0.010836112637484758,0.003357998842187278,25.557867655900054,3.3801622037347986e-07,2.704129762987839e-08,8.638973825852945e-06,1.8476716927268342e-05,0.0006566832841944124
6897.6,1012.7665052946342,987.2334947053677,891.6122800397799,208.38771996022092,0.01214718258124916,0.010838771996022107,0.003357998859350995,25.533010589266496,3.3771523130628277e-07,2.7017218504502623e-08,8.622886577099902e-06,1.8458827227312124e-05,0.0006560445378366023
6912.0,1012.7540998877229,987.245900112279,891.5857121753493,208.41428782465158,0.012131511459927228,0.010841428782465173,0.0033579988764054595,25.508199775443927,3.374152016224749e-07,2.6993216129797994e-08,8.606854370257781e-06,1.844099391120032e-05,0.0006554069802288618
6926.400000000001,1012.7417175302103,987.2582824697915,891.5591699528591,208.44083004714167,0.012115890210011925,0.010844083004714183,0.0033579988933515196,25.483435060418742,3.3711612674605155e-07,2.6969290139684125e-08,8.5908769237529e-06,1.8423216708656655e-05,0.0006547706074122281
6940.8,1012.7293581446118,987.2706418553901,891.5326532928395,208.46734670716125,0.01210031859109747,0.010846734670716137,0.003357998910190028,25.458716289221684,3.3681800207435094e-07,2.6945440165948077e-08,8.574953955913381e-06,1.840549534803937e-05,0.0006541354154031687
6955.2,1012.7170216527179,987.2829783472839,891.5061621151123,208.49383788488842,0.012084796360456063,0.010849383788488856,0.0033579989269218492,25.43404330543399,3.365208229602555e-07,2.692166583682044e-08,8.559085184351422e-06,1.8387829555356142e-05,0.0006535014001809277
6969.6,1012.7047079763188,987.295292023683,891.4796963394994,208.5203036605014,0.012069323275359908,0.010852030366050152,0.003357998943547847,25.409415952635754,3.362245847566475e-07,2.68979667805318e-08,8.543270327583892e-06,1.837021905673186e-05,0.0006528685577247196
6984.0,1012.692417037205,987.3075829627968,891.4532558858226,208.54674411417832,0.012053899093081213,0.010854674411417842,0.0033579989600688873,25.384834074408218,3.359292828164095e-07,2.687434262531276e-08,8.527509105029506e-06,1.835266357840835e-05,0.0006522368840138039
6998.400000000001,1012.6801487571666,987.3198512428352,891.4268406739034,208.57315932609734,0.012038523570892178,0.010857315932609747,0.003357998976485832,25.360297514331478,3.356349124924237e-07,2.6850792999393895e-08,8.511801237004475e-06,1.833516284674402e-05,0.0006516063750274198
7012.8,1012.6679030579942,987.3320969420076,891.4004506235642,208.5995493764367,0.012023196466065011,0.010859954937643683,0.003357998992799546,25.335806115986543,3.3534146913757273e-07,2.682731753100582e-08,8.496146444719628e-06,1.8317716588213637e-05,0.0006509770267448386
7027.2,1012.6556798614778,987.344320138524,891.3740856546262,208.6259143453745,0.012007917535871913,0.01086259143453746,0.0033579990090108936,25.31135972295374,3.350489481047387e-07,2.6803915848379097e-08,8.480544450276301e-06,1.8300324529407902e-05,0.0006503488351453208
7041.6,1012.6434790894078,987.356520910594,891.347745686912,208.65225431308892,0.011992686537585088,0.010865225431308903,0.0033579990251207392,25.286958178813848,3.347573447468042e-07,2.6780587579744336e-08,8.464994976663206e-06,1.8282986397033266e-05,0.0006497217962081401
7056.0,1012.6313006638655,987.3686993361363,891.3214306405254,208.6785693594755,0.011977503229613157,0.01086785693594756,0.0033579990411299406,25.26260132772927,3.344666544384087e-07,2.6757332355072694e-08,8.449497748496911e-06,1.8265701919114834e-05,0.0006490959059275489
7070.400000000001,1012.6191445181237,987.3808554818781,891.2951404464438,208.70485955355701,0.011962367414076377,0.010870485955355716,0.003357999057039132,25.238289036245533,3.341768733910679e-07,2.673414987128543e-08,8.4340525198726e-06,1.8248470870073254e-05,0.0006484711608729526
7084.8,1012.6070105822613,987.3929894177405,891.2688750325422,208.7311249674587,0.011947278880623094,0.010873112496745878,0.003357999072849009,25.214021164520773,3.338879975775179e-07,2.6711039806201432e-08,8.418659037498996e-06,1.8231293011223607e-05,0.0006478475574496504
7099.2,1012.5948987813015,987.4051012187003,891.2426343217829,208.75736567821792,0.011932237399151934,0.010875736567821806,0.003357999088560371,25.189797562601143,3.336000225923789e-07,2.668800180739031e-08,8.403317035981192e-06,1.8214168083076722e-05,0.0006472250918030956
7113.6,1012.5828090402672,987.4171909597346,891.2164182371284,208.78358176287236,0.011917242739561535,0.010878358176287248,0.003357999104174017,25.165618080532568,3.333129440302713e-07,2.6665035522421707e-08,8.388026250763736e-06,1.8197095826253042e-05,0.0006466037600787411
7128.0,1012.5707412841816,987.4292587158202,891.1902267015413,208.8097732984595,0.011902294671750527,0.01088097732984596,0.0033579991196907473,25.141482568361425,3.330267574858152e-07,2.6642140598865217e-08,8.37278641812755e-06,1.81800759814823e-05,0.000645983558422074
7142.400000000001,1012.5586954380673,987.4413045619345,891.164059637984,208.83594036201677,0.011887392965617541,0.010883594036201693,0.0033579991351113596,25.11739087613273,3.3274145855363095e-07,2.6619316684290475e-08,8.357597275186068e-06,1.8163108289603296e-05,0.0006453644829785399
7156.8,1012.5466714269476,987.4533285730543,891.1379169694189,208.86208303058189,0.011872537391061212,0.010886208303058198,0.0033579991504366523,25.09334285389332,3.3245704282833874e-07,2.65965634262671e-08,8.342458559882998e-06,1.814619249156356e-05,0.0006447465298936449
7171.2,1012.5346691758454,987.4653308241565,891.1117986188086,208.8882013811922,0.01185772771798017,0.010888820138119232,0.0033579991656674264,25.069338351688884,3.3217350590455876e-07,2.6573880472364703e-08,8.327370010988108e-06,1.8129328328419098e-05,0.0006441296953128843
7185.6,1012.5226886097835,987.4773113902183,891.0857045091155,208.91429549088537,0.011842963716273051,0.010891429549088547,0.00335799918080448,25.045377219565125,3.318908433769114e-07,2.655126747015291e-08,8.312331368094354e-06,1.811251554133411e-05,0.0006435139753817507
7200.0,1012.510729653972,987.4892703460298,891.0596345635543,208.9403654364466,0.011828245161645054,0.010894036543644672,0.0033579991958485986,25.021459307942223,3.316090509511858e-07,2.6528724076094863e-08,8.297342374520435e-06,1.809575387766053e-05,0.0006428993662553606
