time (s),A left,A right,B left,B right,w,B crossed (mol),gate proxy,imbalance,P A (m/s),P B (m/s),J A (mol/m²/s),J B (mol/m²/s),error (V)
0.0,1400.0,600.0,1000.0,100.0,0.017986209962091555,0.0,0.0,800.0,2e-06,1.6e-07,0.0015999999999999999,0.000144,0.021769267317470573
14.4,1397.7026801636187,602.2973198363818,999.792688270361,100.20731172963904,0.017986209962091555,2.0731172963903527e-05,0.0,795.4053603272368,2e-06,1.6e-07,0.0015908107206544736,0.00014393366024651553,0.02162888703456117
28.8,1395.4184859091683,604.5815140908321,999.5854715392697,100.41452846073048,0.017986209962091555,4.1452846073046214e-05,0.0,790.8369718183362,2e-06,1.6e-07,0.0015816739436366723,0.00014386735089256627,0.021489610590807607
43.2,1393.1474044125555,606.8525955874447,999.3783502678792,100.62164973212103,0.017986209962091555,6.216497321210132e-05,0.0,786.2948088251107,2e-06,1.6e-07,0.0015725896176502214,0.00014380107208572133,0.02135142903318738
57.6,1390.8893715999623,609.1106284000383,999.1713244187742,100.82867558122592,0.017986209962091555,8.286755812259017e-05,0.0,781.778743199924,2e-06,1.6e-07,0.0015635574863998478,0.00014373482381400772,0.021214330468973936
72.0,1388.6443133246346,611.3556866753661,998.9643939484805,101.03560605151965,0.017986209962091555,0.00010356060515196195,0.0,777.2886266492685,2e-06,1.6e-07,0.001554577253298537,0.00014366860606351375,0.021078302586218223
86.4,1386.4121763976752,613.5878236023252,998.75755882513,101.24244117487015,0.017986209962091555,0.0001242441174870143,0.0,772.82435279535,2e-06,1.6e-07,0.0015456487055907,0.00014360241882404158,0.020943334529572043
100.8,1384.1928720853678,615.8071279146325,998.5508189962237,101.4491810037764,0.017986209962091555,0.00014491810037763883,0.0,768.3857441707353,2e-06,1.6e-07,0.0015367714883414705,0.00014353626207879157,0.020809413476601896
115.2,1381.9863133036092,618.0136866963915,998.3441744103936,101.65582558960664,0.017986209962091555,0.00016558255896066118,0.0,763.9726266072178,2e-06,1.6e-07,0.0015279452532144355,0.00014347013581132592,0.020676526892468003
129.6,1379.7924129682954,620.2075870317052,998.137625016271,101.8623749837291,0.017986209962091555,0.00018623749837290708,0.0,759.5848259365902,2e-06,1.6e-07,0.0015191696518731803,0.00014340404000520672,0.02054466242508458
144.0,1377.6110976839047,622.3889023160957,997.9311707695518,102.06882923044827,0.017986209962091555,0.0002068829230448246,0.0,755.222195367809,2e-06,1.6e-07,0.001510444390735618,0.00014333797464625658,0.02041380872084162
158.4,1375.4423115053162,624.5576884946844,997.7248116349364,102.27518836506364,0.017986209962091555,0.00022751883650636137,0.0,750.8846230106318,2e-06,1.6e-07,0.0015017692460212635,0.00014327193972317963,0.02028395563731922
172.8,1373.2859822273397,626.7140177726607,997.5185475687347,102.48145243126544,0.017986209962091555,0.0002481452431265402,0.0,746.571964454679,2e-06,1.6e-07,0.001493143928909358,0.00014320593522199507,0.02015509221669135
187.20000000000002,1371.1420373470003,628.8579626530002,997.3123785271026,102.68762147289755,0.017986209962091555,0.00026876214728975073,0.0,742.2840746940001,2e-06,1.6e-07,0.0014845681493880001,0.0001431399611286728,0.02002720764224468
201.6,1369.0104047066359,630.9895952933647,997.1063044662131,102.89369553378701,0.017986209962091555,0.00028936955337869897,0.0,738.0208094132712,2e-06,1.6e-07,0.0014760416188265423,0.0001430740174291882,0.019900291272906295
216.0,1366.8910155875112,633.108984412489,996.9003253424067,103.09967465759325,0.017986209962091555,0.0003099674657593235,0.0,733.7820311750222,2e-06,1.6e-07,0.0014675640623500444,0.00014300810410957016,0.01977433282296757
230.4,1364.783799974051,635.2162000259495,996.6944411119612,103.30555888803889,0.017986209962091555,0.00033055588880388597,0.0,729.5675999481014,2e-06,1.6e-07,0.0014591351998962027,0.00014294222115582758,0.019649322075897424
244.8,1362.6886871852123,637.3113128147883,996.4886517311211,103.51134826887895,0.017986209962091555,0.0003511348268878928,0.0,725.377374370424,2e-06,1.6e-07,0.001450754748740848,0.00014287636855395876,0.01952524891886105
259.2,1360.6056065399534,639.394393460047,996.2829571561316,103.71704284386853,0.017986209962091555,0.00037170428438685027,0.0,721.2112130799064,2e-06,1.6e-07,0.0014424224261598128,0.0001428105462899621,0.019402103378931865
273.6,1358.5344893555873,641.4655106444131,996.0773573433379,103.92264265666223,0.017986209962091555,0.0003922642656662198,0.0,717.0689787111742,2e-06,1.6e-07,0.0014341379574223483,0.00014274475434986812,0.01927987573757439
288.0,1356.4752686105392,643.5247313894615,995.871852249169,104.12814775083116,0.017986209962091555,0.00041281477508311304,0.0,712.9505372210776,2e-06,1.6e-07,0.0014259010744421552,0.00014267899271973406,0.019158556506541226
302.40000000000003,1354.4278754193829,645.5721245806179,995.66644182996,104.33355817004013,0.017986209962091555,0.00043335581700401063,0.0,708.855750838765,2e-06,1.6e-07,0.00141771150167753,0.00014261326138558718,0.019038136216767785
316.8,1352.3922408889505,647.6077591110503,995.4611260420459,104.53887395795437,0.017986209962091555,0.00045388739579543173,0.0,704.7844817779002,2e-06,1.6e-07,0.0014095689635558002,0.00014254756033345463,0.01891860552514309
331.2,1350.3682965303874,649.6317034696131,995.2559048417824,104.74409515821787,0.017986209962091555,0.00047440951582178423,0.0,700.7365930607743,2e-06,1.6e-07,0.0014014731861215486,0.00014248188954937033,0.018799955235677124
345.6,1348.3559766498033,651.6440233501971,995.0507781856711,104.94922181432894,0.017986209962091555,0.0004949221814328921,0.0,696.7119532996062,2e-06,1.6e-07,0.0013934239065992123,0.00014241624901941476,0.01868217643622901
360.0,1346.3552144561456,653.6447855438549,994.8457460301564,105.15425396984375,0.017986209962091555,0.0005154253969843717,0.0,692.7104289122907,2e-06,1.6e-07,0.0013854208578245814,0.00014235063872965003,0.018565260267147124
374.40000000000003,1344.3659432433055,655.6340567566951,994.6408083316852,105.35919166831479,0.017986209962091555,0.000535919166831475,0.0,688.7318864866104,2e-06,1.6e-07,0.0013774637729732208,0.00014228505866613927,0.01844919798798736
388.8,1342.3880968338551,657.6119031661457,994.4359650467322,105.56403495326774,0.017986209962091555,0.0005564034953267704,0.0,684.7761936677094,2e-06,1.6e-07,0.0013695523873354187,0.00014221950881495432,0.01833398100066536
403.2,1340.4216095790466,659.578390420954,994.2312161317985,105.76878386820147,0.017986209962091555,0.0005768783868201439,0.0,680.8432191580927,2e-06,1.6e-07,0.0013616864383161852,0.00014215398916217554,0.0182196008466546
417.6,1338.4664163588136,661.533583641187,994.0265615434121,105.97343845658801,0.017986209962091555,0.0005973438456587996,0.0,676.9328327176266,2e-06,1.6e-07,0.0013538656654352532,0.00014208849969389185,0.018106049204262276
432.0,1336.5224525817698,663.477547418231,993.8220012381275,106.17799876187262,0.017986209962091555,0.0006177998761872579,0.0,673.0449051635388,2e-06,1.6e-07,0.0013460898103270775,0.0001420230403962008,0.01799331788598044
446.40000000000003,1334.5896541852098,665.410345814791,993.6175351725265,106.38246482747361,0.017986209962091555,0.0006382464827473569,0.0,669.1793083704189,2e-06,1.6e-07,0.0013383586167408376,0.00014195761125520846,0.017881398835910032
460.8,1332.667957275692,667.3320427243087,993.4131633032029,106.58683669679712,0.017986209962091555,0.0006586836696797094,0.0,665.3359145513833,2e-06,1.6e-07,0.0013306718291027665,0.0001418922122570249,0.017770284106488465
475.2,1330.7572967421727,669.2427032578285,993.2088855867067,106.79111441329327,0.017986209962091555,0.0006791114413293231,0.0,661.5145934843442,2e-06,1.6e-07,0.0013230291869686885,0.00014182684338774615,0.017659965776182
489.6,1328.8576090458434,671.1423909541572,993.004701979657,106.99529802034296,0.017986209962091555,0.0006995298020342933,0.0,657.7152180916862,2e-06,1.6e-07,0.0013154304361833724,0.00014176150463349025,0.01755043610855829
504.0,1326.9688313095821,673.031168690419,992.800612438705,107.19938756129498,0.017986209962091555,0.0007199387561294939,0.0,653.9376626191631,2e-06,1.6e-07,0.001307875325238326,0.0001416961959803856,0.017441687497148663
518.4,1325.0909011002802,674.9090988997207,992.5966169205253,107.40338307947462,0.017986209962091555,0.0007403383079474587,0.0,650.1818022005596,2e-06,1.6e-07,0.0013003636044011191,0.0001416309174145681,0.017333712450632817
532.8000000000001,1323.223756428848,676.7762435711529,992.3927153818162,107.60728461818387,0.017986209962091555,0.0007607284618183827,0.0,646.4475128576951,2e-06,1.6e-07,0.0012928950257153902,0.00014156566892218117,0.017226503590677622
547.2,1321.3673357502116,678.6326642497894,992.1889077792988,107.81109222070124,0.017986209962091555,0.0007811092220701211,0.0,642.7346715004222,2e-06,1.6e-07,0.0012854693430008443,0.00014150045048937562,0.017120053649833086
561.6,1319.5215779633138,680.4784220366871,991.985194069718,108.01480593028192,0.017986209962091555,0.0008014805930281893,0.0,639.0431559266267,2e-06,1.6e-07,0.0012780863118532534,0.00014143526210230978,0.017014355469483905
576.0,1317.6864224111148,682.3135775888862,991.7815742098422,108.2184257901577,0.017986209962091555,0.0008218425790157641,0.0,635.3728448222286,2e-06,1.6e-07,0.001270745689644457,0.00014137010374714953,0.01690940199785486
590.4,1315.8618084043317,684.1381915956692,991.5780481564442,108.42195184355583,0.017986209962091555,0.0008421951843555784,0.0,631.7236168086624,2e-06,1.6e-07,0.0012634472336173247,0.00014130497541006216,0.01680518626088356
604.8000000000001,1314.047674008769,685.9523259912319,991.3746158662524,108.62538413374757,0.017986209962091555,0.0008625384133747531,0.0,628.0953480175372,2e-06,1.6e-07,0.0012561906960350743,0.00014123987707720078,0.016701701291369633
619.2,1312.2439588750121,687.7560411249887,991.1712772960648,108.82872270393528,0.017986209962091555,0.000882872270393525,0.0,624.4879177500235,2e-06,1.6e-07,0.001248975835500047,0.00014117480873474073,0.01659894028884197
633.6,1310.4506031677568,689.5493968322444,990.9680324027049,109.03196759729516,0.017986209962091555,0.0009031967597295134,0.0,620.9012063355124,2e-06,1.6e-07,0.0012418024126710247,0.00014110977036886556,0.01649689655645646
648.0,1308.667547409338,691.3324525906627,990.7648811430166,109.23511885698346,0.017986209962091555,0.0009235118856983418,0.0,617.3350948186754,2e-06,1.6e-07,0.0012346701896373507,0.0001410447619657653,0.016395563490326514
662.4,1306.894732479734,693.1052675202668,990.5618234738637,109.43817652613642,0.017986209962091555,0.0009438176526136382,0.0,613.7894649594673,2e-06,1.6e-07,0.0012275789299189346,0.00014097978351163636,0.016294934577840276
676.8000000000001,1305.1320996165616,694.8679003834392,990.3588593521296,109.64114064787039,0.017986209962091555,0.000964114064787035,0.0,610.2641992331224,2e-06,1.6e-07,0.0012205283984662448,0.00014091483499268146,0.016195003396020417
691.2,1303.3795904150795,696.6204095849214,990.1559887347183,109.84401126528172,0.017986209962091555,0.000984401126528169,0.0,606.7591808301581,2e-06,1.6e-07,0.0012135183616603163,0.00014084991639510988,0.016095763609925404
705.6,1301.6371468281864,698.3628531718148,989.9532115785531,110.04678842144688,0.017986209962091555,0.001004678842144682,0.0,603.2742936563716,2e-06,1.6e-07,0.0012065485873127431,0.000140785027705137,0.01599720897109088
720.0,1299.9047110464364,700.0952889535646,989.7505278405773,110.2494721594228,0.017986209962091555,0.0010249472159422756,0.0,599.8094220928718,2e-06,1.6e-07,0.0011996188441857436,0.00014072016890898472,0.015899333309235365
734.4,1298.182225307652,701.8177746923488,989.5479374777519,110.45206252224806,0.017986209962091555,0.0010452062522248002,0.0,596.3644506153032,2e-06,1.6e-07,0.0011927289012306063,0.0001406553399928806,0.015802130520079092
748.8000000000001,1296.4696324428028,703.5303675571981,989.34544044706,110.65455955294006,0.017986209962091555,0.0010654559552940018,0.0,592.9392648856046,2e-06,1.6e-07,0.0011858785297712091,0.00014059054094305918,0.015705594594749052
763.2,1294.7668756435976,705.2331243564034,989.1430367055037,110.85696329449631,0.017986209962091555,0.0010856963294496283,0.0,589.5337512871941,2e-06,1.6e-07,0.0011790675025743881,0.0001405257717457612,0.015609719605214522
777.6,1293.0738984421466,706.9261015578546,988.9407262101056,111.05927378989445,0.017986209962091555,0.0011059273789894414,0.0,586.147796884292,2e-06,1.6e-07,0.001172295593768584,0.0001404610323872338,0.015514499701767066
792.0,1291.390644710961,708.6093552890402,988.7385089179078,111.26149108209218,0.017986209962091555,0.0011261491082092145,0.0,582.7812894219207,2e-06,1.6e-07,0.0011655625788438415,0.0001403963228537305,0.015419929111683852
806.4,1289.7170586629522,710.2829413370487,988.5363847859726,111.46361521402739,0.017986209962091555,0.0011463615214027344,0.0,579.4341173259036,2e-06,1.6e-07,0.001158868234651807,0.00014033164313151123,0.015326002137923652
820.8000000000001,1288.0530848514338,711.9469151485669,988.334353771382,111.66564622861803,0.017986209962091555,0.001166564622861799,0.0,576.106169702867,2e-06,1.6e-07,0.0011522123394057339,0.00014026699320684224,0.015232713157854698
835.2,1286.3986681701197,713.6013318298812,988.1324158312378,111.86758416876225,0.017986209962091555,0.0011867584168762202,0.0,572.7973363402384,2e-06,1.6e-07,0.0011455946726804769,0.0001402023730659961,0.015140056622013353
849.6,1284.7537537053677,715.2462462946334,987.9305709226609,112.06942907733894,0.017986209962091555,0.0012069429077338917,0.0,569.5075074107343,2e-06,1.6e-07,0.0011390150148214687,0.00014013778269525152,0.01504802704463043
864.0,1283.1182866092327,716.8817133907683,987.7288190027915,112.27118099720855,0.017986209962091555,0.001227118099720852,0.0,566.2365732184644,2e-06,1.6e-07,0.0011324731464369287,0.00014007322208089328,0.014956618995399225
878.4,1281.4922126094898,718.5077873905111,987.5271600287896,112.47283997121043,0.017986209962091555,0.0012472839971210384,0.0,562.9844252189787,2e-06,1.6e-07,0.0011259688504379572,0.00014000869120921267,0.014865827126860276
892.8000000000001,1279.8754777687964,720.1245222312044,987.325593957836,112.6744060421641,0.017986209962091555,0.0012674406042164053,0.0,559.750955537592,2e-06,1.6e-07,0.0011195019110751838,0.0001399441900665075,0.01477564615978037
907.2,1278.268028473004,721.7319715269969,987.1241207471307,112.8758792528693,0.017986209962091555,0.0012875879252869263,0.0,556.5360569460072,2e-06,1.6e-07,0.0011130721138920144,0.00013987971863908184,0.014686070881402662
921.6,1276.6698114311587,723.3301885688422,986.922740353894,113.077259646106,0.017986209962091555,0.0013077259646105956,0.0,553.3396228623164,2e-06,1.6e-07,0.0011066792457246329,0.00013981527691324608,0.014597096144377103
936.0,1275.0807736755,724.9192263245009,986.7214527353656,113.27854726463434,0.017986209962091555,0.0013278547264634298,0.0,550.1615473509992,2e-06,1.6e-07,0.0011003230947019983,0.00013975086487531702,0.014508716865716122
950.4,1273.5008625614623,726.4991374385386,986.5202578488053,113.47974215119469,0.017986209962091555,0.0013479742151194644,0.0,547.0017251229237,2e-06,1.6e-07,0.0010940034502458474,0.0001396864825116177,0.014420928025775008
964.8000000000001,1271.9300257676737,728.069974232327,986.3191556514923,113.6808443485076,0.017986209962091555,0.0013680844348507566,0.0,543.8600515353467,2e-06,1.6e-07,0.0010877201030706932,0.00013962212980847755,0.014333724667256275
979.2,1270.3682108985886,729.6317891014121,986.1181461007241,113.88185389927597,0.017986209962091555,0.001388185389927591,0.0,540.7364217971765,2e-06,1.6e-07,0.001081472843594353,0.0001395578067522317,0.014247101872208191
993.6,1268.8153654830921,731.1846345169087,985.917229153815,114.08277084618487,0.017986209962091555,0.0014082770846184816,0.0,537.6307309661835,2e-06,1.6e-07,0.0010752614619323668,0.00013949351332922082,0.014161054761097368
1008.0,1267.2714379826941,732.7285620173064,985.7164047681035,114.2835952318965,0.017986209962091555,0.001428359523189645,0.0,534.5428759653877,2e-06,1.6e-07,0.0010690857519307752,0.00013942924952579314,0.014075578547768738
1022.4,1265.7363771803675,734.2636228196332,985.5156729009469,114.48432709905323,0.017986209962091555,0.001448432709905319,0.0,531.4727543607344,2e-06,1.6e-07,0.0010629455087214686,0.000139365015328303,0.0139906685045952
1036.8,1264.2101321656064,735.7898678343944,985.3150335097223,114.68496649027776,0.017986209962091555,0.00146849664902777,0.0,528.420264331212,2e-06,1.6e-07,0.001056840528662424,0.00013930081072311115,0.013906319960766717
1051.2,1262.69265233222,737.3073476677807,985.1144865518271,114.88551344817303,0.017986209962091555,0.0014885513448172965,0.0,525.3853046644392,2e-06,1.6e-07,0.0010507706093288783,0.00013923663569658467,0.01382252830130692
1065.6000000000001,1261.1838873761264,738.8161126238743,984.9140319846776,115.08596801532235,0.017986209962091555,0.0015085968015322272,0.0,522.3677747522521,2e-06,1.6e-07,0.0010447355495045042,0.00013917249023509686,0.013739288966110173
1080.0,1259.6837872931453,740.3162127068558,984.7136697657107,115.28633023428925,0.017986209962091555,0.0015286330234289222,0.0,519.3675745862895,2e-06,1.6e-07,0.0010387351491725789,0.00013910837432502745,0.013656597448998433
1094.4,1258.1923023767895,741.8076976232113,984.5133998523822,115.48660014761782,0.017986209962091555,0.0015486600147617768,0.0,516.3846047535782,2e-06,1.6e-07,0.0010327692095071562,0.0001390442879527623,0.013574449296797445
1108.8,1256.709383216062,743.2906167839391,984.3132222021677,115.68677779783224,0.017986209962091555,0.0015686777797832192,0.0,513.4187664321229,2e-06,1.6e-07,0.0010268375328642456,0.00013898023110469368,0.013492840108431896
1123.2,1255.2349806932446,744.765019306756,984.1131367725628,115.88686322743719,0.017986209962091555,0.0015886863227437154,0.0,510.46996138648854,2e-06,1.6e-07,0.001020939922772977,0.0001389162037672201,0.01341176553403876
1137.6000000000001,1253.7690459816956,746.2309540183049,983.9131435210822,116.08685647891771,0.017986209962091555,0.0016086856478917662,0.0,507.5380919633907,2e-06,1.6e-07,0.0010150761839267813,0.00013885220592674632,0.013331221274098632
1152.0,1252.3115305436393,747.6884694563616,983.7132424052608,116.28675759473914,0.017986209962091555,0.0016286757594739098,0.0,504.6230610872776,2e-06,1.6e-07,0.0010092461221745553,0.00013878823756968348,0.013251203078584326
1166.4,1250.8623861279605,749.1376138720402,983.5134333826527,116.48656661734731,0.017986209962091555,0.0016486566617347248,0.0,501.72477225592024,2e-06,1.6e-07,0.0010034495445118404,0.00013872429868244887,0.013171706746126619
1180.8,1249.421564767999,750.5784352320018,983.3137164108318,116.68628358916835,0.017986209962091555,0.0016686283589168287,0.0,498.84312953599715,2e-06,1.6e-07,0.0009976862590719943,0.00013866038925146616,0.013092728123196326
1195.2,1247.9890187793405,752.0109812206601,983.1140914473912,116.88590855260884,0.017986209962091555,0.0016885908552608797,0.0,495.9780375586804,2e-06,1.6e-07,0.0009919560751173607,0.00013859650926316517,0.013014263103302575
1209.6000000000001,1246.5647007576122,753.4352992423886,982.9145584499443,117.08544155005585,0.017986209962091555,0.0017085441550055791,0.0,493.12940151522355,2e-06,1.6e-07,0.000986258803030447,0.00013853265870398214,0.012936307626206752
1224.0,1245.1485635762733,754.8514364237276,982.7151173761233,117.28488262387675,0.017986209962091555,0.00172848826238767,0.0,490.2971271525457,2e-06,1.6e-07,0.0009805942543050913,0.00013846883756035944,0.012858857677151656
1238.4,1243.7405603844104,756.2594396155903,982.5157681835806,117.48423181641945,0.017986209962091555,0.0017484231816419398,0.0,487.4811207688201,2e-06,1.6e-07,0.0009749622415376402,0.0001384050458187458,0.012781909286105668
1252.8,1242.3406446045306,757.6593553954704,982.3165108299878,117.68348917001228,0.017986209962091555,0.001768348917001222,0.0,484.6812892090602,2e-06,1.6e-07,0.0009693625784181203,0.00013834128346559607,0.012705458527021344
1267.2,1240.9487699303525,759.0512300696486,982.117345273036,117.882654726964,0.017986209962091555,0.0017882654726963953,0.0,481.8975398607039,2e-06,1.6e-07,0.0009637950797214077,0.00013827755048737153,0.012629501517108156
1281.6000000000001,1239.564890324602,760.4351096753987,981.9182714704361,118.08172852956393,0.017986209962091555,0.0018081728529563865,0.0,479.1297806492032,2e-06,1.6e-07,0.0009582595612984063,0.00013821384687053956,0.012554034416119129
1296.0,1238.1889600168045,761.8110399831962,981.7192893799183,118.28071062008175,0.017986209962091555,0.0018280710620081698,0.0,476.37792003360823,2e-06,1.6e-07,0.0009527558400672164,0.00013815017260157385,0.01247905342565078
1310.4,1236.8209335010774,763.1790664989234,981.5203989592322,118.47960104076775,0.017986209962091555,0.0018479601040767703,0.0,473.6418670021541,2e-06,1.6e-07,0.0009472837340043081,0.0001380865276669543,0.012404554788456283
1324.8,1235.4607655338457,764.5392344661552,981.3216001661474,118.67839983385265,0.017986209962091555,0.001867839983385262,0.0,470.92153106769047,2e-06,1.6e-07,0.0009418430621353809,0.00013802291205316716,0.0123305347877671
1339.2,1234.1084107612426,765.8915892387581,981.1228929584491,118.8771070415509,0.017986209962091555,0.0018877107041550846,0.0,468.21682152248445,2e-06,1.6e-07,0.0009364336430449689,0.00013795932574670372,0.012256989726495143
1353.6000000000001,1232.7638240370807,767.2361759629201,980.9242772939422,119.0757227060578,0.017986209962091555,0.0019075722706057734,0.0,465.52764807416054,2e-06,1.6e-07,0.000931055296148321,0.0001378957687340615,0.012183915944044919
1368.0,1231.4269607803315,768.573039219669,980.7257531304535,119.2742468695466,0.017986209962091555,0.001927424686954654,0.0,462.85392156066246,2e-06,1.6e-07,0.0009257078431213248,0.00013783224100174512,0.012111309835211704
1382.4,1230.0977766565022,769.9022233434988,980.5273204258289,119.4726795741712,0.017986209962091555,0.0019472679574171151,0.0,460.1955533130034,2e-06,1.6e-07,0.0009203911066260067,0.00013776874253626525,0.012039167832331079
1396.8,1228.776227575246,771.2237724247549,980.328979137934,119.67102086206611,0.017986209962091555,0.001967102086206606,0.0,457.552455150491,2e-06,1.6e-07,0.000915104910300982,0.00013770527332413886,0.011967486404655158
1411.2,1227.4622696879792,772.5377303120215,980.1307292246536,119.86927077534644,0.017986209962091555,0.0019869270775346383,0.0,454.9245393759577,2e-06,1.6e-07,0.0009098490787519154,0.00013764183335188916,0.011896262057739951
1425.6000000000001,1226.155859385495,773.8441406145056,979.9325706438921,120.06742935610797,0.017986209962091555,0.0020067429356107913,0.0,452.3117187709894,2e-06,1.6e-07,0.0009046234375419787,0.00013757842260604547,0.01182549133284349
1440.0,1224.856953295577,775.1430467044236,979.7345033535729,120.26549664642708,0.017986209962091555,0.0020265496646427045,0.0,449.7139065911533,2e-06,1.6e-07,0.0008994278131823066,0.00013751504107314334,0.011755170806334342
1454.4,1223.5655082806138,776.4344917193869,979.5365273116391,120.46347268836095,0.017986209962091555,0.00204634726883609,0.0,447.13101656122694,2e-06,1.6e-07,0.0008942620331224538,0.0001374516887397245,0.011685297089110425
1468.8,1222.2814814352134,777.7185185647872,979.3386424760527,120.66135752394729,0.017986209962091555,0.0020661357523947235,0.0,444.5629628704262,2e-06,1.6e-07,0.0008891259257408523,0.00013738836559233685,0.011615866826027782
1483.2,1221.004830083817,778.9951699161836,979.1408488047955,120.85915119520459,0.017986209962091555,0.0020859151195204524,0.0,442.00966016763346,2e-06,1.6e-07,0.0008840193203352669,0.00013732507161753454,0.011546876695339072
1497.6000000000001,1219.7355117783145,780.2644882216863,978.9431462558681,121.05685374413198,0.017986209962091555,0.0021056853744131944,0.0,439.4710235566282,2e-06,1.6e-07,0.0008789420471132564,0.0001372618068018778,0.011478323408141651
1512.0,1218.4734842956566,781.5265157043439,978.7455347872907,121.2544652127094,0.017986209962091555,0.002125446521270936,0.0,436.9469685913127,2e-06,1.6e-07,0.0008738939371826254,0.000137198571131933,0.011410203707834795
1526.4,1217.2187056354721,782.7812943645287,978.5480143571025,121.45198564289745,0.017986209962091555,0.002145198564289741,0.0,434.43741127094347,2e-06,1.6e-07,0.0008688748225418869,0.0001371353645942728,0.011342514369586132
1540.8,1215.9711340176789,784.0288659823219,978.3505849233625,121.6494150766375,0.017986209962091555,0.0021649415076637445,0.0,431.94226803535696,2e-06,1.6e-07,0.0008638845360707138,0.00013707218717547598,0.011275252199806773
1555.2,1214.7307278801002,785.2692721199005,978.1532464441484,121.8467535558516,0.017986209962091555,0.002184675355585156,0.0,429.46145576019967,2e-06,1.6e-07,0.0008589229115203993,0.0001370090388621275,0.011208414035635189
1569.6000000000001,1213.497445876079,786.502554123922,977.9559988775572,122.0440011224427,0.017986209962091555,0.002204400112244265,0.0,426.99489175215695,2e-06,1.6e-07,0.0008539897835043138,0.00013694591964081833,0.011141996744429441
1584.0,1212.2712468720904,787.7287531279103,977.7588421817055,122.2411578182944,0.017986209962091555,0.0022241157818294367,0.0,424.5424937441801,2e-06,1.6e-07,0.0008490849874883601,0.0001368828294981458,0.011075997223267676
1598.4,1211.0520899453586,788.947910054642,977.5617763147287,122.4382236852712,0.017986209962091555,0.0022438223685271146,0.0,422.10417989071664,2e-06,1.6e-07,0.0008442083597814332,0.0001368197684207132,0.011010412398456643
1612.8,1209.839934381469,790.1600656185316,977.3648012347818,122.63519876521828,0.017986209962091555,0.0022635198765218224,0.0,419.6798687629374,2e-06,1.6e-07,0.0008393597375258748,0.00013675673639513015,0.010945239225048057
1627.2,1208.6347396719834,791.3652603280174,977.1679169000383,122.83208309996171,0.017986209962091555,0.002283208309996168,0.0,417.26947934396605,2e-06,1.6e-07,0.0008345389586879321,0.00013669373340801226,0.010880474686362622
1641.6000000000001,1207.436465512054,792.563534487947,976.9711232686916,123.02887673130842,0.017986209962091555,0.0023028876731308384,0.0,414.87293102410695,2e-06,1.6e-07,0.0008297458620482139,0.0001366307594459813,0.010816115793521533
1656.0,1206.2450717980373,793.7549282019636,976.7744202989539,123.22557970104609,0.017986209962091555,0.0023225579701046063,0.0,412.4901435960737,2e-06,1.6e-07,0.0008249802871921475,0.00013656781449566526,0.010752159584985292
1670.4,1205.0605186251091,794.9394813748914,976.5778079490567,123.42219205094334,0.017986209962091555,0.0023422192050943282,0.0,410.1210372502177,2e-06,1.6e-07,0.0008202420745004353,0.00013650489854369815,0.010688603126099658
1684.8,1203.882766325567,796.1172336744338,976.3812861772506,123.6187138227494,0.017986209962091555,0.002361871382274935,0.0,407.7655326511332,2e-06,1.6e-07,0.0008155310653022663,0.00013644201157672018,0.010625443510830022
1699.2,1202.7117770375457,797.288222962455,976.1848549418111,123.81514505818892,0.017986209962091555,0.002381514505818886,0.0,405.4235540750907,2e-06,1.6e-07,0.0008108471081501814,0.00013637915358137955,0.010562677945506669
1713.6000000000001,1201.5475126605722,798.4524873394281,975.9885142010311,124.01148579896885,0.017986209962091555,0.002401148579896879,0.0,403.09502532114413,2e-06,1.6e-07,0.0008061900506422882,0.00013631632454432996,0.010500303638804866
1728.0,1200.3899345892646,799.610065410736,975.7922639132206,124.20773608677946,0.017986209962091555,0.0024207736086779407,0.0,400.77986917852866,2e-06,1.6e-07,0.0008015597383570573,0.00013625352445223058,0.010438317787250321
1742.4,1199.2390044483047,800.7609955516958,975.5961040367082,124.4038959632918,0.017986209962091555,0.0024403895963291755,0.0,398.4780088966089,2e-06,1.6e-07,0.0007969560177932178,0.00013619075329174662,0.010376717614346895
1756.8,1198.0946840914814,801.9053159085192,975.4000345298423,124.59996547015767,0.017986209962091555,0.002459996547015762,0.0,396.1893681829622,2e-06,1.6e-07,0.0007923787363659243,0.00013612801104954952,0.010315500370234466
1771.2,1196.9569356007298,803.0430643992709,975.2040553509903,124.79594464900966,0.017986209962091555,0.0024795944649009605,0.0,393.91387120145896,2e-06,1.6e-07,0.0007878277424029178,0.0001360652977123169,0.01025466333135275
1785.6000000000001,1195.8257212851722,804.1742787148283,975.008166458539,124.9918335414611,0.017986209962091555,0.0024991833541461055,0.0,391.6514425703439,2e-06,1.6e-07,0.0007833028851406877,0.00013600261326673246,0.010194203800111046
1800.0,1194.7010036801596,805.298996319841,974.8123678108939,125.18763218910617,0.017986209962091555,0.0025187632189106143,0.0,389.40200736031863,2e-06,1.6e-07,0.0007788040147206373,0.00013593995769948605,0.010134119104563705
1814.4,1193.5827455463111,806.4172544536893,974.6166593664801,125.38334063351985,0.017986209962091555,0.002538334063351981,0.0,387.1654910926218,2e-06,1.6e-07,0.0007743309821852436,0.00013587733099727363,0.010074406598091211
1828.8,1192.4709098685555,807.529090131445,974.4210410837421,125.57895891625786,0.017986209962091555,0.002557895891625782,0.0,384.94181973711056,2e-06,1.6e-07,0.000769883639474221,0.00013581473314679747,0.010015063659086774
1843.2,1191.3654598551716,808.6345401448293,974.2255129211431,125.7744870788568,0.017986209962091555,0.0025774487078856745,0.0,382.7309197103423,2e-06,1.6e-07,0.0007654618394206845,0.0001357521641347658,0.009956087690648308
1857.6000000000001,1190.266358936828,809.7336410631726,974.0300748371659,125.96992516283402,0.017986209962091555,0.0025969925162833986,0.0,380.53271787365543,2e-06,1.6e-07,0.0007610654357473109,0.00013568962394789312,0.009897476120275637
1872.0,1189.1735707656267,810.8264292343739,973.8347267903122,126.1652732096878,0.017986209962091555,0.002616527320968775,0.0,378.34714153125276,2e-06,1.6e-07,0.0007566942830625054,0.0001356271125728999,0.009839226399572899
1886.4,1188.0870592141403,811.9129407858605,973.6394687391029,126.36053126089715,0.017986209962091555,0.0026360531260897096,0.0,376.1741184282797,2e-06,1.6e-07,0.0007523482368565593,0.00013556462999651293,0.009781336003955875
1900.8,1187.006788374454,812.9932116255467,973.4443006420779,126.55569935792198,0.017986209962091555,0.002655569935792192,0.0,374.0135767489072,2e-06,1.6e-07,0.0007480271534978144,0.00013550217620546495,0.009723802432364346
1915.2,1185.9327225572076,814.067277442793,973.249222457797,126.75077754220304,0.017986209962091555,0.0026750777542202974,0.0,371.86544511441457,2e-06,1.6e-07,0.0007437308902288291,0.00013543975118649504,0.009666623206979238
1929.6000000000001,1184.8648262906343,815.1351737093664,973.0542341448382,126.94576585516191,0.017986209962091555,0.002694576585516185,0.0,369.7296525812678,2e-06,1.6e-07,0.0007394593051625356,0.00013537735492634821,0.009609795872944398
1944.0,1183.803064319602,816.1969356803985,972.859335661799,127.14066433820106,0.017986209962091555,0.0027140664338201025,0.0,367.6061286392036,2e-06,1.6e-07,0.0007352122572784071,0.00013531498741177567,0.009553317998093077
1958.4,1182.7474014984152,817.2525985015853,972.6645269672956,127.3354730327043,0.017986209962091555,0.0027335473032704272,0.0,365.4948029968299,2e-06,1.6e-07,0.0007309896059936598,0.00013525264862953462,0.009497187167031101
1972.8,1181.6978021918178,818.3021978081829,972.4698080199607,127.53019198003925,0.017986209962091555,0.0027530191980039195,0.0,363.3956043836349,2e-06,1.6e-07,0.0007267912087672698,0.00013519033856638745,0.00944140094910403
1987.2,1180.654231451301,819.3457685486997,972.2751787784476,127.72482122155233,0.017986209962091555,0.00277248212215523,0.0,361.3084629026014,2e-06,1.6e-07,0.0007226169258052027,0.00013512805720910324,0.009385956960744603
2001.6000000000001,1179.6166546572351,820.3833453427659,972.0806392014294,127.91936079857054,0.017986209962091555,0.0027919360798570503,0.0,359.23330931446924,2e-06,1.6e-07,0.0007184666186289384,0.00013506580454445742,0.009330852846214805
2016.0,1178.585037383956,821.4149626160445,971.8861892475983,128.11381075240178,0.017986209962091555,0.0028113810752401712,0.0,357.1700747679115,2e-06,1.6e-07,0.000714340149535823,0.00013500358055923146,0.009276086270231354
2030.4,1177.559345398224,822.440654601777,971.691828875665,128.30817112433485,0.017986209962091555,0.002830817112433479,0.0,355.1186907964469,2e-06,1.6e-07,0.0007102373815928937,0.00013494138524021283,0.009221654917688041
2044.8,1176.5395446576745,823.4604553423263,971.4975580443604,128.50244195563968,0.017986209962091555,0.002850244195563961,0.0,353.07908931534814,2e-06,1.6e-07,0.0007061581786306963,0.0001348792185741953,0.009167556493381928
2059.2000000000003,1175.5256013092776,824.4743986907232,971.3033767124329,128.6966232875671,0.017986209962091555,0.002869662328756706,0.0,351.0512026185544,2e-06,1.6e-07,0.0007021024052371088,0.00013481708054797852,0.009113788721743496
2073.6,1174.5174816877923,825.4825183122083,971.109284838651,128.89071516134905,0.017986209962091555,0.0028890715161348996,0.0,349.03496337558397,2e-06,1.6e-07,0.0006980699267511679,0.00013475497114836832,0.009060349346570703
2088.0,1173.5151523142222,826.4848476857784,970.9152823818015,129.0847176181984,0.017986209962091555,0.002908471761819835,0.0,347.0303046284438,2e-06,1.6e-07,0.0006940606092568876,0.0001346928903621765,0.009007236130766554
2102.4,1172.5185798942707,827.48142010573,970.7213693006909,129.2786306993091,0.017986209962091555,0.002927863069930906,0.0,345.03715978854075,2e-06,1.6e-07,0.0006900743195770814,0.0001346308381762211,0.00895444685608047
2116.8,1171.5277313167974,828.4722686832032,970.5275455541438,129.47245444585616,0.017986209962091555,0.0029472454445856116,0.0,343.0554626335942,2e-06,1.6e-07,0.0006861109252671884,0.000134568814577326,0.008901979322853174
2131.2000000000003,1170.542573652273,829.4574263477276,970.3338111010045,129.66618889899559,0.017986209962091555,0.002966618889899555,0.0,341.08514730454533,2e-06,1.6e-07,0.0006821702946090907,0.00013450681955232144,0.00884983134976504
2145.6,1169.5630741512355,830.4369258487653,970.1401659001355,129.8598340998645,0.017986209962091555,0.0029859834099864456,0.0,339.12614830247014,2e-06,1.6e-07,0.0006782522966049402,0.00013444485308804335,0.008798000773587888
2160.0,1168.589200242745,831.4107997572559,969.9466099104189,130.05339008958106,0.017986209962091555,0.0030053390089581017,0.0,337.1784004854891,2e-06,1.6e-07,0.0006743568009709781,0.00013438291517133406,0.008746485448940107
2174.4,1167.6209195328406,832.3790804671603,969.7531430907554,130.2468569092445,0.017986209962091555,0.003024685690924447,0.0,335.2418390656803,2e-06,1.6e-07,0.0006704836781313606,0.00013432100578904173,0.00869528324804506
2188.8,1166.658199802994,833.3418001970066,969.5597654000647,130.44023459993522,0.017986209962091555,0.003044023459993517,0.0,333.3163996059874,2e-06,1.6e-07,0.0006666327992119747,0.00013425912492802072,0.008644392060492627
2203.2000000000003,1165.7010090085682,834.2989909914327,969.3664767972854,130.6335232027146,0.017986209962091555,0.0030633523202714544,0.0,331.40201801713556,2e-06,1.6e-07,0.0006628040360342711,0.00013419727257513132,0.008593809793004024
2217.6,1164.7493152772695,835.2506847227312,969.1732772413748,130.8267227586252,0.017986209962091555,0.003082672275862516,0.0,329.4986305545383,2e-06,1.6e-07,0.0006589972611090766,0.00013413544871723992,0.008543534369199515
2232.0,1163.803087108756,836.1969128912447,968.9801666913097,131.01983330869027,0.017986209962091555,0.0031019833308690166,0.0,327.60617421751135,2e-06,1.6e-07,0.0006552123484350227,0.0001340736533412191,0.008493563739990348
2246.4,1162.862293549564,837.1377064504368,968.787145106087,131.21285489391298,0.017986209962091555,0.003121285489391291,0.0,325.7245870991271,2e-06,1.6e-07,0.0006514491741982543,0.00013401188643394785,0.008443895892650845
2260.8,1161.9269034098056,838.0730965901951,968.594212444721,131.40578755527892,0.017986209962091555,0.003140578755527889,0.0,323.85380681961055,2e-06,1.6e-07,0.0006477076136392211,0.00013395014798231073,0.008394528809311918
2275.2000000000003,1160.9968856555479,839.0031143444528,968.401368666245,131.5986313337548,0.017986209962091555,0.0031598631333754775,0.0,321.9937713110951,2e-06,1.6e-07,0.0006439875426221902,0.00013388843797319843,0.008345460487554926
2289.6,1160.0722094305806,839.9277905694204,968.2086137297114,131.79138627028837,0.017986209962091555,0.0031791386270288353,0.0,320.14441886116026,2e-06,1.6e-07,0.0006402888377223205,0.00013382675639350767,0.008296688941424437
2304.0,1159.152844055297,840.8471559447039,968.0159475941913,131.98405240580865,0.017986209962091555,0.0031984052405808583,0.0,318.3056881105931,2e-06,1.6e-07,0.0006366113762211862,0.00013376510323014122,0.008248212201234804
2318.4,1158.2387590255755,841.7612409744256,967.8233702187745,132.17662978122559,0.017986209962091555,0.0032176629781225526,0.0,316.4775180511499,2e-06,1.6e-07,0.0006329550361022998,0.00013370347847000783,0.008200028313379343
2332.8,1157.3299240116585,842.6700759883424,967.6308815625695,132.36911843743044,0.017986209962091555,0.0032369118437430406,0.0,314.65984802331604,2e-06,1.6e-07,0.000629319696046632,0.00013364188210002225,0.008152135340142077
2347.2000000000003,1156.4263088570349,843.573691142966,967.4384815847043,132.56151841529567,0.017986209962091555,0.003256151841529561,0.0,312.85261771406886,2e-06,1.6e-07,0.0006257052354281377,0.00013358031410710538,0.00810453135951207
2361.6,1155.5278835773195,844.4721164226816,967.2461702443252,132.7538297556748,0.017986209962091555,0.0032753829755674687,0.0,311.0557671546379,2e-06,1.6e-07,0.0006221115343092758,0.00013351877447818406,0.00805721446500014
2376.0,1154.6346183591331,845.3653816408674,967.0539475005976,132.94605249940244,0.017986209962091555,0.003294605249940239,0.0,309.2692367182657,2e-06,1.6e-07,0.0006185384734365314,0.00013345726320019124,0.008010182765458089
2390.4,1153.7464835589858,846.2535164410151,966.8618133127052,133.13818668729468,0.017986209962091555,0.0033138186687294616,0.0,307.4929671179707,2e-06,1.6e-07,0.0006149859342359414,0.00013339578026006567,0.007963434384900256
2404.8,1152.8634497021535,847.1365502978477,966.6697676398514,133.33023236014856,0.017986209962091555,0.0033330232360148492,0.0,305.72689940430575,2e-06,1.6e-07,0.0006114537988086115,0.00013333432564475246,0.007916967462327385
2419.2000000000003,1151.9854874815612,848.0145125184393,966.4778104412576,133.52218955874235,0.017986209962091555,0.0033522189558742323,0.0,303.9709749631219,2e-06,1.6e-07,0.0006079419499262438,0.00013327289934120243,0.007870780151552853
2433.6,1151.1125677566652,848.887432243336,966.2859416761643,133.71405832383567,0.017986209962091555,0.003371405832383563,0.0,302.2251355133292,2e-06,1.6e-07,0.0006044502710266583,0.00013321150133637256,0.007824870621031028
2448.0,1150.244661552328,849.7553384476729,966.0941613038308,133.9058386961692,0.017986209962091555,0.003390583869616919,0.0,300.489323104655,2e-06,1.6e-07,0.00060097864620931,0.00013315013161722586,0.007779237053687862
2462.4,1149.3817400577052,850.6182599422956,965.902469283535,134.09753071646503,0.017986209962091555,0.0034097530716464936,0.0,298.7634801154096,2e-06,1.6e-07,0.0005975269602308191,0.00013308879017073118,0.00773387764675365
2476.8,1148.5237746251225,851.4762253748781,965.7108655745737,134.2891344254262,0.017986209962091555,0.0034289134425426115,0.0,297.0475492502444,2e-06,1.6e-07,0.0005940950985004888,0.0001330274769838636,0.007688790611597863
2491.2000000000003,1147.6707367689849,852.3292632310158,965.5193501362627,134.48064986373717,0.017986209962091555,0.0034480649863737165,0.0,295.341473537969,2e-06,1.6e-07,0.000590682947075938,0.00013296619204360407,0.007643974173567473
2505.6,1146.8225982430054,853.1774017569954,965.327922927936,134.67207707206393,0.017986209962091555,0.0034672077072063884,0.0,293.6451964860099,2e-06,1.6e-07,0.0005872903929720198,0.00013290493533693953,0.007599426575940525
2520.0,1145.9793309749293,854.0206690250716,965.1365839089466,134.8634160910534,0.017986209962091555,0.0034863416091053374,0.0,291.95866194985774,2e-06,1.6e-07,0.0005839173238997154,0.00013284370685086292,0.0075551460763933365
2534.4,1145.1409069900412,854.8590930099596,964.9453330386659,135.05466696133396,0.017986209962091555,0.0035054666961333906,0.0,290.28181398008167,2e-06,1.6e-07,0.0005805636279601633,0.00013278250657237312,0.00751113094288609
2548.8,1144.3072984737944,855.6927015262064,964.754170276485,135.2458297235151,0.017986209962091555,0.003524582972351505,0.0,288.614596947588,2e-06,1.6e-07,0.0005772291938951759,0.0001327213344884752,0.0074673794568570415
2563.2000000000003,1143.4784777707757,856.5215222292251,964.5630955818121,135.43690441818768,0.017986209962091555,0.0035436904418187655,0.0,286.95695554155066,2e-06,1.6e-07,0.0005739139110831013,0.00013266019058617992,0.007423889913073445
2577.6,1142.6544173836728,857.345582616328,964.3721089140759,135.62789108592398,0.017986209962091555,0.003562789108592389,0.0,285.3088347673448,2e-06,1.6e-07,0.0005706176695346896,0.0001325990748525043,0.007380660619484305
2592.0,1141.8350899722411,858.1649100277594,964.1812102327227,135.8187897672773,0.017986209962091555,0.0035818789767277227,0.0,283.6701799444817,2e-06,1.6e-07,0.0005673403598889633,0.00013253798727447128,0.007337689897075039
2606.4,1141.0204683522716,858.9795316477291,963.9903994972174,136.00960050278252,0.017986209962091555,0.003600960050278245,0.0,282.04093670454245,2e-06,1.6e-07,0.0005640818734090849,0.00013247692783910958,0.007294976079723776
2620.8,1140.2105254945552,859.7894745054455,963.7996766670441,136.20032333295572,0.017986209962091555,0.003620032333295567,0.0,280.42105098910974,2e-06,1.6e-07,0.0005608421019782195,0.00013241589653345415,0.007252517514059362
2635.2000000000003,1139.405234523852,860.5947654761488,963.6090417017055,136.3909582982944,0.017986209962091555,0.0036390958298294336,0.0,278.8104690477031,2e-06,1.6e-07,0.0005576209380954063,0.00013235489334454577,0.007210312559321124
2649.6,1138.6045687178562,861.3954312821446,963.4184945607226,136.5815054392773,0.017986209962091555,0.003658150543927724,0.0,277.20913743571157,2e-06,1.6e-07,0.0005544182748714231,0.00013229391825943126,0.007168359587220219
2664.0,1137.8085015061638,862.191498493837,963.2280352036355,136.77196479636456,0.017986209962091555,0.003677196479636454,0.0,275.6170030123268,2e-06,1.6e-07,0.0005512340060246536,0.00013223297126516335,0.0071266569818025805
2678.4,1137.0170064692393,862.9829935307614,963.0376635900021,136.96233640999782,0.017986209962091555,0.0036962336409997743,0.0,274.0340129384779,2e-06,1.6e-07,0.0005480680258769557,0.00013217205234880068,0.00708520313931354
2692.8,1136.2300573373818,863.7699426626187,962.8473796794,137.15262032059977,0.017986209962091555,0.003715262032059972,0.0,272.4601146747631,2e-06,1.6e-07,0.0005449202293495261,0.00013211116149740803,0.007043996468063871
2707.2000000000003,1135.447627989693,864.5523720103075,962.6571834314251,137.34281656857476,0.017986209962091555,0.003734281656857473,0.0,270.8952559793855,2e-06,1.6e-07,0.0005417905119587711,0.00013205029869805605,0.0070030353882974735
2721.6,1134.6696924530427,865.3303075469578,962.4670748056914,137.5329251943085,0.017986209962091555,0.0037532925194308413,0.0,269.3393849060849,2e-06,1.6e-07,0.0005386787698121697,0.00013198946393782127,0.0069623183320604645
2736.0,1133.8962249010362,866.1037750989644,962.277053761832,137.72294623816785,0.017986209962091555,0.003772294623816783,0.0,267.7924498020718,2e-06,1.6e-07,0.0005355848996041436,0.00013192865720378625,0.006921843743071748
2750.4,1133.127199652981,866.87280034702,962.0871202594984,137.91287974050147,0.017986209962091555,0.0037912879740501426,0.0,266.2543993059611,2e-06,1.6e-07,0.0005325087986119221,0.00013186787848303952,0.006881610076595056
2764.8,1132.3625911792933,867.6374088207072,961.8972742583608,138.10272574163912,0.017986209962091555,0.0038102725741639048,0.0,264.72518235858615,2e-06,1.6e-07,0.0005294503647171723,0.00013180712776267547,0.006841615799649184
2779.2000000000003,1131.6023741986821,868.3976258013189,961.7075157181079,138.29248428189192,0.017986209962091555,0.0038292484281891885,0.0,263.20474839736323,2e-06,1.6e-07,0.0005264094967947265,0.00013174640502979456,0.006801859396018185
2793.6,1130.846523524774,869.1534764752267,961.5178445984471,138.48215540155263,0.017986209962091555,0.003848215540155259,0.0,261.6930470495473,2e-06,1.6e-07,0.0005233860940990947,0.00013168571027150314,0.006762339358157731
2808.0,1130.095014081786,869.9049859182145,961.3282608591045,138.67173914089534,0.017986209962091555,0.003867173914089531,0.0,260.1900281635716,2e-06,1.6e-07,0.0005203800563271431,0.00013162504347491346,0.006723054187948196
2822.4,1129.3478209371085,870.6521790628922,961.1387644598243,138.8612355401757,0.017986209962091555,0.0038861235540175597,0.0,258.69564187421634,2e-06,1.6e-07,0.0005173912837484326,0.00013156440462714378,0.006684002398331993
2836.8,1128.6049193003585,871.3950806996422,960.9493553603694,139.05064463963058,0.017986209962091555,0.0039050644639630496,0.0,257.20983860071624,2e-06,1.6e-07,0.0005144196772014324,0.0001315037937153182,0.006645182513198014
2851.2000000000003,1127.8662845224346,872.1337154775659,960.7600335205213,139.23996647947854,0.017986209962091555,0.003923996647947849,0.0,255.73256904486868,2e-06,1.6e-07,0.0005114651380897374,0.00013144321072656686,0.00660659306726737
2865.6,1127.13189209457,872.8681079054306,960.5707989000801,139.42920109991957,0.017986209962091555,0.003942920109991955,0.0,254.26378418913941,2e-06,1.6e-07,0.0005085275683782788,0.00013138265564802568,0.006568232605980305
2880.0,1126.4017176473858,873.598282352615,960.3816514588647,139.61834854113516,0.017986209962091555,0.003961834854113513,0.0,252.8034352947708,2e-06,1.6e-07,0.0005056068705895416,0.00013132212846683674,0.006530099685384366
2894.4,1125.6757369499446,874.3242630500558,960.1925911567116,139.8074088432882,0.017986209962091555,0.003980740884328815,0.0,251.3514738998888,2e-06,1.6e-07,0.0005027029477997775,0.00013126162917014776,0.0064921928720236685
2908.8,1124.9539259088056,875.0460740911952,960.0036179534768,139.9963820465231,0.017986209962091555,0.003999638204652305,0.0,249.90785181761032,2e-06,1.6e-07,0.0004998157036352206,0.0001312011577451126,0.006454510742829399
2923.2000000000003,1124.2362605670746,875.7637394329258,959.814731809034,140.18526819096587,0.017986209962091555,0.0040185268190965785,0.0,248.4725211341488,2e-06,1.6e-07,0.0004969450422682975,0.0001311407141788909,0.006417051885011339
2937.6,1123.5227171034624,876.4772828965382,959.6259326832759,140.37406731672385,0.017986209962091555,0.0040374067316723775,0.0,247.04543420692414,2e-06,1.6e-07,0.0004940908684138483,0.00013108029845864834,0.006379814895950659
2952.0,1122.8132718313345,877.1867281686665,959.4372205361137,140.5627794638861,0.017986209962091555,0.004056277946388604,0.0,245.62654366266804,2e-06,1.6e-07,0.0004912530873253361,0.00013101991057155643,0.006342798383093617
2966.4,1122.1079011977652,877.8920988022353,959.2485953274768,140.75140467252314,0.017986209962091555,0.004075140467252309,0.0,244.21580239552986,2e-06,1.6e-07,0.0004884316047910597,0.0001309595505047926,0.006306000963846418
2980.8,1121.4065817825942,878.5934182174063,959.0600570173128,140.939942982687,0.017986209962091555,0.004093994298268696,0.0,242.8131635651879,2e-06,1.6e-07,0.00048562632713037575,0.00013089921824554015,0.0062694212654711735
2995.2000000000003,1120.709290297477,879.2907097025238,958.8716055655885,141.12839443441135,0.017986209962091555,0.004112839443441127,0.0,241.41858059495326,2e-06,1.6e-07,0.0004828371611899065,0.00013083891378098836,0.006233057924982756
3009.6,1120.0160035849387,879.983996415062,958.6832409322885,141.31675906771122,0.017986209962091555,0.004131675906771116,0.0,240.0320071698767,2e-06,1.6e-07,0.0004800640143397534,0.00013077863709833236,0.006196909589046724
3024.0,1119.3266986174297,880.673301382571,958.4949630774165,141.50503692258343,0.017986209962091555,0.00415050369225834,0.0,238.65339723485863,2e-06,1.6e-07,0.0004773067944697172,0.0001307183881847733,0.006160974913878276
3038.4,1118.641352526733,881.3586474732676,958.3067719609935,141.6932280390063,0.017986209962091555,0.0041693228039006245,0.0,237.2827050534654,2e-06,1.6e-07,0.0004745654101069308,0.00013065816702751795,0.006125252566724192
3052.8,1117.9599426935015,882.0400573064991,958.1186675430604,141.88133245693956,0.017986209962091555,0.0041881332456939506,0.0,235.9198853870024,2e-06,1.6e-07,0.0004718397707740048,0.00013059797361377932,0.006089741230477454
3067.2000000000003,1117.2824465275526,882.717553472448,957.9306497836752,142.06935021632464,0.017986209962091555,0.004206935021632461,0.0,234.56489305510456,2e-06,1.6e-07,0.0004691297861102091,0.0001305378079307761,0.006054439592176225
3081.6,1116.6088415526112,883.3911584473894,957.7427186429153,142.25728135708468,0.017986209962091555,0.004225728135708461,0.0,233.2176831052218,2e-06,1.6e-07,0.00046643536621044355,0.0001304776699657329,0.0060193463473746
3096.0,1115.9391054208884,884.0608945791123,957.5548740808756,142.44512591912425,0.017986209962091555,0.004244512591912421,0.0,231.87821084177608,2e-06,1.6e-07,0.0004637564216835521,0.00013041755970588022,0.005984460200855338
3110.4,1115.273215912244,884.7267840877565,957.3671160576702,142.63288394232973,0.017986209962091555,0.004263288394232967,0.0,230.5464318244875,2e-06,1.6e-07,0.000461092863648975,0.00013035747713845448,0.0059497798665399185
3124.8,1114.6111509333468,885.3888490666537,957.179444533431,142.82055546656898,0.017986209962091555,0.004282055546656889,0.0,229.2223018666931,2e-06,1.6e-07,0.00045844460373338616,0.00013029742225069792,0.005915304067399229
3139.2000000000003,1113.9528885168356,886.0471114831648,956.9918594683083,143.00814053169148,0.017986209962091555,0.004300814053169144,0.0,227.9057770336708,2e-06,1.6e-07,0.00045581155406734157,0.0001302373950298587,0.005881031535365301
3153.6,1113.298406820481,886.7015931795193,956.8043608224713,143.1956391775285,0.017986209962091555,0.004319563917752847,0.0,226.59681364096173,2e-06,1.6e-07,0.0004531936272819234,0.00013017739546319085,0.005846961011243745
3168.0,1112.6476841263457,887.3523158736549,956.6169485561069,143.38305144389292,0.017986209962091555,0.004338305144389285,0.0,225.29536825269076,2e-06,1.6e-07,0.0004505907365053815,0.00013011742353795423,0.005813091244627034
3182.4,1112.000698839945,887.9993011600557,956.4296226294208,143.57037737057914,0.017986209962091555,0.004357037737057905,0.0,224.00139767988935,2e-06,1.6e-07,0.00044800279535977866,0.00013005747924141466,0.005779420993808585
3196.8,1111.3574294894097,888.642570510591,956.2423830026366,143.7576169973633,0.017986209962091555,0.004375761699736326,0.0,222.7148589788187,2e-06,1.6e-07,0.0004454297179576374,0.00012999756256084372,0.0057459490256976595
3211.2000000000003,1110.7178547246458,889.282145275355,956.0552296359965,143.94477036400335,0.017986209962091555,0.004394477036400331,0.0,221.4357094492908,2e-06,1.6e-07,0.00044287141889858163,0.0001299376734835189,0.005712674115734954
3225.6,1110.0819533164952,889.9180466835052,955.8681624897611,144.13183751023877,0.017986209962091555,0.00441318375102387,0.0,220.16390663299,2e-06,1.6e-07,0.00044032781326598,0.00012987781199672358,0.005679595047809001
3240.0,1109.449704155899,890.5502958441016,955.6811815242091,144.31881847579078,0.017986209962091555,0.00443188184757907,0.0,218.89940831179752,2e-06,1.6e-07,0.000437798816623595,0.00012981797808774695,0.005646710614173311
3254.4,1108.8210862530557,891.1789137469453,955.4942866996377,144.50571330036226,0.017986209962091555,0.004450571330036218,0.0,217.64217250611034,2e-06,1.6e-07,0.00043528434501222064,0.00012975817174388406,0.005614019615364185
3268.8,1108.196078736583,891.8039212634176,955.307477976362,144.6925220236379,0.017986209962091555,0.004469252202363783,0.0,216.39215747316553,2e-06,1.6e-07,0.00043278431494633103,0.00012969839295243584,0.005581520860119295
3283.2000000000003,1107.5746608526817,892.4253391473192,955.1207553147159,144.879244685284,0.017986209962091555,0.0044879244685283965,0.0,215.14932170536258,2e-06,1.6e-07,0.00043029864341072516,0.0001296386417007091,0.005549213165296968
3297.6,1106.9568119642922,893.0431880357087,954.9341186750513,145.06588132494872,0.017986209962091555,0.0045065881324948655,0.0,213.91362392858355,2e-06,1.6e-07,0.00042782724785716706,0.00012957891797601642,0.005517095355796066
3312.0,1106.3425116165872,893.6574883834138,954.7475680177382,145.25243198226175,0.017986209962091555,0.004525243198226169,0.0,212.6850232331734,2e-06,1.6e-07,0.0004253700464663468,0.00012951922176567622,0.005485166267923919
3326.4,1105.7317395334164,894.2682604665844,954.5611033031654,145.43889669683452,0.017986209962091555,0.004543889669683452,0.0,211.46347906683206,2e-06,1.6e-07,0.0004229269581336641,0.00012945955305701296,0.005453424749174253
3340.8,1105.124475454775,894.8755245452259,954.3747244917395,145.6252755082604,0.017986209962091555,0.004562527550826037,0.0,210.24895090954908,2e-06,1.6e-07,0.00042049790181909817,0.00012939991183735666,0.005421869649745516
3355.2000000000003,1104.520699234505,895.4793007654959,954.1884315438856,145.81156845611443,0.017986209962091555,0.004581156845611437,0.0,209.0413984690091,2e-06,1.6e-07,0.0004180827969380182,0.0001293402980940434,0.005390499827586307
3369.6,1103.9203908414047,896.0796091585959,954.0022244200467,145.99777557995333,0.017986209962091555,0.004599777557995328,0.0,207.84078168280882,2e-06,1.6e-07,0.0004156815633656176,0.00012928071181441493,0.005359314148419718
3384.0,1103.3235303585054,896.6764696414954,953.8161030806843,146.18389691931577,0.017986209962091555,0.004618389691931573,0.0,206.64706071701005,2e-06,1.6e-07,0.0004132941214340201,0.00012922115298581897,0.005328311485673069
3398.4,1102.7300979823533,897.2699020176474,953.6300674862779,146.36993251372212,0.017986209962091555,0.0046369932513722085,0.0,205.46019596470592,2e-06,1.6e-07,0.00041092039192941183,0.00012916162159560892,0.005297490720408577
3412.8,1102.1400740223032,897.8599259776972,953.4441175973253,146.5558824026746,0.017986209962091555,0.004655588240267452,0.0,204.280148044606,2e-06,1.6e-07,0.000408560296089212,0.00012910211763114414,0.005266850741255099
3427.2000000000003,1101.5534388998155,898.4465611001851,953.2582533743429,146.74174662565707,0.017986209962091555,0.0046741746625657025,0.0,203.1068777996304,2e-06,1.6e-07,0.0004062137555992608,0.00012904264107978973,0.0052363904443406915
3441.6,1100.970173147762,899.0298268522387,953.0724747778646,146.9275252221354,0.017986209962091555,0.004692752522213536,0.0,201.94034629552323,2e-06,1.6e-07,0.00040388069259104643,0.00012898319192891668,0.005206108733226238
3456.0,1100.3902574097408,899.6097425902598,952.8867817684426,147.1132182315572,0.017986209962091555,0.004711321823155717,0.0,200.78051481948103,2e-06,1.6e-07,0.00040156102963896206,0.00012892377016590167,0.005176004518840007
3470.4,1099.813672439396,900.1863275606045,952.7011743066481,147.29882569335192,0.017986209962091555,0.004729882569335185,0.0,199.62734487879152,2e-06,1.6e-07,0.000399254689757583,0.0001288643757781274,0.005146076719413035
3484.8,1099.2403990997466,900.7596009002539,952.5156523530692,147.48434764693076,0.017986209962091555,0.004748434764693072,0.0,198.4807981994927,2e-06,1.6e-07,0.0003969615963989854,0.00012880500875298216,0.005116324260415546
3499.2000000000003,1098.670418362522,901.3295816374788,952.330215868313,147.6697841316869,0.017986209962091555,0.004766978413168685,0.0,197.34083672504323,2e-06,1.6e-07,0.00039468167345008647,0.00012874566907786016,0.005086746074494231
3513.6,1098.1037113075051,901.896288692496,952.1448648130047,147.85513518699528,0.017986209962091555,0.004785513518699523,0.0,196.20742261500914,2e-06,1.6e-07,0.00039241484523001825,0.0001286863567401615,0.005057341101410412
3528.0,1097.5402591218826,902.4597408781182,951.9595991477871,148.04040085221274,0.017986209962091555,0.00480404008522127,0.0,195.08051824376446,2e-06,1.6e-07,0.0003901610364875289,0.00012862707172729189,0.005028108287979109
3542.4,1096.9800430996045,903.0199569003963,951.774418833322,148.225581166678,0.017986209962091555,0.0048225581166677954,0.0,193.96008619920815,2e-06,1.6e-07,0.0003879201723984163,0.00012856781402666303,0.004999046588009013
3556.8,1096.4230446407478,903.5769553592529,951.5893238302884,148.41067616971162,0.017986209962091555,0.004841067616971156,0.0,192.84608928149487,2e-06,1.6e-07,0.00038569217856298973,0.0001285085836256923,0.004970154962243285
3571.2000000000003,1095.8692452508901,904.1307547491103,951.4043140993838,148.59568590061602,0.017986209962091555,0.004859568590061599,0.0,191.73849050177978,2e-06,1.6e-07,0.0003834769810035595,0.00012844938051180286,0.004941432378301211
3585.6,1095.3186265404909,904.6813734595099,951.2193896013243,148.78061039867563,0.017986209962091555,0.00487806103986756,0.0,190.63725308098094,2e-06,1.6e-07,0.00038127450616196187,0.0001283902046724238,0.0049128778106208
3600.0,1094.771170224276,905.2288297757244,951.0345502968432,148.96544970315668,0.017986209962091555,0.004896544970315666,0.0,189.5423404485515,2e-06,1.6e-07,0.000379084680897103,0.00012833105609498985,0.004884490240402049
3614.4,1094.2268581206379,905.7731418793628,950.8497961466926,149.1502038533074,0.017986209962091555,0.004915020385330735,0.0,188.45371624127506,2e-06,1.6e-07,0.0003769074324825501,0.00012827193476694165,0.004856268655551274
3628.8,1093.685672151033,906.3143278489677,950.6651271116423,149.3348728883578,0.017986209962091555,0.004933487288835776,0.0,187.37134430206538,2e-06,1.6e-07,0.00037474268860413076,0.0001282128406757255,0.0048282120506260295
3643.2000000000003,1093.1475943393957,906.8524056606051,950.48054315248,149.51945684751993,0.017986209962091555,0.004951945684751992,0.0,186.29518867879062,2e-06,1.6e-07,0.0003725903773575812,0.00012815377380879362,0.004800319426781046
3657.6,1092.6126068115532,907.3873931884474,950.2960442300121,149.70395576998777,0.017986209962091555,0.004970395576998777,0.0,185.2252136231058,2e-06,1.6e-07,0.00037045042724621153,0.0001280947341536039,0.00477258979171483
3672.0,1092.0806917946522,907.9193082053486,950.1116303050626,149.88836969493727,0.017986209962091555,0.004988836969493723,0.0,184.16138358930368,2e-06,1.6e-07,0.00036832276717860735,0.00012803572169762004,0.004745022159617159
3686.4,1091.55183161675,908.4481683832506,949.9273013384737,150.07269866152623,0.017986209962091555,0.005007269866152616,0.0,183.10366323349933,2e-06,1.6e-07,0.00036620732646699863,0.0001279767364283116,0.004717615551125621
3700.8,1091.0260087820288,908.9739912179717,949.7430572911056,150.25694270889434,0.017986209962091555,0.00502569427088943,0.0,182.0520175640571,2e-06,1.6e-07,0.0003641040351281142,0.0001279177783331538,0.004690368997200836
3715.2000000000003,1090.503205896277,909.4967941037235,949.5588981238367,150.44110187616337,0.017986209962091555,0.005044110187616333,0.0,181.00641179255354,2e-06,1.6e-07,0.00036201282358510706,0.00012785884739962774,0.004663281535242272
3729.6,1089.9834056093764,910.0165943906242,949.3748237975627,150.62517620243707,0.017986209962091555,0.0050625176202437,0.0,179.96681121875224,2e-06,1.6e-07,0.0003599336224375045,0.00012779994361522011,0.0046363522060876424
3744.0,1089.4665906715113,910.5334093284895,949.1908342731989,150.80916572680113,0.017986209962091555,0.005080916572680104,0.0,178.93318134302183,2e-06,1.6e-07,0.00035786636268604367,0.00012774106696742364,0.004609580056905151
3758.4,1088.9527439327085,911.0472560672918,949.0069295116767,150.99307048832324,0.017986209962091555,0.005099307048832318,0.0,177.90548786541672,2e-06,1.6e-07,0.0003558109757308334,0.00012768221744373655,0.004582964141149235
3772.8,1088.4418483423904,911.5581516576101,948.8231094739469,151.17689052605323,0.017986209962091555,0.005117689052605313,0.0,176.88369668478026,2e-06,1.6e-07,0.0003537673933695605,0.000127623395031663,0.00455650351851725
3787.2000000000003,1087.9338869489293,912.0661130510714,948.6393741209773,151.36062587902273,0.017986209962091555,0.005136062587902261,0.0,175.8677738978579,2e-06,1.6e-07,0.00035173554779571574,0.00012756459971871275,0.0045301972549068245
3801.6,1087.428842899217,912.5711571007837,948.4557234137546,151.54427658624545,0.017986209962091555,0.00515442765862454,0.0,174.8576857984333,2e-06,1.6e-07,0.00034971537159686657,0.00012750583149240147,0.004504044422374089
3816.0,1086.9266994382406,913.0733005617598,948.2721573132827,151.72784268671725,0.017986209962091555,0.0051727842686717235,0.0,173.8533988764808,2e-06,1.6e-07,0.0003477067977529616,0.00012744709034025046,0.004478044099092718
3830.4,1086.4274399086669,913.5725600913337,948.088675780584,151.911324219416,0.017986209962091555,0.005191132421941595,0.0,172.8548798173332,2e-06,1.6e-07,0.0003457097596346664,0.0001273883762497869,0.004452195369313707
3844.8,1085.9310477504353,914.0689522495657,947.9052787766985,152.09472122330146,0.017986209962091555,0.0052094721223301405,0.0,171.8620955008696,2e-06,1.6e-07,0.00034372419100173917,0.00012732968920854353,0.00442649732332597
3859.2000000000003,1085.4375065003592,914.5624934996412,947.7219662626844,152.27803373731552,0.017986209962091555,0.005227803373731546,0.0,170.875013000718,2e-06,1.6e-07,0.000341750026001436,0.00012727102920405902,0.004400949057417694
3873.6,1084.9467997917397,915.0532002082605,947.5387381996178,152.4612618003822,0.017986209962091555,0.005246126180038212,0.0,169.89359958347927,2e-06,1.6e-07,0.0003397871991669585,0.0001272123962238777,0.004375549673838494
3888.0,1084.458911353982,915.5410886460184,947.3555945485925,152.64440545140747,0.017986209962091555,0.005264440545140737,0.0,168.91782270796375,2e-06,1.6e-07,0.0003378356454159275,0.0001271537902555496,0.004350298280762297
3902.4,1083.9738250122243,916.0261749877762,947.1725352707206,152.82746472927937,0.017986209962091555,0.005282746472927935,0.0,167.94765002444808,2e-06,1.6e-07,0.00033589530004889617,0.00012709521128663058,0.004325193992250987
3916.8,1083.4915246869746,916.5084753130259,946.9895603271316,153.0104396728683,0.017986209962091555,0.005301043967286821,0.0,166.9830493739487,2e-06,1.6e-07,0.0003339660987478974,0.00012703665930468213,0.0043002359282188025
3931.2000000000003,1083.011994393757,916.9880056062435,946.8066696789737,153.19333032102634,0.017986209962091555,0.005319333032102627,0.0,166.02398878751353,2e-06,1.6e-07,0.00033204797757502703,0.00012697813429727158,0.004275423214397536
3945.6,1082.5352182427655,917.464781757235,946.623863287412,153.3761367125879,0.017986209962091555,0.005337613671258784,0.0,165.07043648553054,2e-06,1.6e-07,0.00033014087297106103,0.00012691963625197184,0.004250754982302409
3960.0,1082.0611804385267,917.9388195614738,946.4411411136306,153.55885888636956,0.017986209962091555,0.0053558858886369465,0.0,164.12236087705287,2e-06,1.6e-07,0.00032824472175410575,0.00012686116515636176,0.004226230369198713
3974.4,1081.5898652795715,918.4101347204289,946.25850311883,153.74149688116975,0.017986209962091555,0.0053741496881169705,0.0,163.17973055914263,2e-06,1.6e-07,0.00032635946111828524,0.00012680272099802566,0.004201848518069147
3988.8,1081.1212571581157,918.8787428418848,946.0759492642308,153.92405073576933,0.017986209962091555,0.0053924050735769296,0.0,162.24251431623088,2e-06,1.6e-07,0.00032448502863246175,0.00012674430376455383,0.004177608577581937
4003.2000000000003,1080.655340559749,919.3446594402517,945.8934795110688,154.10652048893118,0.017986209962091555,0.005410652048893109,0.0,161.3106811194973,2e-06,1.6e-07,0.0003226213622389946,0.00012668591344354202,0.004153509702059651
4017.6,1080.192100063132,919.8078999368686,945.7110938205999,154.28890617940016,0.017986209962091555,0.005428890617940008,0.0,160.38420012626352,2e-06,1.6e-07,0.000320768400252527,0.00012662755002259196,0.0041295510514487085
4032.0,1079.7315203397045,920.268479660296,945.5287921540964,154.47120784590348,0.017986209962091555,0.005447120784590341,0.0,159.46304067940855,2e-06,1.6e-07,0.00031892608135881707,0.00012656921348931088,0.00410573179128965
4046.4,1079.2735861533984,920.7264138466021,945.3465744728496,154.65342552715043,0.017986209962091555,0.005465342552715037,0.0,158.54717230679626,2e-06,1.6e-07,0.0003170943446135925,0.00012651090383131188,0.0040820510926880245
4060.8,1078.8182823603634,921.1817176396372,945.1644407381675,154.83555926183246,0.017986209962091555,0.005483555926183242,0.0,157.63656472072614,2e-06,1.6e-07,0.00031527312944145227,0.0001264526210362136,0.004058508132286117
4075.2000000000003,1078.3655938965078,921.6344061034926,944.9823909113768,155.01760908862326,0.017986209962091555,0.005501760908862323,0.0,156.73118779301524,2e-06,1.6e-07,0.00031346237558603046,0.0001263943650916406,0.004035102091604967
4089.6,1077.9155055058216,922.084494494179,944.8004249538213,155.19957504617878,0.017986209962091555,0.005519957504617875,0.0,155.83101101164254,2e-06,1.6e-07,0.0003116620220232851,0.00012633613598522282,0.004011832142985494
4104.0,1077.468002142773,922.5319978572276,944.618542826863,155.38145717313714,0.017986209962091555,0.0055381457173137106,0.0,154.93600428554544,2e-06,1.6e-07,0.0003098720085710909,0.00012627793370459614,0.003988697470382441
4118.400000000001,1077.0230689583127,922.9769310416876,944.4367444918815,155.56325550811857,0.017986209962091555,0.005556325550811854,0.0,154.04613791662507,2e-06,1.6e-07,0.0003080922758332501,0.00012621975823740207,0.003965697268625459
4132.8,1076.580691188976,923.4193088110246,944.2550299102745,155.7449700897255,0.017986209962091555,0.005574497008972549,0.0,153.16138237795144,2e-06,1.6e-07,0.00030632276475590285,0.00012616160957128786,0.003942830737672149
4147.2,1076.1408541564383,923.8591458435625,944.0733990434575,155.92660095654267,0.017986209962091555,0.005592660095654262,0.0,152.28170831287582,2e-06,1.6e-07,0.00030456341662575163,0.00012610348769390639,0.003920097082572587
4161.6,1075.7035432670773,924.2964567329234,943.8918518528629,156.10814814713692,0.017986209962091555,0.005610814814713684,0.0,151.4070865341539,2e-06,1.6e-07,0.0003028141730683078,0.00012604539259291616,0.0038974955134342334
4176.0,1075.2687440115392,924.7312559884618,943.7103882999426,156.28961170005732,0.017986209962091555,0.0056289611700057265,0.0,150.53748802307734,2e-06,1.6e-07,0.0003010749760461547,0.00012598732425598164,0.003875025245387379
4190.400000000001,1074.8364419643078,925.1635580356927,943.5290083461647,156.47099165383528,0.017986209962091555,0.005647099165383525,0.0,149.67288392861508,2e-06,1.6e-07,0.0002993457678572301,0.00012592928267077271,0.0038526854985509915
4204.8,1074.4066227832832,925.5933772167174,943.3477119530155,156.65228804698447,0.017986209962091555,0.00566522880469844,0.0,148.8132455665658,2e-06,1.6e-07,0.00029762649113313156,0.00012587126782496495,0.0038304754979990928
4219.2,1073.9792722093584,926.020727790642,943.1664990819993,156.8335009180006,0.017986209962091555,0.005683350091800058,0.0,147.95854441871643,2e-06,1.6e-07,0.00029591708883743283,0.0001258132797062398,0.0038083944737274922
4233.6,1073.554376066007,926.4456239339936,942.985369694638,157.01463030536203,0.017986209962091555,0.005701463030536195,0.0,147.10875213201348,2e-06,1.6e-07,0.00029421750426402696,0.00012575531830228415,0.0037864416606210585
4248.0,1073.1319202588722,926.8680797411282,942.8043237524711,157.19567624752895,0.017986209962091555,0.005719567624752888,0.0,146.26384051774403,2e-06,1.6e-07,0.00029252768103548804,0.00012569738360079075,0.0037646162984214327
4262.400000000001,1072.7118907753622,927.2881092246384,942.623361217056,157.37663878294416,0.017986209962091555,0.005737663878294408,0.0,145.4237815507238,2e-06,1.6e-07,0.0002908475631014476,0.00012563947558945788,0.003742917631695127
4276.8,1072.2942736842485,927.7057263157519,942.4424820499675,157.55751795003255,0.017986209962091555,0.0057557517950032515,0.0,144.58854736849662,2e-06,1.6e-07,0.0002891770947369932,0.0001255815942559896,0.0037213449098021135
4291.2,1071.8790551352724,928.1209448647281,942.2616862127986,157.73831378720146,0.017986209962091555,0.005773831378720143,0.0,143.7581102705443,2e-06,1.6e-07,0.0002875162205410886,0.00012552373958809554,0.003699897386864862
4305.6,1071.466221358752,928.5337786412488,942.0809736671596,157.91902633284053,0.017986209962091555,0.005791902633284046,0.0,142.93244271750314,2e-06,1.6e-07,0.0002858648854350063,0.00012546591157349104,0.0036785743217377454
4320.0,1071.055758665197,928.9442413348038,941.9003443746785,158.09965562532147,0.017986209962091555,0.005809965562532145,0.0,142.1115173303931,2e-06,1.6e-07,0.0002842230346607862,0.00012540811019989714,0.00365737497797694
4334.400000000001,1070.647653444928,929.3523465550724,941.7197982970013,158.28020170299868,0.017986209962091555,0.005828020170299865,0.0,141.29530688985562,2e-06,1.6e-07,0.00028259061377971124,0.0001253503354550404,0.003636298623810762
4348.8,1070.2418921677004,929.7581078323001,941.5393353957916,158.46066460420857,0.017986209962091555,0.005846066460420856,0.0,140.4837843354003,2e-06,1.6e-07,0.0002809675686708006,0.0001252925873266533,0.003615344532110363
4363.2,1069.8384613823312,930.1615386176694,941.3589556327298,158.6410443672701,0.017986209962091555,0.005864104436727008,0.0,139.67692276466175,2e-06,1.6e-07,0.0002793538455293235,0.00012523486580247355,0.0035945119803608805
4377.6,1069.4373477163326,930.5626522836677,941.1786589695156,158.82134103048446,0.017986209962091555,0.005882134103048445,0.0,138.8746954326649,2e-06,1.6e-07,0.0002777493908653298,0.00012517717087024498,0.0035738002506330046
4392.0,1069.0385378755518,930.9614621244485,940.9984453678646,159.00155463213528,0.017986209962091555,0.005900155463213524,0.0,138.07707575110328,2e-06,1.6e-07,0.00027615415150220653,0.0001251195025177167,0.0035532086295550105
4406.400000000001,1068.642018643812,931.3579813561885,940.8183147895116,159.18168521048844,0.017986209962091555,0.0059181685210488374,0.0,137.2840372876235,2e-06,1.6e-07,0.000274568074575247,0.0001250618607326437,0.0035327364082851052
4420.8,1068.2477768825602,931.7522231174403,940.6382671962078,159.36173280379225,0.017986209962091555,0.00593617328037922,0.0,136.4955537651199,2e-06,1.6e-07,0.0002729911075302398,0.0001250042455027865,0.0035123828824842624
4435.2,1067.8557995305202,932.1442004694802,940.4583025497226,159.54169745027744,0.017986209962091555,0.005954169745027738,0.0,135.71159906104003,2e-06,1.6e-07,0.00027142319812208007,0.00012494665681591122,0.003492147352289409
4449.6,1067.4660736033502,932.5339263966507,940.278420811843,159.72157918815705,0.017986209962091555,0.005972157918815703,0.0,134.93214720669948,2e-06,1.6e-07,0.00026986429441339896,0.00012488909465978976,0.0034720291222870743
4464.0,1067.0785861768873,932.9214138231133,940.0986219443736,159.90137805562662,0.017986209962091555,0.005990137805562655,0.0,134.15717235377394,2e-06,1.6e-07,0.0002683143447075479,0.00012483155902219951,0.003452027500640056
4478.400000000001,1066.6933242837115,933.306675716289,939.918905909136,160.081094090864,0.017986209962091555,0.006008109409086399,0.0,133.38664856742253,2e-06,1.6e-07,0.00026677329713484504,0.00012477404989092353,0.003432141793740289
4492.8,1066.3102751152414,933.6897248847589,939.7392726679705,160.26072733202966,0.017986209962091555,0.006026072733202959,0.0,132.62055023048254,2e-06,1.6e-07,0.00026524110046096506,0.00012471656725375054,0.0034123713166328666
4507.2,1065.92942596165,934.0705740383505,939.5597221827339,160.44027781726615,0.017986209962091555,0.00604402778172661,0.0,131.85885192329943,2e-06,1.6e-07,0.00026371770384659885,0.00012465911109847485,0.0033927153899058447
4521.6,1065.550764186166,934.4492358138345,939.3802544153014,160.6197455846987,0.017986209962091555,0.006061974558469867,0.0,131.10152837233136,2e-06,1.6e-07,0.0002622030567446627,0.00012460168141289644,0.0033731733383558023
4536.0,1065.1742772246687,934.8257227753315,939.2008693275653,160.7991306724349,0.017986209962091555,0.006079913067243487,0.0,130.34855444933714,2e-06,1.6e-07,0.00026069710889867426,0.00012454427818482086,0.003353744490959076
4550.400000000001,1064.799952585288,935.2000474147122,939.0215668814352,160.9784331185648,0.017986209962091555,0.006097843311856472,0.0,129.59990517057588,2e-06,1.6e-07,0.00025919981034115176,0.00012448690140205926,0.003334428180843455
4564.8,1064.4277778480046,935.5722221519961,938.8423470388392,161.15765296116078,0.017986209962091555,0.006115765296116072,0.0,128.85555569600842,2e-06,1.6e-07,0.00025771111139201685,0.00012442955105242855,0.0033152237452600494
4579.2,1064.0577406642535,935.9422593357472,938.6632097617223,161.33679023827784,0.017986209962091555,0.0061336790238277795,0.0,128.11548132850635,2e-06,1.6e-07,0.0002562309626570127,0.0001243722271237511,0.0032961305255554837
4593.6,1063.6898287565352,936.3101712434658,938.4841550120467,161.51584498795344,0.017986209962091555,0.006151584498795339,0.0,127.37965751306945,2e-06,1.6e-07,0.0002547593150261389,0.00012431492960385493,0.0032771478671444246
4608.0,1063.3240299180234,936.675970081977,938.3051827517927,161.69481724820739,0.017986209962091555,0.006169481724820733,0.0,126.6480598360464,2e-06,1.6e-07,0.0002532961196720928,0.00012425765848057366,0.003258275119482388
4622.400000000001,1062.9603320121828,937.0396679878178,938.126292942958,161.87370705704208,0.017986209962091555,0.006187370705704203,0.0,125.92066402436501,2e-06,1.6e-07,0.00025184132804873,0.00012420041374174655,0.0032395116360387963
4636.8,1062.5987229723837,937.401277027617,937.9474855475577,162.05251445244235,0.017986209962091555,0.006205251445244231,0.0,125.19744594476674,2e-06,1.6e-07,0.00025039489188953345,0.00012414319537521845,0.003220856774270395
4651.2,1062.2391908015231,937.7608091984774,937.7687605276244,162.23123947237562,0.017986209962091555,0.006223123947237556,0.0,124.4783816030457,2e-06,1.6e-07,0.0002489567632060914,0.00012408600336883983,0.0032023098955948257
4665.6,1061.8817235716513,938.1182764283495,937.5901178452084,162.4098821547917,0.017986209962091555,0.006240988215479169,0.0,123.76344714330173,2e-06,1.6e-07,0.00024752689428660346,0.00012402883771046668,0.0031838703653647117
4680.0,1061.526309423595,938.4736905764055,937.4115574623771,162.58844253762308,0.017986209962091555,0.006258844253762301,0.0,123.05261884718948,2e-06,1.6e-07,0.0002461052376943789,0.00012397169838796064,0.003165537552841763
4694.400000000001,1061.1729365665917,938.8270634334092,937.2330793412154,162.7669206587845,0.017986209962091555,0.0062766920658784454,0.0,122.34587313318252,2e-06,1.6e-07,0.000244691746266365,0.00012391458538918895,0.003147310831171339
4708.8,1060.821593277919,939.1784067220814,937.0546834438264,162.94531655617357,0.017986209962091555,0.00629453165561735,0.0,121.64318655583759,2e-06,1.6e-07,0.00024328637311167516,0.00012385749870202445,0.0031291895773572142
4723.2,1060.472267902536,939.5277320974644,936.87636973233,163.12363026767014,0.017986209962091555,0.00631236302676701,0.0,120.94453580507161,2e-06,1.6e-07,0.0002418890716101432,0.00012380043831434557,0.0031111731722366746
4737.6,1060.1249488527192,939.8750511472815,936.6981381688634,163.30186183113685,0.017986209962091555,0.006330186183113683,0.0,120.24989770543766,2e-06,1.6e-07,0.00024049979541087532,0.00012374340421403624,0.0030932610004558037
4752.0,1059.7796246077069,940.2203753922936,936.5199887155812,163.48001128441877,0.017986209962091555,0.006348001128441873,0.0,119.55924921541327,2e-06,1.6e-07,0.00023911849843082653,0.000123686396388986,0.003075452450445103
4766.400000000001,1059.4362837133472,940.5637162866537,936.3419213346566,163.65807866534354,0.017986209962091555,0.006365807866534348,0.0,118.87256742669342,2e-06,1.6e-07,0.00023774513485338682,0.0001236294148270901,0.003057746914395409
4780.8,1059.0949147817441,940.9050852182565,936.1639359882788,163.83606401172136,0.017986209962091555,0.00638360640117213,0.0,118.18982956348759,2e-06,1.6e-07,0.00023637965912697516,0.00012357245951624918,0.0030401437882339607
4795.2,1058.755506490914,941.2444935090865,935.9860326386549,164.01396736134507,0.017986209962091555,0.0064013967361345025,0.0,117.51101298182755,2e-06,1.6e-07,0.0002350220259636551,0.0001235155304443696,0.0030226424716008893
4809.6,1058.418047584439,941.5819524155615,935.80821124801,164.1917887519901,0.017986209962091555,0.006419178875199004,0.0,116.83609516887736,2e-06,1.6e-07,0.0002336721903377547,0.0001234586275993632,0.003005242367825843
4824.0,1058.0825268711264,941.9174731288741,935.6304717785856,164.36952822141438,0.017986209962091555,0.006436952822141432,0.0,116.16505374225233,2e-06,1.6e-07,0.00023233010748450463,0.0001234017509691474,0.002987942883904941
4838.400000000001,1057.7489332246716,942.2510667753287,935.4528141926414,164.54718580735855,0.017986209962091555,0.006454718580735851,0.0,115.49786644934295,2e-06,1.6e-07,0.0002309957328986859,0.00012334490054164525,0.002970743430477956
4852.8,1057.4172555734856,942.5827444265152,935.2752384524542,164.72476154754582,0.017986209962091555,0.006472476154754578,0.0,114.83451114697039,2e-06,1.6e-07,0.00022966902229394075,0.00012328807630478537,0.0029536434212985964
4867.2,1057.0874828809142,942.9125171190865,935.0977445203181,164.902255479682,0.017986209962091555,0.006490225547968199,0.0,114.1749657618277,2e-06,1.6e-07,0.0002283499315236554,0.00012323127824650178,0.002936642272209682
4881.6,1056.7596042022246,943.2403957977758,934.9203323585444,165.07966764145567,0.017986209962091555,0.0065079667641455615,0.0,113.51920840444882,2e-06,1.6e-07,0.00022703841680889764,0.0001231745063547342,0.002919739404075962
4896.0,1056.4336086587225,943.5663913412782,934.7430019294621,165.25699807053783,0.017986209962091555,0.006525699807053777,0.0,112.86721731744433,2e-06,1.6e-07,0.00022573443463488866,0.00012311776061742788,0.002902934241444596
4910.400000000001,1056.1094854343191,943.8905145656814,934.5657531954178,165.43424680458222,0.017986209962091555,0.00654342468045822,0.0,112.21897086863771,2e-06,1.6e-07,0.00022443794173727542,0.0001230610410225337,0.0028862262123632728
4924.8,1055.7872237751878,944.2127762248128,934.3885861187748,165.61141388122525,0.017986209962091555,0.006561141388122526,0.0,111.574447550375,2e-06,1.6e-07,0.00022314889510074998,0.00012300434755800794,0.0028696147483575976
4939.2,1055.4668129894203,944.5331870105799,934.211500661914,165.78849933808613,0.017986209962091555,0.006578849933808604,0.0,110.93362597884038,2e-06,1.6e-07,0.00022186725195768076,0.00012294768021181245,0.0028530992844086594
4953.6,1055.1482424466906,944.8517575533094,934.0344967872337,165.96550321276638,0.017986209962091555,0.006596550321276631,0.0,110.29648489338115,2e-06,1.6e-07,0.0002205929697867623,0.00012289103897191478,0.0028366792589309786
4968.0,1054.831501577916,945.1684984220846,933.8575744571499,166.14242554285048,0.017986209962091555,0.0066142425542850426,0.0,109.66300315583146,2e-06,1.6e-07,0.0002193260063116629,0.00012283442382628792,0.0028203541137504693
4982.400000000001,1054.516579874924,945.4834201250762,933.6807336340946,166.31926636590558,0.017986209962091555,0.006631926636590553,0.0,109.03315974984775,2e-06,1.6e-07,0.0002180663194996955,0.00012277783476291024,0.0028041232940827993
4996.8,1054.203466890124,945.7965331098765,933.5039742805188,166.49602571948142,0.017986209962091555,0.006649602571948135,0.0,108.40693378024753,2e-06,1.6e-07,0.00021681386756049504,0.00012272127176976599,0.0027879862485119112
5011.2,1053.8921522361754,946.1078477638252,933.3272963588897,166.67270364111047,0.017986209962091555,0.006667270364111041,0.0,107.78430447235019,2e-06,1.6e-07,0.00021556860894470038,0.00012266473483484467,0.0027719424289686556
5025.6,1053.5826255856653,946.4173744143353,933.1506998316921,166.84930016830796,0.017986209962091555,0.006684930016830791,0.0,107.16525117132994,2e-06,1.6e-07,0.00021433050234265986,0.00012260822394614146,0.0027559912907098626
5040.0,1053.2748766707844,946.7251233292161,932.9741846614284,167.0258153385718,0.017986209962091555,0.006702581533857174,0.0,106.54975334156825,2e-06,1.6e-07,0.0002130995066831365,0.00012255173909165706,0.0027401322922974186
5054.400000000001,1052.9688952830081,947.0311047169923,932.7977508106175,167.2022491893826,0.017986209962091555,0.006720224918938259,0.0,105.93779056601579,2e-06,1.6e-07,0.00021187558113203156,0.00012249528025939758,0.0027243648955776844
5068.8,1052.6646712727786,947.3353287272216,932.6213982417962,167.3786017582038,0.017986209962091555,0.0067378601758203765,0.0,105.32934254555698,2e-06,1.6e-07,0.00021065868509111395,0.0001224388474373748,0.0027086885656610778
5083.2,1052.3621945491914,947.6378054508086,932.4451269175186,167.55487308248146,0.017986209962091555,0.00675548730824814,0.0,104.72438909838274,2e-06,1.6e-07,0.00020944877819676548,0.00012238244061360594,0.0026931027709018985
5097.6,1052.0614550796824,947.9385449203178,932.2689368003556,167.7310631996444,0.017986209962091555,0.00677310631996444,0.0,104.12291015936466,2e-06,1.6e-07,0.0002082458203187293,0.0001223260597761138,0.002677606982878275
5112.0,1051.7624428897202,948.2375571102802,932.0928278528958,167.90717214710435,0.017986209962091555,0.006790717214710431,0.0,103.52488577943996,2e-06,1.6e-07,0.0002070497715588799,0.00012226970491292663,0.002662200676372468
5126.400000000001,1051.465148062499,948.5348519375013,931.9168000377446,168.0831999622556,0.017986209962091555,0.006808319996225557,0.0,102.93029612499777,2e-06,1.6e-07,0.00020586059224999553,0.00012221337601207822,0.0026468833293512655
5140.8,1051.1695607386368,948.8304392613635,931.7408533175246,168.25914668247535,0.017986209962091555,0.006825914668247531,0.0,102.33912147727335,2e-06,1.6e-07,0.0002046782429545467,0.0001221570730616079,0.0026316544229466475
5155.2,1050.8756711158726,949.1243288841275,931.5649876548766,168.43501234512348,0.017986209962091555,0.006843501234512346,0.0,101.75134223174507,2e-06,1.6e-07,0.00020350268446349014,0.0001221007960495605,0.0026165134414365865
5169.6,1050.5834694487705,949.4165305512298,931.3892030124573,168.6107969875428,0.017986209962091555,0.006861079698754277,0.0,101.16693889754072,2e-06,1.6e-07,0.00020233387779508143,0.00012204454496398632,0.002601459872226156
5184.0,1050.292946048423,949.7070539515777,931.2134993529413,168.7865006470588,0.017986209962091555,0.0068786500647058735,0.0,100.58589209684521,2e-06,1.6e-07,0.00020117178419369041,0.0001219883197929412,0.0025864932058287464
5198.400000000001,1050.0040912821587,949.9959087178421,931.0378766390204,168.96212336097975,0.017986209962091555,0.006896212336097971,0.0,100.0081825643166,2e-06,1.6e-07,0.00020001636512863318,0.0001219321205244865,0.0025716129358475466
5212.8,1049.7168955732532,950.2831044267471,930.8623348334033,169.13766516659686,0.017986209962091555,0.0069137665166596795,0.0,99.43379114650611,2e-06,1.6e-07,0.0001988675822930122,0.00012187594714668904,0.0025568185589571676
5227.2,1049.4313494006433,950.5686505993569,930.6868738988161,169.313126101184,0.017986209962091555,0.006931312610118396,0.0,98.86269880128634,2e-06,1.6e-07,0.0001977253976025727,0.00012181979964762113,0.0025421095748855843
5241.6,1049.1474432783973,950.8525567216033,930.5114937980021,169.48850620199804,0.017986209962091555,0.006948850620199801,0.0,98.29488655679404,2e-06,1.6e-07,0.00019658977311358807,0.00012176367801536066,0.002527485485353406
5256.0,1048.8651677531366,951.1348322468641,930.3361944937216,169.66380550627858,0.017986209962091555,0.006966380550627854,0.0,97.73033550627247,2e-06,1.6e-07,0.00019546067101254493,0.00012170758223799089,0.002512945793937953
5270.400000000001,1048.5845134585907,951.4154865414099,930.160975948752,169.83902405124815,0.017986209962091555,0.006983902405124805,0.0,97.16902691718076,2e-06,1.6e-07,0.0001943380538343615,0.00012165151230360062,0.0024984900088801587
5284.8,1048.305471083092,951.6945289169082,929.9858381258882,170.0141618741119,0.017986209962091555,0.0070014161874111846,0.0,96.6109421661838,2e-06,1.6e-07,0.0001932218843323676,0.00012159546820028421,0.002484117641407011
5299.2,1048.0280313684693,951.971968631531,929.810780987942,170.18921901205815,0.017986209962091555,0.007018921901205807,0.0,96.05606273693832,2e-06,1.6e-07,0.00019211212547387663,0.00012153944991614143,0.0024698282056714875
5313.6,1047.7521851097445,952.2478148902561,929.6358044977422,170.3641955022579,0.017986209962091555,0.007036419550225782,0.0,95.50437021948835,2e-06,1.6e-07,0.0001910087404389767,0.0001214834574392775,0.0024556212187339436
5328.0,1047.4779231548346,952.5220768451657,929.4609086181351,170.53909138186506,0.017986209962091555,0.007053909138186499,0.0,94.95584630966891,2e-06,1.6e-07,0.00018991169261933782,0.00012142749075780321,0.002441496200543798
5342.400000000001,1047.2052364042559,952.7947635957445,929.2860933119838,170.71390668801644,0.017986209962091555,0.007071390668801639,0.0,94.41047280851137,2e-06,1.6e-07,0.00018882094561702273,0.00012137154985983478,0.0024274526739213116
5356.8,1046.9341158108257,953.0658841891749,929.1113585421685,170.88864145783177,0.017986209962091555,0.0070888641457831705,0.0,93.8682316216508,2e-06,1.6e-07,0.0001877364632433016,0.00012131563473349389,0.0024134901645394553
5371.2,1046.6645523793718,953.3354476206283,928.9367042715866,171.06329572841364,0.017986209962091555,0.007106329572841355,0.0,93.32910475874348,2e-06,1.6e-07,0.00018665820951748697,0.00012125974536690767,0.0023996082009061026
5385.6,1046.396537166442,953.6034628335583,928.7621304631527,171.23786953684746,0.017986209962091555,0.007123786953684741,0.0,92.79307433288363,2e-06,1.6e-07,0.00018558614866576726,0.00012120388174820884,0.0023858063143462212
5400.0,1046.1300612800144,953.8699387199861,928.5876370797985,171.41236292020173,0.017986209962091555,0.00714123629202017,0.0,92.26012256002832,2e-06,1.6e-07,0.00018452024512005663,0.00012114804386553547,0.002372084038984386
5414.400000000001,1045.8651158792122,954.1348841207881,928.4132240844723,171.58677591552788,0.017986209962091555,0.0071586775915527786,0.0,91.73023175842411,2e-06,1.6e-07,0.0001834604635168482,0.0001210922317070311,0.002358440911727317
5428.8,1045.6016921740195,954.3983078259811,928.23889144014,171.76110855985993,0.017986209962091555,0.00717611085598599,0.0,91.20338434803841,2e-06,1.6e-07,0.00018240676869607682,0.00012103644526084481,0.0023448764722466104
5443.2,1045.3397814249988,954.6602185750019,928.0646391097848,171.9353608902153,0.017986209962091555,0.007193536089021526,0.0,90.67956284999696,2e-06,1.6e-07,0.0001813591256999939,0.00012098068451513113,0.0023313902629617067
5457.6,1045.0793749430122,954.9206250569881,927.8904670564059,172.10953294359413,0.017986209962091555,0.007210953294359404,0.0,90.15874988602411,2e-06,1.6e-07,0.00018031749977204822,0.00012092494945804988,0.002317981829022909
5472.0,1044.8204640889448,955.179535911056,927.7163752430208,172.28362475697938,0.017986209962091555,0.007228362475697934,0.0,89.6409281778889,2e-06,1.6e-07,0.0001792818563557778,0.00012086924007776662,0.0023046507182946465
5486.400000000001,1044.563040273426,955.4369597265744,927.5423636326628,172.45763636733727,0.017986209962091555,0.0072457636367337245,0.0,89.12608054685154,2e-06,1.6e-07,0.00017825216109370307,0.00012081355636245209,0.002291396481338787
5500.8,1044.3070949565613,955.6929050434393,927.3684321883834,172.63156781161675,0.017986209962091555,0.007263156781161674,0.0,88.614189913122,2e-06,1.6e-07,0.000177228379826244,0.00012075789830028267,0.0022782186713982636
5515.2,1044.0526196476576,955.947380352343,927.1945808732501,172.80541912674994,0.017986209962091555,0.00728054191267499,0.0,88.10523929531462,2e-06,1.6e-07,0.00017621047859062923,0.00012070226587944002,0.0022651168443807127
5529.6,1043.799605904956,956.2003940950443,927.0208096503483,172.9791903496518,0.017986209962091555,0.007297919034965173,0.0,87.59921180991171,2e-06,1.6e-07,0.0001751984236198234,0.00012064665908811145,0.0022520905588422984
5544.0,1043.548045335366,956.4519546646346,926.8471184827799,173.15288151722024,0.017986209962091555,0.007315288151722019,0.0,87.09609067073131,2e-06,1.6e-07,0.00017419218134146261,0.00012059107791448954,0.0022391393759717535
5558.400000000001,1043.2979295941993,956.702070405801,926.6735073336638,173.32649266633638,0.017986209962091555,0.007332649266633633,0.0,86.59585918839832,2e-06,1.6e-07,0.00017319171837679664,0.00012053552234677237,0.00222626285957452
5572.8,1043.0492503849105,956.9507496150899,926.499976166136,173.50002383386413,0.017986209962091555,0.007350002383386409,0.0,86.09850076982059,2e-06,1.6e-07,0.00017219700153964118,0.0001204799923731635,0.0022134605760570484
5587.2,1042.8019994588344,957.198000541166,926.3265249433496,173.6734750566506,0.017986209962091555,0.007367347505665055,0.0,85.60399891766838,2e-06,1.6e-07,0.00017120799783533675,0.00012042448798187183,0.002200732094411245
5601.6,1042.55616861493,957.4438313850706,926.1531536284745,173.84684637152583,0.017986209962091555,0.007384684637152575,0.0,85.11233722985935,2e-06,1.6e-07,0.0001702246744597187,0.0001203690091611118,0.0021880769861990666
5616.0,1042.3117496995178,957.6882503004828,925.9798621846974,174.02013781530277,0.017986209962091555,0.007402013781530274,0.0,84.62349939903504,2e-06,1.6e-07,0.00016924699879807006,0.00012031355589910314,0.0021754948255369726
5630.400000000001,1042.0687345943147,957.9312654056857,925.8066505752223,174.19334942477778,0.017986209962091555,0.007419334942477772,0.0,84.13746918862898,2e-06,1.6e-07,0.00016827493837725797,0.00012025812818407112,0.0021629851884778966
5644.8,1041.8271152266327,958.1728847733679,925.6335187632703,174.36648123672987,0.017986209962091555,0.007436648123672977,0.0,83.65423045326486,2e-06,1.6e-07,0.0001673084609065297,0.00012020272600424647,0.0021505476535342823
5659.2,1041.5868835796912,958.4131164203093,925.4604667120789,174.53953328792127,0.017986209962091555,0.007453953328792118,0.0,83.1737671593819,2e-06,1.6e-07,0.00016634753431876378,0.00012014734934786522,0.002138181802206945
5673.6,1041.3480316827975,958.6519683172031,925.2874943849029,174.71250561509729,0.017986209962091555,0.007471250561509725,0.0,82.69606336559434,2e-06,1.6e-07,0.00016539212673118869,0.0001200919982031689,0.002125887218477593
5688.0,1041.1105516110897,958.8894483889106,925.1146017450138,174.88539825498637,0.017986209962091555,0.0074885398254986284,0.0,82.22110322217907,2e-06,1.6e-07,0.00016444220644435813,0.0001200366725584044,0.0021136634887937177
5702.400000000001,1040.874435485284,959.1255645147164,924.9417887557004,175.05821124429983,0.017986209962091555,0.007505821124429979,0.0,81.74887097056762,2e-06,1.6e-07,0.00016349774194113524,0.00011998137240182409,0.0021015102020536316
5716.8,1040.6396754714222,959.3603245285786,924.7690553802679,175.2309446197323,0.017986209962091555,0.007523094461973224,0.0,81.27935094284351,2e-06,1.6e-07,0.000162558701885687,0.0001199260977216857,0.0020894269495916906
5731.2,1040.4062637806194,959.593736219381,924.5964015820389,175.40359841796135,0.017986209962091555,0.007540359841796129,0.0,80.81252756123843,2e-06,1.6e-07,0.00016162505512247685,0.0001198708485062524,0.0020774133251635083
5745.6,1040.174192668821,959.8258073311797,924.4238273243523,175.57617267564774,0.017986209962091555,0.00755761726756477,0.0,80.34838533764128,2e-06,1.6e-07,0.00016069677067528254,0.00011981562474379273,0.002065468924931514
5760.0,1039.9434544365508,960.0565455634497,924.251332570565,175.74866742943527,0.017986209962091555,0.007574866742943525,0.0,79.8869088731011,2e-06,1.6e-07,0.0001597738177462022,0.00011976042642258075,0.0020535933474504268
5774.400000000001,1039.7140414286707,960.2859585713295,924.0789172840493,175.92108271595097,0.017986209962091555,0.007592108271595093,0.0,79.42808285734122,2e-06,1.6e-07,0.00015885616571468245,0.00011970525353089573,0.0020417861936530136
5788.8,1039.4859460341386,960.5140539658622,923.9065814281953,176.09341857180488,0.017986209962091555,0.007609341857180478,0.0,78.97189206827636,2e-06,1.6e-07,0.00015794378413655272,0.00011965010605702247,0.0020300470668359705
5803.2,1039.2591606857645,960.740839314236,923.7343249664101,176.26567503359016,0.017986209962091555,0.007626567503359008,0.0,78.51832137152849,2e-06,1.6e-07,0.00015703664274305696,0.0001195949839892512,0.002018375572645789
5817.6,1039.0336778599776,960.9663221400232,923.562147862117,176.43785213788323,0.017986209962091555,0.007643785213788317,0.0,78.06735571995443,2e-06,1.6e-07,0.00015613471143990885,0.00011953988731587738,0.0020067713190649685
5832.0,1038.8094900765857,961.190509923415,923.3900500787565,176.60994992124358,0.017986209962091555,0.007660994992124353,0.0,77.6189801531707,2e-06,1.6e-07,0.00015523796030634138,0.00011948481602520208,0.0019952339163981686
5846.400000000001,1038.5865898985442,961.4134101014563,923.2180315797863,176.7819684202139,0.017986209962091555,0.007678196842021387,0.0,77.17317979708787,2e-06,1.6e-07,0.00015434635959417573,0.00011942977010553157,0.0019837629772586564
5860.8,1038.3649699317225,961.6350300682784,923.0460923286803,176.95390767132002,0.017986209962091555,0.007695390767131996,0.0,76.72993986344409,2e-06,1.6e-07,0.00015345987972688817,0.00011937474954517765,0.0019723581165547364
5875.2,1038.144622824673,961.8553771753277,922.8742322889292,177.1257677110709,0.017986209962091555,0.0077125767711070875,0.0,76.28924564934528,2e-06,1.6e-07,0.00015257849129869053,0.00011931975433245732,0.0019610189514764026
5889.6,1037.9255412684047,962.0744587315957,922.7024514240414,177.29754857595884,0.017986209962091555,0.007729754857595874,0.0,75.85108253680903,2e-06,1.6e-07,0.00015170216507361806,0.00011926478445569322,0.001949745101482083
5904.0,1037.7077179961564,962.2922820038442,922.5307496975413,177.46925030245902,0.017986209962091555,0.007746925030245894,0.0,75.41543599231215,2e-06,1.6e-07,0.0001508308719846243,0.00011920983990321316,0.0019385361882855389
5918.400000000001,1037.4911457831713,962.5088542168295,922.3591270729701,177.64087292703013,0.017986209962091555,0.007764087292703007,0.0,74.98229156634181,2e-06,1.6e-07,0.00014996458313268362,0.00011915492066335038,0.0019273918358428512
5932.8,1037.2758174464764,962.7241825535241,922.1875835138861,177.81241648611393,0.017986209962091555,0.007781241648611389,0.0,74.55163489295228,2e-06,1.6e-07,0.00014910326978590454,0.00011910002672444356,0.0019163116703395935
5947.2,1037.0617258446614,962.9382741553391,922.0161189838648,177.98388101613543,0.017986209962091555,0.007798388101613536,0.0,74.12345168932234,2e-06,1.6e-07,0.00014824690337864467,0.00011904515807483669,0.0019052953201780483
5961.6,1036.8488638776612,963.1511361223396,921.8447334464973,178.15526655350274,0.017986209962091555,0.007815526655350272,0.0,73.69772775532158,2e-06,1.6e-07,0.00014739545551064316,0.00011899031470287914,0.0018943424159646647
5976.0,1036.6372244865374,963.3627755134629,921.6734268653927,178.3265731346074,0.017986209962091555,0.007832657313460736,0.0,73.27444897307453,2e-06,1.6e-07,0.00014654889794614906,0.00011893549659692565,0.0018834525904974793
5990.400000000001,1036.4268006532682,963.5731993467326,921.5021992041761,178.49780079582405,0.017986209962091555,0.007849780079582397,0.0,72.85360130653555,2e-06,1.6e-07,0.0001457072026130711,0.00011888070374533632,0.0018726254787538857
6004.8,1036.2175853989113,963.7824146010895,921.3310504264898,178.66894957351053,0.017986209962091555,0.007866894957351045,0.0,72.4351707978218,2e-06,1.6e-07,0.00014487034159564358,0.00011882593613647669,0.0018618607177949356
6019.2,1036.0095717403228,963.990428259678,921.1599804959923,178.840019504008,0.017986209962091555,0.007884001950400793,0.0,72.01914348064486,2e-06,1.6e-07,0.0001440382869612897,0.00011877119375871749,0.0018511579445370555
6033.6,1035.8027527546992,964.1972472453012,920.9889893763592,179.011010623641,0.017986209962091555,0.00790110106236409,0.0,71.60550550939797,2e-06,1.6e-07,0.00014321101101879592,0.0001187164766004349,0.0018405167990717555
6048.0,1035.597121578512,964.4028784214887,920.8180770312831,179.18192296871706,0.017986209962091555,0.0079181922968717,0.0,71.19424315702338,2e-06,1.6e-07,0.00014238848631404675,0.00011866178465001056,0.0018299369246094685
6062.400000000001,1035.392671387762,964.6073286122388,920.6472434244728,179.35275657552722,0.017986209962091555,0.007935275657552721,0.0,70.78534277552319,2e-06,1.6e-07,0.00014157068555104637,0.00011860711789583129,0.001819417966462401
6076.8,1035.189395397771,964.8106046022297,920.4764885196546,179.52351148034575,0.017986209962091555,0.007952351148034569,0.0,70.37879079554136,2e-06,1.6e-07,0.00014075758159108273,0.00011855247632628942,0.0018089595720325792
6091.2,1034.9872868629714,965.0127131370294,920.3058122805701,179.6941877194301,0.017986209962091555,0.007969418771943002,0.0,69.97457372594192,2e-06,1.6e-07,0.00013994914745188384,0.0001184978599297824,0.00179856139079981
6105.6,1034.7863390766977,965.213660923303,920.1352146709792,179.86478532902112,0.017986209962091555,0.007986478532902103,0.0,69.57267815339469,2e-06,1.6e-07,0.00013914535630678938,0.00011844326869471329,0.0017882230743098949
6120.0,1034.5865453709825,965.413454629018,919.9646956546574,180.03530434534292,0.017986209962091555,0.008003530434534282,0.0,69.17309074196453,2e-06,1.6e-07,0.00013834618148392906,0.00011838870260949032,0.001777944276162882
6134.400000000001,1034.3878991163522,965.6121008836487,919.7942551953973,180.20574480460292,0.017986209962091555,0.008020574480460285,0.0,68.77579823270344,2e-06,1.6e-07,0.00013755159646540688,0.00011833416166252711,0.0017677246520015082
6148.8,1034.190393721623,965.8096062783775,919.6238932570084,180.3761067429919,0.017986209962091555,0.008037610674299185,0.0,68.38078744324548,2e-06,1.6e-07,0.00013676157488649095,0.00011827964584224265,0.0017575638594996435
6163.2,1033.994022633705,966.0059773662953,919.4536098033163,180.54639019668397,0.017986209962091555,0.00805463901966839,0.0,67.9880452674098,2e-06,1.6e-07,0.0001359760905348196,0.00011822515513706117,0.001747461558350996
6177.6,1033.7987793374016,966.2012206625992,919.2834047981636,180.7165952018365,0.017986209962091555,0.008071659520183645,0.0,67.59755867480237,2e-06,1.6e-07,0.00013519511734960473,0.00011817068953541233,0.0017374174102578375
6192.0,1033.6046573552117,966.395342644789,919.1132782054099,180.88672179459027,0.017986209962091555,0.008088672179459022,0.0,67.20931471042263,2e-06,1.6e-07,0.00013441862942084525,0.00011811624902573114,0.0017274310789198175
6206.400000000001,1033.4116502471388,966.5883497528616,918.9432299889307,181.0567700110694,0.017986209962091555,0.008105677001106936,0.0,66.82330049427719,2e-06,1.6e-07,0.00013364660098855437,0.00011806183359645782,0.0017175022300230077
6220.8,1033.2197516104975,966.7802483895033,918.7732601126189,181.22673988738137,0.017986209962091555,0.008122673988738128,0.0,66.4395032209942,2e-06,1.6e-07,0.00013287900644198838,0.00011800744323603803,0.001707630531228975
6235.2,1033.0289550797213,966.9710449202796,918.6033685403831,181.39663145961694,0.017986209962091555,0.00813966314596169,0.0,66.05791015944169,2e-06,1.6e-07,0.00013211582031888338,0.0001179530779329226,0.0016978156521639822
6249.6,1032.8392543261748,967.1607456738257,918.4335552361499,181.56644476385043,0.017986209962091555,0.008156644476385035,0.0,65.67850865234914,2e-06,1.6e-07,0.00013135701730469828,0.00011789873767556792,0.0016880572644082665
6264.0,1032.6506430579693,967.3493569420316,918.2638201638609,181.73617983613929,0.017986209962091555,0.00817361798361392,0.0,65.30128611593773,2e-06,1.6e-07,0.00013060257223187544,0.00011784442245243547,0.0016783550414855833
6278.400000000001,1032.4631150197736,967.5368849802272,918.0941632874758,181.9058367125246,0.017986209962091555,0.008190583671252454,0.0,64.92623003954634,2e-06,1.6e-07,0.00012985246007909268,0.00011779013225199219,0.00166870865885264
6292.8,1032.2766639926342,967.7233360073666,917.9245845709695,182.0754154290307,0.017986209962091555,0.008207541542903063,0.0,64.55332798526763,2e-06,1.6e-07,0.00012910665597053525,0.0001177358670627102,0.0016591177938888287
6307.2,1032.0912837937938,967.9087162062073,917.7550839783349,182.24491602166535,0.017986209962091555,0.008224491602166527,0.0,64.1825675875865,2e-06,1.6e-07,0.000128365135175173,0.00011768162687306714,0.00164958212588599
6321.6,1031.9069682765098,968.0930317234909,917.5856614735806,182.41433852641975,0.017986209962091555,0.00824143385264197,0.0,63.81393655301895,2e-06,1.6e-07,0.00012762787310603788,0.00011762741167154572,0.00164010133603826
6336.0,1031.7237113298804,968.2762886701202,917.4163170207316,182.58368297926847,0.017986209962091555,0.008258368297926847,0.0,63.447422659760264,2e-06,1.6e-07,0.00012689484531952053,0.00011757322144663411,0.001630675107432131
6350.400000000001,1031.541506878667,968.4584931213338,917.2470505838306,182.75294941616966,0.017986209962091555,0.00827529494161696,0.0,63.083013757333106,2e-06,1.6e-07,0.0001261660275146662,0.00011751905618682577,0.00162130312503653
6364.8,1031.3603488831195,968.639651116881,917.0778621269355,182.92213787306463,0.017986209962091555,0.00829221378730646,0.0,62.72069776623846,2e-06,1.6e-07,0.00012544139553247692,0.00011746491588061934,0.001611985075693015
6379.2,1031.1802313388084,968.8197686611924,916.9087516141219,183.09124838587843,0.017986209962091555,0.008309124838587836,0.0,62.360462677616056,2e-06,1.6e-07,0.0001247209253552321,0.00011741080051651896,0.0016027206481062071
6393.6,1031.001148276451,968.9988517235497,916.739719009481,183.26028099051928,0.017986209962091555,0.00832602809905192,0.0,62.00229655290127,2e-06,1.6e-07,0.00012400459310580255,0.00011735671008303387,0.0015935095328341233
6408.0,1030.8230937617461,969.1769062382544,916.5707642771212,183.42923572287913,0.017986209962091555,0.008342923572287907,0.0,61.646187523491676,2e-06,1.6e-07,0.00012329237504698335,0.00011730264456867874,0.0015843514222788192
6422.400000000001,1030.6460618952067,969.3539381047941,916.4018873811671,183.59811261883314,0.017986209962091555,0.008359811261883308,0.0,61.292123790412575,2e-06,1.6e-07,0.00012258424758082514,0.00011724860396197342,0.0015752460106769858
6436.8,1030.470046811996,969.5299531880046,916.2330882857601,183.7669117142401,0.017986209962091555,0.008376691171424007,0.0,60.940093623991515,2e-06,1.6e-07,0.00012188018724798302,0.0001171945882514432,0.001566192994090824
6451.2,1030.2950426817663,969.7049573182343,916.064366955058,183.93563304494234,0.017986209962091555,0.008393563304494225,0.0,60.59008536353201,2e-06,1.6e-07,0.00012118017072706401,0.0001171405974256185,0.0015571920703988476
6465.6,1030.121043708497,969.8789562915039,915.8957233532348,184.10427664676544,0.017986209962091555,0.008410427664676538,0.0,60.24208741699306,2e-06,1.6e-07,0.00012048417483398611,0.00011708663147303509,0.0015482429392869304
6480.0,1029.9480441303363,970.0519558696642,915.7271574444815,184.27284255551868,0.017986209962091555,0.008427284255551861,0.0,59.89608826067206,2e-06,1.6e-07,0.00011979217652134411,0.00011703269038223405,0.0015393453022393975
6494.400000000001,1029.776038219447,970.2239617805539,915.5586691930055,184.44133080699478,0.017986209962091555,0.00844413308069947,0.0,59.552076438893096,2e-06,1.6e-07,0.00011910415287778619,0.00011697877414176171,0.001530498862530279
6508.8,1029.6050202818474,970.3949797181533,915.3902585630302,184.60974143696995,0.017986209962091555,0.008460974143696988,0.0,59.210040563694065,2e-06,1.6e-07,0.00011842008112738813,0.00011692488274016964,0.0015217033252145624
6523.2,1029.4349846572632,970.5650153427375,915.2219255187963,184.7780744812039,0.017986209962091555,0.008477807448120385,0.0,58.86996931452563,2e-06,1.6e-07,0.00011773993862905127,0.00011687101616601477,0.001512958397119753
6537.6,1029.2659257189737,970.7340742810272,915.0536700245602,184.94632997544002,0.017986209962091555,0.008494632997543996,0.0,58.53185143794644,2e-06,1.6e-07,0.00011706370287589288,0.00011681717440785924,0.0015042637868373275
6552.0,1029.0978378736622,970.9021621263383,914.8854920445953,185.114507955405,0.017986209962091555,0.008511450795540493,0.0,58.19567574732389,2e-06,1.6e-07,0.00011639135149464778,0.00011676335745427044,0.0014956192047143803
6566.400000000001,1028.9307155612719,971.0692844387287,914.717391543191,185.2826084568092,0.017986209962091555,0.008528260845680917,0.0,57.861431122543195,2e-06,1.6e-07,0.00011572286224508638,0.00011670956529382107,0.0014870243628454817
6580.8,1028.7645532548581,971.2354467451428,914.5493684846538,185.4506315153466,0.017986209962091555,0.008545063151534651,0.0,57.52910650971535,2e-06,1.6e-07,0.00011505821301943069,0.00011665579791508916,0.0014784789750644824
6595.2,1028.5993454604447,971.400654539556,914.3814228333057,185.61857716669456,0.017986209962091555,0.008561857716669447,0.0,57.198690920888794,2e-06,1.6e-07,0.00011439738184177758,0.00011660205530665779,0.0014699827569365064
6609.6,1028.4350867168846,971.564913283116,914.2135545534861,185.7864454465141,0.017986209962091555,0.008578644544651405,0.0,56.87017343376863,2e-06,1.6e-07,0.00011374034686753725,0.00011654833745711552,0.0014615354257500551
6624.0,1028.2717715072988,971.7282284927018,914.0457636095502,185.95423639044984,0.017986209962091555,0.00859542363904498,0.0,56.54354301459705,2e-06,1.6e-07,0.00011308708602919409,0.00011649464435505606,0.001453136695962099
6638.400000000001,1028.1093942748505,971.8906057251502,913.8780499658703,186.12195003412998,0.017986209962091555,0.008612195003412993,0.0,56.21878854970032,2e-06,1.6e-07,0.00011243757709940064,0.00011644097598907846,0.0014447862800088666
6652.8,1027.947949628686,972.0520503713149,913.710413586834,186.28958641316632,0.017986209962091555,0.008628958641316622,0.0,55.895899257371184,2e-06,1.6e-07,0.00011179179851474237,0.00011638733234778683,0.0014364838988959665
6667.2,1027.7874322111165,972.2125677888839,913.5428544368461,186.45714556315403,0.017986209962091555,0.008645714556315397,0.0,55.57486442223262,2e-06,1.6e-07,0.00011114972884446524,0.00011633371341979073,0.0014282292753673347
6681.6,1027.6278366952965,972.3721633047039,913.3753724803281,186.62462751967226,0.017986209962091555,0.008662462751967215,0.0,55.25567339059262,2e-06,1.6e-07,0.00011051134678118523,0.00011628011919370495,0.0014200221337852376
6696.0,1027.4691577850551,972.5308422149453,913.2079676817168,186.7920323182834,0.017986209962091555,0.008679203231828336,0.0,54.93831557010981,2e-06,1.6e-07,0.00010987663114021961,0.00011622654965814934,0.0014118622001210734
6710.400000000001,1027.311390214734,972.6886097852665,913.0406400054665,186.9593599945337,0.017986209962091555,0.008695935999453373,0.0,54.622780429467525,2e-06,1.6e-07,0.00010924556085893505,0.00011617300480174924,0.0014037492019464582
6724.8,1027.1545287490244,972.8454712509762,912.8733894160473,187.12661058395304,0.017986209962091555,0.0087126610583953,0.0,54.30905749804822,2e-06,1.6e-07,0.00010861811499609644,0.00011611948461313508,0.0013956828684242948
6739.2,1026.9985681828061,973.0014318171943,912.7062158779455,187.29378412205477,0.017986209962091555,0.008729378412205472,0.0,53.99713636561182,2e-06,1.6e-07,0.00010799427273122364,0.00011606598908094254,0.001387662930299962
6753.6,1026.8435033409894,973.1564966590114,912.5391193556644,187.46088064433593,0.017986209962091555,0.008746088064433588,0.0,53.687006681978005,2e-06,1.6e-07,0.00010737401336395601,0.00011601251819381255,0.0013796891198926227
6768.0,1026.689329078354,973.3106709216468,912.372099813723,187.62790018627726,0.017986209962091555,0.00876279001862772,0.0,53.37865815670716,2e-06,1.6e-07,0.00010675731631341431,0.00011595907194039134,0.0013717611710864987
6782.400000000001,1026.5360402793956,973.463959720605,912.2051572166571,187.79484278334317,0.017986209962091555,0.008779484278334311,0.0,53.07208055879062,2e-06,1.6e-07,0.00010614416111758122,0.00011590565030933024,0.001363878819322378
6796.8,1026.383631858169,973.6163681418315,912.0382915290187,187.96170847098156,0.017986209962091555,0.008796170847098156,0.0,52.76726371633765,2e-06,1.6e-07,0.0001055345274326753,0.00011585225328928595,0.0013560418015891025
6811.2,1026.2320987581356,973.7679012418649,911.871502715376,188.1284972846243,0.017986209962091555,0.008812849728462425,0.0,52.4641975162707,2e-06,1.6e-07,0.0001049283950325414,0.00011579888086892028,0.0013482498564151974
6825.6,1026.0814359520098,973.9185640479909,911.7047907403135,188.29520925968666,0.017986209962091555,0.00882952092596866,0.0,52.16287190401886,2e-06,1.6e-07,0.0001043257438080377,0.00011574553303690029,0.001340502723860519
6840.0,1025.9316384416102,974.0683615583906,911.5381555684326,188.46184443156776,0.017986209962091555,0.00884618444315677,0.0,51.863276883219555,2e-06,1.6e-07,0.0001037265537664391,0.00011569220978189837,0.0013328001455081176
6854.400000000001,1025.7827012577084,974.2172987422924,911.3715971643499,188.6284028356503,0.017986209962091555,0.008862840283565024,0.0,51.56540251541594,2e-06,1.6e-07,0.00010313080503083187,0.00011563891109259193,0.00132514186445598
6868.8,1025.6346194598832,974.3653805401176,911.2051154926994,188.7948845073007,0.017986209962091555,0.00887948845073007,0.0,51.2692389197656,2e-06,1.6e-07,0.0001025384778395312,0.00011558563695766379,0.0013175276253090695
6883.2,1025.4873881363733,974.5126118636274,911.038710518131,188.96128948186924,0.017986209962091555,0.008896128948186921,0.0,50.974776272745885,2e-06,1.6e-07,0.00010194955254549177,0.00011553238736580187,0.0013099571741713172
6897.6,1025.3410024039329,974.658997596068,910.8723822053105,189.1276177946897,0.017986209962091555,0.008912761779468972,0.0,50.682004807864814,2e-06,1.6e-07,0.00010136400961572963,0.00011547916230569933,0.0013024302586377183
6912.0,1025.1954574076879,974.804542592313,910.7061305189204,189.29386948107975,0.017986209962091555,0.008929386948107973,0.0,50.3909148153748,2e-06,1.6e-07,0.0001007818296307496,0.0001154259617660545,0.0012949466277865575
6926.400000000001,1025.050748320994,974.9492516790066,910.5399554236595,189.4600445763407,0.017986209962091555,0.008946004457634063,0.0,50.10149664198741,2e-06,1.6e-07,0.00010020299328397482,0.00011537278573557101,0.0012875060321716428
6940.8,1024.906870345299,975.093129654702,910.3738568842426,189.6261431157575,0.017986209962091555,0.008962614311575747,0.0,49.813740690597,2e-06,1.6e-07,9.9627481381194e-05,0.00011531963420295763,0.0012801082238147465
6955.2,1024.7638187099985,975.236181290002,910.2078348654012,189.7921651345991,0.017986209962091555,0.008979216513459901,0.0,49.527637419996495,2e-06,1.6e-07,9.905527483999299e-05,0.00011526650715692836,0.0012727529561979325
6969.6,1024.6215886723046,975.3784113276959,910.0418893318822,189.95811066811794,0.017986209962091555,0.008995811066811786,0.0,49.24317734460874,2e-06,1.6e-07,9.848635468921747e-05,0.00011521340458620229,0.0012654399842561964
6984.0,1024.4801755171059,975.519824482895,909.8760202484497,190.12397975155037,0.017986209962091555,0.009012397975155035,0.0,48.96035103421082,2e-06,1.6e-07,9.792070206842163e-05,0.00011516032647950389,0.0012581690643700052
6998.400000000001,1024.3395745568334,975.6604254431674,909.7102275798836,190.28977242011652,0.017986209962091555,0.00902897724201165,0.0,48.679149113666085,2e-06,1.6e-07,9.735829822733216e-05,0.00011510727282556274,0.0012509399543579936
7012.8,1024.19978113133,975.8002188686709,909.54451129098,190.45548870902022,0.017986209962091555,0.009045548870902021,0.0,48.39956226265906,2e-06,1.6e-07,9.679912452531811e-05,0.00011505424361311358,0.0012437524134697763
7027.2,1024.0607906077164,975.9392093922844,909.3788713465511,190.62112865344915,0.017986209962091555,0.009062112865344907,0.0,48.121581215432,2e-06,1.6e-07,9.6243162430864e-05,0.00011500123883089634,0.0012366062023787794
7041.6,1023.9225983802621,976.0774016197386,909.2133077114256,190.78669228857467,0.017986209962091555,0.00907866922885746,0.0,47.84519676052355,2e-06,1.6e-07,9.569039352104709e-05,0.00011494825846765616,0.0012295010831751662
7056.0,1023.7851998702572,976.2148001297435,909.0478203504482,190.95217964955205,0.017986209962091555,0.009095217964955198,0.0,47.57039974051372,2e-06,1.6e-07,9.514079948102744e-05,0.00011489530251214339,0.0012224368193588923
7070.400000000001,1023.6485905258846,976.351409474116,908.8824092284801,191.1175907715203,0.017986209962091555,0.009111759077152021,0.0,47.297181051768575,2e-06,1.6e-07,9.459436210353715e-05,0.00011484237095311357,0.0012154131758327902
7084.8,1023.5127658220947,976.487234177906,908.7170743103981,191.2829256896022,0.017986209962091555,0.009128292568960215,0.0,47.02553164418873,2e-06,1.6e-07,9.405106328837745e-05,0.00011478946377932735,0.0012084299188957494
7099.2,1023.3777212604812,976.6222787395195,908.5518155610957,191.4481844389045,0.017986209962091555,0.009144818443890448,0.0,46.75544252096165,2e-06,1.6e-07,9.35108850419233e-05,0.0001147365809795506,0.0012014868162359925
7113.6,1023.2434523691581,976.7565476308425,908.3866329454825,191.61336705451768,0.017986209962091555,0.009161336705451766,0.0,46.486904738315616,2e-06,1.6e-07,9.297380947663123e-05,0.00011468372254255437,0.0011945836369244153
7128.0,1023.1099547026396,976.8900452973611,908.2215264284841,191.77847357151606,0.017986209962091555,0.009177847357151601,0.0,46.219909405278486,2e-06,1.6e-07,9.243981881055697e-05,0.00011463088845711489,0.0011877201514080308
7142.400000000001,1022.9772238417193,977.0227761582814,908.0564959750426,191.94350402495778,0.017986209962091555,0.009194350402495773,0.0,45.95444768343782,2e-06,1.6e-07,9.190889536687564e-05,0.00011457807871201358,0.0011808961315034868
7156.8,1022.8452553933515,977.1547446066492,907.8915415501153,192.1084584498848,0.017986209962091555,0.009210845844988477,0.0,45.69051078670236,2e-06,1.6e-07,9.138102157340472e-05,0.00011452529329603689,0.0011741113503906098
7171.2,1022.7140449905365,977.2859550094641,907.726663118677,192.27333688132308,0.017986209962091555,0.009227333688132305,0.0,45.42808998107239,2e-06,1.6e-07,9.085617996214478e-05,0.00011447253219797663,0.001167365582606162
7185.6,1022.5835882922032,977.4164117077975,907.561860645718,192.4381393542823,0.017986209962091555,0.009243813935428226,0.0,45.16717658440575,2e-06,1.6e-07,9.03343531688115e-05,0.00011441979540662971,0.0011606586040375292
7200.0,1022.4538809830962,977.5461190169045,907.3971340962441,192.60286590375608,0.017986209962091555,0.009260286590375604,0.0,44.90776196619163,2e-06,1.6e-07,8.981552393238326e-05,0.0001143670829107981,0.0011539901919165843
