time (s),A left,A right,B left,B right,w,B crossed (mol),gate proxy,imbalance,P A (m/s),P B (m/s),J A (mol/m²/s),J B (mol/m²/s),error (V)
0.0,1400.0,600.0,1000.0,100.0,0.017986209962091555,0.0,0.0,800.0,3.2005741158942115e-06,2.560459292715369e-07,0.002560459292715369,0.00023044133634438324,0.021769267317470573
14.4,1396.3299385858872,603.6700614141126,999.6682873683602,100.33171263163976,0.017986209962091555,3.31712631639774e-05,0.0,792.6598771717746,3.2005741158942115e-06,2.560459292715369e-07,0.002536966685583867,0.0002302714690063446,0.02154514961264873
28.8,1392.6934704243222,607.3065295756775,999.3368186698743,100.66318133012557,0.017986209962091555,6.631813301255614e-05,0.0,785.3869408486447,3.2005741158942115e-06,2.560459292715369e-07,0.0025136891138415104,0.00023010172658448813,0.021323844953920493
43.2,1389.0903685033409,610.9096314966591,999.0055943105863,100.99440568941361,0.017986209962091555,9.944056894136137e-05,0.0,778.1807370066817,3.2005741158942115e-06,2.560459292715369e-07,0.0024906251243510666,0.00022993210928674558,0.02110530670688451
57.6,1385.5203797524775,614.4796202475222,998.6746141407845,101.32538585921543,0.017986209962091555,0.00013253858592154316,0.0,771.0407595049553,3.2005741158942115e-06,2.560459292715369e-07,0.002467773097170974,0.00022976261703645085,0.02088948787778749
72.0,1381.9831651917436,618.0168348082562,998.3438779597391,101.65612204026084,0.017986209962091555,0.00016561220402608342,0.0,763.9663303834874,3.2005741158942115e-06,2.560459292715369e-07,0.0024451308624400753,0.0002295932497308119,0.020676337490098527
86.4,1378.4783715376846,621.5216284623152,998.0133855587825,101.9866144412174,0.017986209962091555,0.00019866144412173967,0.0,756.9567430753693,3.2005741158942115e-06,2.560459292715369e-07,0.002422696158738612,0.00022942400726297168,0.02046580491299271
100.8,1375.005720912119,624.994279087881,997.6831367681611,102.31686323183885,0.017986209962091555,0.00023168632318388508,0.0,750.011441824238,3.2005741158942115e-06,2.560459292715369e-07,0.002400467207327153,0.00022925488954600077,0.02025784519008924
115.2,1371.5649339120514,628.4350660879485,997.353131417334,102.6468685826658,0.017986209962091555,0.0002646868582665829,0.0,743.1298678241029,3.2005741158942115e-06,2.560459292715369e-07,0.0023784422197057104,0.0002290858964925666,0.020052414339285587
129.6,1368.1557148498891,631.8442851501106,997.0233693266907,102.97663067330917,0.017986209962091555,0.0002976630673309179,0.0,736.3114296997785,3.2005741158942115e-06,2.560459292715369e-07,0.0023566193031341713,0.000228917028010692,0.01984946843539943
144.0,1364.7777781251743,635.2222218748254,996.693850317112,103.3061496828879,0.017986209962091555,0.00033061496828878993,0.0,729.5555562503489,3.2005741158942115e-06,2.560459292715369e-07,0.00233499662944167,0.00022874828400865153,0.01964896514756254
158.4,1361.4308352584658,638.5691647415342,996.3645742093386,103.63542579066137,0.017986209962091555,0.00036354257906613674,0.0,722.8616705169316,3.2005741158942115e-06,2.560459292715369e-07,0.002313572352028541,0.000228579664394648,0.019450862926058132
172.8,1358.1145995785585,641.8854004214412,996.0355408242036,103.96445917579629,0.017986209962091555,0.0003964459175796301,0.0,716.2291991571173,3.2005741158942115e-06,2.560459292715369e-07,0.0022923446358699097,0.00022841116907693155,0.019255121244620282
187.20000000000002,1354.828793441434,645.1712065585656,995.7067499829942,104.29325001700562,0.017986209962091555,0.0004293250017005631,0.0,709.6575868828685,3.2005741158942115e-06,2.560459292715369e-07,0.0022713117037252563,0.0002282427979639847,0.019061700988558535
201.6,1351.5731349372463,648.4268650627534,995.3782015067833,104.62179849321672,0.017986209962091555,0.00046217984932167257,0.0,703.1462698744929,3.2005741158942115e-06,2.560459292715369e-07,0.0022504717510478675,0.0002280745509641803,0.018870563635161482
216.0,1348.3473461130666,651.6526538869332,995.0498952168501,104.95010478314958,0.017986209962091555,0.000495010478314961,0.0,696.6946922261334,3.2005741158942115e-06,2.560459292715369e-07,0.0022298229986198468,0.00022790642798599712,0.01868167170632448
230.4,1345.151155005426,654.8488449945739,994.7218309347861,105.27816906521375,0.017986209962091555,0.0005278169065213745,0.0,690.3023100108521,3.2005741158942115e-06,2.560459292715369e-07,0.002209363705562715,0.00022773842893807333,0.01849498885394125
244.8,1341.9842889214315,658.0157110785686,994.3940084821384,105.60599151786155,0.017986209962091555,0.0005605991517861566,0.0,683.9685778428628,3.2005741158942115e-06,2.560459292715369e-07,0.002189092126328842,0.00022757055372902478,0.018310479435783802
259.2,1338.8464786057166,661.1535213942833,994.0664276806286,105.9335723193711,0.017986209962091555,0.0005933572319371107,0.0,677.6929572114333,3.2005741158942115e-06,2.560459292715369e-07,0.002169006537374717,0.00022740280226755667,0.01812810873048693
273.6,1335.737458269944,664.262541730056,993.7390883521554,106.26091164784447,0.017986209962091555,0.0006260911647844475,0.0,671.474916539888,3.2005741158942115e-06,2.560459292715369e-07,0.0021491052373497914,0.00022723517446246455,0.01794784291060251
288.0,1332.6569652409594,667.3430347590403,993.4119903187777,106.58800968122208,0.017986209962091555,0.0006588009681222098,0.0,665.3139304819191,3.2005741158942115e-06,2.560459292715369e-07,0.0021293865448442713,0.0002270676702226264,0.017769648994851252
302.40000000000003,1329.6047352418097,670.3952647581896,993.0851334025259,106.91486659747399,0.017986209962091555,0.0006914866597474015,0.0,659.2094704836202,3.2005741158942115e-06,2.560459292715369e-07,0.002109848768182204,0.00022690028945690534,0.017593494550087324
316.8,1326.580508209947,673.4194917900528,992.7585174256359,107.24148257436403,0.017986209962091555,0.0007241482574364038,0.0,653.1610164198943,3.2005741158942115e-06,2.560459292715369e-07,0.002090490242664668,0.00022673303207426985,0.01741934800410487
331.2,1323.5840281070318,676.4159718929675,992.4321422105425,107.56785778945743,0.017986209962091555,0.0007567857789457451,0.0,647.1680562140643,3.2005741158942115e-06,2.560459292715369e-07,0.0020713093293523045,0.00022656589798379027,0.01724717861008228
345.6,1320.6150418065367,679.3849581934628,992.1060075798338,107.8939924201661,0.017986209962091555,0.0007893992420166116,0.0,641.2300836130739,3.2005741158942115e-06,2.560459292715369e-07,0.0020523044079446854,0.0002263988870946154,0.017076956359413094
360.0,1317.6732990937405,682.3267009062591,991.7801133562515,108.21988664374845,0.017986209962091555,0.0008219886643748459,0.0,635.3465981874814,3.2005741158942115e-06,2.560459292715369e-07,0.002033473876780293,0.00022623199931597266,0.01690865195991565
374.40000000000003,1314.7585507223127,685.2414492776868,991.4544593626132,108.54554063738686,0.017986209962091555,0.0008545540637386886,0.0,629.517101444626,3.2005741158942115e-06,2.560459292715369e-07,0.00201481614039642,0.00022606523455712845,0.016742236704108602
388.8,1311.8705459129583,688.1294540870412,991.1290454217126,108.87095457828737,0.017986209962091555,0.0008870954578287384,0.0,623.7410918259171,3.2005741158942115e-06,2.560459292715369e-07,0.001996329593517625,0.00022589859272733684,0.01657768230792761
403.2,1309.0090391522174,690.9909608477822,990.8038713565912,109.19612864340876,0.017986209962091555,0.0009196128643408771,0.0,618.0180783044352,3.2005741158942115e-06,2.560459292715369e-07,0.0019780126645758574,0.00022573207373597883,0.016414961280210957
417.6,1306.1737874320718,693.8262125679274,990.4789369904274,109.52106300957259,0.017986209962091555,0.0009521063009572604,0.0,612.3475748641443,3.2005741158942115e-06,2.560459292715369e-07,0.0019598637980407733,0.0002255656774925055,0.01625404674633947
432.0,1303.3645500898658,696.6354499101337,990.1542421465304,109.84575785346959,0.017986209962091555,0.0009845757853469584,0.0,606.7291001797321,3.2005741158942115e-06,2.560459292715369e-07,0.0019418814533950365,0.0002253994039064349,0.01609491242165085
446.40000000000003,1300.5810887878802,699.4189112121195,989.8297866483404,110.17021335165961,0.017986209962091555,0.0010170213351659626,0.0,601.1621775757607,3.2005741158942115e-06,2.560459292715369e-07,0.0019240641050035793,0.00022523325288735226,0.015937532593548756
460.8,1297.8231666106035,702.1768333893958,989.5055703194239,110.49442968057606,0.017986209962091555,0.0010494429680576072,0.0,595.6463332212077,3.2005741158942115e-06,2.560459292715369e-07,0.0019064102363350957,0.00022506722434490742,0.015781882054541632
475.2,1295.0905488879255,704.9094511120737,989.181592983478,110.81840701652185,0.017986209962091555,0.001081840701652186,0.0,590.1810977758518,3.2005741158942115e-06,2.560459292715369e-07,0.0018889183452314219,0.0002249013181888171,0.01562793613360601
489.6,1292.383003517663,707.6169964823364,988.8578544643319,111.14214553566802,0.017986209962091555,0.001114214553566802,0.0,584.7660070353265,3.2005741158942115e-06,2.560459292715369e-07,0.0018715869459720786,0.00022473553432886555,0.015475670699512785
504.0,1289.7003006299349,710.2996993700646,988.5343545859447,111.46564541405523,0.017986209962091555,0.0011465645414055238,0.0,579.4006012598703,3.2005741158942115e-06,2.560459292715369e-07,0.001854414567125884,0.00022456987267490381,0.015325062127629295
518.4,1287.0422125871623,712.9577874128368,988.2110931724061,111.78890682759386,0.017986209962091555,0.0011788906827593858,0.0,574.0844251743256,3.2005741158942115e-06,2.560459292715369e-07,0.0018373997515509538,0.00022440433313684953,0.015176087286267863
532.8000000000001,1284.408513745376,715.5914862546233,987.888070047935,112.11192995206501,0.017986209962091555,0.0012111929952065017,0.0,568.8170274907527,3.2005741158942115e-06,2.560459292715369e-07,0.0018205410548667892,0.00022423891562468675,0.015028723510217458
547.2,1281.798979673246,718.201020326753,987.5652850368757,112.43471496312438,0.017986209962091555,0.0012434714963124372,0.0,563.5979593464931,3.2005741158942115e-06,2.560459292715369e-07,0.0018038370404551839,0.0002240736200484635,0.014882948544640102
561.6,1279.2133885912947,720.7866114087043,987.2427379637048,112.75726203629526,0.017986209962091555,0.0012757262036295252,0.0,558.4267771825904,3.2005741158942115e-06,2.560459292715369e-07,0.0017872862886728232,0.0002239084463182958,0.014738740613584782
576.0,1276.6515209241165,723.3484790758829,986.9204286530293,113.07957134697075,0.017986209962091555,0.0013079571346970753,0.0,553.3030418482336,3.2005741158942115e-06,2.560459292715369e-07,0.0017708873939849884,0.00022374339434436626,0.01459607838319322
590.4,1274.1131592157649,725.8868407842346,986.5983569295859,113.40164307041417,0.017986209962091555,0.0013401643070414177,0.0,548.2263184315303,3.2005741158942115e-06,2.560459292715369e-07,0.0017546389644239337,0.00022357846403692395,0.014454940945763524
604.8000000000001,1271.598088128682,728.4019118713173,986.276522618241,113.72347738175901,0.017986209962091555,0.0013723477381759027,0.0,543.1961762573648,3.2005741158942115e-06,2.560459292715369e-07,0.0017385396215820316,0.0002234136553062844,0.014315307808913385
619.2,1269.1060928835623,730.8939071164374,985.954925543983,114.04507445601712,0.017986209962091555,0.0014045074456017137,0.0,538.2121857671249,3.2005741158942115e-06,2.560459292715369e-07,0.001722587990625107,0.0002232489680628256,0.014177158798779212
633.6,1266.6369604989175,733.3630395010822,985.6335655319277,114.36643446807219,0.017986209962091555,0.001436643446807221,0.0,533.2739209978353,3.2005741158942115e-06,2.560459292715369e-07,0.0017067827082270861,0.00022308440221699085,0.014040474119213544
648.0,1264.1904812162288,735.8095187837707,985.3124424073276,114.68755759267238,0.017986209962091555,0.0014687557592672391,0.0,528.3809624324581,3.2005741158942115e-06,2.560459292715369e-07,0.0016911224316925972,0.00022291995767929318,0.013905234420990753
662.4,1261.7664472813067,738.2335527186929,984.9915559955634,115.00844400443658,0.017986209962091555,0.001500844400443659,0.0,523.5328945626138,3.2005741158942115e-06,2.560459292715369e-07,0.0016756058311562752,0.00022275563436031164,0.01377142072486879
676.8000000000001,1259.3646529211305,740.6353470788689,984.6709061221455,115.3290938778546,0.017986209962091555,0.0015329093877854611,0.0,518.7293058422616,3.2005741158942115e-06,2.560459292715369e-07,0.0016602315894345145,0.00022259143217069144,0.013639014411419851
691.2,1256.9848943206903,743.0151056793093,984.3504926127129,115.64950738728724,0.017986209962091555,0.0015649507387287252,0.0,513.969788641381,3.2005741158942115e-06,2.560459292715369e-07,0.0016449984018772229,0.00022242735102114377,0.013507997211194722
705.6,1254.6269695998255,745.3730304001737,984.0303152930335,115.96968470696642,0.017986209962091555,0.0015969684706966436,0.0,509.2539391996519,3.2005741158942115e-06,2.560459292715369e-07,0.0016299049762195704,0.00022226339082244588,0.013378351195206773
720.0,1252.2906787900688,747.7093212099306,983.7103739890047,116.28962601099528,0.017986209962091555,0.0016289626010995296,0.0,504.58135758013816,3.2005741158942115e-06,2.560459292715369e-07,0.0016149500324337516,0.00022209955148544104,0.01325005876572253
734.4,1249.9758238114835,750.024176188516,983.3906685266518,116.60933147334829,0.017986209962091555,0.0016609331473348313,0.0,499.95164762296747,3.2005741158942115e-06,2.560459292715369e-07,0.0016001323025807335,0.00022193583292103833,0.01312310264734597
748.8000000000001,1247.6822084495059,752.3177915504934,983.0711987321287,116.9288012678714,0.017986209962091555,0.0016928801267871412,0.0,495.36441689901244,3.2005741158942115e-06,2.560459292715369e-07,0.0015854505306620084,0.00022177223504021262,0.012997465878384564
763.2,1245.409638331786,754.5903616682135,982.7519644317181,117.24803556828206,0.017986209962091555,0.0017248035568282077,0.0,490.8192766635725,3.2005741158942115e-06,2.560459292715369e-07,0.00157090347247135,0.00022160875775400468,0.01287313180248568
777.6,1243.1579209050274,756.8420790949721,982.4329654518306,117.56703454816945,0.017986209962091555,0.0017567034548169461,0.0,486.3158418100553,3.2005741158942115e-06,2.560459292715369e-07,0.001556489895446567,0.00022144540097352076,0.012750084060532208
792.0,1240.9268654118287,759.0731345881707,982.1142016190056,117.8857983809945,0.017986209962091555,0.0017885798380994507,0.0,481.853730823658,3.2005741158942115e-06,2.560459292715369e-07,0.0015422085785212565,0.00022128216460993308,0.01262830658278708
806.4,1238.7162828675237,761.2837171324757,981.79567275991,118.20432724009004,0.017986209962091555,0.0018204327240090052,0.0,477.432565735048,3.2005741158942115e-06,2.560459292715369e-07,0.0015280583119765562,0.00022111904857447922,0.012507783581276582
820.8000000000001,1236.5259860370222,763.4740139629771,981.4773787013391,118.52262129866092,0.017986209962091555,0.0018522621298660935,0.0,473.0519720740451,3.2005741158942115e-06,2.560459292715369e-07,0.0015140378972929001,0.00022095605277846244,0.012388499542403055
835.2,1234.3557891722248,765.6442108277748,981.1593192702139,118.84068072978611,0.017986209962091555,0.0018840680729786147,0.0,468.71157834445,3.2005741158942115e-06,2.560459292715369e-07,0.0015001461454691686,0.0002207931771332504,0.01227043920675981
849.6,1232.2055069325818,767.7944930674175,980.8414942935722,119.15850570642783,0.017986209962091555,0.0019158505706427854,0.0,464.41101386516425,3.2005741158942115e-06,2.560459292715369e-07,0.0014863818701130326,0.00022063042155027053,0.012153587504874013
864.0,1230.074956532245,769.9250434677546,980.5239035985868,119.47609640141316,0.017986209962091555,0.0019476096401413177,0.0,460.14991306449053,3.2005741158942115e-06,2.560459292715369e-07,0.0014727439011851802,0.00022046778594101947,0.012037929668572355
878.4,1227.9639569964693,772.03604300353,980.2065470125596,119.79345298744036,0.017986209962091555,0.0019793452987440386,0.0,455.92791399293924,3.2005741158942115e-06,2.560459292715369e-07,0.0014592310802394436,0.00022030527021705992,0.011923451185115298
892.8000000000001,1225.8723289358684,774.1276710641309,979.8894243629193,120.11057563708071,0.017986209962091555,0.002011057563708074,0.0,451.74465787173745,3.2005741158942115e-06,2.560459292715369e-07,0.001445842258977769,0.0002201428742900195,0.01181013777980919
907.2,1223.7998945213772,776.2001054786224,979.5725354772214,120.42746452277855,0.017986209962091555,0.0020427464522778578,0.0,447.59978904275476,3.2005741158942115e-06,2.560459292715369e-07,0.0014325762990899504,0.00021998059807159086,0.011697975409723458
921.6,1221.7464774592145,778.2535225407847,979.2558801831485,120.74411981685147,0.017986209962091555,0.0020744119816851485,0.0,443.49295491842975,3.2005741158942115e-06,2.560459292715369e-07,0.0014194320720933647,0.00021981844147353155,0.011586950257581241
936.0,1219.711902965847,780.2880970341525,978.9394583085096,121.06054169149039,0.017986209962091555,0.0021060541691490407,0.0,439.42380593169446,3.2005741158942115e-06,2.560459292715369e-07,0.0014064084591727025,0.00021965640440766405,0.011477048725816761
950.4,1217.6959977429506,782.3040022570489,978.6232696812405,121.37673031875975,0.017986209962091555,0.002137673031875978,0.0,435.3919954859017,3.2005741158942115e-06,2.560459292715369e-07,0.0013935043510197064,0.00021949448678587553,0.011368257430793201
964.8000000000001,1215.6985899523745,784.3014100476252,978.3073141294024,121.69268587059763,0.017986209962091555,0.0021692685870597643,0.0,431.39717990474935,3.2005741158942115e-06,2.560459292715369e-07,0.0013807186476728992,0.0002193326885201178,0.01126056319717479
979.2,1213.719509191103,786.2804908088965,977.9915914811842,122.00840851881574,0.017986209962091555,0.002200840851881578,0.0,427.43901838220654,3.2005741158942115e-06,2.560459292715369e-07,0.0013680502583573203,0.00021917100952240765,0.011153953052447407
993.6,1211.7585864662196,788.2414135337798,977.6761015649003,122.32389843509984,0.017986209962091555,0.002232389843509986,0.0,423.51717293243985,3.2005741158942115e-06,2.560459292715369e-07,0.0013554981013242596,0.00021900944970482616,0.011048414221582066
1008.0,1209.815654169869,790.1843458301304,977.3608442089904,122.63915579100951,0.017986209962091555,0.0022639155791009517,0.0,419.63130833973867,3.2005741158942115e-06,2.560459292715369e-07,0.0013430611036909905,0.00021884800897951895,0.010943934121835844
1022.4,1207.8905460542198,792.1094539457796,977.0458192420214,122.95418075797853,0.017986209962091555,0.002295418075797856,0.0,415.78109210844025,3.2005741158942115e-06,2.560459292715369e-07,0.0013307382012805009,0.00021868668725869632,0.010840500357685188
1036.8,1205.983097206428,794.0169027935713,976.7310264926851,123.26897350731498,0.017986209962091555,0.0023268973507315003,0.0,411.9661944128568,3.2005741158942115e-06,2.560459292715369e-07,0.001318528338461232,0.00021852548445463278,0.010738100715886713
1051.2,1204.0931440235995,795.9068559763997,976.4164657897987,123.58353421020126,0.017986209962091555,0.002358353421020128,0.0,408.1862880471998,3.2005741158942115e-06,2.560459292715369e-07,0.0013064304679868066,0.00021836440047966711,0.010636723160660624
1065.6000000000001,1202.2205274832309,797.7794725167689,976.1021369623172,123.8978630376829,0.017986209962091555,0.002389786303768292,0.0,404.44105496646193,3.2005741158942115e-06,2.560459292715369e-07,0.0012944435719306061,0.0002182034352462084,0.010536356005551077
1080.0,1200.3650912516453,799.6349087483544,975.788039839325,124.21196016067513,0.017986209962091555,0.002421196016067514,0.0,400.73018250329085,3.2005741158942115e-06,2.560459292715369e-07,0.001282566649577596,0.00021804258866673227,0.010436987808231409
1094.4,1198.5266777954732,801.4733222045268,975.4741742500236,124.52582574997636,0.017986209962091555,0.002452582574997639,0.0,397.05335559094647,3.2005741158942115e-06,2.560459292715369e-07,0.0012707986925333235,0.00021788186065377425,0.010338607159093243
1108.8,1196.7051310836841,803.2948689163154,975.1605400237412,124.83945997625888,0.017986209962091555,0.0024839459976258925,0.0,393.4102621673687,3.2005741158942115e-06,2.560459292715369e-07,0.0012591387020200362,0.00021772125111993454,0.010241202823173869
1123.2,1194.9002965775605,805.0997034224391,974.847136989931,125.15286301006898,0.017986209962091555,0.0025152863010069015,0.0,389.8005931551214,3.2005741158942115e-06,2.560459292715369e-07,0.001247585688812492,0.00021756075997787764,0.01014476373664992
1137.6000000000001,1193.112021220628,806.8879787793717,974.5339649781731,125.46603502182693,0.017986209962091555,0.0025466035021826953,0.0,386.2240424412564,3.2005741158942115e-06,2.560459292715369e-07,0.0012361386731735127,0.0002174003871403329,0.01004927900342636
1152.0,1191.3401534285877,808.6598465714122,974.221023818173,125.77897618182708,0.017986209962091555,0.0025778976181827116,0.0,382.6803068571754,3.2005741158942115e-06,2.560459292715369e-07,0.0012247966847895298,0.0002172401325200938,0.009954737891819311
1166.4,1189.584543079249,810.4154569207509,973.9083133397619,126.09168666023807,0.017986209962091555,0.002609168666023809,0.0,379.1690861584981,3.2005741158942115e-06,2.560459292715369e-07,0.001213558762706151,0.00021707999603001838,0.009861129831329741
1180.8,1187.8450415024608,812.1549584975388,973.5958333728973,126.4041666271027,0.017986209962091555,0.0026404166627102712,0.0,375.69008300492203,3.2005741158942115e-06,2.560459292715369e-07,0.0012024239552637012,0.00021691997758302922,0.009768444409504407
1195.2,1186.1215014700456,813.8784985299541,973.2835837476619,126.71641625233813,0.017986209962091555,0.002671641625233816,0.0,372.2430029400915,3.2005741158942115e-06,2.560459292715369e-07,0.0011913913200327897,0.000216760077092113,0.009676671368881501
1209.6000000000001,1184.4137771857288,815.5862228142709,972.971564294264,127.028435705736,0.017986209962091555,0.0027028435705736026,0.0,368.82755437145795,3.2005741158942115e-06,2.560459292715369e-07,0.0011804599237498533,0.0002166002944703209,0.009585800604017541
1224.0,1182.7217241631022,817.2782758368976,972.6597748430372,127.34022515696282,0.017986209962091555,0.0027340225156962847,0.0,365.4434483262046,3.2005741158942115e-06,2.560459292715369e-07,0.0011696288415359742,0.00021644062963076805,0.009495822152640785
1238.4,1181.0451974142964,818.9548025857035,972.3482152244325,127.65178477556773,0.017986209962091555,0.0027651784775567755,0.0,362.0903948285928,3.2005741158942115e-06,2.560459292715369e-07,0.0011588971453023096,0.00021628108248662972,0.00940672609715707
1252.8,1179.3840539559858,820.6159460440141,972.0368852690283,127.96311473097194,0.017986209962091555,0.0027963114730971956,0.0,358.7681079119717,3.2005741158942115e-06,2.560459292715369e-07,0.0011482639197913978,0.00021612165295114666,0.009318502695806011
1267.2,1177.7381526442289,822.261847355771,971.7257848075304,128.27421519246954,0.017986209962091555,0.0028274215192469563,0.0,355.47630528845787,3.2005741158942115e-06,2.560459292715369e-07,0.001137728261519947,0.00021596234093762467,0.009231142371647403
1281.6000000000001,1176.1073535948042,823.8926464051956,971.4149136707703,128.58508632922988,0.017986209962091555,0.0028585086329229927,0.0,352.2147071896086,3.2005741158942115e-06,2.560459292715369e-07,0.0011272892750683202,0.00021580314635943372,0.009144635679670665
1296.0,1174.4915181670046,825.5084818329952,971.1042716897023,128.89572831029778,0.017986209962091555,0.002889572831029783,0.0,348.9830363340094,3.2005741158942115e-06,2.560459292715369e-07,0.0011169460729767997,0.00021564406913000716,0.009058973303943334
1310.4,1172.8905089474292,827.1094910525705,970.7938586954065,129.20614130459356,0.017986209962091555,0.002920614130459359,0.0,345.7810178948587,3.2005741158942115e-06,2.560459292715369e-07,0.0011066977756418379,0.0002154851091628423,0.008974146054823615
1324.8,1171.304189733776,828.6958102662238,970.4836745190871,129.51632548091305,0.017986209962091555,0.002951632548091307,0.0,342.60837946755214,3.2005741158942115e-06,2.560459292715369e-07,0.0010965435112123092,0.0002153262663715002,0.008890144866234852
1339.2,1169.732425518635,830.2675744813649,970.1737189920723,129.8262810079279,0.017986209962091555,0.002982628100792791,0.0,339.46485103727,3.2005741158942115e-06,2.560459292715369e-07,0.0010864824154857707,0.0002151675406696055,0.0088069607929999
1353.6000000000001,1168.1750824732799,831.8249175267198,969.8639919458146,130.1360080541855,0.017986209962091555,0.003013600805418551,0.0,336.3501649465601,3.2005741158942115e-06,2.560459292715369e-07,0.0010765136318047087,0.00021500893197084637,0.008724585008233199
1368.0,1166.6320279314623,833.3679720685376,969.554493211891,130.44550678810916,0.017986209962091555,0.00304455067881092,0.0,333.2640558629247,3.2005741158942115e-06,2.560459292715369e-07,0.0010666363109527992,0.00021485044018897467,0.00864300880078879
1382.4,1165.1031303732032,834.8968696267966,969.2452226220018,130.75477737799832,0.017986209962091555,0.003075477737799833,0.0,330.20626074640654,3.2005741158942115e-06,2.560459292715369e-07,0.0010568496110511636,0.0002146920652378056,0.008562223572762259
1396.8,1163.5882597482087,836.411740251791,968.9361800079726,131.06381999202748,0.017986209962091555,0.00310638199920275,0.0,327.17651949641765,3.2005741158942115e-06,2.560459292715369e-07,0.0010471526996285922,0.0002145338070312184,0.00848222085497619
1411.2,1162.0872884434134,837.9127115565867,968.627365201756,131.37263479824418,0.017986209962091555,0.003137263479824419,0.0,324.1745768868267,3.2005741158942115e-06,2.560459292715369e-07,0.0010375447598149354,0.0002143756654831573,0.008402992356453767
1425.6000000000001,1160.6000890674045,839.3999109325952,968.3187780354257,131.68122196457438,0.017986209962091555,0.0031681221964574404,0.0,321.20017813480933,3.2005741158942115e-06,2.560459292715369e-07,0.0010280249761588807,0.0002142176405076287,0.008324529845894744
1440.0,1159.126535257336,840.8734647426638,968.0104183411795,131.98958165882067,0.017986209962091555,0.0031989581658820676,0.0,318.2530705146721,3.2005741158942115e-06,2.560459292715369e-07,0.001018592539793115,0.00021405973201870236,0.008246825192890593
1454.4,1157.6665018054446,842.3334981945557,967.7022859513381,132.29771404866187,0.017986209962091555,0.00322977140486619,0.0,315.3330036108889,3.2005741158942115e-06,2.560459292715369e-07,0.001009246649244187,0.00021390193993051123,0.008169870373201573
1468.8,1156.2198646473037,843.7801353526962,967.3943806983467,132.6056193016533,0.017986209962091555,0.0032605619301653292,0.0,312.43972929460745,3.2005741158942115e-06,2.560459292715369e-07,0.000999986510357315,0.00021374426415725166,0.008093657466773733
1483.2,1154.786500850077,845.2134991499227,967.0867024147735,132.91329758522656,0.017986209962091555,0.003291329758522658,0.0,309.57300170015424,3.2005741158942115e-06,2.560459292715369e-07,0.0009908113362211883,0.00021358670461318332,0.008018178655798335
1497.6000000000001,1153.3662886007696,846.6337113992304,966.7792509333102,133.22074906669005,0.017986209962091555,0.003322074906669005,0.0,306.73257720153924,3.2005741158942115e-06,2.560459292715369e-07,0.0009817203470927694,0.0002134292612126289,0.007943426222812276
1512.0,1151.9591071944803,848.0408928055198,966.4720260867715,133.5279739132286,0.017986209962091555,0.0033527973913228637,0.0,303.91821438896056,3.2005741158942115e-06,2.560459292715369e-07,0.0009727127703220949,0.00021327193386997434,0.007869392548838295
1526.4,1150.5648370226543,849.4351629773455,966.165027708096,133.83497229190402,0.017986209962091555,0.0033834972291904037,0.0,301.1296740453088,3.2005741158942115e-06,2.560459292715369e-07,0.0009637878402770762,0.0002131147224996687,0.0077960701115635305
1540.8,1149.1833595613375,850.8166404386625,965.8582556303453,134.14174436965476,0.017986209962091555,0.003414174436965477,0.0,298.366719122675,3.2005741158942115e-06,2.560459292715369e-07,0.0009549447982683121,0.00021295762701622423,0.007723451483555345
1555.2,1147.8145573594259,852.185442640574,965.5517096867038,134.44829031329627,0.017986209962091555,0.0034448290313296294,0.0,295.62911471885184,3.2005741158942115e-06,2.560459292715369e-07,0.0009461828924738776,0.00021280064733421598,0.007651529330513034
1569.6000000000001,1146.4583141873081,853.5416858126918,965.2453897104789,134.75461028952128,0.017986209962091555,0.003475461028952126,0.0,292.9166283746164,3.2005741158942115e-06,2.560459292715369e-07,0.0009375013788908011,0.00021264378336828207,0.007580296417976615
1584.0,1145.1145150139814,854.8854849860181,964.9392955351007,135.0607044648996,0.017986209962091555,0.0035060704464899596,0.0,290.2290300279633,3.2005741158942115e-06,2.560459292715369e-07,0.0009288995211885831,0.00021248703503312343,0.007509745609045785
1598.4,1143.783045674889,856.2169543251105,964.6334269941219,135.36657300587822,0.017986209962091555,0.003536657300587824,0.0,287.5660913497786,3.2005741158942115e-06,2.560459292715369e-07,0.0009203765885829717,0.0002123304022435038,0.007439869845905855
1612.8,1142.4637930470872,857.5362069529124,964.3277839212185,135.67221607878142,0.017986209962091555,0.0035672216078781434,0.0,284.9275860941748,3.2005741158942115e-06,2.560459292715369e-07,0.0009119318569572353,0.0002121738849142499,0.0073706621580344415
1627.2,1141.156645040236,858.8433549597637,964.0223661501893,135.97763384981084,0.017986209962091555,0.0035977633849810825,0.0,282.31329008047237,3.2005741158942115e-06,2.560459292715369e-07,0.0009035646088044939,0.0002120174829602514,0.00730211566075902
1641.6000000000001,1139.8614905857553,860.1385094142446,963.7171735149545,136.28282648504555,0.017986209962091555,0.0036282826485045548,0.0,279.7229811715107,3.2005741158942115e-06,2.560459292715369e-07,0.0008952741331583011,0.0002118611962964604,0.007234223553747659
1656.0,1138.5782196259813,861.4217803740185,963.4122058495577,136.5877941504423,0.017986209962091555,0.0036587794150442308,0.0,277.15643925196287,3.2005741158942115e-06,2.560459292715369e-07,0.0008870597255232388,0.00021170502483789183,0.007166979119528529
1670.4,1137.3067231033249,862.6932768966753,963.1074629881646,136.89253701183554,0.017986209962091555,0.003689253701183553,0.0,274.61344620664954,3.2005741158942115e-06,2.560459292715369e-07,0.00087892068780551,0.00021154896849962326,0.0071003757220370785
1684.8,1136.0468929494255,863.9531070505742,962.8029447650626,137.19705523493732,0.017986209962091555,0.0037197055234937347,0.0,272.09378589885125,3.2005741158942115e-06,2.560459292715369e-07,0.0008708563282435247,0.0002113930271967948,0.0070344068051901
1699.2,1134.7986220743114,865.2013779256883,962.4986510146623,137.50134898533776,0.017986209962091555,0.0037501348985337782,0.0,269.5972441486231,3.2005741158942115e-06,2.560459292715369e-07,0.0008628659613384952,0.00021123720084460922,0.006969065891485807
1713.6000000000001,1133.5618043555535,866.4381956444463,962.1945815714953,137.80541842850482,0.017986209962091555,0.0037805418428504814,0.0,267.1236087111072,3.2005741158942115e-06,2.560459292715369e-07,0.0008549489077850232,0.00021108148935833164,0.006904346580629118
1728.0,1132.3363346348442,867.6636653651555,961.8907362702157,138.10926372978443,0.017986209962091555,0.003810926372978443,0.0,264.67266926968875,3.2005741158942115e-06,2.560459292715369e-07,0.0008471044944491951,0.00021092589265328982,0.0068402425485694866
1742.4,1131.1221089668252,868.8778910331743,961.5871149455995,138.41288505440053,0.017986209962091555,0.0038412885054400544,0.0,262.24421793365093,3.2005741158942115e-06,2.560459292715369e-07,0.0008393320559613637,0.00021077041064487383,0.00677674755975029
1756.8,1129.9190242998307,870.0809757001691,961.2837174325448,138.71628256745532,0.017986209962091555,0.0038716282567455296,0.0,259.83804859966153,3.2005741158942115e-06,2.560459292715369e-07,0.0008316309326725389,0.00021061504324853625,0.00671385544966284
1771.2,1128.7269784161088,871.2730215838909,960.9805435660709,139.01945643392926,0.017986209962091555,0.003901945643392926,0.0,257.45395683221784,3.2005741158942115e-06,2.560459292715369e-07,0.0008240004702717421,0.00021045979037979194,0.006651560121012267
1785.6000000000001,1127.5458700292313,872.4541299707685,960.6775931813187,139.3224068186814,0.017986209962091555,0.003932240681868137,0.0,255.09174005846285,3.2005741158942115e-06,2.560459292715369e-07,0.0008164400204095307,0.00021030465195421785,0.006589855548119954
1800.0,1126.3755987741597,873.62440122584,960.374866113551,139.62513388644905,0.017986209962091555,0.0039625133886449036,0.0,252.75119754831974,3.2005741158942115e-06,2.560459292715369e-07,0.0008089489406344167,0.00021014962788745343,0.006528735775730917
1814.4,1125.216065197314,874.7839348026856,960.0723621981517,139.92763780184828,0.017986209962091555,0.003992763780184828,0.0,250.43213039462842,3.2005741158942115e-06,2.560459292715369e-07,0.0008015265943292917,0.00020999471809520005,0.006468194917841412
1828.8,1124.0671707466413,875.9328292533584,959.7700812706262,140.22991872937374,0.017986209962091555,0.004022991872937372,0.0,248.13434149328293,3.2005741158942115e-06,2.560459292715369e-07,0.0007941723506478563,0.0002098399224932214,0.006408227156546101
1843.2,1122.928817761682,877.0711822383176,959.4680231666011,140.53197683339883,0.017986209962091555,0.004053197683339881,0.0,245.85763552336437,3.2005741158942115e-06,2.560459292715369e-07,0.0007868855844510332,0.00020968524099734318,0.006348826740904102
1857.6000000000001,1121.8009094636388,878.1990905363609,959.1661877218244,140.83381227817574,0.017986209962091555,0.004083381227817579,0.0,243.60181892727792,3.2005741158942115e-06,2.560459292715369e-07,0.0007796656762433943,0.00020953067352345324,0.006289987985823501
1872.0,1120.683349945445,879.3166500545547,958.8645747721642,141.13542522783584,0.017986209962091555,0.004113542522783582,0.0,241.36669989089023,3.2005741158942115e-06,2.560459292715369e-07,0.0007725120121095895,0.00020937621998750114,0.006231705270963688
1886.4,1119.576044161832,880.4239558381676,958.5631841536109,141.43681584638915,0.017986209962091555,0.0041436815846389126,0.0,239.15208832366443,3.2005741158942115e-06,2.560459292715369e-07,0.0007654239836507666,0.00020922188030549874,0.006173973039654897
1900.8,1118.4788979789432,881.5211020210565,958.2620157022751,141.73798429772503,0.017986209962091555,0.004173798429772502,0.0,236.95779595788667,3.2005741158942115e-06,2.560459292715369e-07,0.0007584009883021541,0.00020906765439351963,0.006116785800937848
1915.2,1117.3918184588506,882.6081815411487,957.9610692543883,142.03893074561174,0.017986209962091555,0.004203893074561172,0.0,234.78363691770187,3.2005741158942115e-06,2.560459292715369e-07,0.0007514424311543012,0.00020891354216769935,0.006060138143854015
1929.6000000000001,1116.3147132975628,883.6852867024371,957.6603446463032,142.33965535369694,0.017986209962091555,0.004233965535369692,0.0,232.62942659512566,3.2005741158942115e-06,2.560459292715369e-07,0.0007445477213556717,0.0002087595435442354,0.006004024707633711
1944.0,1115.2474909811879,884.7525090188119,957.3598417144923,142.64015828550768,0.017986209962091555,0.004264015828550771,0.0,230.49498196237596,3.2005741158942115e-06,2.560459292715369e-07,0.0007377162731122837,0.00020860565843938673,0.005948440189343416
1958.4,1114.1900608305873,885.8099391694126,957.0595602955494,142.94043970445065,0.017986209962091555,0.004294043970445064,0.0,228.3801216611747,3.2005741158942115e-06,2.560459292715369e-07,0.0007309475059735268,0.0002084518867694743,0.005893379345728496
1972.8,1113.1423329925685,886.857667007431,956.7595002261883,143.2404997738118,0.017986209962091555,0.004324049977381179,0.0,226.2846659851375,3.2005741158942115e-06,2.560459292715369e-07,0.0007242408447757985,0.00020829822845088063,0.0058388369922835375
1987.2,1112.1042184310836,887.8957815689162,956.4596613432432,143.54033865675694,0.017986209962091555,0.004354033865675694,0.0,224.20843686216745,3.2005741158942115e-06,2.560459292715369e-07,0.0007175957195861547,0.00020814468340004974,0.005784808002336682
2001.6000000000001,1111.0756289184224,888.9243710815773,956.1600434836685,143.83995651633157,0.017986209962091555,0.004383995651633155,0.0,222.15125783684505,3.2005741158942115e-06,2.560459292715369e-07,0.0007110115656459474,0.00020799125153348746,0.005731287306147377
2016.0,1110.0564770264098,889.9435229735898,955.8606464845392,144.13935351546095,0.017986209962091555,0.0044139353515460925,0.0,220.11295405282,3.2005741158942115e-06,2.560459292715369e-07,0.0007044878233144676,0.0002078379327677611,0.0056782698900172115
2030.4,1109.046676117602,890.9533238823975,955.5614701830497,144.4385298169503,0.017986209962091555,0.004443852981695026,0.0,218.0933522352044,3.2005741158942115e-06,2.560459292715369e-07,0.0006980239380125942,0.00020768472701949932,0.00562575079541347
2044.8,1108.0461403364814,891.9538596635184,955.2625144165154,144.7374855834848,0.017986209962091555,0.004473748558348478,0.0,216.09228067296294,3.2005741158942115e-06,2.560459292715369e-07,0.0006916193601664321,0.00020753163420539255,0.005573725118104939
2059.2000000000003,1107.054784600652,892.9452153993476,954.9637790223703,145.0362209776298,0.017986209962091555,0.004503622097762977,0.0,214.10956920130445,3.2005741158942115e-06,2.560459292715369e-07,0.0006852735451509555,0.00020737865424219225,0.0055221880073096745
2073.6,1106.0725247448454,893.9274752551545,954.6652638381694,145.3347361618306,0.017986209962091555,0.004533473616183058,0.0,212.1450494896909,3.2005741158942115e-06,2.560459292715369e-07,0.0006789859542118013,0.00020722578704671148,0.00547113467279578
2088.0,1105.0992775853224,894.9007224146775,954.3669687015874,145.63303129841262,0.017986209962091555,0.004563303129841264,0.0,210.1985551706449,3.2005741158942115e-06,2.560459292715369e-07,0.0006727560548775275,0.0002070730325358249,0.005420560387847561
2102.4,1104.1349604448312,895.8650395551689,954.068893450418,145.9311065495819,0.017986209962091555,0.004593110654958189,0.0,208.26992088966233,3.2005741158942115e-06,2.560459292715369e-07,0.0006665833179187884,0.00020692039062646786,0.005370460464214899
2116.8,1103.1794913911956,896.8205086088043,953.7710379225751,146.2289620774248,0.017986209962091555,0.004622896207742481,0.0,206.3589827823913,3.2005741158942115e-06,2.560459292715369e-07,0.0006604672188755808,0.00020676786123563745,0.00532083026416767
2131.2000000000003,1102.2327892384073,897.7672107615922,953.4734019560916,146.52659804390834,0.017986209962091555,0.0046526598043908325,0.0,204.46557847681515,3.2005741158942115e-06,2.560459292715369e-07,0.0006544072380642312,0.00020661544428039164,0.005271665200211838
2145.6,1101.2947735391822,898.7052264608176,953.1759853891201,146.82401461088,0.017986209962091555,0.004682401461087998,0.0,202.5895470783646,3.2005741158942115e-06,2.560459292715369e-07,0.0006484028605297455,0.00020646313967784968,0.005222960734371703
2160.0,1100.3653645776396,899.63463542236,952.8787880599319,147.12121194006806,0.017986209962091555,0.004712121194006808,0.0,200.73072915527962,3.2005741158942115e-06,2.560459292715369e-07,0.0006424535759989595,0.00020631094734519168,0.005174712377488329
2174.4,1099.444483362109,900.5555166378908,952.5818098069184,147.4181901930817,0.017986209962091555,0.0047418190193081675,0.0,198.8889667242181,3.2005741158942115e-06,2.560459292715369e-07,0.0006365588788344776,0.00020615886719965907,0.0051269156885336365
2188.8,1098.5320516180593,901.4679483819406,952.2850504685892,147.7149495314107,0.017986209962091555,0.0047714949531410715,0.0,197.06410323611874,3.2005741158942115e-06,2.560459292715369e-07,0.0006307182679894264,0.00020600689915855412,0.005079566273940193
2203.2000000000003,1097.6279917811537,902.3720082188458,951.9885098835739,148.01149011642605,0.017986209962091555,0.004801149011642609,0.0,195.25598356230785,3.2005741158942115e-06,2.560459292715369e-07,0.0006249312469629882,0.00020585504313924016,0.005032659786946061
2217.6,1096.73222699043,903.2677730095696,951.6921878906203,148.30781210937974,0.017986209962091555,0.004830781210937974,0.0,193.4644539808604,3.2005741158942115e-06,2.560459292715369e-07,0.0006191973237567487,0.00020570329905914136,0.004986191926954801
2232.0,1095.8446810816038,904.1553189183959,951.3960843285952,148.6039156714048,0.017986209962091555,0.004860391567140481,0.0,191.68936216320787,3.2005741158942115e-06,2.560459292715369e-07,0.0006135160108318344,0.0002055516668357427,0.0049401584389100785
2246.4,1094.9652785804972,905.0347214195024,951.1001990364844,148.8998009635156,0.017986209962091555,0.00488998009635156,0.0,189.9305571609948,3.2005741158942115e-06,2.560459292715369e-07,0.0006078868250668459,0.0002054001463865901,0.004894555112684795
2260.8,1094.0939446965945,905.9060553034055,950.8045318533923,149.19546814660777,0.017986209962091555,0.0049195468146607775,0.0,188.18788939318893,3.2005741158942115e-06,2.560459292715369e-07,0.0006023092877166033,0.0002052487376292903,0.0048493777824845045
2275.2000000000003,1093.2306053167174,906.7693946832823,950.5090826185416,149.4909173814584,0.017986209962091555,0.0049490917381458405,0.0,186.46121063343514,3.2005741158942115e-06,2.560459292715369e-07,0.000596782924371671,0.00020509744048151048,0.0048046223262647415
2289.6,1092.3751869988312,907.6248130011684,950.213851171274,149.786148828726,0.017986209962091555,0.004978614882872602,0.0,184.7503739976628,3.2005741158942115e-06,2.560459292715369e-07,0.0005913072649186945,0.00020494625486097885,0.004760284665162177
2304.0,1091.5276169664103,908.4723830335893,949.9188373510492,150.0811626489508,0.017986209962091555,0.005008116264895081,0.0,183.055233932821,3.2005741158942115e-06,2.560459292715369e-07,0.0005858818435043467,0.00020479518068548404,0.0047163607629621615
2318.4,1090.6878233034533,909.3121766965465,949.6240409974458,150.37595900255425,0.017986209962091555,0.005037595900255426,0.0,181.3756466069068,3.2005741158942115e-06,2.560459292715369e-07,0.0005805061997836417,0.00020464421787287553,0.004672846635968834
2332.8,1089.855734775758,910.144265224242,949.3294619501604,150.6705380498397,0.017986209962091555,0.005067053804983973,0.0,179.71146955151607,3.2005741158942115e-06,2.560459292715369e-07,0.0005751798777758931,0.00020449336634106331,0.004629738343511541
2347.2000000000003,1089.0312806676316,910.9687193323682,949.0351000490075,150.96489995099247,0.017986209962091555,0.005096489995099248,0.0,178.06256133526335,3.2005741158942115e-06,2.560459292715369e-07,0.0005699024248194694,0.00020434262600801766,0.0045870319792656
2361.6,1088.2143909174567,911.785609082543,948.7409551339202,151.25904486607968,0.017986209962091555,0.005125904486607972,0.0,176.4287818349137,3.2005741158942115e-06,2.560459292715369e-07,0.0005646733924395716,0.00020419199679176967,0.004544723678063756
2376.0,1087.4049961130154,912.5950038869844,948.4470270449496,151.55297295505065,0.017986209962091555,0.005155297295505067,0.0,174.809992226031,3.2005741158942115e-06,2.560459292715369e-07,0.0005594923363183032,0.00020404147861041057,0.004502809615445388
2390.4,1086.6030274869595,913.3969725130404,948.1533156222636,151.84668437773658,0.017986209962091555,0.005184668437773664,0.0,173.2060549739191,3.2005741158942115e-06,2.560459292715369e-07,0.0005543588162656753,0.00020389107138209199,0.004461286007219166
2404.8,1085.8084169124265,914.1915830875731,947.859820706149,152.14017929385102,0.017986209962091555,0.005214017929385106,0.0,171.61683382485342,3.2005741158942115e-06,2.560459292715369e-07,0.000549272396191544,0.00020374077502502595,0.0044201491090390095
2419.2000000000003,1085.0210968988038,914.9789031011958,947.5665421370105,152.4334578629897,0.017986209962091555,0.005243345786298972,0.0,170.04219379760798,3.2005741158942115e-06,2.560459292715369e-07,0.0005442326440784913,0.00020359058945748493,0.004379395215993232
2433.6,1084.2410005876366,915.7589994123634,947.2734797553694,152.72652024463068,0.017986209962091555,0.005272652024463068,0.0,168.48200117527313,3.2005741158942115e-06,2.560459292715369e-07,0.0005392391319556373,0.00020344051459780132,0.004339020662206648
2448.0,1083.4680617486815,916.5319382513187,946.9806334018657,153.01936659813447,0.017986209962091555,0.005301936659813448,0.0,166.93612349736281,3.2005741158942115e-06,2.560459292715369e-07,0.000534291435873379,0.000203290550364368,0.004299021820455412
2462.4,1082.70221477611,917.2977852238897,946.688002917256,153.3119970827441,0.017986209962091555,0.005331199708274414,0.0,165.40442955222022,3.2005741158942115e-06,2.560459292715369e-07,0.0005293891358790836,0.00020314069667563787,0.004259395101794662
2476.8,1081.9433946848553,918.0566053151446,946.3955881424148,153.60441185758532,0.017986209962091555,0.005360441185758534,0.0,163.88678936971075,3.2005741158942115e-06,2.560459292715369e-07,0.0005245318159937029,0.000202990953450124,0.0042201369551985455
2491.2000000000003,1081.1915371071036,918.8084628928958,946.1033889183337,153.89661108166635,0.017986209962091555,0.0053896611081666376,0.0,162.3830742142078,3.2005741158942115e-06,2.560459292715369e-07,0.0005197190641893222,0.0002028413206063995,0.004181243867212659
2505.6,1080.4465782889374,919.5534217110624,945.8114050861218,154.18859491387832,0.017986209962091555,0.0054188594913878365,0.0,160.89315657787506,3.2005741158942115e-06,2.560459292715369e-07,0.0005149504723676614,0.00020269179806309756,0.004142712361618766
2520.0,1079.708455087117,920.2915449128827,945.5196364870047,154.48036351299527,0.017986209962091555,0.00544803635129953,0.0,159.41691017423432,3.2005741158942115e-06,2.560459292715369e-07,0.000510225636339487,0.00020254238573891122,0.004104538999111463
2534.4,1078.9771049660155,921.0228950339841,945.2280829623261,154.77191703767403,0.017986209962091555,0.005477191703767407,0.0,157.9542099320314,3.2005741158942115e-06,2.560459292715369e-07,0.00050554415580498,0.0002023930835525937,0.0040667203769869514
2548.8,1078.2524659469368,921.7475340530634,944.9367443535455,155.06325564645465,0.017986209962091555,0.005506325564645467,0.0,156.5049318938734,3.2005741158942115e-06,2.560459292715369e-07,0.0005009056340293176,0.0002022438914229579,0.004029253126374307
2563.2000000000003,1077.534475874186,922.4655241258138,944.6456205022395,155.35437949776062,0.017986209962091555,0.005535437949776064,0.0,155.06895174837223,3.2005741158942115e-06,2.560459292715369e-07,0.0004963096731446885,0.00020209480926887638,0.0039921338741515135
2577.6,1076.8230734970098,923.1769265029901,944.3547112501016,155.6452887498985,0.017986209962091555,0.005564528874989853,0.0,153.64614699401966,3.2005741158942115e-06,2.560459292715369e-07,0.0004917558810759366,0.00020194583700928174,0.003955359298752957
2592.0,1076.1181983642134,923.8818016357865,944.064016438942,155.93598356105807,0.017986209962091555,0.005593598356105809,0.0,152.23639672842694,3.2005741158942115e-06,2.560459292715369e-07,0.0004872438708660055,0.0002017969745631662,0.003918926124577123
2606.4,1075.4197905816825,924.5802094183173,943.7735359106877,156.2264640893124,0.017986209962091555,0.005622646408931247,0.0,150.8395811633652,3.2005741158942115e-06,2.560459292715369e-07,0.00048277325912379076,0.00020164822184958188,0.003882831109316773
2620.8,1074.7277908078156,925.2722091921842,943.4832695073819,156.51673049261817,0.017986209962091555,0.0056516730492618215,0.0,149.45558161563144,3.2005741158942115e-06,2.560459292715369e-07,0.0004783436659949048,0.0002014995787876404,0.003847071043594722
2635.2000000000003,1074.0421402490356,925.9578597509645,943.1932170711847,156.80678292881547,0.017986209962091555,0.00568067829288155,0.0,148.08428049807105,3.2005741158942115e-06,2.560459292715369e-07,0.0004739547151329442,0.0002013510452965132,0.0038116427506073637
2649.6,1073.3627806553827,926.637219344617,942.9033784443719,157.09662155562808,0.017986209962091555,0.005709662155562815,0.0,146.72556131076567,3.2005741158942115e-06,2.560459292715369e-07,0.0004696060336712858,0.0002012026212954311,0.0037765430857758754
2664.0,1072.68965431619,927.3103456838098,942.6137534693364,157.3862465306637,0.017986209962091555,0.00573862465306637,0.0,145.37930863238012,3.2005741158942115e-06,2.560459292715369e-07,0.00046529725219539173,0.00020105430670368466,0.003741768936405012
2678.4,1072.0227040558352,927.9772959441649,942.3243419885865,157.67565801141347,0.017986209962091555,0.005767565801141351,0.0,144.04540811167033,3.2005741158942115e-06,2.560459292715369e-07,0.00046102800471563017,0.00020090610144062377,0.003707317221349325
2692.8,1071.361873229578,928.6381267704223,942.0351438447473,157.9648561552528,0.017986209962091555,0.005796485615525282,0.0,142.72374645915556,3.2005741158942115e-06,2.560459292715369e-07,0.00045679792864062143,0.00020075800542565793,0.003673184890686867
2707.2000000000003,1070.7071057194735,929.2928942805263,941.7461588805593,158.2538411194409,0.017986209962091555,0.005825384111944092,0.0,141.41421143894718,3.2005741158942115e-06,2.560459292715369e-07,0.00045260666475108543,0.00020061001857825584,0.0036393689254000483
2721.6,1070.0583459303723,929.9416540696277,941.4573869388792,158.54261306112107,0.017986209962091555,0.005854261306112108,0.0,140.1166918607446,3.2005741158942115e-06,2.560459292715369e-07,0.0004484538571742243,0.00020046214081794576,0.003605866337063838
2736.0,1069.4155387859932,930.5844612140065,941.1688278626793,158.83117213732078,0.017986209962091555,0.0058831172137320835,0.0,138.83107757198673,3.2005741158942115e-06,2.560459292715369e-07,0.0004443391533586021,0.00020031437206431517,0.0035726741675409382
2750.4,1068.7786297250843,931.2213702749153,940.8804814950485,159.11951850495186,0.017986209962091555,0.005911951850495188,0.0,137.557259450169,3.2005741158942115e-06,2.560459292715369e-07,0.0004402622040495553,0.00020016671223701087,0.0035397894886841073
2764.8,1068.1475646976605,931.8524353023395,940.5923476791899,159.40765232081026,0.017986209962091555,0.005940765232081028,0.0,136.29512939532106,3.2005741158942115e-06,2.560459292715369e-07,0.0004362226632651169,0.00020001916125573878,0.0035072094020453704
2779.2000000000003,1067.5222901613204,932.4777098386793,940.3044262584237,159.69557374157648,0.017986209962091555,0.0059695573741576505,0.0,135.04458032264108,3.2005741158942115e-06,2.560459292715369e-07,0.00043222018827244183,0.00019987171904026427,0.003474931038592024
2793.6,1066.9027530103158,933.0972469896841,940.0167170761847,159.98328292381555,0.017986209962091555,0.0059983282923815546,0.0,133.8055060206317,3.2005741158942115e-06,2.560459292715369e-07,0.0004282544391337609,0.00019972438551041157,0.003442951554954075
2808.0,1066.2889003291273,933.7110996708725,939.729219976023,160.27078002397712,0.017986209962091555,0.006027078002397716,0.0,132.57780065825477,3.2005741158942115e-06,2.560459292715369e-07,0.0004243250771289928,0.00019957716058606405,0.0034112681206185727
2822.4,1065.680679915206,934.3193200847938,939.4419348016045,160.55806519839564,0.017986209962091555,0.006055806519839563,0.0,131.36135983041208,3.2005741158942115e-06,2.560459292715369e-07,0.0004204317681018825,0.0001994300441871642,0.0033798779448271647
2836.8,1065.0780400863648,934.9219599136352,939.1548613967101,160.84513860329002,0.017986209962091555,0.006084513860329003,0.0,130.15608017272962,3.2005741158942115e-06,2.560459292715369e-07,0.0004165741812270902,0.00019928303623371354,0.0033487782665482225
2851.2000000000003,1064.4809296351561,935.519070364844,938.867999605236,161.13200039476422,0.017986209962091555,0.006113200039476421,0.0,128.96185927031217,3.2005741158942115e-06,2.560459292715369e-07,0.00041275198871815313,0.00019913613664577256,0.0033179663520405012
2865.6,1063.8892978246913,936.1107021753087,938.5813492711933,161.418650728807,0.017986209962091555,0.0061418650728806996,0.0,127.77859564938262,3.2005741158942115e-06,2.560459292715369e-07,0.00040896486580072674,0.00019898934534346062,0.003287439494558321
2880.0,1063.3030943845085,936.6969056154915,938.2949102387079,161.7050897612922,0.017986209962091555,0.006170508976129223,0.0,126.60618876901708,3.2005741158942115e-06,2.560459292715369e-07,0.0004052124906861325,0.00019884266224695594,0.003257195014061479
2894.4,1062.7222695064984,937.2777304935016,938.0086823520214,161.9913176479788,0.017986209962091555,0.006199131764797882,0.0,125.44453901299676,3.2005741158942115e-06,2.560459292715369e-07,0.000401494544545279,0.00019869608727649576,0.0032272302569303175
2908.8,1062.1467738408803,937.8532261591198,937.7226654554892,162.2773345445108,0.017986209962091555,0.006227733454451087,0.0,124.29354768176051,3.2005741158942115e-06,2.560459292715369e-07,0.0003978107114829057,0.0001985496203523759,0.0031975425956854587
2923.2000000000003,1061.5765584922349,938.4234415077649,937.4368593935825,162.5631406064178,0.017986209962091555,0.006256314060641777,0.0,123.15311698446999,3.2005741158942115e-06,2.560459292715369e-07,0.00039416067851218644,0.00019840326139495117,0.0031681294287125112
2937.6,1061.0115750155887,938.9884249844112,937.1512640108858,162.8487359891142,0.017986209962091555,0.006284873598911424,0.0,122.02315003117758,3.2005741158942115e-06,2.560459292715369e-07,0.0003905441355296629,0.00019825701032463478,0.0031389881799913835
2952.0,1060.4517754125527,939.5482245874471,936.8658791520996,163.13412084790042,0.017986209962091555,0.006313412084790046,0.0,120.90355082510564,3.2005741158942115e-06,2.560459292715369e-07,0.0003869607752905334,0.0001981108670618989,0.0031101162988303953
2966.4,1059.8971121275144,940.1028878724856,936.580704662038,163.41929533796207,0.017986209962091555,0.006341929533796212,0.0,119.7942242550289,3.2005741158942115e-06,2.560459292715369e-07,0.000383410293384272,0.00019796483152727416,0.0030815112596049104
2980.8,1059.347538043885,940.6524619561151,936.2957403856296,163.70425961437047,0.017986209962091555,0.006370425961437049,0.0,118.69507608776985,3.2005741158942115e-06,2.560459292715369e-07,0.00037989238821061014,0.0001978189036413498,0.003053170561500707
2995.2000000000003,1058.8030064803977,941.1969935196022,936.0109861679175,163.98901383208258,0.017986209962091555,0.006398901383208258,0.0,117.60601296079551,3.2005741158942115e-06,2.560459292715369e-07,0.0003764067609558413,0.0001976730833247736,0.0030250917282617254
3009.6,1058.263471187463,941.7365288125368,935.726441854059,164.2735581459411,0.017986209962091555,0.006427355814594113,0.0,116.5269423749262,3.2005741158942115e-06,2.560459292715369e-07,0.0003729531155694851,0.00019752737049825195,0.0029972723079423956
3024.0,1057.7288863435738,942.271113656426,935.4421072893253,164.55789271067476,0.017986209962091555,0.0064557892710674775,0.0,115.45777268714778,3.2005741158942115e-06,2.560459292715369e-07,0.00036953115874128285,0.00019738176508254945,0.0029697098726643198
3038.4,1057.1992065104362,942.8007934895637,935.1579823191021,164.84201768089807,0.017986209962091555,0.006484201768089808,0.0,114.39841302087245,3.2005741158942115e-06,2.560459292715369e-07,0.0003661405996139797,0.00019723626699848934,0.0029424020162466457
3052.8,1056.6743866093002,943.3256133906996,934.8740667888885,165.1259332111117,0.017986209962091555,0.006512593321111164,0.0,113.34877321860063,3.2005741158942115e-06,2.560459292715369e-07,0.00036278114963181617,0.00019709087616695298,0.0029153463529316827
3067.2000000000003,1056.154382044273,943.8456179557271,934.590360544298,165.40963945570218,0.017986209962091555,0.006540963945570219,0.0,112.3087640885459,3.2005741158942115e-06,2.560459292715369e-07,0.00035945252332986936,0.00019694559250888038,0.002888540523688941
3081.6,1055.6391486318396,944.3608513681602,934.3068634310574,165.69313656894255,0.017986209962091555,0.006569313656894255,0.0,111.2782972636794,3.2005741158942115e-06,2.560459292715369e-07,0.000356154437882914,0.00019680041594526945,0.0028619821925294515
3096.0,1055.1286425948867,944.8713574051129,934.0235752950081,165.976424704992,0.017986209962091555,0.0065976424704992,0.0,110.25728518977382,3.2005741158942115e-06,2.560459292715369e-07,0.0003528866130671563,0.0001966553463971767,0.002835669046147236
3110.4,1054.6228205591483,945.3771794408514,933.740495982104,166.25950401789606,0.017986209962091555,0.0066259504017896044,0.0,109.24564111829693,3.2005741158942115e-06,2.560459292715369e-07,0.00034964877123748955,0.00019651038378571659,0.002809598793687179
3124.8,1054.1216395496988,945.878360450301,933.4576253384135,166.54237466158662,0.017986209962091555,0.006654237466158665,0.0,108.2432790993978,3.2005741158942115e-06,2.560459292715369e-07,0.0003464406373050455,0.0001963655280320618,0.0027837691665166414
3139.2000000000003,1053.6250569874903,946.3749430125096,933.1749632101177,166.82503678988235,0.017986209962091555,0.0066825036789882365,0.0,107.25011397498076,3.2005741158942115e-06,2.560459292715369e-07,0.00034326193871502745,0.00019622077905744308,0.0027581779180006647
3153.6,1053.133030685939,946.8669693140607,932.8925094435118,167.10749055648827,0.017986209962091555,0.006710749055648827,0.0,106.26606137187832,3.2005741158942115e-06,2.560459292715369e-07,0.0003401124054248595,0.0001960761367831494,0.0027328228232810455
3168.0,1052.6455188475543,947.3544811524454,932.610263885004,167.38973611499628,0.017986209962091555,0.006738973611499627,0.0,105.29103769510891,3.2005741158942115e-06,2.560459292715369e-07,0.0003369917698826073,0.00019593160113052756,0.0027077016790588086
3182.4,1052.1624800606162,947.8375199393836,932.3282263811152,167.67177361888494,0.017986209962091555,0.006767177361888492,0.0,104.3249601212326,3.2005741158942115e-06,2.560459292715369e-07,0.0003338997670057129,0.00019578717202098234,0.0026828123033804524
3196.8,1051.6838732958975,948.3161267041024,932.0463967784804,167.9536032215197,0.017986209962091555,0.006795360322151972,0.0,103.36774659179503,3.2005741158942115e-06,2.560459292715369e-07,0.00033083613416001127,0.00019564284937597664,0.0026581525354276293
3211.2000000000003,1051.2096579034317,948.790342096568,931.764774923847,168.2352250761531,0.017986209962091555,0.006823522507615309,0.0,102.41931580686366,3.2005741158942115e-06,2.560459292715369e-07,0.00032780061113904275,0.00019549863311703103,0.0026337202353103714
3225.6,1050.7397936093296,949.2602063906701,931.4833606640756,168.51663933592448,0.017986209962091555,0.006851663933592448,0.0,101.4795872186595,3.2005741158942115e-06,2.560459292715369e-07,0.00032479294014367067,0.00019535452316572422,0.0026095132838639037
3240.0,1050.274240512637,949.7257594873624,931.2021538461397,168.79784615386046,0.017986209962091555,0.006879784615386046,0.0,100.54848102527467,3.2005741158942115e-06,2.560459292715369e-07,0.00032181286576197436,0.0001952105194436924,0.0025855295824487147
3254.4,1049.8129590822439,950.1870409177558,930.9211543171253,169.0788456828748,0.017986209962091555,0.006907884568287481,0.0,99.6259181644881,3.2005741158942115e-06,2.560459292715369e-07,0.00031886013494945555,0.00019506662187262973,0.0025617670527542657
3268.8,1049.3559101536569,950.6440898463433,930.6403619242317,169.35963807576857,0.017986209962091555,0.006935963807576856,0.0,98.71182030731359,3.2005741158942115e-06,2.560459292715369e-07,0.00031593449700838847,0.00019492283037428804,0.0025382236365967983
3283.2000000000003,1048.9030548403541,951.0969451596458,930.3597765147699,169.6402234852301,0.017986209962091555,0.006964022348523013,0.0,97.80610968070835,3.2005741158942115e-06,2.560459292715369e-07,0.0003130357030203854,0.00019477914487047674,0.002514897291318332
3297.6,1048.454354604162,951.5456453958376,930.0793979361648,169.92060206383536,0.017986209962091555,0.006992060206383539,0.0,96.90870920832447,3.2005741158942115e-06,2.560459292715369e-07,0.0003101635062968823,0.0001946355652830631,0.002491785993378348
3312.0,1048.0097713201035,951.9902286798964,929.7992260359523,170.20077396404776,0.017986209962091555,0.007020077396404777,0.0,96.01954264020708,3.2005741158942115e-06,2.560459292715369e-07,0.0003073176627942473,0.0001944920915339718,0.0024688877416607544
3326.4,1047.5692672131222,952.4307327868777,929.5192606617819,170.48073933821817,0.017986209962091555,0.0070480739338218195,0.0,95.13853442624452,3.2005741158942115e-06,2.560459292715369e-07,0.00030449793070874855,0.00019434872354518517,0.0024462005541822985
3340.8,1047.1328048549387,952.8671951450615,929.2395016614146,170.7604983385854,0.017986209962091555,0.007076049833858543,0.0,94.26560970987725,3.2005741158942115e-06,2.560459292715369e-07,0.0003017040704564192,0.00019420546123874292,0.0024237224678992737
3355.2000000000003,1046.7003471609364,953.2996528390634,928.9599488827242,171.04005111727594,0.017986209962091555,0.007104005111727595,0.0,93.40069432187306,3.2005741158942115e-06,2.560459292715369e-07,0.0002989358446531344,0.00019406230453674245,0.0024014515385168264
3369.6,1046.2718573870911,953.7281426129086,928.6806021736961,171.31939782630403,0.017986209962091555,0.007131939782630404,0.0,92.54371477418249,3.2005741158942115e-06,2.560459292715369e-07,0.0002961930180949452,0.0001939192533613384,0.0023793858403011797
3384.0,1045.8472991269316,954.1527008730684,928.4014613824279,171.59853861757205,0.017986209962091555,0.007159853861757205,0.0,91.6945982538632,3.2005741158942115e-06,2.560459292715369e-07,0.0002934753577386331,0.00019377630763474268,0.0023575234658944405
3398.4,1045.4266363085405,954.5733636914593,928.1225263571299,171.87747364287023,0.017986209962091555,0.007187747364287026,0.0,90.85327261708119,3.2005741158942115e-06,2.560459292715369e-07,0.0002907826326825104,0.00019363346727922505,0.0023358625261321814
3412.8,1045.0098331915915,954.9901668084086,927.843796946123,172.15620305387708,0.017986209962091555,0.007215620305387711,0.0,90.01966638318288,3.2005741158942115e-06,2.560459292715369e-07,0.00028811461414744743,0.0001934907322171119,0.0023144011498636313
3427.2000000000003,1044.5968543644221,955.4031456355776,927.5652729978409,172.43472700215915,0.017986209962091555,0.007243472700215916,0.0,89.19370872884451,3.2005741158942115e-06,2.560459292715369e-07,0.00028547107545814736,0.0001933481023707874,0.002293137483774624
3441.6,1044.187664741146,955.812335258854,927.2869543608289,172.71304563917136,0.017986209962091555,0.007271304563917135,0.0,88.37532948229193,3.2005741158942115e-06,2.560459292715369e-07,0.00028285179202464615,0.00019320557766269267,0.0022720696922130536
3456.0,1043.7822295587973,956.2177704412026,927.0088408837431,172.9911591162569,0.017986209962091555,0.007299115911625691,0.0,87.56445911759477,3.2005741158942115e-06,2.560459292715369e-07,0.0002802565413240507,0.00019306315801532602,0.002251195957016985
3470.4,1043.3805143745183,956.6194856254815,926.7309324153525,173.2690675846475,0.017986209962091555,0.007326906758464751,0.0,86.76102874903677,3.2005741158942115e-06,2.560459292715369e-07,0.0002776851028825206,0.00019292084335124302,0.0022305144773454477
3484.8,1042.9824850627779,957.017514937222,926.4532288045368,173.54677119546338,0.017986209962091555,0.007354677119546336,0.0,85.96497012555585,3.2005741158942115e-06,2.560459292715369e-07,0.00027513725825747325,0.00019277863359305622,0.0022100234695116216
3499.2000000000003,1042.5881078126308,957.4118921873694,926.1757299002869,173.82427009971326,0.017986209962091555,0.007382427009971325,0.0,85.17621562526142,3.2005741158942115e-06,2.560459292715369e-07,0.0002726127910200358,0.00019263652866343523,0.0021897211668187324
3513.6,1042.1973491225183,957.8026508774817,925.8984355517056,174.10156444829468,0.017986209962091555,0.0074101564448294695,0.0,84.39469824503658,3.2005741158942115e-06,2.560459292715369e-07,0.0002701114867217667,0.0001924945284851067,0.0021696058192700574
3528.0,1041.8101757591164,958.1898242408835,925.6213456080062,174.3786543919939,0.017986209962091555,0.007437865439199393,0.0,83.62035151823295,3.2005741158942115e-06,2.560459292715369e-07,0.0002676331326312316,0.00019235263298085414,0.002149675691428845
3542.4,1041.42655481169,958.5734451883101,925.3444599185141,174.65554008148607,0.017986209962091555,0.007465554008148608,0.0,82.85310962337996,3.2005741158942115e-06,2.560459292715369e-07,0.00026517751808193555,0.00019221084207351812,0.0021299290651953253
3556.8,1041.046453684203,958.9535463157971,925.067778332665,174.93222166733517,0.017986209962091555,0.007493222166733519,0.0,82.09290736840592,3.2005741158942115e-06,2.560459292715369e-07,0.0002627444344218212,0.000192069155685996,0.0021103642393798822
3571.2000000000003,1040.66984008008,959.3301599199199,924.791300700006,175.2086992999943,0.017986209962091555,0.007520869929999429,0.0,81.33968016016001,3.2005741158942115e-06,2.560459292715369e-07,0.00026033367491572207,0.00019192757374124206,0.0020909795288986182
3585.6,1040.2966819995606,959.7033180004395,924.5150268701947,175.48497312980555,0.017986209962091555,0.007548497312980556,0.0,80.59336399912115,3.2005741158942115e-06,2.560459292715369e-07,0.0002579450347284276,0.00019178609616226716,0.0020717732646177
3600.0,1039.9269477370838,960.0730522629159,924.238956693,175.76104330700025,0.017986209962091555,0.007576104330700029,0.0,79.85389547416787,3.2005741158942115e-06,2.560459292715369e-07,0.0002555783109079436,0.00019164472287213922,0.0020527437931998904
3614.4,1039.5606058787134,960.4393941212862,923.9630900183012,176.0369099816991,0.017986209962091555,0.00760369099816991,0.0,79.1212117574272,3.2005741158942115e-06,2.560459292715369e-07,0.00025323330236900625,0.0001915034537939826,0.0020338894769535657
3628.8,1039.1976252995876,960.8023747004121,923.6874266960884,176.31257330391185,0.017986209962091555,0.007631257330391186,0.0,78.39525059917548,3.2005741158942115e-06,2.560459292715369e-07,0.00025090980987676125,0.00019136228885097852,0.0020152086936836167
3643.2000000000003,1038.8379751614098,961.1620248385902,923.4119665764622,176.58803342353798,0.017986209962091555,0.007658803342353799,0.0,77.67595032281952,3.2005741158942115e-06,2.560459292715369e-07,0.0002486076360307008,0.00019122122796636463,0.0019966998365449
3657.6,1038.4816249099663,961.5183750900338,923.1367095096339,176.86329049036627,0.017986209962091555,0.007686329049036625,0.0,76.96324981993246,3.2005741158942115e-06,2.560459292715369e-07,0.00024632658524877566,0.00019108027106343544,0.0019783613138976
3672.0,1038.1285442726835,961.8714557273162,922.8616553459251,177.13834465407513,0.017986209962091555,0.007713834465407514,0.0,76.25708854536731,3.2005741158942115e-06,2.560459292715369e-07,0.0002440664637517556,0.00019093941806554176,0.001960191549165014
3686.4,1037.7787032562153,962.2212967437845,922.5868039357675,177.41319606423272,0.017986209962091555,0.007741319606423271,0.0,75.55740651243082,3.2005741158942115e-06,2.560459292715369e-07,0.0002418270795477828,0.000190798668896091,0.0019421889806933894
3700.8,1037.4320721440622,962.567927855938,922.3121551297035,177.68784487029683,0.017986209962091555,0.007768784487029683,0.0,74.86414428812418,3.2005741158942115e-06,2.560459292715369e-07,0.00023960824241713973,0.000190658023478547,0.001924352061613885
3715.2000000000003,1037.0886214942263,962.9113785057734,922.0377087783851,177.96229122161515,0.017986209962091555,0.007796229122161518,0.0,74.17724298845292,3.2005741158942115e-06,2.560459292715369e-07,0.0002374097638972378,0.00019051748173643,0.0019066792597067803
3729.6,1036.748322136902,963.2516778630979,921.7634647325749,178.23653526742532,0.017986209962091555,0.00782365352674253,0.0,73.49664427380412,3.2005741158942115e-06,2.560459292715369e-07,0.000235231457267822,0.0001903770435933167,0.0018891690572678027
3744.0,1036.4111451721933,963.5888548278065,921.4894228431455,178.5105771568548,0.017986209962091555,0.007851057715685483,0.0,72.82229034438683,3.2005741158942115e-06,2.560459292715369e-07,0.00023307313753637745,0.00019023670897284014,0.0018718199509765038
3758.4,1036.0770619416492,963.9229380583508,921.2155829610789,178.7844170389213,0.017986209962091555,0.007878441703892135,0.0,72.15412388329833,3.2005741158942115e-06,2.560459292715369e-07,0.00023093462125590896,0.00019009647779868945,0.0018546304504176382
3772.8,1035.7460439373738,964.2539560626261,920.9419449374675,179.05805506253267,0.017986209962091555,0.007905805506253269,0.0,71.49208787474765,3.2005741158942115e-06,2.560459292715369e-07,0.00022881572594315175,0.00018995634999461022,0.0018375990733915067
3787.2000000000003,1035.41806301021,964.5819369897896,920.6685086235134,179.33149137648692,0.017986209962091555,0.007933149137648693,0.0,70.83612602042047,3.2005741158942115e-06,2.560459292715369e-07,0.0002267162714111782,0.00018981632548440428,0.001820724356612389
3801.6,1035.0930912866543,964.9069087133455,920.395273870528,179.60472612947234,0.017986209962091555,0.007960472612947236,0.0,70.18618257330877,3.2005741158942115e-06,2.560459292715369e-07,0.00022463607923755744,0.00018967640419192944,0.0018040048514204848
3816.0,1034.7711011498725,965.2288988501272,920.1222405299325,179.8777594700678,0.017986209962091555,0.00798777594700678,0.0,69.54220229974533,3.2005741158942115e-06,2.560459292715369e-07,0.0002225749726428438,0.00018953658604109968,0.0017874391227927923
3830.4,1034.4520652375268,965.5479347624735,919.8494084532579,180.1505915467424,0.017986209962091555,0.00801505915467424,0.0,68.90413047505331,3.2005741158942115e-06,2.560459292715369e-07,0.00022053277647665314,0.0001893968709558852,0.001771025749219047
3844.8,1034.1359564396298,965.8640435603699,919.5767774921444,180.42322250785597,0.017986209962091555,0.008042322250785598,0.0,68.27191287925996,3.2005741158942115e-06,2.560459292715369e-07,0.00021850931720394408,0.0001892572588603122,0.0017547633225796894
3859.2000000000003,1033.8227478964382,966.177252103562,919.3043474983413,180.69565250165897,0.017986209962091555,0.008069565250165896,0.0,67.6454957928762,3.2005741158942115e-06,2.560459292715369e-07,0.00021650442289151037,0.0001891177496784627,0.0017386504480258575
3873.6,1033.5124129963672,966.487587003633,919.0321183237078,180.96788167629242,0.017986209962091555,0.008096788167629243,0.0,67.02482599273412,3.2005741158942115e-06,2.560459292715369e-07,0.0002145179231946584,0.000188978343334475,0.0017226857438611507
3888.0,1033.204925373947,966.795074626053,918.760089820212,181.23991017978835,0.017986209962091555,0.008123991017978836,0.0,66.40985074789398,3.2005741158942115e-06,2.560459292715369e-07,0.00021254964934410732,0.0001888390397525431,0.0017068678414255067
3902.4,1032.900258907805,967.0997410921949,918.4882618399307,181.51173816006954,0.017986209962091555,0.008151173816006954,0.0,65.80051781561008,3.2005741158942115e-06,2.560459292715369e-07,0.00021059943413307753,0.0001886998388569169,0.0016911953849809268
3916.8,1032.598387718681,967.4016122813191,918.2166342350504,181.78336576494976,0.017986209962091555,0.008178336576494982,0.0,65.1967754373618,3.2005741158942115e-06,2.560459292715369e-07,0.00020866711190458767,0.00018856074057190214,0.0016756670315990878
3931.2000000000003,1032.2992861674738,967.7007138325262,917.9452068578662,182.05479314213392,0.017986209962091555,0.008205479314213388,0.0,64.59857233494768,3.2005741158942115e-06,2.560459292715369e-07,0.00020675251853895344,0.00018842174482186044,0.0016602814510509418
3945.6,1032.0029288533217,967.9970711466786,917.6739795607824,182.32602043921773,0.017986209962091555,0.008232602043921775,0.0,64.00585770664304,3.2005741158942115e-06,2.560459292715369e-07,0.00020485549144148976,0.0001882828515312092,0.0016450373256981735
3960.0,1031.709290611711,968.2907093882891,917.4029521963115,182.59704780368853,0.017986209962091555,0.008259704780368858,0.0,63.418581223421825,3.2005741158942115e-06,2.560459292715369e-07,0.00020297586953041855,0.00018814406062442126,0.0016299333503865757
3974.4,1031.4183465126193,968.5816534873807,917.1321246170754,182.86787538292467,0.017986209962091555,0.00828678753829247,0.0,62.836693025238674,3.2005741158942115e-06,2.560459292715369e-07,0.00020111349322496925,0.0001880053720260255,0.0016149682323412784
3988.8,1031.130071858689,968.8699281413105,916.8614966758043,183.1385033241959,0.017986209962091555,0.008313850332419595,0.0,62.26014371737847,3.2005741158942115e-06,2.560459292715369e-07,0.00019926820443369516,0.0001878667856606063,0.0016001406910639148
4003.2000000000003,1030.8444421834333,969.1555578165666,916.5910682253367,183.40893177466344,0.017986209962091555,0.00834089317746635,0.0,61.68888436686677,3.2005741158942115e-06,2.560459292715369e-07,0.00019743984654298487,0.00018772830145280344,0.0015854494582316205
4017.6,1030.5614332494715,969.4385667505284,916.3208391186201,183.67916088138008,0.017986209962091555,0.00836791608813801,0.0,61.122866498943154,3.2005741158942115e-06,2.560459292715369e-07,0.0001956282644057749,0.0001875899193273125,0.0015708932775979026
4032.0,1030.2810210468003,969.7189789531994,916.0508092087101,183.9491907912901,0.017986209962091555,0.008394919079129011,0.0,60.562042093600894,3.2005741158942115e-06,2.560459292715369e-07,0.0001938333043304747,0.00018745163920888444,0.0015564709048954037
4046.4,1030.0031817910926,969.9968182089071,915.7809783487706,184.21902165122955,0.017986209962091555,0.00842190216512296,0.0,60.006363582185486,3.2005741158942115e-06,2.560459292715369e-07,0.00019205481407007992,0.00018731346102232574,0.001542181107740471
4060.8,1029.7278919220303,970.2721080779693,915.5113463920742,184.48865360792618,0.017986209962091555,0.008448865360792621,0.0,59.45578384406099,3.2005741158942115e-06,2.560459292715369e-07,0.00019029264281150284,0.00018717538469249843,0.0015280226655396303
4075.2000000000003,1029.4551281016686,970.5448718983313,915.2419131920007,184.75808680799963,0.017986209962091555,0.00847580868079997,0.0,58.910256203337326,3.2005741158942115e-06,2.560459292715369e-07,0.00018854664116509784,0.0001870374101443196,0.0015139943693978624
4089.6,1029.18486721283,970.8151327871694,914.9726786020387,185.02732139796146,0.017986209962091555,0.00850273213979615,0.0,58.36973442566068,3.2005741158942115e-06,2.560459292715369e-07,0.00018681666115438885,0.0001868995373027619,0.0015000950220287151
4104.0,1028.9170863575341,971.0829136424657,914.7036424757852,185.29635752421515,0.017986209962091555,0.008529635752421516,0.0,57.83417271506846,3.2005741158942115e-06,2.560459292715369e-07,0.00018510255620600338,0.00018676176609285346,0.0014863234376662677
4118.400000000001,1028.6517628554539,971.348237144546,914.4348046669438,185.56519533305638,0.017986209962091555,0.008556519533305641,0.0,57.30352571090782,3.2005741158942115e-06,2.560459292715369e-07,0.00018340418113981001,0.00018662409643967727,0.0014726784419789515
4132.8,1028.3888742404251,971.6111257595746,914.1661650293273,185.83383497067285,0.017986209962091555,0.008583383497067287,0.0,56.777748480850505,3.2005741158942115e-06,2.560459292715369e-07,0.00018172139214656203,0.00018648652826837192,0.0014591588718831274
4147.2,1028.1283978863414,971.8716021136581,913.8977234168555,186.10227658314471,0.017986209962091555,0.008610227658314472,0.0,56.25679577268329,3.2005741158942115e-06,2.560459292715369e-07,0.00018005404439319704,0.0001863490615041309,0.0014457635562978859
4161.6,1027.870311404491,972.1296885955089,913.6294796835559,186.37052031644427,0.017986209962091555,0.008637052031644435,0.0,55.74062280898215,3.2005741158942115e-06,2.560459292715369e-07,0.00017840199456625077,0.000186211696072203,0.0014324913365731027
4176.0,1027.61459286004,972.3854071399599,913.3614336835639,186.6385663164364,0.017986209962091555,0.008663856631643641,0.0,55.22918572008007,3.2005741158942115e-06,2.560459292715369e-07,0.00017676510225760248,0.00018607443189789204,0.0014193410776156326
4190.400000000001,1027.3612205201234,972.6387794798766,913.0935852711218,186.9064147288782,0.017986209962091555,0.008690641472887822,0.0,54.72244104024685,3.2005741158942115e-06,2.560459292715369e-07,0.00017514322835196117,0.00018593726890655683,0.0014063116549281795
4204.8,1027.1101728521405,972.8898271478594,912.8259343005808,187.1740656994195,0.017986209962091555,0.00871740656994195,0.0,54.22034570428116,3.2005741158942115e-06,2.560459292715369e-07,0.00017353623501595818,0.00018580020702361157,0.0013934019545157935
4219.2,1026.8614285220804,973.1385714779199,912.5584806263975,187.44151937360266,0.017986209962091555,0.008744151937360266,0.0,53.72285704416049,3.2005741158942115e-06,2.560459292715369e-07,0.00017194398568742508,0.00018566324617452488,0.0013806108727940289
4233.6,1026.6149663928688,973.3850336071313,912.2912241031373,187.70877589686287,0.017986209962091555,0.008770877589686291,0.0,53.22993278573756,3.2005741158942115e-06,2.560459292715369e-07,0.0001703663450648203,0.0001855263862848208,0.0013679373164984033
4248.0,1026.3707655227438,973.6292344772557,912.024164585472,187.97583541452804,0.017986209962091555,0.008797583541452807,0.0,52.741531045488045,3.2005741158942115e-06,2.560459292715369e-07,0.00016880317909682,0.00018538962728007803,0.0013553802025954096
4262.400000000001,1026.128805163657,973.871194836343,911.757301928181,188.242698071819,0.017986209962091555,0.008824269807181899,0.0,52.25761032731407,3.2005741158942115e-06,2.560459292715369e-07,0.00016725435497208743,0.00018525296908593014,0.0013429384581950367
4276.8,1025.8890647596943,974.1109352403055,911.4906359861508,188.5093640138494,0.017986209962091555,0.008850936401384941,0.0,51.77812951938881,3.2005741158942115e-06,2.560459292715369e-07,0.00016571974110917383,0.00018511641162806565,0.0013306110204645385
4291.2,1025.6515239455305,974.3484760544695,911.2241666143742,188.77583338562604,0.017986209962091555,0.008877583338562606,0.0,51.30304789106094,3.2005741158942115e-06,2.560459292715369e-07,0.00016419920714661076,0.0001849799548322278,0.0013183968365438478
4305.6,1025.416162544902,974.583837455098,910.9578936679515,189.04210633204886,0.017986209962091555,0.00890421063320489,0.0,50.83232508980393,3.2005741158942115e-06,2.560459292715369e-07,0.00016269262393314637,0.0001848435986242144,0.0013062948634623196
4320.0,1025.18296056911,974.8170394308898,910.6918170020892,189.3081829979109,0.017986209962091555,0.008930818299791093,0.0,50.36592113822019,3.2005741158942115e-06,2.560459292715369e-07,0.00016119986351815666,0.00018470734292987812,0.001294304068056982
4334.400000000001,1024.9518982155464,975.0481017844535,910.4259364721017,189.57406352789857,0.017986209962091555,0.008957406352789857,0.0,49.90379643109293,3.2005741158942115e-06,2.560459292715369e-07,0.00015972079914220995,0.00018457118767512635,0.0012824234268921603
4348.8,1024.7229558662445,975.2770441337555,910.160251933409,189.8397480665914,0.017986209962091555,0.008983974806659141,0.0,49.445911732489094,3.2005741158942115e-06,2.560459292715369e-07,0.0001582553052277945,0.00018443513278592103,0.0012706519261805336
4363.2,1024.4961140864577,975.503885913542,909.8947632415376,190.1052367584626,0.017986209962091555,0.009010523675846262,0.0,48.9922281729157,3.2005741158942115e-06,2.560459292715369e-07,0.00015680325737021716,0.00018429917818827847,0.001258988561705705
4377.6,1024.2713536232613,975.7286463767385,909.6294702521215,190.37052974787875,0.017986209962091555,0.009037052974787883,0.0,48.54270724652281,3.2005741158942115e-06,2.560459292715369e-07,0.00015536453232865128,0.0001841633238082699,0.001247432338746057
4392.0,1024.0486554041802,975.9513445958197,909.3643728209,190.6356271791001,0.017986209962091555,0.009063562717910015,0.0,48.097310808360476,3.2005741158942115e-06,2.560459292715369e-07,0.00015393900801735744,0.00018402756957202075,0.0012359822720001323
4406.400000000001,1023.8280005358428,976.1719994641571,909.0994708037198,190.9005291962805,0.017986209962091555,0.009090052919628052,0.0,47.65600107168564,3.2005741158942115e-06,2.560459292715369e-07,0.00015252656349706387,0.00018389191540571108,0.0012246373855134076
4420.8,1023.6093703026588,976.3906296973411,908.8347640565329,191.16523594346742,0.017986209962091555,0.009116523594346749,0.0,47.21874060531775,3.2005741158942115e-06,2.560459292715369e-07,0.00015112707896650297,0.00018375636123557523,0.001213396712606446
4435.2,1023.3927461655246,976.6072538344753,908.5702524353978,191.42974756460237,0.017986209962091555,0.009142974756460242,0.0,46.78549233104934,3.2005741158942115e-06,2.560459292715369e-07,0.00014974043575412366,0.00018362090698790197,0.001202259295804522
4449.6,1023.1781097605506,976.8218902394493,908.3059357964795,191.69406420352064,0.017986209962091555,0.009169406420352067,0.0,46.35621952110125,3.2005741158942115e-06,2.560459292715369e-07,0.00014836651630994663,0.00018348555258903445,0.0011912241867685484
4464.0,1022.965442897818,977.0345571021819,908.0418139960487,191.95818600395148,0.017986209962091555,0.00919581860039515,0.0,45.93088579563607,3.2005741158942115e-06,2.560459292715369e-07,0.00014700520419760592,0.00018335029796537008,0.0011802904462275678
4478.400000000001,1022.7547275601572,977.2452724398427,907.777886890482,192.22211310951818,0.017986209962091555,0.00922221131095182,0.0,45.509455120314556,3.2005741158942115e-06,2.560459292715369e-07,0.00014565638408652805,0.00018321514304336052,0.0011694571439124766
4492.8,1022.5459459019544,977.4540540980455,907.5141543362619,192.48584566373822,0.017986209962091555,0.009248584566373825,0.0,45.09189180390888,3.2005741158942115e-06,2.560459292715369e-07,0.0001443199417442931,0.00018308008774951167,0.001158723358491252
4507.2,1022.3390802479815,977.6609197520183,907.250616189977,192.74938381002323,0.017986209962091555,0.009274938381002327,0.0,44.6781604959632,3.2005741158942115e-06,2.560459292715369e-07,0.0001429957640291471,0.0001829451320103836,0.0011480881775055725
4521.6,1022.134112990285,977.8658870097149,906.9872723083209,193.01272769167923,0.017986209962091555,0.009301272769167925,0.0,44.26822598057004,3.2005741158942115e-06,2.560459292715369e-07,0.0001416837382299681,0.0001828102757525904,0.0011375506920665449
4536.0,1021.9310263495396,978.0689736504603,906.7241225480938,193.27587745190658,0.017986209962091555,0.009327587745190661,0.0,43.8620526990793,3.2005741158942115e-06,2.560459292715369e-07,0.00014038375053866103,0.00018267551890280048,0.0011271099845831377
4550.400000000001,1021.7298030244996,978.2701969755003,906.4611667662002,193.53883323380006,0.017986209962091555,0.00935388332338001,0.0,43.45960604899926,3.2005741158942115e-06,2.560459292715369e-07,0.00013909569020738655,0.000182540861387736,0.001116765162147753
4564.8,1021.5304259121993,978.4695740878005,906.1984048196514,193.8015951803489,0.017986209962091555,0.009380159518034894,0.0,43.06085182439881,3.2005741158942115e-06,2.560459292715369e-07,0.00013781944775752687,0.00018240630313417342,0.0011065153421483966
4579.2,1021.3328780672074,978.6671219327925,905.9358365655632,194.06416343443703,0.017986209962091555,0.009406416343443703,0.0,42.66575613441489,3.2005741158942115e-06,2.560459292715369e-07,0.00013655491471886299,0.000182271844068943,0.001096359650170995
4593.6,1021.1371427003089,978.862857299691,905.6734618611572,194.32653813884298,0.017986209962091555,0.009432653813884298,0.0,42.27428540061794,3.2005741158942115e-06,2.560459292715369e-07,0.00013530198362114235,0.00018213748411892902,0.001086297219928922
4608.0,1020.943203177203,979.0567968227969,905.4112805637601,194.58871943624,0.017986209962091555,0.009458871943624002,0.0,41.886406354406176,3.2005741158942115e-06,2.560459292715369e-07,0.00013406054798573922,0.00018200322321106974,0.001076327193193309
4622.400000000001,1020.7510430172257,979.2489569827742,905.1492925308039,194.85070746919632,0.017986209962091555,0.009485070746919635,0.0,41.50208603445151,3.2005741158942115e-06,2.560459292715369e-07,0.00013283050231748013,0.00018186906127235712,0.0010664487197247527
4636.8,1020.5606458920882,979.4393541079116,904.8874976198251,195.1125023801749,0.017986209962091555,0.009511250238017495,0.0,41.121291784176606,3.2005741158942115e-06,2.560459292715369e-07,0.00013161174209656894,0.00018173499822983694,0.0010566609572059053
4651.2,1020.3719956246382,979.6280043753617,904.6258956884662,195.37410431153384,0.017986209962091555,0.009537410431153385,0.0,40.74399124927652,3.2005741158942115e-06,2.560459292715369e-07,0.00013040416377065468,0.00018160103401060888,0.0010469630711753073
4665.6,1020.1850761876399,979.81492381236,904.364486594474,195.63551340552615,0.017986209962091555,0.009563551340552619,0.0,40.37015237527987,3.2005741158942115e-06,2.560459292715369e-07,0.00012920766474702598,0.00018146716854182632,0.0010373542349622407
4680.0,1019.9998717025729,980.000128297427,904.1032701957001,195.89672980430007,0.017986209962091555,0.009589672980430008,0.0,39.99974340514598,3.2005741158942115e-06,2.560459292715369e-07,0.0001280221433849204,0.00018133340175069626,0.0010278336296226376
4694.400000000001,1019.8163664384546,980.1836335615453,903.842246350101,196.1577536498991,0.017986209962091555,0.009615775364989906,0.0,39.632732876909245,3.2005741158942115e-06,2.560459292715369e-07,0.00012684749898798526,0.0001811997335644794,0.0010184004438762418
4708.8,1019.6345448106777,980.3654551893222,903.5814149157383,196.41858508426182,0.017986209962091555,0.009641858508426185,0.0,39.26908962135542,3.2005741158942115e-06,2.560459292715369e-07,0.00012568363179684018,0.0001810661639104901,0.0010090538740446383
4723.2,1019.4543913798718,980.5456086201281,903.3207757507777,196.67922424922247,0.017986209962091555,0.00966792242492225,0.0,38.90878275974376,3.2005741158942115e-06,2.560459292715369e-07,0.0001245304429817868,0.0001809326927160963,0.0009997931239905506
4737.6,1019.275890850783,980.7241091492169,903.0603287134895,196.9396712865106,0.017986209962091555,0.009693967128651063,0.0,38.55178170156603,3.2005741158942115e-06,2.560459292715369e-07,0.00012338783463563632,0.0001807993199087194,0.0009906174050581223
4752.0,1019.0990280711735,980.9009719288264,902.8000736622491,197.1999263377512,0.017986209962091555,0.009719992633775126,0.0,38.19805614234713,3.2005741158942115e-06,2.560459292715369e-07,0.00012225570976667012,0.00018066604541583443,0.0009815259360143422
4766.400000000001,1018.9237880307413,981.0762119692586,902.5400104555351,197.45998954446506,0.017986209962091555,0.009745998954446508,0.0,37.847576061482755,3.2005741158942115e-06,2.560459292715369e-07,0.0001211339722917191,0.0001805328691649696,0.0009725179429914646
4780.8,1018.7501558600616,981.2498441399383,902.2801389519318,197.71986104806842,0.017986209962091555,0.009771986104806847,0.0,37.50031172012325,3.2005741158942115e-06,2.560459292715369e-07,0.00012002252702939082,0.000180399791083707,0.0009635926594306973
4795.2,1018.5781168295437,981.4218831704562,902.0204590101267,197.97954098987347,0.017986209962091555,0.009797954098987354,0.0,37.156233659087434,3.2005741158942115e-06,2.560459292715369e-07,0.0001189212796933925,0.0001802668110996817,0.0009547493260266595
4809.6,1018.4076563484136,981.5923436515862,901.7609704889121,198.23902951108818,0.017986209962091555,0.00982390295110882,0.0,36.81531269682739,3.2005741158942115e-06,2.560459292715369e-07,0.00011783013688601727,0.00018013392914058228,0.0009459871906732633
4824.0,1018.2387599637124,981.7612400362875,901.5016732471839,198.49832675281627,0.017986209962091555,0.009849832675281634,0.0,36.47751992742485,3.2005741158942115e-06,2.560459292715369e-07,0.00011674900609173128,0.00018000114513415063,0.0009373055084104233
4838.400000000001,1018.0714133593158,981.9285866406841,901.2425671439426,198.75743285605773,0.017986209962091555,0.00987574328560578,0.0,36.14282671863168,3.2005741158942115e-06,2.560459292715369e-07,0.00011567779567090228,0.00017986845900818188,0.0009287035413719535
4852.8,1017.9056023549743,982.0943976450255,900.9836520382919,199.01634796170836,0.017986209962091555,0.009901634796170839,0.0,35.81120470994881,3.2005741158942115e-06,2.560459292715369e-07,0.00011461641485365104,0.00017973587069052436,0.0009201805587344907
4867.2,1017.7413129053725,982.2586870946274,900.7249277894399,199.2750722105602,0.017986209962091555,0.009927507221056025,0.0,35.48262581074516,3.2005741158942115e-06,2.560459292715369e-07,0.00011356477373383083,0.00017960338010907962,0.0009117358366675274
4881.6,1017.5785310992088,982.4214689007911,900.4663942566987,199.5336057433016,0.017986209962091555,0.009953360574330163,0.0,35.15706219841775,3.2005741158942115e-06,2.560459292715369e-07,0.00011252278326313869,0.0001794709871918024,0.0009033686582844991
4896.0,1017.4172431541502,982.5827568458496,900.2080512994831,199.79194870051697,0.017986209962091555,0.009979194870051708,0.0,34.8344863083006,3.2005741158942115e-06,2.560459292715369e-07,0.0001114903552188182,0.00017933869186670043,0.0008950783133818941
4910.400000000001,1017.2574351511405,982.7425648488594,899.9498987773127,200.05010122268743,0.017986209962091555,0.010005010122268747,0.0,34.51487030228111,3.2005741158942115e-06,2.560459292715369e-07,0.00011046740050292675,0.00017920649406183458,0.0008868640847810639
4924.8,1017.0990933614859,982.900906638514,899.69193654981,200.30806345019033,0.017986209962091555,0.010030806345019036,0.0,34.198186722971855,3.2005741158942115e-06,2.560459292715369e-07,0.0001094538312360608,0.00017907439370531877,0.0008787252651393852
4939.2,1016.9422043272798,983.0577956727201,899.4341644767006,200.56583552329957,0.017986209962091555,0.010056583552329962,0.0,33.88440865455971,3.2005741158942115e-06,2.560459292715369e-07,0.0001084495612721656,0.00017894239072531972,0.0008706611610825538
4953.6,1016.7867547146786,983.2132452853212,899.1765824178146,200.82341758218567,0.017986209962091555,0.010082341758218571,0.0,33.57350942935739,3.2005741158942115e-06,2.560459292715369e-07,0.00010745450525933149,0.00017881048505005742,0.0008626710856614203
4968.0,1016.6327313128661,983.3672686871338,898.9191902330846,201.0808097669158,0.017986209962091555,0.010108080976691582,0.0,33.26546262573231,3.2005741158942115e-06,2.560459292715369e-07,0.00010646857863316513,0.00017867867660780452,0.0008547543582974106
4982.400000000001,1016.4801210330354,983.5198789669645,898.6619877825465,201.33801221745384,0.017986209962091555,0.010133801221745386,0.0,32.96024206607092,3.2005741158942115e-06,2.560459292715369e-07,0.00010549169761027414,0.00017854696532688664,0.0008469103047288769
4996.8,1016.3289109073852,983.6710890926147,898.4049749263397,201.59502507366057,0.017986209962091555,0.010159502507366058,0.0,32.6578218147705,3.2005741158942115e-06,2.560459292715369e-07,0.00010452377918183979,0.0001784153511356823,0.0008391382569582224
5011.2,1016.1790880881325,983.8209119118674,898.1481515247066,201.85184847529362,0.017986209962091555,0.010185184847529363,0.0,32.35817617626515,3.2005741158942115e-06,2.560459292715369e-07,0.00010356474110729896,0.00017828383396262262,0.0008314375531999171
5025.6,1016.0306398465414,983.9693601534585,897.8915174379925,202.10848256200762,0.017986209962091555,0.010210848256200769,0.0,32.06127969308284,3.2005741158942115e-06,2.560459292715369e-07,0.00010261450190812565,0.00017815241373619173,0.0008238075378293643
5040.0,1015.8835535719668,984.1164464280331,897.6350725266459,202.36492747335433,0.017986209962091555,0.010236492747335438,0.0,31.767107143933686,3.2005741158942115e-06,2.560459292715369e-07,0.00010167298086171224,0.00017802109038492632,0.000816247561332568
5054.400000000001,1015.7378167709148,984.262183229085,897.3788166512176,202.6211833487825,0.017986209962091555,0.010262118334878254,0.0,31.47563354182978,3.2005741158942115e-06,2.560459292715369e-07,0.00010074009799535204,0.0001778898638374157,0.0008087569802566908
5068.8,1015.5934170661176,984.4065829338823,897.1227496723621,202.87725032763817,0.017986209962091555,0.010287725032763817,0.0,31.186834132235276,3.2005741158942115e-06,2.560459292715369e-07,9.981577408031834e-05,0.00017775873402230203,0.0008013351571614041
5083.2,1015.4503421956256,984.5496578043743,896.8668714508356,203.13312854916458,0.017986209962091555,0.010313312854916464,0.0,30.900684391251275,3.2005741158942115e-06,2.560459292715369e-07,9.889993062605512e-05,0.00017762770086827983,0.0007939814605711106
5097.6,1015.3085800119144,984.6914199880855,896.6111818474977,203.38881815250252,0.017986209962091555,0.010338881815250257,0.0,30.617160023828887,3.2005741158942115e-06,2.560459292715369e-07,9.799248987445774e-05,0.0001774967643040964,0.0007866952649280271
5112.0,1015.1681184810072,984.8318815189926,896.3556807233102,203.64431927668994,0.017986209962091555,0.010364431927669003,0.0,30.336236962014596,3.2005741158942115e-06,2.560459292715369e-07,9.709337479425717e-05,0.00017736592425855136,0.000779475950546019
5126.400000000001,1015.028945681614,984.9710543183859,896.1003679393375,203.8996320606626,0.017986209962091555,0.01038996320606626,0.0,30.057891363228123,3.2005741158942115e-06,2.560459292715369e-07,9.62025090755081e-05,0.000177235180660497,0.0007723229035653683
5140.8,1014.891049804286,985.1089501957139,895.8452433567466,204.15475664325353,0.017986209962091555,0.010415475664325357,0.0,29.78209960857214,3.2005741158942115e-06,2.560459292715369e-07,9.531981712417911e-05,0.00017710453343883797,0.0007652355159083504
5155.2,1014.7544191505855,985.2455808494144,895.5903068368065,204.40969316319368,0.017986209962091555,0.010440969316319371,0.0,29.508838301171068,3.2005741158942115e-06,2.560459292715369e-07,9.444522405683584e-05,0.00017697398252253135,0.0007582131852356208
5169.6,1014.6190421322722,985.3809578677277,895.3355582408885,204.6644417591116,0.017986209962091555,0.010466444175911166,0.0,29.238084264544455,3.2005741158942115e-06,2.560459292715369e-07,9.357865569543483e-05,0.0001768435278405865,0.0007512553149034684
5184.0,1014.4849072705033,985.5150927294966,895.0809974304665,204.91900256953366,0.017986209962091555,0.01049190025695337,0.0,28.969814541006713,3.2005741158942115e-06,2.560459292715369e-07,9.272003856220183e-05,0.00017671316932206524,0.0007443613139217998
5198.400000000001,1014.3520031950542,985.6479968049457,894.826624267116,205.17337573288424,0.017986209962091555,0.010517337573288427,0.0,28.704006390108475,3.2005741158942115e-06,2.560459292715369e-07,9.186929987464324e-05,0.00017658290689608159,0.0007375305969132425
5212.8,1014.2203186435481,985.7796813564518,894.5724386125147,205.4275613874854,0.017986209962091555,0.010542756138748544,0.0,28.440637287096365,3.2005741158942115e-06,2.560459292715369e-07,9.10263675406164e-05,0.00017645274049180184,0.0007307625840726807
5227.2,1014.0898424607076,985.9101575392923,894.3184403284425,205.68155967155755,0.017986209962091555,0.01056815596715576,0.0,28.179684921415287,3.2005741158942115e-06,2.560459292715369e-07,9.019117015353618e-05,0.00017632267003844457,0.0007240567011279689
5241.6,1013.9605635976171,986.0394364023828,894.064629276781,205.93537072321905,0.017986209962091555,0.010593537072321912,0.0,27.921127195234362,3.2005741158942115e-06,2.560459292715369e-07,8.936363698765704e-05,0.00017619269546528045,0.0007174123793012352
5256.0,1013.8324711110051,986.1675288889948,893.8110053195138,206.18899468048653,0.017986209962091555,0.010618899468048653,0.0,27.66494222201038,3.2005741158942115e-06,2.560459292715369e-07,8.854369799347532e-05,0.0001760628167016324,0.0007108290552711963
5270.400000000001,1013.7055541625401,986.2944458374598,893.5575683187255,206.44243168127463,0.017986209962091555,0.01064424316812747,0.0,27.411108325080363,3.2005741158942115e-06,2.560459292715369e-07,8.773128379322455e-05,0.00017593303367687517,0.00070430617113623
5284.8,1013.5798019339854,986.4201980660144,893.3043181366035,206.6956818633968,0.017986209962091555,0.01066956818633968,0.0,27.159603867970986,3.2005741158942115e-06,2.560459292715369e-07,8.692632513776825e-05,0.0001758033463204359,0.0006978431700530328
5299.2,1013.4552034984699,986.54479650153,893.0512546354357,206.94874536456447,0.017986209962091555,0.01069487453645645,0.0,26.91040699693997,3.2005741158942115e-06,2.560459292715369e-07,8.612875208258455e-05,0.0001756737545617935,0.0006914394896200235
5313.6,1013.331748247236,986.6682517527639,892.7983776776122,207.2016223223879,0.017986209962091555,0.010720162232238796,0.0,26.663496494472042,3.2005741158942115e-06,2.560459292715369e-07,8.533849671944326e-05,0.00017554425833047897,0.0006850945838092009
5328.0,1013.2094256880448,986.7905743119551,892.5456871256246,207.4543128743757,0.017986209962091555,0.010745431287437573,0.0,26.41885137608972,3.2005741158942115e-06,2.560459292715369e-07,8.455549188596893e-05,0.00017541485755607532,0.0006788079126045323
5342.400000000001,1013.0882254252853,986.9117745747146,892.2931828420652,207.70681715793512,0.017986209962091555,0.010770681715793514,0.0,26.17645085057063,3.2005741158942115e-06,2.560459292715369e-07,8.377967103831337e-05,0.00017528555216821728,0.0006725789409789543
5356.8,1012.9681371591574,987.0318628408425,892.0408646896279,207.95913531037215,0.017986209962091555,0.010795913531037218,0.0,25.936274318314986,3.2005741158942115e-06,2.560459292715369e-07,8.301096824593073e-05,0.00017515634209659158,0.0006664071388518047
5371.2,1012.8491506848707,987.1508493151292,891.7887325311086,208.21126746889158,0.017986209962091555,0.010821126746889162,0.0,25.698301369741444,3.2005741158942115e-06,2.560459292715369e-07,8.224931818644322e-05,0.00017502722727093692,0.0006602919810469556
5385.6,1012.7312558918525,987.2687441081474,891.5367862294031,208.46321377059706,0.017986209962091555,0.010846321377059714,0.0,25.462511783705054,3.2005741158942115e-06,2.560459292715369e-07,8.149465614057775e-05,0.00017489820762104348,0.0006542329472515722
5400.0,1012.614442762969,987.3855572370309,891.285025647509,208.71497435249123,0.017986209962091555,0.010871497435249126,0.0,25.228885525938153,3.2005741158942115e-06,2.560459292715369e-07,8.074691798717578e-05,0.00017476928307675344,0.0006482295219754427
5414.400000000001,1012.4987013737589,987.501298626241,891.0334506485245,208.96654935147558,0.017986209962091555,0.01089665493514756,0.0,24.997402747517867,3.2005741158942115e-06,2.560459292715369e-07,8.000604019828854e-05,0.00017464045356796056,0.0006422811945110372
5428.8,1012.3840218916783,987.6159781083215,890.7820610956494,209.2179389043508,0.017986209962091555,0.010921793890435082,0.0,24.768043783356802,3.2005741158942115e-06,2.560459292715369e-07,7.927195983434632e-05,0.00017451171902461038,0.0006363874588941633
5443.2,1012.2703945753585,987.7296054246414,890.5308568521833,209.4691431478167,0.017986209962091555,0.010946914314781677,0.0,24.54078915071716,3.2005741158942115e-06,2.560459292715369e-07,7.854461453940283e-05,0.0001743830793767,0.0006305478138652306
5457.6,1012.1578097738751,987.8421902261248,890.2798377815278,209.72016221847247,0.017986209962091555,0.01097201622184725,0.0,24.315619547750316,3.2005741158942115e-06,2.560459292715369e-07,7.782394253646098e-05,0.0001742545345542782,0.0006247617628312044
5472.0,1012.0462579260299,987.95374207397,890.0290037471839,209.9709962528163,0.017986209962091555,0.010997099625281632,0.0,24.09251585205982,3.2005741158942115e-06,2.560459292715369e-07,7.710988262287363e-05,0.00017412608448744515,0.000619028813828175
5486.400000000001,1011.9357295596443,988.0642704403556,889.7783546127542,210.22164538724604,0.017986209962091555,0.011022164538724611,0.0,23.871459119288716,3.2005741158942115e-06,2.560459292715369e-07,7.64023741658223e-05,0.00017399772910635286,0.0006133484794845291
5500.8,1011.8262152908652,988.1737847091347,889.5278902419413,210.47210975805888,0.017986209962091555,0.011047210975805894,0.0,23.652430581730528,3.2005741158942115e-06,2.560459292715369e-07,7.57013570978714e-05,0.00017386946834120447,0.00060772027698479
5515.2,1011.7177058234822,988.2822941765177,889.2776104985487,210.72238950145157,0.017986209962091555,0.011072238950145157,0.0,23.435411646964553,3.2005741158942115e-06,2.560459292715369e-07,7.500677191260048e-05,0.00017374130212225486,0.0006021437280340927
5529.6,1011.610191948259,988.3898080517409,889.0275152464797,210.97248475352035,0.017986209962091555,0.01109724847535204,0.0,23.220383896518,3.2005741158942115e-06,2.560459292715369e-07,7.431855966032229e-05,0.00017361323037981007,0.0005966183588233139
5544.0,1011.5036645422732,988.4963354577267,888.7776043497389,211.22239565026135,0.017986209962091555,0.01112223956502614,0.0,23.00732908454654,3.2005741158942115e-06,2.560459292715369e-07,7.363666194385972e-05,0.00017348525304422787,0.0005911436999947258
5558.400000000001,1011.3981145682726,988.6018854317273,888.5278776724299,211.4721223275703,0.017986209962091555,0.011147212232757036,0.0,22.79622913654532,3.2005741158942115e-06,2.560459292715369e-07,7.29610209144204e-05,0.0001733573700459169,0.0005857192866084617
5572.8,1011.29353307404,988.7064669259598,888.2783350787573,211.72166492124276,0.017986209962091555,0.01117216649212428,0.0,22.587066148080226,3.2005741158942115e-06,2.560459292715369e-07,7.229157926753595e-05,0.0001732295813153375,0.0005803446581094725
5587.2,1011.1899111917717,988.8100888082282,888.0289764330261,211.97102356697422,0.017986209962091555,0.011197102356697424,0.0,22.379822383543456,3.2005741158942115e-06,2.560459292715369e-07,7.162828023907908e-05,0.00017310188678300116,0.0005750193582951324
5601.6,1011.0872401374676,988.9127598625323,887.77980159964,212.22019840036018,0.017986209962091555,0.01122201984003602,0.0,22.174480274935263,3.2005741158942115e-06,2.560459292715369e-07,7.097106760136456e-05,0.00017297428637947032,0.0005697429352835498
5616.0,1010.9855112103339,989.014488789666,887.5308104431041,212.46918955689608,0.017986209962091555,0.011246918955689614,0.0,21.971022420667964,3.2005741158942115e-06,2.560459292715369e-07,7.031988565932127e-05,0.00017284678003535908,0.000564514941482442
5630.400000000001,1010.8847157921986,989.1152842078013,887.2820028280224,212.71799717197766,0.017986209962091555,0.011271799717197767,0.0,21.76943158439724,3.2005741158942115e-06,2.560459292715369e-07,6.967467924675172e-05,0.00017271936768133226,0.0005593349335587089
5644.8,1010.7848453469358,989.2151546530641,887.0333786190996,212.9666213809006,0.017986209962091555,0.011296662138090063,0.0,21.56969069387162,3.2005741158942115e-06,2.560459292715369e-07,6.903539372264977e-05,0.00017259204924810614,0.0005542024724085201
5659.2,1010.6858914149115,989.3141085850884,886.7849376811391,213.21506231886107,0.017986209962091555,0.011321506231886111,0.0,21.37178282982302,3.2005741158942115e-06,2.560459292715369e-07,6.84019749356439e-05,0.00017246482466644778,0.0005491171228714868
5673.6,1010.5878454517989,989.412154548201,886.5366798790444,213.46332012095556,0.017986209962091555,0.011346332012095558,0.0,21.17569090359791,3.2005741158942115e-06,2.560459292715369e-07,6.777436819223198e-05,0.00017233769386717533,0.0005440784454468985
5688.0,1010.4906990506263,989.5093009493736,886.2886050778192,213.71139492218094,0.017986209962091555,0.011371139492218097,0.0,20.981398101252694,3.2005741158942115e-06,2.560459292715369e-07,6.715251967814132e-05,0.00017221065678115817,0.0005390860077046696
5702.400000000001,1010.3944439546682,989.6055560453317,886.0407131425656,213.95928685743462,0.017986209962091555,0.011395928685743462,0.0,20.788887909336495,3.2005741158942115e-06,2.560459292715369e-07,6.653637654084851e-05,0.00017208371333931629,0.0005341393849474944
5716.8,1010.2990719832555,989.7009280167443,885.7930039384858,214.2069960615144,0.017986209962091555,0.011420699606151441,0.0,20.598143966511202,3.2005741158942115e-06,2.560459292715369e-07,6.592588641467827e-05,0.00017195686347262084,0.0005292381563978028
5731.2,1010.2045750311398,989.7954249688601,885.5454773308812,214.45452266911883,0.017986209962091555,0.01144545226691189,0.0,20.409150062279764,3.2005741158942115e-06,2.560459292715369e-07,6.532099741673334e-05,0.0001718301071120938,0.0005243819051647963
5745.6,1010.1109450678625,989.8890549321374,885.2981331851528,214.7018668148473,0.017986209962091555,0.011470186681484733,0.0,20.221890135725175,3.2005741158942115e-06,2.560459292715369e-07,6.472165814285848e-05,0.00017170344418880796,0.0005195702182117024
5760.0,1010.0181741371387,989.9818258628612,885.0509713668005,214.94902863319973,0.017986209962091555,0.011494902863319974,0.0,20.03634827427743,3.2005741158942115e-06,2.560459292715369e-07,6.4127817663694e-05,0.00017157687463388702,0.0005148026863238247
5774.400000000001,1009.9262543562473,990.0737456437525,884.8039917414231,215.19600825857697,0.017986209962091555,0.011519600825857701,0.0,19.852508712494796,3.2005741158942115e-06,2.560459292715369e-07,6.353942552077517e-05,0.0001714503983785053,0.0005100789040769419
5788.8,1009.8351779154334,990.1648220845665,884.5571941747191,215.4428058252809,0.017986209962091555,0.011544280582528096,0.0,19.670355830866924,3.2005741158942115e-06,2.560459292715369e-07,6.295643172270145e-05,0.00017132401535388796,0.0005053984698062599
5803.2,1009.7449370773166,990.2550629226832,884.3105785324859,215.68942146751436,0.017986209962091555,0.011568942146751438,0.0,19.489874154633412,3.2005741158942115e-06,2.560459292715369e-07,6.237878674135528e-05,0.0001711977254913109,0.0005007609855757782
5817.6,1009.6555241763137,990.3444758236861,884.064144680619,215.93585531938115,0.017986209962091555,0.011593585531938119,0.0,19.31104835262761,3.2005741158942115e-06,2.560459292715369e-07,6.180644150820148e-05,0.00017107152872210046,0.0004961660571483442
5832.0,1009.5669316180661,990.4330683819338,883.8178924851138,216.18210751488638,0.017986209962091555,0.011618210751488639,0.0,19.133863236132242,3.2005741158942115e-06,2.560459292715369e-07,6.123934741062471e-05,0.00017094542497763388,0.0004916132939559596
5846.400000000001,1009.4791518788807,990.5208481211192,883.571821812064,216.42817818793623,0.017986209962091555,0.01164281781879363,0.0,18.958303757761428,3.2005741158942115e-06,2.560459292715369e-07,6.067745628835119e-05,0.00017081941418933884,0.0004871023090708302
5860.8,1009.3921775051786,990.6078224948213,883.3259325276618,216.67406747233832,0.017986209962091555,0.011667406747233836,0.0,18.784355010357217,3.2005741158942115e-06,2.560459292715369e-07,6.012072042991705e-05,0.00017069349628869352,0.000482632719176755
5875.2,1009.3060011129539,990.693998887046,883.0802244981985,216.9197755018015,0.017986209962091555,0.011691977550180152,0.0,18.612002225907986,3.2005741158942115e-06,2.560459292715369e-07,5.956909256920655e-05,0.00017056767120722676,0.00047820414454108947
5889.6,1009.220615387242,990.7793846127579,882.8346975900641,217.16530240993617,0.017986209962091555,0.011716530240993617,0.0,18.441230774484097,3.2005741158942115e-06,2.560459292715369e-07,5.9022525882045564e-05,0.0001704419388765178,0.0004738162089871865
5904.0,1009.1360130815972,990.8639869184027,882.5893516697461,217.41064833025402,0.017986209962091555,0.011741064833025408,0.0,18.272026163194482,3.2005741158942115e-06,2.560459292715369e-07,5.8480973982862084e-05,0.0001703162992281962,0.00046946853986735374
5918.400000000001,1009.0521870175802,990.9478129824197,882.3441866038314,217.65581339616875,0.017986209962091555,0.01176558133961688,0.0,18.104374035160504,3.2005741158942115e-06,2.560459292715369e-07,5.794439092140195e-05,0.0001701907521939421,0.00046516076803626284
5932.8,1008.9691300842562,991.0308699157437,882.0992022590049,217.90079774099527,0.017986209962091555,0.01179007977409953,0.0,17.938260168512556,3.2005741158942115e-06,2.560459292715369e-07,5.741273117951742e-05,0.00017006529770548597,0.0004608925278249539
5947.2,1008.8868352377006,991.1131647622993,881.8543985020497,218.1456014979504,0.017986209962091555,0.011814560149795043,0.0,17.773670475401218,3.2005741158942115e-06,2.560459292715369e-07,5.6885949668002306e-05,0.00016993993569460847,0.00045666345701524797
5961.6,1008.8052955005168,991.1947044994831,881.6097751998471,218.39022480015285,0.017986209962091555,0.011839022480015289,0.0,17.61059100103364,3.2005741158942115e-06,2.560459292715369e-07,5.63640017235078e-05,0.00016981466609314064,0.000452473196814747
5976.0,1008.72450396136,991.2754960386399,881.365332219377,218.63466778062303,0.017986209962091555,0.011863466778062307,0.0,17.44900792272017,3.2005741158942115e-06,2.560459292715369e-07,5.5846843105491204e-05,0.00016968948883296388,0.0004483213918321738
5990.400000000001,1008.6444537744757,991.3555462255242,881.1210694277167,218.87893057228345,0.017986209962091555,0.011887893057228347,0.0,17.288907548951443,3.2005741158942115e-06,2.560459292715369e-07,5.533442999326202e-05,0.0001695644038460096,0.00044420769005344094
6004.8,1008.5651381592429,991.434861840757,880.8769866920417,219.1230133079585,0.017986209962091555,0.011912301330795853,0.0,17.130276318485926,3.2005741158942115e-06,2.560459292715369e-07,5.482671898306164e-05,0.00016943941106425947,0.00044013174281805014
6019.2,1008.4865503997304,991.5134496002695,880.6330838796254,219.3669161203747,0.017986209962091555,0.011936691612037474,0.0,16.973100799460894,3.2005741158942115e-06,2.560459292715369e-07,5.432366708521789e-05,0.00016931451041974537,0.00043609320479604674
6033.6,1008.4086838442604,991.5913161557395,880.3893608578393,219.61063914216078,0.017986209962091555,0.011961063914216086,0.0,16.817367688520903,3.2005741158942115e-06,2.560459292715369e-07,5.382523172135567e-05,0.0001691897018445492,0.0004320917339654571
6048.0,1008.3315318475177,991.6684681524822,880.1458174941523,219.85418250584775,0.017986209962091555,0.011985418250584782,0.0,16.663063695035476,3.2005741158942115e-06,2.560459292715369e-07,5.33313703538271e-05,0.00016906498527080293,0.00042812698863718045
6062.400000000001,1008.255087719273,991.7449122807269,879.9024536561312,220.0975463438689,0.017986209962091555,0.012009754634386893,0.0,16.51017543854607,3.2005741158942115e-06,2.560459292715369e-07,5.2842040157482916e-05,0.0001689403606306885,0.0004241986248197816
6076.8,1008.1793449551992,991.8206550448007,879.6592692114405,220.3407307885598,0.017986209962091555,0.012034073078855987,0.0,16.35868991039854,3.2005741158942115e-06,2.560459292715369e-07,5.2357199497161365e-05,0.000168815827856438,0.0004203063080807095
6091.2,1008.1042971180389,991.895702881961,879.4162640278415,220.58373597215862,0.017986209962091555,0.012058373597215868,0.0,16.20859423607783,3.2005741158942115e-06,2.560459292715369e-07,5.187680716702281e-05,0.00016869138688033325,0.0004164497074394537
6105.6,1008.0299378298744,991.9700621701255,879.1734379731942,220.82656202680596,0.017986209962091555,0.012082656202680599,0.0,16.059875659748855,3.2005741158942115e-06,2.560459292715369e-07,5.140082234107166e-05,0.0001685670376347062,0.00041262849497019505
6120.0,1007.9562607716317,992.0437392283682,878.9307909154552,221.06920908454495,0.017986209962091555,0.0121069209084545,0.0,15.912521543263551,3.2005741158942115e-06,2.560459292715369e-07,5.0929204569978334e-05,0.00016844278005193866,0.00040884234577610656
6134.400000000001,1007.8832596825933,992.1167403174065,878.6883227226787,221.31167727732154,0.017986209962091555,0.012131167727732154,0.0,15.76651936518681,3.2005741158942115e-06,2.560459292715369e-07,5.0461913777961735e-05,0.0001683186140644621,0.0004050909379642353
6148.8,1007.8109283599169,992.189071640083,878.446033263016,221.55396673698422,0.017986209962091555,0.012155396673698428,0.0,15.621856719834,3.2005741158942115e-06,2.560459292715369e-07,4.999891025970875e-05,0.00016819453960475808,0.00040137395262058355
6163.2,1007.7392606581639,992.260739341836,878.2039224047156,221.79607759528452,0.017986209962091555,0.012179607759528454,0.0,15.478521316327829,3.2005741158942115e-06,2.560459292715369e-07,4.9540154677355644e-05,0.0001680705566053576,0.00039769107378577717
6177.6,1007.6682504888322,992.3317495111677,877.9619900161235,222.0380099838766,0.017986209962091555,0.012203800998387665,0.0,15.336500977664514,3.2005741158942115e-06,2.560459292715369e-07,4.908560805749931e-05,0.0001679466649988417,0.0003940419884309044
6192.0,1007.5978918199004,992.4021081800995,877.7202359656823,222.2797640343178,0.017986209962091555,0.012227976403431786,0.0,15.19578363980088,3.2005741158942115e-06,2.560459292715369e-07,4.863523178827543e-05,0.00016782286471784093,0.0003904263864339631
6206.400000000001,1007.528178675377,992.4718213246229,877.4786601219317,222.5213398780684,0.017986209962091555,0.012252133987806843,0.0,15.056357350754183,3.2005741158942115e-06,2.560459292715369e-07,4.818898761647738e-05,0.0001676991556950356,0.0003868439605565855
6220.8,1007.4591051348576,992.5408948651423,877.2372623535084,222.76273764649164,0.017986209962091555,0.012276273764649173,0.0,14.91821026971536,3.2005741158942115e-06,2.560459292715369e-07,4.774683764471818e-05,0.00016757553786315557,0.0003832944064211396
6235.2,1007.3906653330884,992.6093346669115,876.9960425291459,223.00395747085417,0.017986209962091555,0.012300395747085422,0.0,14.781330666176814,3.2005741158942115e-06,2.560459292715369e-07,4.730874432863885e-05,0.00016745201115498032,0.000379777422488209
6249.6,1007.3228534595414,992.6771465404585,876.7550005176745,223.24499948232574,0.017986209962091555,0.012324499948232578,0.0,14.645706919082954,3.2005741158942115e-06,2.560459292715369e-07,4.687467047418966e-05,0.00016732857550333892,0.0003762927100346218
6264.0,1007.2556637579919,992.744336242008,876.5141361880208,223.48586381197936,0.017986209962091555,0.012348586381197938,0.0,14.511327515983908,3.2005741158942115e-06,2.560459292715369e-07,4.644457923492154e-05,0.00016720523084110984,0.0003728399731316272
6278.400000000001,1007.1890905261075,992.8109094738924,876.2734494092086,223.72655059079148,0.017986209962091555,0.012372655059079155,0.0,14.378181052215155,3.2005741158942115e-06,2.560459292715369e-07,4.601843410936042e-05,0.0001670819771012212,0.0003694189186236876
6292.8,1007.1231281150416,992.8768718849583,876.032940050358,223.96705994964205,0.017986209962091555,0.01239670599496421,0.0,14.246256230083304,3.2005741158942115e-06,2.560459292715369e-07,4.559619893840128e-05,0.00016695881421665038,0.00036602925610746686
6307.2,1007.0577709290376,992.9422290709623,875.7926079806856,224.20739201931445,0.017986209962091555,0.012420739201931453,0.0,14.11554185807529,3.2005741158942115e-06,2.560459292715369e-07,4.5177837902777054e-05,0.00016683574212042436,0.0003626706979113889
6321.6,1006.9930134250372,993.0069865749626,875.5524530695043,224.44754693049578,0.017986209962091555,0.012444754693049584,0.0,13.986026850074609,3.2005741158942115e-06,2.560459292715369e-07,4.4763315520550244e-05,0.00016671276074561926,0.00035934295907541876
6336.0,1006.9288501122999,993.0711498877,875.3124751862235,224.68752481377666,0.017986209962091555,0.012468752481377672,0.0,13.857700224599853,3.2005741158942115e-06,2.560459292715369e-07,4.4352596644675694e-05,0.00016658987002536076,0.00035604575733138986
6350.400000000001,1006.8652755520262,993.1347244479737,875.0726742003486,224.92732579965156,0.017986209962091555,0.012492732579965157,0.0,13.730551104052552,3.2005741158942115e-06,2.560459292715369e-07,4.394564646059329e-05,0.0001664670698928236,0.0003527788130835749
6364.8,1006.8022843569912,993.1977156430087,874.8330499814815,225.1669500185186,0.017986209962091555,0.01251669500185186,0.0,13.60456871398253,3.2005741158942115e-06,2.560459292715369e-07,4.3542430483876686e-05,0.00016634436028123203,0.000349541849389734
6379.2,1006.7398711911854,993.2601288088144,874.5936023993202,225.40639760067992,0.017986209962091555,0.012540639760067999,0.0,13.479742382371,3.2005741158942115e-06,2.560459292715369e-07,4.3142914557938795e-05,0.0001662217411238594,0.0003463345919426015
6393.6,1006.678030769461,993.3219692305389,874.3543313236584,225.64566867634167,0.017986209962091555,0.01256456686763417,0.0,13.356061538922063,3.2005741158942115e-06,2.560459292715369e-07,4.2747064851764166e-05,0.00016609921235402817,0.000343156769051578
6408.0,1006.6167578571876,993.3832421428123,874.1152366243862,225.88476337561383,0.017986209962091555,0.012588476337561388,0.0,13.233515714375358,3.2005741158942115e-06,2.560459292715369e-07,4.2354847857709064e-05,0.00016597677390511008,0.00034000811162501196
6422.400000000001,1006.5560472639061,993.4439527360938,873.8763181714895,226.12368182851063,0.017986209962091555,0.012612368182851063,0.0,13.112094527812246,3.2005741158942115e-06,2.560459292715369e-07,4.196623035087401e-05,0.00016585442571052597,0.0003368883528439417
6436.8,1006.4958937279082,993.5041062720917,873.6375758350496,226.36242416495037,0.017986209962091555,0.012636242416495039,0.0,12.991787455816507,3.2005741158942115e-06,2.560459292715369e-07,4.158117865028542e-05,0.00016573216770374554,0.00033379722223091427
6451.2,1006.4362920918767,993.5637079081232,873.3990094852443,226.6009905147557,0.017986209962091555,0.012660099051475573,0.0,12.872584183753474,3.2005741158942115e-06,2.560459292715369e-07,4.119965974319059e-05,0.00016560999981828791,0.0003307344546755768
6465.6,1006.3772372900484,993.6227627099515,873.1606189923466,226.83938100765346,0.017986209962091555,0.012683938100765351,0.0,12.754474580096826,3.2005741158942115e-06,2.560459292715369e-07,4.082164120288859e-05,0.00016548792198772095,0.0003276997897749626
6480.0,1006.3187243033411,993.6812756966588,872.922404226725,227.07759577327496,0.017986209962091555,0.012707759577327497,0.0,12.63744860668237,3.2005741158942115e-06,2.560459292715369e-07,4.044709090149096e-05,0.00016536593414566138,0.00032469296952746614
6494.400000000001,1006.2607481589657,993.7392518410342,872.6843650588443,227.31563494115585,0.017986209962091555,0.012731563494115587,0.0,12.521496317931565,3.2005741158942115e-06,2.560459292715369e-07,4.0075977007436445e-05,0.00016524403622577525,0.00032171373831286907
6508.8,1006.2033039300411,993.7966960699588,872.4465013592637,227.55349864073628,0.017986209962091555,0.01275534986407363,0.0,12.406607860082318,3.2005741158942115e-06,2.560459292715369e-07,3.970826798302914e-05,0.00016512222816177715,0.0003187618428724644
6523.2,1006.1463867352177,993.8536132647822,872.2088129986389,227.7911870013611,0.017986209962091555,0.012779118700136108,0.0,12.292773470435463,3.2005741158942115e-06,2.560459292715369e-07,3.93439325820268e-05,0.00016500050988743072,0.0003158370322896591
6537.6,1006.0899917383064,993.9100082616935,871.9712998477204,228.0287001522797,0.017986209962091555,0.012802870015227973,0.0,12.179983476612847,3.2005741158942115e-06,2.560459292715369e-07,3.898293984726627e-05,0.00016487888133654842,0.00031293905797081893
6552.0,1006.0341141479116,993.9658858520883,871.7339617773538,228.26603822264627,0.017986209962091555,0.012826603822264632,0.0,12.06822829582336,3.2005741158942115e-06,2.560459292715369e-07,3.862525910831436e-05,0.00016475734244299138,0.0003100676736263753
6566.400000000001,1005.9787492170726,994.0212507829273,871.4967986584803,228.50320134151977,0.017986209962091555,0.012850320134151981,0.0,11.95749843414535,3.2005741158942115e-06,2.560459292715369e-07,3.827085997917117e-05,0.00016463589314066957,0.00030722263525229544
6580.8,1005.9238922429107,994.0761077570892,871.2598103621361,228.74018963786403,0.017986209962091555,0.012874018963786404,0.0,11.847784485821535,3.2005741158942115e-06,2.560459292715369e-07,3.791971235601342e-05,0.0001645145333635417,0.0003044037011119191
6595.2,1005.8695385662796,994.1304614337203,871.0229967594524,228.9770032405478,0.017986209962091555,0.01289770032405478,0.0,11.739077132559373,3.2005741158942115e-06,2.560459292715369e-07,3.757178641495517e-05,0.0001643932630456151,0.00030161063171793676
6609.6,1005.8156835714249,994.184316428575,870.7863577216553,229.21364227834476,0.017986209962091555,0.012921364227834483,0.0,11.631367142849854,3.2005741158942115e-06,2.560459292715369e-07,3.722705260986765e-05,0.0001642720821209458,0.0002988431898147926
6624.0,1005.7623226856483,994.2376773143516,870.5498931200663,229.45010687993388,0.017986209962091555,0.012945010687993391,0.0,11.524645371296742,3.2005741158942115e-06,2.560459292715369e-07,3.688548167023239e-05,0.00016415099052363838,0.00029610114036144117
6638.400000000001,1005.7094513789784,994.2905486210215,870.3136028261009,229.68639717389908,0.017986209962091555,0.012968639717389912,0.0,11.418902757956971,3.2005741158942115e-06,2.560459292715369e-07,3.6547044599030104e-05,0.000164029988187846,0.00029338425051430016
6652.8,1005.6570651638451,994.3429348361548,870.0774867112705,229.9225132887296,0.017986209962091555,0.012992251328872958,0.0,11.31413032769035,3.2005741158942115e-06,2.560459292715369e-07,3.621171267065943e-05,0.00016390907504777052,0.00029069228961052025
6667.2,1005.6051595947634,994.3948404052364,869.8415446471803,230.1584553528198,0.017986209962091555,0.013015845535281984,0.0,11.210319189527013,3.2005741158942115e-06,2.560459292715369e-07,3.5879457428912334e-05,0.00016378825103766206,0.00028802502915166813
6681.6,1005.5537302680209,994.446269731979,869.6057765055303,230.39422349446966,0.017986209962091555,0.013039422349446966,0.0,11.107460536041913,3.2005741158942115e-06,2.560459292715369e-07,3.555025068497219e-05,0.0001636675160918193,0.00028538224278760484
6696.0,1005.5027728213711,994.4972271786288,869.3701821581157,230.62981784188432,0.017986209962091555,0.013062981784188438,0.0,11.005545642742277,3.2005741158942115e-06,2.560459292715369e-07,3.5224064515453256e-05,0.00016354687014458948,0.00028276370630070705
6710.400000000001,1005.4522829337348,994.5477170662651,869.1347614768255,230.86523852317467,0.017986209962091555,0.013086523852317471,0.0,10.904565867469614,3.2005741158942115e-06,2.560459292715369e-07,3.490087126048676e-05,0.0001634263131303681,0.00028016919759043813
6724.8,1005.4022563249051,994.5977436750948,868.8995143336433,231.10048566635695,0.017986209962091555,0.013110048566635694,0.0,10.804512649810363,3.2005741158942115e-06,2.560459292715369e-07,3.458064352183463e-05,0.00016330584498359897,0.00027759849665817443
6739.2,1005.3526887552595,994.6473112447404,868.6644406006471,231.33555939935303,0.017986209962091555,0.013133555939935308,0.0,10.705377510519043,3.2005741158942115e-06,2.560459292715369e-07,3.426335416104326e-05,0.0001631854656387743,0.00027505138559234463
6753.6,1005.3035760254774,994.6964239745225,868.4295401500093,231.57045984999075,0.017986209962091555,0.013157045984999078,0.0,10.607152050954824,3.2005741158942115e-06,2.560459292715369e-07,3.3948976297640206e-05,0.00016306517503043462,0.0002725276485538829
6768.0,1005.2549139762649,994.745086023735,868.1948128539967,231.80518714600336,0.017986209962091555,0.013180518714600343,0.0,10.509827952529918,3.2005741158942115e-06,2.560459292715369e-07,3.363748330736871e-05,0.00016294497309316872,0.0002700270717620309
6782.400000000001,1005.2066984880835,994.7933015119164,867.9602585849698,232.03974141503025,0.017986209962091555,0.013203974141503027,0.0,10.413396976167064,3.2005741158942115e-06,2.560459292715369e-07,3.3328848820451356e-05,0.00016282485976161352,0.00026754944348037233
6796.8,1005.1589254808866,994.8410745191132,867.7258772153835,232.2741227846165,0.017986209962091555,0.013227412278461656,0.0,10.317850961773388,3.2005741158942115e-06,2.560459292715369e-07,3.30230467199061e-05,0.00016270483497045425,0.00026509455400324053
6811.2,1005.1115909123969,994.888409087603,867.4916686177868,232.50833138221338,0.017986209962091555,0.013250833138221339,0.0,10.223181824793869,3.2005741158942115e-06,2.560459292715369e-07,3.272005113051541e-05,0.00016258489865442408,0.0002626621955671496
6825.6,1005.0646906854425,994.9353093145573,867.257632664822,232.74236733517807,0.017986209962091555,0.013274236733517809,0.0,10.129381370885199,3.2005741158942115e-06,2.560459292715369e-07,3.241983582567619e-05,0.0001624650507483045,0.0002602521575891304
6840.0,1005.0182207627812,994.9817792372187,867.0237692292261,232.97623077077395,0.017986209962091555,0.013297623077077401,0.0,10.036441525562509,3.2005741158942115e-06,2.560459292715369e-07,3.212237496240118e-05,0.00016234529118692493,0.0002578642325670497
6854.400000000001,1004.9721771947073,995.0278228052925,866.7900781838291,233.2099218161707,0.017986209962091555,0.013320992181617076,0.0,9.944354389414798,3.2005741158942115e-06,2.560459292715369e-07,3.1827643258039986e-05,0.00016222561990516276,0.00025549821749824413
6868.8,1004.9265560679,995.0734439320998,866.5565594015561,233.44344059844397,0.017986209962091555,0.013344344059844401,0.0,9.853112135800188,3.2005741158942115e-06,2.560459292715369e-07,3.153561566284522e-05,0.0001621060368379438,0.000253153911250956
6883.2,1004.8813535051183,995.1186464948815,866.323212755424,233.67678724457588,0.017986209962091555,0.013367678724457594,0.0,9.762707010236795,3.2005741158942115e-06,2.560459292715369e-07,3.124626735802285e-05,0.0001619865419202413,0.00025083111454862414
6897.6,1004.8365656649014,995.1634343350985,866.0900381185451,233.90996188145505,0.017986209962091555,0.01339099618814551,0.0,9.673131329802914,3.2005741158942115e-06,2.560459292715369e-07,3.095957375381256e-05,0.00016186713508707678,0.00024852962995445963
6912.0,1004.7921887412738,995.2078112587261,865.8570353641237,234.14296463587635,0.017986209962091555,0.013414296463587643,0.0,9.584377482547666,3.2005741158942115e-06,2.560459292715369e-07,3.067551048760138e-05,0.00016174781627351952,0.00024624926185624896
6926.400000000001,1004.7482189634538,995.251781036546,865.6242043654586,234.37579563454136,0.017986209962091555,0.01343757956345414,0.0,9.496437926907788,3.2005741158942115e-06,2.560459292715369e-07,3.0394053422057153e-05,0.00016162858541468665,0.00024398981645137096
6940.8,1004.7046525955698,995.2953474044301,865.3915449959419,234.60845500405816,0.017986209962091555,0.013460845500405822,0.0,9.409305191139651,3.2005741158942115e-06,2.560459292715369e-07,3.0115178643310606e-05,0.00016150944244574337,0.00024175110173213428
6955.2,1004.6614859363756,995.3385140636243,865.1590571290584,234.84094287094152,0.017986209962091555,0.013484094287094163,0.0,9.322971872751282,3.2005741158942115e-06,2.560459292715369e-07,2.9838862459137535e-05,0.00016139038730190233,0.0002395329274711878
6969.6,1004.6187153189769,995.381284681023,864.926740638387,235.0732593616131,0.017986209962091555,0.013507325936161314,0.0,9.237430637953935,3.2005741158942115e-06,2.560459292715369e-07,2.9565081397203518e-05,0.00016127141991842416,0.00023733510520739009
6984.0,1004.5763371105578,995.4236628894421,864.694595397599,235.3054046024011,0.017986209962091555,0.01353054046024011,0.0,9.152674221115717,3.2005741158942115e-06,2.560459292715369e-07,2.929381220331518e-05,0.0001611525402306171,0.00023515744823171924
6998.400000000001,1004.5343477121132,995.4656522878867,864.4626212804593,235.5373787195407,0.017986209962091555,0.013553737871954078,0.0,9.068695424226576,3.2005741158942115e-06,2.560459292715369e-07,2.9025031839707853e-05,0.00016103374817383716,0.00023299977157353617
7012.8,1004.4927435581872,995.5072564418127,864.2308181608257,235.7691818391742,0.017986209962091555,0.013576918183917423,0.0,8.98548711637443,3.2005741158942115e-06,2.560459292715369e-07,2.8758717483368915e-05,0.00016091504368348795,0.00023086189198708807
7027.2,1004.4515211166125,995.5484788833874,863.9991859126493,236.00081408735068,0.017986209962091555,0.013600081408735075,0.0,8.903042233225165,3.2005741158942115e-06,2.560459292715369e-07,2.849484652437346e-05,0.00016079642669502076,0.00022874362793810085
7041.6,1004.4106768882604,995.5893231117395,863.7677244099735,236.23227559002643,0.017986209962091555,0.013623227559002653,0.0,8.821353776520823,3.2005741158942115e-06,2.560459292715369e-07,2.8233396564278197e-05,0.00016067789714393436,0.0002266447995908853
7056.0,1004.3702074067885,995.6297925932114,863.5364335269352,236.4635664730649,0.017986209962091555,0.013646356647306495,0.0,8.740414813577104,3.2005741158942115e-06,2.560459292715369e-07,2.797434541451321e-05,0.00016055945496577513,0.0002245652287953862
7070.400000000001,1004.3301092383986,995.6698907616013,863.3053131377633,236.6946868622367,0.017986209962091555,0.013669468686223674,0.0,8.66021847679724,3.2005741158942115e-06,2.560459292715369e-07,2.7717671094826044e-05,0.00016044110009613694,0.00022250473907468524
7084.8,1004.2903789815956,995.7096210184043,863.0743631167803,236.92563688321968,0.017986209962091555,0.013692563688321974,0.0,8.580757963191331,3.2005741158942115e-06,2.560459292715369e-07,2.746335183174331e-05,0.0001603228324706612,0.0002204631556126067
7099.2,1004.2510132669537,995.7489867330462,862.8435833384007,237.15641666159922,0.017986209962091555,0.013715641666159925,0.0,8.502026533907497,3.2005741158942115e-06,2.560459292715369e-07,2.7211366057070114e-05,0.00016020465202503664,0.00021844030524167016
7113.6,1004.212008756885,995.7879912431149,862.6129736771321,237.38702632286794,0.017986209962091555,0.0137387026322868,0.0,8.424017513770082,3.2005741158942115e-06,2.560459292715369e-07,2.6961692406412034e-05,0.00016008655869499962,0.00021643601643118242
7128.0,1004.1733621454138,995.8266378545861,862.3825340075739,237.61746599242608,0.017986209962091555,0.013761746599242614,0.0,8.346724290827638,3.2005741158942115e-06,2.560459292715369e-07,2.6714309717728405e-05,0.00015996855241633349,0.00021445011927561543
7142.400000000001,1004.1350701579561,995.8649298420438,862.1522642044185,237.84773579558143,0.017986209962091555,0.013784773579558145,0.0,8.270140315912272,3.2005741158942115e-06,2.560459292715369e-07,2.6469197029921994e-05,0.0001598506331248693,0.00021248244548326606
7156.8,1004.0971295511025,995.9028704488974,861.9221641424506,238.0778358575493,0.017986209962091555,0.013807783585754935,0.0,8.194259102205137,3.2005741158942115e-06,2.560459292715369e-07,2.6226333581448305e-05,0.00015973280075648528,0.00021053282836507321
7171.2,1004.0595371124056,995.9404628875943,861.6922336965471,238.30776630345278,0.017986209962091555,0.01383077663034529,0.0,8.119074224811243,3.2005741158942115e-06,2.560459292715369e-07,2.5985698808954726e-05,0.00015961505524710693,0.00020860110282365624
7185.6,1004.0222896601744,995.9777103398255,861.4624727416772,238.53752725832288,0.017986209962091555,0.01385375272583229,0.0,8.044579320348817,3.2005741158942115e-06,2.560459292715369e-07,2.574727234596627e-05,0.00015949739653270693,0.00020668710534275513
7200.0,1003.9853840422985,996.0146159577014,861.2328811529019,238.76711884709806,0.017986209962091555,0.013876711884709812,0.0,7.970768084597125,3.2005741158942115e-06,2.560459292715369e-07,2.5511034015357243e-05,0.00015937982454930516,0.0002047906739267945
